timestamp,mid_price,spread,spread_pct,ofi_current,ofi_momentum,total_bid_volume,total_ask_volume,volume_imbalance,volume_ratio,bid_depth_l1,ask_depth_l1,future_price,price_increase
2025-11-08 21:22:25.787305,102057.66500000001,87.1299999999901,0.08537330341625012,0.0,0.0,0.17231,0.05195,0.12036,3.3168431183830602,0.05,0.00022,102057.66500000001,0
2025-11-08 21:22:27.821474,102057.66500000001,87.1299999999901,0.08537330341625012,0.0,0.0,0.17231,0.05195,0.12036,3.3168431183830602,0.05,0.00022,102057.66500000001,0
2025-11-08 21:22:29.858336,102057.66500000001,87.1299999999901,0.08537330341625012,0.0,0.0,0.17231,0.05195,0.12036,3.3168431183830602,0.05,0.00022,102057.66500000001,0
2025-11-08 21:22:31.893225,102057.66500000001,87.1299999999901,0.08537330341625012,0.0,0.0,0.17231,0.05195,0.12036,3.3168431183830602,0.05,0.00022,102057.66500000001,0
2025-11-08 21:22:33.930897,102057.66500000001,87.1299999999901,0.08537330341625012,0.0,0.0,0.17231,0.05195,0.12036,3.3168431183830602,0.05,0.00022,102057.66500000001,0
2025-11-08 21:22:35.973181,102057.66500000001,87.1299999999901,0.08537330341625012,0.0,0.0,0.17231,0.05195,0.12036,3.3168431183830602,0.05,0.00022,102057.66500000001,0
2025-11-08 21:22:38.010851,102057.66500000001,87.1299999999901,0.08537330341625012,8.999999999999622e-05,8.999999999999622e-05,0.17231,0.05186,0.12044999999999999,3.32259930582337,0.05,0.00022,102057.66500000001,0
2025-11-08 21:22:40.043660,102057.66500000001,87.1299999999901,0.08537330341625012,0.0,-8.999999999999622e-05,0.17231,0.05186,0.12044999999999999,3.32259930582337,0.05,0.00022,102057.66500000001,0
2025-11-08 21:22:42.075806,102057.66500000001,87.1299999999901,0.08537330341625012,0.0,0.0,0.17231,0.05186,0.12044999999999999,3.32259930582337,0.05,0.00022,102057.66500000001,0
2025-11-08 21:22:44.113041,102057.66500000001,87.1299999999901,0.08537330341625012,0.0,0.0,0.17231,0.05186,0.12044999999999999,3.32259930582337,0.05,0.00022,102057.66500000001,0
2025-11-08 21:22:46.146193,102057.66500000001,87.1299999999901,0.08537330341625012,0.0,0.0,0.17231,0.05186,0.12044999999999999,3.32259930582337,0.05,0.00022,102057.66500000001,0
2025-11-08 21:22:48.179720,102057.66500000001,87.1299999999901,0.08537330341625012,0.0,0.0,0.17231,0.05186,0.12044999999999999,3.32259930582337,0.05,0.00022,102065.11,1
2025-11-08 21:22:50.211526,102065.11,72.23999999999069,0.07077834923216238,-6.938893903907228e-18,-6.938893903907228e-18,0.17231,0.05186,0.12044999999999999,3.32259930582337,0.05,0.00022,102065.11,0
2025-11-08 21:22:52.249097,102065.11,72.23999999999069,0.07077834923216238,0.0,6.938893903907228e-18,0.17231,0.05186,0.12044999999999999,3.32259930582337,0.05,0.00022,102068.01999999999,1
2025-11-08 21:22:54.285946,102068.01999999999,66.41999999999825,0.06507425146485477,0.0,0.0,0.17231,0.05186,0.12044999999999999,3.32259930582337,0.05,0.00022,102074.685,1
2025-11-08 21:22:56.319334,102074.685,53.08999999999651,0.05201093689389931,0.0,0.0,0.17231,0.05186,0.12044999999999999,3.32259930582337,0.05,0.00022,102074.685,0
2025-11-08 21:22:58.353042,102074.685,53.08999999999651,0.05201093689389931,-8.99999999999998e-05,-8.99999999999998e-05,0.17231,0.05195,0.12036,3.3168431183830602,0.05,0.00022,102074.685,0
2025-11-08 21:23:00.390212,102074.685,53.08999999999651,0.05201093689389931,0.0,8.99999999999998e-05,0.17231,0.05195,0.12036,3.3168431183830602,0.05,0.00022,102077.845,1
2025-11-08 21:23:02.457319,102077.845,46.76999999998952,0.04581797352793794,8.99999999999998e-05,8.99999999999998e-05,0.17231,0.05186,0.12044999999999999,3.32259930582337,0.05,0.00022,102077.845,0
2025-11-08 21:23:04.488563,102077.845,46.76999999998952,0.04581797352793794,-9e-05,-0.00017999999999999982,0.17231,0.05195,0.12036,3.3168431183830602,0.05,0.00022,102082.66,1
2025-11-08 21:23:06.522744,102082.66,37.13999999999942,0.03638228079088007,0.04999,0.05008,0.17230999999999996,0.00196,0.17034999999999997,87.91326530612243,0.05,0.00022,102082.66,0
2025-11-08 21:23:08.557277,102082.66,37.13999999999942,0.03638228079088007,0.0,-0.04999,0.17230999999999996,0.00196,0.17034999999999997,87.91326530612243,0.05,0.00022,102082.66,0
2025-11-08 21:23:10.588365,102082.66,37.13999999999942,0.03638228079088007,-0.04999,-0.04999,0.17230999999999996,0.05195,0.12035999999999997,3.31684311838306,0.05,0.00022,102082.66,0
2025-11-08 21:23:12.622031,102082.66,37.13999999999942,0.03638228079088007,0.00092,0.05091,0.17230999999999996,0.051030000000000006,0.12127999999999996,3.376641191456005,0.05,0.00022,102082.66,0
2025-11-08 21:23:14.657889,102082.66,37.13999999999942,0.03638228079088007,0.04907,0.048150000000000005,0.17230999999999996,0.00196,0.17034999999999997,87.91326530612243,0.05,0.00022,102082.66,0
2025-11-08 21:23:16.694521,102082.66,37.13999999999942,0.03638228079088007,1.04105,0.9919800000000001,1.26335,0.05195,1.2114,24.318575553416746,0.05,0.00022,102082.66,0
2025-11-08 21:23:18.729624,102082.66,37.13999999999942,0.03638228079088007,0.0,-1.04105,1.26335,0.05195,1.2114,24.318575553416746,0.05,0.00022,102082.66,0
2025-11-08 21:23:20.767442,102082.66,37.13999999999942,0.03638228079088007,0.0,0.0,1.26335,0.05195,1.2114,24.318575553416746,0.05,0.00022,102082.66,0
2025-11-08 21:23:22.803986,102082.66,37.13999999999942,0.03638228079088007,0.0,0.0,1.26335,0.05195,1.2114,24.318575553416746,0.05,0.00022,102082.66,0
2025-11-08 21:23:24.838409,102082.66,37.13999999999942,0.03638228079088007,0.0,0.0,1.26335,0.05195,1.2114,24.318575553416746,0.05,0.00022,102082.66,0
2025-11-08 21:23:26.870262,102082.66,37.13999999999942,0.03638228079088007,0.0,0.0,1.26335,0.05195,1.2114,24.318575553416746,0.05,0.00022,102082.66,0
2025-11-08 21:23:28.907115,102082.66,37.13999999999942,0.03638228079088007,0.0,0.0,1.26335,0.05195,1.2114,24.318575553416746,0.05,0.00022,102082.66,0
2025-11-08 21:23:30.939294,102082.66,37.13999999999942,0.03638228079088007,0.0,0.0,1.26335,0.05195,1.2114,24.318575553416746,0.05,0.00022,102082.66,0
2025-11-08 21:23:32.975329,102082.66,37.13999999999942,0.03638228079088007,0.0,0.0,1.26335,0.05195,1.2114,24.318575553416746,0.05,0.00022,102082.66,0
2025-11-08 21:23:35.011634,102082.66,37.13999999999942,0.03638228079088007,0.0,0.0,1.26335,0.05195,1.2114,24.318575553416746,0.05,0.00022,102093.94,1
2025-11-08 21:23:37.045386,102093.94,14.580000000001746,0.014280965158168787,-1.0404099999999998,-1.0404099999999998,0.17221999999999998,0.0012300000000000002,0.17098999999999998,140.01626016260158,0.05,0.00022,102100.70999999999,1
2025-11-08 21:23:39.077585,102100.70999999999,1.0399999999935972,0.0010186021233286205,1.09021,2.1306199999999995,1.26335,0.00215,1.2611999999999999,587.6046511627907,0.05,0.00022,102105.775,1
2025-11-08 21:23:41.109753,102105.775,11.169999999998254,0.010939635882493673,-0.00021999999999999993,-1.09043,1.26335,0.00237,1.26098,533.0590717299577,0.05,0.0007,102105.775,0
2025-11-08 21:23:43.142104,102105.775,11.169999999998254,0.010939635882493673,0.0,0.00021999999999999993,1.26335,0.00237,1.26098,533.0590717299577,0.05,0.0007,102110.89,1
2025-11-08 21:23:45.180174,102110.89,0.9400000000023283,0.0009205678258237965,0.0,0.0,1.26335,0.00237,1.26098,533.0590717299577,0.05,0.0007,102111.35500000001,1
2025-11-08 21:23:47.217232,102111.35500000001,0.00999999999476131,9.79323014052777e-06,-0.86914,-0.86914,0.39420999999999995,0.00237,0.39183999999999997,166.33333333333331,0.05,0.0007,102111.35500000001,0
2025-11-08 21:23:49.253057,102111.35500000001,0.00999999999476131,9.79323014052777e-06,0.0,0.86914,0.39420999999999995,0.00237,0.39183999999999997,166.33333333333331,0.05,0.0007,102111.35500000001,0
2025-11-08 21:23:51.287056,102111.35500000001,0.00999999999476131,9.79323014052777e-06,0.0,0.0,0.39420999999999995,0.00237,0.39183999999999997,166.33333333333331,0.05,0.0007,102111.35500000001,0
2025-11-08 21:23:53.320984,102111.35500000001,0.00999999999476131,9.79323014052777e-06,0.0,0.0,0.39420999999999995,0.00237,0.39183999999999997,166.33333333333331,0.05,0.0007,102111.35500000001,0
2025-11-08 21:23:55.358467,102111.35500000001,0.00999999999476131,9.79323014052777e-06,0.0,0.0,0.39420999999999995,0.00237,0.39183999999999997,166.33333333333331,0.05,0.0007,102105.575,0
2025-11-08 21:23:57.390071,102105.575,11.570000000006985,0.011331408691451947,2.17108,2.17108,2.5652899999999996,0.00237,2.5629199999999996,1082.4008438818564,0.05,0.0007,102105.575,0
2025-11-08 21:23:59.427668,102105.575,11.570000000006985,0.011331408691451947,0.0,-2.17108,2.5652899999999996,0.00237,2.5629199999999996,1082.4008438818564,0.05,0.0007,102105.575,0
2025-11-08 21:24:01.460469,102105.575,11.570000000006985,0.011331408691451947,0.0,0.0,2.5652899999999996,0.00237,2.5629199999999996,1082.4008438818564,0.05,0.0007,102105.575,0
2025-11-08 21:24:03.488483,102105.575,11.570000000006985,0.011331408691451947,0.0,0.0,2.5652899999999996,0.00237,2.5629199999999996,1082.4008438818564,0.05,0.0007,102105.575,0
2025-11-08 21:24:05.516141,102105.575,11.570000000006985,0.011331408691451947,0.0,0.0,2.5652899999999996,0.00237,2.5629199999999996,1082.4008438818564,0.05,0.0007,102105.575,0
2025-11-08 21:24:07.547390,102105.575,11.570000000006985,0.011331408691451947,0.0,0.0,2.5652899999999996,0.00237,2.5629199999999996,1082.4008438818564,0.05,0.0007,102099.205,0
2025-11-08 21:24:09.578801,102099.205,24.30999999999767,0.023810175603225972,0.0,0.0,2.5652899999999996,0.00237,2.5629199999999996,1082.4008438818564,0.05,0.0007,102099.205,0
2025-11-08 21:24:11.608554,102099.205,24.30999999999767,0.023810175603225972,-0.04999,-0.04999,2.5652899999999996,0.052360000000000004,2.5129299999999994,48.99331550802138,0.05,0.0007,102099.205,0
2025-11-08 21:24:13.645340,102099.205,24.30999999999767,0.023810175603225972,0.0,0.04999,2.5652899999999996,0.052360000000000004,2.5129299999999994,48.99331550802138,0.05,0.0007,102099.205,0
2025-11-08 21:24:15.679942,102099.205,24.30999999999767,0.023810175603225972,0.001349999999999997,0.001349999999999997,2.5652899999999996,0.05101,2.5142799999999994,50.289943148402266,0.05,0.0007,102099.205,0
2025-11-08 21:24:17.716085,102099.205,24.30999999999767,0.023810175603225972,0.0,-0.001349999999999997,2.5652899999999996,0.05101,2.5142799999999994,50.289943148402266,0.05,0.0007,102099.205,0
2025-11-08 21:24:19.745228,102099.205,24.30999999999767,0.023810175603225972,0.0,0.0,2.5652899999999996,0.05101,2.5142799999999994,50.289943148402266,0.05,0.0007,102099.205,0
2025-11-08 21:24:21.775354,102099.205,24.30999999999767,0.023810175603225972,0.0,0.0,2.5652899999999996,0.05101,2.5142799999999994,50.289943148402266,0.05,0.0007,102099.205,0
2025-11-08 21:24:23.809444,102099.205,24.30999999999767,0.023810175603225972,0.0,0.0,2.5652899999999996,0.05101,2.5142799999999994,50.289943148402266,0.05,0.0007,102099.205,0
2025-11-08 21:24:25.845821,102099.205,24.30999999999767,0.023810175603225972,0.0,0.0,2.5652899999999996,0.05101,2.5142799999999994,50.289943148402266,0.05,0.0007,102099.205,0
2025-11-08 21:24:27.883789,102099.205,24.30999999999767,0.023810175603225972,-0.0013799999999999158,-0.0013799999999999158,2.56526,0.052360000000000004,2.5128999999999997,48.992742551566074,0.05,0.0007,102099.205,0
2025-11-08 21:24:29.920855,102099.205,24.30999999999767,0.023810175603225972,-2.39168,-2.3903000000000003,0.17223,0.05101,0.12122,3.3763967849441285,0.05,0.0007,102099.205,0
2025-11-08 21:24:31.957781,102099.205,24.30999999999767,0.023810175603225972,0.0,2.39168,0.17223,0.05101,0.12122,3.3763967849441285,0.05,0.0007,102099.205,0
2025-11-08 21:24:33.993521,102099.205,24.30999999999767,0.023810175603225972,0.0,0.0,0.17223,0.05101,0.12122,3.3763967849441285,0.05,0.0007,102099.205,0
2025-11-08 21:24:36.027109,102099.205,24.30999999999767,0.023810175603225972,0.0,0.0,0.17223,0.05101,0.12122,3.3763967849441285,0.05,0.0007,102099.205,0
2025-11-08 21:24:38.060152,102099.205,24.30999999999767,0.023810175603225972,0.0,0.0,0.17223,0.05101,0.12122,3.3763967849441285,0.05,0.0007,102102.565,1
2025-11-08 21:24:40.094924,102102.565,17.589999999996508,0.017227774836015633,-0.00135,-0.00135,0.17222999999999997,0.052360000000000004,0.11986999999999996,3.2893430099312444,0.05,0.0007,102110.425,1
2025-11-08 21:24:42.131237,102110.425,1.8699999999953434,0.001831350716633824,0.049989999999999986,0.05133999999999998,0.17223,0.00237,0.16985999999999998,72.67088607594935,2e-05,0.0007,102105.425,0
2025-11-08 21:24:44.164967,102105.425,11.869999999995343,0.011625239305350664,0.0,-0.049989999999999986,0.17223,0.00237,0.16985999999999998,72.67088607594935,0.05,0.0007,102105.425,0
2025-11-08 21:24:46.201120,102105.425,11.869999999995343,0.011625239305350664,0.0,0.0,0.17223,0.00237,0.16985999999999998,72.67088607594935,0.05,0.0007,102105.425,0
2025-11-08 21:24:48.238275,102105.425,11.869999999995343,0.011625239305350664,0.0,0.0,0.17223,0.00237,0.16985999999999998,72.67088607594935,0.05,0.0007,102109.435,1
2025-11-08 21:24:50.271755,102109.435,3.8500000000058208,0.003770464502135205,0.0,0.0,0.17223,0.00237,0.16985999999999998,72.67088607594935,0.05,0.0007,102109.435,0
2025-11-08 21:24:52.306721,102109.435,3.8500000000058208,0.003770464502135205,0.0,0.0,0.17223,0.00237,0.16985999999999998,72.67088607594935,0.05,0.0007,102109.435,0
2025-11-08 21:24:54.343480,102109.435,3.8500000000058208,0.003770464502135205,0.0,0.0,0.17223,0.00237,0.16985999999999998,72.67088607594935,0.05,0.0007,102109.435,0
2025-11-08 21:24:56.378056,102109.435,3.8500000000058208,0.003770464502135205,0.0,0.0,0.17223,0.00237,0.16985999999999998,72.67088607594935,0.05,0.0007,102109.435,0
2025-11-08 21:24:58.467474,102109.435,3.8500000000058208,0.003770464502135205,0.0,0.0,0.17223,0.00237,0.16985999999999998,72.67088607594935,0.05,0.0007,102109.435,0
2025-11-08 21:25:00.496805,102109.435,3.8500000000058208,0.003770464502135205,0.0,0.0,0.17223,0.00237,0.16985999999999998,72.67088607594935,0.05,0.0007,102109.435,0
2025-11-08 21:25:02.716408,102109.435,3.8500000000058208,0.003770464502135205,0.0,0.0,0.17223,0.00237,0.16985999999999998,72.67088607594935,0.05,0.0007,102109.435,0
2025-11-08 21:25:04.800816,102109.435,3.8500000000058208,0.003770464502135205,0.0,0.0,0.17223,0.00237,0.16985999999999998,72.67088607594935,0.05,0.0007,102109.435,0
2025-11-08 21:25:06.834492,102109.435,3.8500000000058208,0.003770464502135205,0.0,0.0,0.17223,0.00237,0.16985999999999998,72.67088607594935,0.05,0.0007,102109.435,0
2025-11-08 21:25:08.869430,102109.435,3.8500000000058208,0.003770464502135205,0.0,0.0,0.17223,0.00237,0.16985999999999998,72.67088607594935,0.05,0.0007,102109.435,0
2025-11-08 21:25:10.904486,102109.435,3.8500000000058208,0.003770464502135205,0.0,0.0,0.17223,0.00237,0.16985999999999998,72.67088607594935,0.05,0.0007,102109.435,0
2025-11-08 21:25:12.933076,102109.435,3.8500000000058208,0.003770464502135205,0.0,0.0,0.17223,0.00237,0.16985999999999998,72.67088607594935,0.05,0.0007,102109.435,0
2025-11-08 21:25:14.967785,102109.435,3.8500000000058208,0.003770464502135205,0.0,0.0,0.17223,0.00237,0.16985999999999998,72.67088607594935,0.05,0.0007,102109.435,0
2025-11-08 21:25:16.995792,102109.435,3.8500000000058208,0.003770464502135205,0.0,0.0,0.17223,0.00237,0.16985999999999998,72.67088607594935,0.05,0.0007,102109.435,0
2025-11-08 21:25:19.032212,102109.435,3.8500000000058208,0.003770464502135205,0.0,0.0,0.17223,0.00237,0.16985999999999998,72.67088607594935,0.05,0.0007,102109.435,0
2025-11-08 21:25:21.068557,102109.435,3.8500000000058208,0.003770464502135205,0.0,0.0,0.17223,0.00237,0.16985999999999998,72.67088607594935,0.05,0.0007,102109.435,0
2025-11-08 21:25:23.106567,102109.435,3.8500000000058208,0.003770464502135205,0.0,0.0,0.17223,0.00237,0.16985999999999998,72.67088607594935,0.05,0.0007,102109.435,0
2025-11-08 21:25:25.138691,102109.435,3.8500000000058208,0.003770464502135205,0.0,0.0,0.17223,0.00237,0.16985999999999998,72.67088607594935,0.05,0.0007,102109.435,0
2025-11-08 21:25:27.167767,102109.435,3.8500000000058208,0.003770464502135205,0.0,0.0,0.17223,0.00237,0.16985999999999998,72.67088607594935,0.05,0.0007,102111.35500000001,1
2025-11-08 21:25:29.201086,102111.35500000001,0.00999999999476131,9.79323014052777e-06,1.0904399999999999,1.0904399999999999,1.26265,0.0023500000000000005,1.2603,537.2978723404254,0.05,0.00068,102111.35500000001,0
2025-11-08 21:25:31.237465,102111.35500000001,0.00999999999476131,9.79323014052777e-06,0.00042000000000000023,-1.0900199999999998,1.26265,0.00193,1.26072,654.2227979274611,0.05,0.00068,102111.35500000001,0
2025-11-08 21:25:33.272455,102111.35500000001,0.00999999999476131,9.79323014052777e-06,0.0001600000000000001,-0.00026000000000000014,1.26265,0.00177,1.26088,713.361581920904,0.05,0.00052,102111.35500000001,0
2025-11-08 21:25:35.310476,102111.35500000001,0.00999999999476131,9.79323014052777e-06,0.0,-0.0001600000000000001,1.26265,0.00177,1.26088,713.361581920904,0.05,0.00052,102111.35500000001,0
2025-11-08 21:25:37.347685,102111.35500000001,0.00999999999476131,9.79323014052777e-06,0.0,0.0,1.26265,0.00177,1.26088,713.361581920904,0.05,0.00052,102111.35500000001,0
2025-11-08 21:25:39.385154,102111.35500000001,0.00999999999476131,9.79323014052777e-06,0.0,0.0,1.26265,0.00177,1.26088,713.361581920904,0.05,0.00052,102111.35500000001,0
2025-11-08 21:25:41.419859,102111.35500000001,0.00999999999476131,9.79323014052777e-06,0.0,0.0,1.26265,0.00177,1.26088,713.361581920904,0.05,0.00052,102111.35500000001,0
2025-11-08 21:25:43.456461,102111.35500000001,0.00999999999476131,9.79323014052777e-06,0.0,0.0,1.26265,0.00177,1.26088,713.361581920904,0.05,0.00052,102111.35500000001,0
2025-11-08 21:25:45.488757,102111.35500000001,0.00999999999476131,9.79323014052777e-06,0.0,0.0,1.26265,0.00177,1.26088,713.361581920904,0.05,0.00052,102111.35500000001,0
2025-11-08 21:25:47.526201,102111.35500000001,0.00999999999476131,9.79323014052777e-06,-0.8684400000000001,-0.8684400000000001,0.39420999999999995,0.00177,0.39243999999999996,222.71751412429376,0.05,0.00052,102111.35500000001,0
2025-11-08 21:25:49.564382,102111.35500000001,0.00999999999476131,9.79323014052777e-06,0.0,0.8684400000000001,0.39420999999999995,0.00177,0.39243999999999996,222.71751412429376,0.05,0.00052,102111.35500000001,0
2025-11-08 21:25:51.601288,102111.35500000001,0.00999999999476131,9.79323014052777e-06,1.7594899999999998,1.7594899999999998,2.1536999999999997,0.00177,2.1519299999999997,1216.779661016949,0.05,0.00052,102111.35500000001,0
2025-11-08 21:25:53.637936,102111.35500000001,0.00999999999476131,9.79323014052777e-06,0.0,-1.7594899999999998,2.1536999999999997,0.00177,2.1519299999999997,1216.779661016949,0.05,0.00052,102111.35500000001,0
2025-11-08 21:25:55.671884,102111.35500000001,0.00999999999476131,9.79323014052777e-06,0.0,0.0,2.1536999999999997,0.00177,2.1519299999999997,1216.779661016949,0.05,0.00052,102111.35500000001,0
2025-11-08 21:25:57.708660,102111.35500000001,0.00999999999476131,9.79323014052777e-06,0.0,0.0,2.1536999999999997,0.00177,2.1519299999999997,1216.779661016949,0.05,0.00052,102111.35500000001,0
2025-11-08 21:25:59.741770,102111.35500000001,0.00999999999476131,9.79323014052777e-06,0.0,0.0,2.1536999999999997,0.00177,2.1519299999999997,1216.779661016949,0.05,0.00052,102111.35500000001,0
2025-11-08 21:26:01.774290,102111.35500000001,0.00999999999476131,9.79323014052777e-06,0.0,0.0,2.1536999999999997,0.00177,2.1519299999999997,1216.779661016949,0.05,0.00052,102111.35500000001,0
2025-11-08 21:26:03.820342,102111.35500000001,0.00999999999476131,9.79323014052777e-06,0.0,0.0,2.1536999999999997,0.00177,2.1519299999999997,1216.779661016949,0.05,0.00052,102111.35500000001,0
2025-11-08 21:26:05.852805,102111.35500000001,0.00999999999476131,9.79323014052777e-06,0.00026999999999999995,0.00026999999999999995,2.1536999999999997,0.0015000000000000002,2.1521999999999997,1435.7999999999995,0.05,0.00025,102111.35500000001,0
2025-11-08 21:26:07.886603,102111.35500000001,0.00999999999476131,9.79323014052777e-06,-0.8911499999999999,-0.8914199999999999,1.26255,0.0015000000000000002,1.26105,841.6999999999999,0.05,0.00025,102110.08499999999,0
2025-11-08 21:26:09.920916,102110.08499999999,2.5500000000029104,0.0024973047471294444,0.0,0.8911499999999999,1.26255,0.0015000000000000002,1.26105,841.6999999999999,0.05,0.00025,102110.08499999999,0
2025-11-08 21:26:11.962545,102110.08499999999,2.5500000000029104,0.0024973047471294444,0.0,0.0,1.26255,0.0015000000000000002,1.26105,841.6999999999999,0.05,0.00025,102110.08499999999,0
2025-11-08 21:26:13.999788,102110.08499999999,2.5500000000029104,0.0024973047471294444,0.0,0.0,1.26255,0.0015000000000000002,1.26105,841.6999999999999,0.05,0.00025,102110.08499999999,0
2025-11-08 21:26:16.036703,102110.08499999999,2.5500000000029104,0.0024973047471294444,0.0,0.0,1.26255,0.0015000000000000002,1.26105,841.6999999999999,0.05,0.00025,102110.08499999999,0
2025-11-08 21:26:18.070355,102110.08499999999,2.5500000000029104,0.0024973047471294444,0.0,0.0,1.26255,0.0015000000000000002,1.26105,841.6999999999999,0.05,0.00025,102110.08499999999,0
2025-11-08 21:26:20.103446,102110.08499999999,2.5500000000029104,0.0024973047471294444,0.0,0.0,1.26255,0.0015000000000000002,1.26105,841.6999999999999,0.05,0.00025,102110.08499999999,0
2025-11-08 21:26:22.137619,102110.08499999999,2.5500000000029104,0.0024973047471294444,0.0,0.0,1.26255,0.0015000000000000002,1.26105,841.6999999999999,0.05,0.00025,102110.08499999999,0
2025-11-08 21:26:24.290619,102110.08499999999,2.5500000000029104,0.0024973047471294444,0.0,0.0,1.26255,0.0015000000000000002,1.26105,841.6999999999999,0.05,0.00025,102110.08499999999,0
2025-11-08 21:26:26.331926,102110.08499999999,2.5500000000029104,0.0024973047471294444,0.0,0.0,1.26255,0.0015000000000000002,1.26105,841.6999999999999,0.05,0.00025,102110.08499999999,0
2025-11-08 21:26:28.362842,102110.08499999999,2.5500000000029104,0.0024973047471294444,0.0,0.0,1.26255,0.0015000000000000002,1.26105,841.6999999999999,0.05,0.00025,102110.08499999999,0
2025-11-08 21:26:30.392566,102110.08499999999,2.5500000000029104,0.0024973047471294444,0.0,0.0,1.26255,0.0015000000000000002,1.26105,841.6999999999999,0.05,0.00025,102110.08499999999,0
2025-11-08 21:26:32.423010,102110.08499999999,2.5500000000029104,0.0024973047471294444,0.0,0.0,1.26255,0.0015000000000000002,1.26105,841.6999999999999,0.05,0.00025,102110.08499999999,0
2025-11-08 21:26:34.455076,102110.08499999999,2.5500000000029104,0.0024973047471294444,0.0,0.0,1.26255,0.0015000000000000002,1.26105,841.6999999999999,0.05,0.00025,102110.08499999999,0
2025-11-08 21:26:36.491849,102110.08499999999,2.5500000000029104,0.0024973047471294444,0.0,0.0,1.26255,0.0015000000000000002,1.26105,841.6999999999999,0.05,0.00025,102110.08499999999,0
2025-11-08 21:26:38.526644,102110.08499999999,2.5500000000029104,0.0024973047471294444,0.0,0.0,1.26255,0.0015000000000000002,1.26105,841.6999999999999,0.05,0.00025,102110.08499999999,0
2025-11-08 21:26:40.560984,102110.08499999999,2.5500000000029104,0.0024973047471294444,0.0,0.0,1.26255,0.0015000000000000002,1.26105,841.6999999999999,0.05,0.00025,102110.08499999999,0
2025-11-08 21:26:42.591766,102110.08499999999,2.5500000000029104,0.0024973047471294444,0.0,0.0,1.26255,0.0015000000000000002,1.26105,841.6999999999999,0.05,0.00025,102110.08499999999,0
2025-11-08 21:26:44.621407,102110.08499999999,2.5500000000029104,0.0024973047471294444,0.0,0.0,1.26255,0.0015000000000000002,1.26105,841.6999999999999,0.05,0.00025,102110.08499999999,0
2025-11-08 21:26:46.666932,102110.08499999999,2.5500000000029104,0.0024973047471294444,0.0,0.0,1.26255,0.0015000000000000002,1.26105,841.6999999999999,0.05,0.00025,102110.08499999999,0
2025-11-08 21:26:48.703435,102110.08499999999,2.5500000000029104,0.0024973047471294444,0.0,0.0,1.26255,0.0015000000000000002,1.26105,841.6999999999999,0.05,0.00025,102110.08499999999,0
2025-11-08 21:26:50.739259,102110.08499999999,2.5500000000029104,0.0024973047471294444,0.0,0.0,1.26255,0.0015000000000000002,1.26105,841.6999999999999,0.05,0.00025,102110.08499999999,0
2025-11-08 21:26:52.771593,102110.08499999999,2.5500000000029104,0.0024973047471294444,0.0,0.0,1.26255,0.0015000000000000002,1.26105,841.6999999999999,0.05,0.00025,102110.08499999999,0
2025-11-08 21:26:54.815439,102110.08499999999,2.5500000000029104,0.0024973047471294444,0.0,0.0,1.26255,0.0015000000000000002,1.26105,841.6999999999999,0.05,0.00025,102110.08499999999,0
2025-11-08 21:26:56.846941,102110.08499999999,2.5500000000029104,0.0024973047471294444,0.0,0.0,1.26255,0.0015000000000000002,1.26105,841.6999999999999,0.05,0.00025,102110.08499999999,0
2025-11-08 21:26:58.884564,102110.08499999999,2.5500000000029104,0.0024973047471294444,0.0,0.0,1.26255,0.0015000000000000002,1.26105,841.6999999999999,0.05,0.00025,102110.08499999999,0
2025-11-08 21:27:00.919867,102110.08499999999,2.5500000000029104,0.0024973047471294444,0.0,0.0,1.26255,0.0015000000000000002,1.26105,841.6999999999999,0.05,0.00025,102102.815,0
2025-11-08 21:27:02.951194,102102.815,17.089999999996508,0.016738030190447256,0.0,0.0,1.26255,0.0015000000000000002,1.26105,841.6999999999999,0.05,0.00025,102102.815,0
2025-11-08 21:27:04.981691,102102.815,17.089999999996508,0.016738030190447256,0.0,0.0,1.26255,0.0015000000000000002,1.26105,841.6999999999999,0.05,0.00025,102102.815,0
2025-11-08 21:27:07.014217,102102.815,17.089999999996508,0.016738030190447256,0.0,0.0,1.26255,0.0015000000000000002,1.26105,841.6999999999999,0.05,0.00025,102102.815,0
2025-11-08 21:27:09.052909,102102.815,17.089999999996508,0.016738030190447256,0.0,0.0,1.26255,0.0015000000000000002,1.26105,841.6999999999999,0.05,0.00025,102102.815,0
2025-11-08 21:27:11.097033,102102.815,17.089999999996508,0.016738030190447256,0.0,0.0,1.26255,0.0015000000000000002,1.26105,841.6999999999999,0.05,0.00025,102102.815,0
2025-11-08 21:27:13.136863,102102.815,17.089999999996508,0.016738030190447256,0.0,0.0,1.26255,0.0015000000000000002,1.26105,841.6999999999999,0.05,0.00025,102102.815,0
2025-11-08 21:27:15.175771,102102.815,17.089999999996508,0.016738030190447256,0.0,0.0,1.26255,0.0015000000000000002,1.26105,841.6999999999999,0.05,0.00025,102102.815,0
2025-11-08 21:27:17.209084,102102.815,17.089999999996508,0.016738030190447256,-1.09024,-1.09024,0.17230999999999996,0.0015000000000000002,0.17080999999999996,114.87333333333329,0.05,0.00025,102102.815,0
2025-11-08 21:27:19.244010,102102.815,17.089999999996508,0.016738030190447256,0.0,1.09024,0.17230999999999996,0.0015000000000000002,0.17080999999999996,114.87333333333329,0.05,0.00025,102102.815,0
2025-11-08 21:27:21.276066,102102.815,17.089999999996508,0.016738030190447256,0.0,0.0,0.17230999999999996,0.0015000000000000002,0.17080999999999996,114.87333333333329,0.05,0.00025,102102.815,0
2025-11-08 21:27:23.316473,102102.815,17.089999999996508,0.016738030190447256,0.0,0.0,0.17230999999999996,0.0015000000000000002,0.17080999999999996,114.87333333333329,0.05,0.00025,102102.815,0
2025-11-08 21:27:25.354651,102102.815,17.089999999996508,0.016738030190447256,0.0,0.0,0.17230999999999996,0.0015000000000000002,0.17080999999999996,114.87333333333329,0.05,0.00025,102102.815,0
2025-11-08 21:27:27.385369,102102.815,17.089999999996508,0.016738030190447256,1.09024,1.09024,1.26255,0.0015000000000000002,1.26105,841.6999999999999,0.05,0.00025,102102.815,0
2025-11-08 21:27:29.420981,102102.815,17.089999999996508,0.016738030190447256,0.0,-1.09024,1.26255,0.0015000000000000002,1.26105,841.6999999999999,0.05,0.00025,102102.815,0
2025-11-08 21:27:31.459582,102102.815,17.089999999996508,0.016738030190447256,0.0,0.0,1.26255,0.0015000000000000002,1.26105,841.6999999999999,0.05,0.00025,102102.815,0
2025-11-08 21:27:33.501334,102102.815,17.089999999996508,0.016738030190447256,0.0,0.0,1.26255,0.0015000000000000002,1.26105,841.6999999999999,0.05,0.00025,102080.905,0
2025-11-08 21:27:35.537366,102080.905,60.91000000000349,0.05966835815180468,0.77591,0.77591,2.08826,0.051300000000000005,2.03696,40.706822612085766,0.05,0.00025,102080.905,0
2025-11-08 21:27:37.570937,102080.905,60.91000000000349,0.05966835815180468,0.0,-0.77591,2.08826,0.051300000000000005,2.03696,40.706822612085766,0.05,0.00025,102080.905,0
2025-11-08 21:27:39.609857,102080.905,60.91000000000349,0.05966835815180468,0.0,0.0,2.08826,0.051300000000000005,2.03696,40.706822612085766,0.05,0.00025,102080.905,0
2025-11-08 21:27:41.651638,102080.905,60.91000000000349,0.05966835815180468,0.0,0.0,2.08826,0.051300000000000005,2.03696,40.706822612085766,0.05,0.00025,102080.905,0
2025-11-08 21:27:43.691304,102080.905,60.91000000000349,0.05966835815180468,0.0,0.0,2.08826,0.051300000000000005,2.03696,40.706822612085766,0.05,0.00025,102080.905,0
2025-11-08 21:27:45.721816,102080.905,60.91000000000349,0.05966835815180468,0.0,0.0,2.08826,0.051300000000000005,2.03696,40.706822612085766,0.05,0.00025,102077.14499999999,0
2025-11-08 21:27:47.753174,102077.14499999999,68.43000000000757,0.0670375332303892,-0.00019,-0.00019,2.08826,0.05149,2.03677,40.5566129345504,0.05,0.00025,102070.475,0
2025-11-08 21:27:49.791191,102070.475,81.77000000000407,0.08011131524567126,0.00019,0.00038,2.08826,0.051300000000000005,2.03696,40.706822612085766,0.05,0.00025,102070.475,0
2025-11-08 21:27:51.831957,102070.475,81.77000000000407,0.08011131524567126,0.0,-0.00019,2.08826,0.051300000000000005,2.03696,40.706822612085766,0.05,0.00025,102070.475,0
2025-11-08 21:27:53.867593,102070.475,81.77000000000407,0.08011131524567126,0.0,0.0,2.08826,0.051300000000000005,2.03696,40.706822612085766,0.05,0.00025,102070.475,0
2025-11-08 21:27:55.899601,102070.475,81.77000000000407,0.08011131524567126,0.0,0.0,2.08826,0.051300000000000005,2.03696,40.706822612085766,0.05,0.00025,102070.475,0
2025-11-08 21:27:57.929467,102070.475,81.77000000000407,0.08011131524567126,-0.00019,-0.00019,2.08826,0.05149,2.03677,40.5566129345504,0.05,0.00025,102070.475,0
2025-11-08 21:27:59.962260,102070.475,81.77000000000407,0.08011131524567126,0.0,0.00019,2.08826,0.05149,2.03677,40.5566129345504,0.05,0.00025,102070.475,0
2025-11-08 21:28:01.999378,102070.475,81.77000000000407,0.08011131524567126,0.0,0.0,2.08826,0.05149,2.03677,40.5566129345504,0.05,0.00025,102070.475,0
2025-11-08 21:28:04.038231,102070.475,81.77000000000407,0.08011131524567126,0.0,0.0,2.08826,0.05149,2.03677,40.5566129345504,0.05,0.00025,102070.475,0
2025-11-08 21:28:06.075583,102070.475,81.77000000000407,0.08011131524567126,0.0001899999999999998,0.0001899999999999998,2.08826,0.051300000000000005,2.03696,40.706822612085766,0.05,0.00025,102070.475,0
2025-11-08 21:28:08.106488,102070.475,81.77000000000407,0.08011131524567126,0.0,-0.0001899999999999998,2.08826,0.051300000000000005,2.03696,40.706822612085766,0.05,0.00025,102070.475,0
2025-11-08 21:28:10.143554,102070.475,81.77000000000407,0.08011131524567126,-1.91614,-1.91614,0.17231,0.05149,0.12081999999999998,3.3464750436978052,0.05,0.00025,102070.475,0
2025-11-08 21:28:12.181124,102070.475,81.77000000000407,0.08011131524567126,0.0001899999999999998,1.9163299999999999,0.17231,0.051300000000000005,0.12100999999999998,3.3588693957115003,0.05,0.00025,102070.475,0
2025-11-08 21:28:14.217311,102070.475,81.77000000000407,0.08011131524567126,-0.0001899999999999998,-0.0003799999999999996,0.17231,0.05149,0.12081999999999998,3.3464750436978052,0.05,0.00025,102070.475,0
2025-11-08 21:28:16.257230,102070.475,81.77000000000407,0.08011131524567126,0.0,0.0001899999999999998,0.17231,0.05149,0.12081999999999998,3.3464750436978052,0.05,0.00025,102064.06,0
2025-11-08 21:28:18.294402,102064.06,94.60000000000582,0.09268688703938077,0.00019,0.00019,0.17231,0.051300000000000005,0.12100999999999998,3.3588693957115003,0.05,0.00025,102068.92,1
2025-11-08 21:28:20.334490,102068.92,84.88000000000466,0.08315949654410437,-0.00019,-0.00038,0.17231,0.05149,0.12081999999999998,3.3464750436978052,0.05,0.00025,102068.92,0
2025-11-08 21:28:22.364546,102068.92,84.88000000000466,0.08315949654410437,0.0,0.00019,0.17231,0.05149,0.12081999999999998,3.3464750436978052,0.05,0.00025,102068.92,0
2025-11-08 21:28:24.405225,102068.92,84.88000000000466,0.08315949654410437,0.0,0.0,0.17231,0.05149,0.12081999999999998,3.3464750436978052,0.05,0.00025,102068.92,0
2025-11-08 21:28:26.444707,102068.92,84.88000000000466,0.08315949654410437,0.0,0.0,0.17231,0.05149,0.12081999999999998,3.3464750436978052,0.05,0.00025,102064.45999999999,0
2025-11-08 21:28:28.475940,102064.45999999999,93.80000000000291,0.0919027054079382,0.00019,0.00019,0.17231,0.051300000000000005,0.12100999999999998,3.3588693957115003,0.05,0.00025,102064.45999999999,0
2025-11-08 21:28:30.506259,102064.45999999999,93.80000000000291,0.0919027054079382,0.0,-0.00019,0.17231,0.051300000000000005,0.12100999999999998,3.3588693957115003,0.05,0.00025,102064.45999999999,0
2025-11-08 21:28:32.541611,102064.45999999999,93.80000000000291,0.0919027054079382,0.0,0.0,0.17231,0.051300000000000005,0.12100999999999998,3.3588693957115003,0.05,0.00025,102070.67000000001,1
2025-11-08 21:28:34.572452,102070.67000000001,81.36000000000058,0.07970947971635786,-0.00019,-0.00019,0.17231,0.05149,0.12081999999999998,3.3464750436978052,0.05,0.00094,102070.675,1
2025-11-08 21:28:36.601917,102070.675,81.36999999999534,0.07971927294494265,0.0001899999999999998,0.0003799999999999998,0.17231,0.051300000000000005,0.12100999999999998,3.3588693957115003,0.05,0.00025,102070.675,0
2025-11-08 21:28:38.636758,102070.675,81.36999999999534,0.07971927294494265,0.0,-0.0001899999999999998,0.17231,0.051300000000000005,0.12100999999999998,3.3588693957115003,0.05,0.00025,102070.675,0
2025-11-08 21:28:40.669657,102070.675,81.36999999999534,0.07971927294494265,0.0,0.0,0.17231,0.051300000000000005,0.12100999999999998,3.3588693957115003,0.05,0.00025,102070.675,0
2025-11-08 21:28:42.707043,102070.675,81.36999999999534,0.07971927294494265,0.0,0.0,0.17231,0.051300000000000005,0.12100999999999998,3.3588693957115003,0.05,0.00025,102074.485,1
2025-11-08 21:28:44.742726,102074.485,73.75,0.0722511605128353,-0.0001899999999999998,-0.0001899999999999998,0.17231,0.05149,0.12081999999999998,3.3464750436978052,0.05,0.00025,102074.485,0
2025-11-08 21:28:46.784625,102074.485,73.75,0.0722511605128353,0.0,0.0001899999999999998,0.17231,0.05149,0.12081999999999998,3.3464750436978052,0.05,0.00025,102074.485,0
2025-11-08 21:28:48.823956,102074.485,73.75,0.0722511605128353,0.0,0.0,0.17231,0.05149,0.12081999999999998,3.3464750436978052,0.05,0.00025,102074.485,0
2025-11-08 21:28:50.865094,102074.485,73.75,0.0722511605128353,0.0001899999999999998,0.0001899999999999998,0.17231,0.051300000000000005,0.12100999999999998,3.3588693957115003,0.05,0.00025,102074.485,0
2025-11-08 21:28:52.910432,102074.485,73.75,0.0722511605128353,0.0,-0.0001899999999999998,0.17231,0.051300000000000005,0.12100999999999998,3.3588693957115003,0.05,0.00025,102074.485,0
2025-11-08 21:28:54.951033,102074.485,73.75,0.0722511605128353,0.0,0.0,0.17231,0.051300000000000005,0.12100999999999998,3.3588693957115003,0.05,0.00025,102077.545,1
2025-11-08 21:28:57.065052,102077.545,67.63000000000466,0.06625355263001736,0.0,0.0,0.17231,0.051300000000000005,0.12100999999999998,3.3588693957115003,0.05,0.00025,102077.545,0
2025-11-08 21:28:59.105869,102077.545,67.63000000000466,0.06625355263001736,-0.0001899999999999998,-0.0001899999999999998,0.17231,0.05149,0.12081999999999998,3.3464750436978052,0.05,0.00025,102077.545,0
2025-11-08 21:29:01.137859,102077.545,67.63000000000466,0.06625355263001736,0.0,0.0001899999999999998,0.17231,0.05149,0.12081999999999998,3.3464750436978052,0.05,0.00025,102077.545,0
2025-11-08 21:29:03.171893,102077.545,67.63000000000466,0.06625355263001736,0.0,0.0,0.17231,0.05149,0.12081999999999998,3.3464750436978052,0.05,0.00025,102077.545,0
2025-11-08 21:29:05.207602,102077.545,67.63000000000466,0.06625355263001736,0.0,0.0,0.17231,0.05149,0.12081999999999998,3.3464750436978052,0.05,0.00025,102059.48999999999,0
2025-11-08 21:29:07.241099,102059.48999999999,99.90000000000873,0.09788408701631642,0.00019,0.00019,0.17231,0.05130000000000001,0.12100999999999998,3.3588693957115,0.05,0.05,102059.48999999999,0
2025-11-08 21:29:09.281359,102059.48999999999,99.90000000000873,0.09788408701631642,0.0,-0.00019,0.17231,0.05130000000000001,0.12100999999999998,3.3588693957115,0.05,0.05,102059.98999999999,1
2025-11-08 21:29:11.317313,102059.98999999999,100.90000000000873,0.09886342336503143,0.04845,0.04845,0.17231,0.00285,0.16946,60.459649122807015,0.05,0.00094,102047.4,0
2025-11-08 21:29:13.356578,102047.4,102.40000000000873,0.10034552570668998,-0.048639999999999996,-0.09709,0.17231000000000002,0.05149000000000001,0.12082000000000001,3.3464750436978052,0.05,0.05,102047.4,0
2025-11-08 21:29:15.394464,102047.4,102.40000000000873,0.10034552570668998,0.0,0.048639999999999996,0.17231000000000002,0.05149000000000001,0.12082000000000001,3.3464750436978052,0.05,0.05,102047.4,0
2025-11-08 21:29:17.435347,102047.4,102.40000000000873,0.10034552570668998,0.0,0.0,0.17231000000000002,0.05149000000000001,0.12082000000000001,3.3464750436978052,0.05,0.05,102047.4,0
2025-11-08 21:29:19.482138,102047.4,102.40000000000873,0.10034552570668998,0.0,0.0,0.17231000000000002,0.05149000000000001,0.12082000000000001,3.3464750436978052,0.05,0.05,102047.4,0
2025-11-08 21:29:21.521600,102047.4,102.40000000000873,0.10034552570668998,0.0,0.0,0.17231000000000002,0.05149000000000001,0.12082000000000001,3.3464750436978052,0.05,0.05,102047.39499999999,0
2025-11-08 21:29:23.559842,102047.39499999999,102.38999999999942,0.1003357312550697,0.00019000000000000028,0.00019000000000000028,0.17231000000000002,0.05130000000000001,0.12101,3.3588693957115003,0.05,1e-05,102047.39499999999,0
2025-11-08 21:29:25.599913,102047.39499999999,102.38999999999942,0.1003357312550697,-4.000000000000531e-05,-0.0002300000000000056,0.17227,0.05130000000000001,0.12097,3.3580896686159836,0.04996,1e-05,102049.9,1
2025-11-08 21:29:27.633792,102049.9,97.3799999999901,0.09542390536393482,4.000000000000531e-05,8.000000000001062e-05,0.17231000000000002,0.05130000000000001,0.12101,3.3588693957115003,0.05,1e-05,102063.13500000001,1
2025-11-08 21:29:29.666892,102063.13500000001,96.44999999999709,0.0945003306041864,-0.00018999999999999714,-0.00023000000000000245,0.17231,0.05149,0.12081999999999998,3.3464750436978052,0.05,0.00025,102067.8,1
2025-11-08 21:29:31.701042,102067.8,87.11999999999534,0.08535502871620172,0.0001899999999999998,0.00037999999999999693,0.17231,0.051300000000000005,0.12100999999999998,3.3588693957115003,0.05,0.00025,102067.8,0
2025-11-08 21:29:33.736624,102067.8,87.11999999999534,0.08535502871620172,0.0,-0.0001899999999999998,0.17231,0.051300000000000005,0.12100999999999998,3.3588693957115003,0.05,0.00025,102073.91500000001,1
2025-11-08 21:29:35.774656,102073.91500000001,74.88999999999942,0.07336840171164143,-0.0001899999999999998,-0.0001899999999999998,0.17231,0.05149,0.12081999999999998,3.3464750436978052,0.05,0.00025,102073.91500000001,0
2025-11-08 21:29:37.814351,102073.91500000001,74.88999999999942,0.07336840171164143,0.0,0.0001899999999999998,0.17231,0.05149,0.12081999999999998,3.3464750436978052,0.05,0.00025,102073.91500000001,0
2025-11-08 21:29:39.848646,102073.91500000001,74.88999999999942,0.07336840171164143,0.0,0.0,0.17231,0.05149,0.12081999999999998,3.3464750436978052,0.05,0.00025,102077.425,1
2025-11-08 21:29:41.888469,102077.425,67.86999999999534,0.06648874616497756,0.0001899999999999998,0.0001899999999999998,0.17231,0.051300000000000005,0.12100999999999998,3.3588693957115003,0.05,0.00025,102077.425,0
2025-11-08 21:29:43.928124,102077.425,67.86999999999534,0.06648874616497756,0.0,-0.0001899999999999998,0.17231,0.051300000000000005,0.12100999999999998,3.3588693957115003,0.05,0.00025,102077.425,0
2025-11-08 21:29:45.964891,102077.425,67.86999999999534,0.06648874616497756,0.0,0.0,0.17231,0.051300000000000005,0.12100999999999998,3.3588693957115003,0.05,0.00025,102077.425,0
2025-11-08 21:29:48.005126,102077.425,67.86999999999534,0.06648874616497756,-0.0001899999999999998,-0.0001899999999999998,0.17231,0.05149,0.12081999999999998,3.3464750436978052,0.05,0.00025,102077.425,0
2025-11-08 21:29:50.037370,102077.425,67.86999999999534,0.06648874616497756,0.0,0.0001899999999999998,0.17231,0.05149,0.12081999999999998,3.3464750436978052,0.05,0.00025,102070.81,0
2025-11-08 21:29:52.070948,102070.81,81.10000000000582,0.07945464526048712,0.048639999999999996,0.048639999999999996,0.17231,0.00285,0.16946,60.459649122807015,0.05,0.00025,102070.81,0
2025-11-08 21:29:54.115251,102070.81,81.10000000000582,0.07945464526048712,-0.048639999999999996,-0.09727999999999999,0.17231,0.05149,0.12081999999999998,3.3464750436978052,0.05,0.00025,102070.81,0
2025-11-08 21:29:56.154725,102070.81,81.10000000000582,0.07945464526048712,0.0,0.048639999999999996,0.17231,0.05149,0.12081999999999998,3.3464750436978052,0.05,0.00025,102070.81,0
2025-11-08 21:29:58.193792,102070.81,81.10000000000582,0.07945464526048712,0.0,0.0,0.17231,0.05149,0.12081999999999998,3.3464750436978052,0.05,0.00025,102070.81,0
2025-11-08 21:30:00.234341,102070.81,81.10000000000582,0.07945464526048712,0.0,0.0,0.17231,0.05149,0.12081999999999998,3.3464750436978052,0.05,0.00025,102070.81,0
2025-11-08 21:30:02.272520,102070.81,81.10000000000582,0.07945464526048712,0.0,0.0,0.17231,0.05149,0.12081999999999998,3.3464750436978052,0.05,0.00025,102070.81,0
2025-11-08 21:30:04.311015,102070.81,81.10000000000582,0.07945464526048712,0.0,0.0,0.17231,0.05149,0.12081999999999998,3.3464750436978052,0.05,0.00025,102070.81,0
2025-11-08 21:30:06.349756,102070.81,81.10000000000582,0.07945464526048712,0.0,0.0,0.17231,0.05149,0.12081999999999998,3.3464750436978052,0.05,0.00025,102070.81,0
2025-11-08 21:30:08.389232,102070.81,81.10000000000582,0.07945464526048712,0.0,0.0,0.17231,0.05149,0.12081999999999998,3.3464750436978052,0.05,0.00025,102046.7,0
2025-11-08 21:30:10.425182,102046.7,32.88000000000466,0.03222054216354341,-0.0026099999999999973,-0.0026099999999999973,0.17231,0.05410000000000001,0.11820999999999998,3.1850277264325317,0.05,0.00281,102046.7,0
2025-11-08 21:30:12.457259,102046.7,32.88000000000466,0.03222054216354341,0.0,0.0026099999999999973,0.17231,0.05410000000000001,0.11820999999999998,3.1850277264325317,0.05,0.00281,102033.23000000001,0
2025-11-08 21:30:14.495749,102033.23000000001,59.80000000000291,0.05860835729693444,8.999999999999986e-05,8.999999999999986e-05,0.17231,0.05401,0.11829999999999999,3.190335123125347,0.05,1e-05,102033.23000000001,0
2025-11-08 21:30:16.534128,102033.23000000001,59.80000000000291,0.05860835729693444,0.0,-8.999999999999986e-05,0.17231,0.05401,0.11829999999999999,3.190335123125347,0.05,1e-05,102033.23000000001,0
2025-11-08 21:30:18.566619,102033.23000000001,59.80000000000291,0.05860835729693444,0.0,0.0,0.17231,0.05401,0.11829999999999999,3.190335123125347,0.05,1e-05,102033.23000000001,0
2025-11-08 21:30:20.596874,102033.23000000001,59.80000000000291,0.05860835729693444,0.0,0.0,0.17231,0.05401,0.11829999999999999,3.190335123125347,0.05,1e-05,102033.23000000001,0
2025-11-08 21:30:22.631819,102033.23000000001,59.80000000000291,0.05860835729693444,0.0,0.0,0.17231,0.05401,0.11829999999999999,3.190335123125347,0.05,1e-05,102033.23000000001,0
2025-11-08 21:30:24.673212,102033.23000000001,59.80000000000291,0.05860835729693444,0.0,0.0,0.17231,0.05401,0.11829999999999999,3.190335123125347,0.05,1e-05,102033.23000000001,0
2025-11-08 21:30:26.712986,102033.23000000001,59.80000000000291,0.05860835729693444,0.0,0.0,0.17231,0.05401,0.11829999999999999,3.190335123125347,0.05,1e-05,102033.23000000001,0
2025-11-08 21:30:28.747254,102033.23000000001,59.80000000000291,0.05860835729693444,0.0,0.0,0.17231,0.05401,0.11829999999999999,3.190335123125347,0.05,1e-05,102033.23000000001,0
2025-11-08 21:30:30.781647,102033.23000000001,59.80000000000291,0.05860835729693444,0.0,0.0,0.17231,0.05401,0.11829999999999999,3.190335123125347,0.05,1e-05,102025.785,0
2025-11-08 21:30:32.820359,102025.785,74.69000000000233,0.07320698390117981,-0.12029999999999999,-0.12029999999999999,0.05201000000000001,0.05401,-0.001999999999999995,0.9629698204036291,0.05,1e-05,102025.785,0
2025-11-08 21:30:34.857975,102025.785,74.69000000000233,0.07320698390117981,0.0,0.12029999999999999,0.05201000000000001,0.05401,-0.001999999999999995,0.9629698204036291,0.05,1e-05,102025.785,0
2025-11-08 21:30:36.899127,102025.785,74.69000000000233,0.07320698390117981,0.0,0.0,0.05201000000000001,0.05401,-0.001999999999999995,0.9629698204036291,0.05,1e-05,102025.785,0
2025-11-08 21:30:38.935686,102025.785,74.69000000000233,0.07320698390117981,0.0,0.0,0.05201000000000001,0.05401,-0.001999999999999995,0.9629698204036291,0.05,1e-05,102050.68,1
2025-11-08 21:30:40.982825,102050.68,24.90000000000873,0.024399641433069073,-0.0006300000000000006,-0.0006300000000000006,0.05138000000000001,0.05401,-0.0026299999999999935,0.9513053138307722,7e-05,1e-05,102050.68,0
2025-11-08 21:30:43.023011,102050.68,24.90000000000873,0.024399641433069073,0.0,0.0006300000000000006,0.05138000000000001,0.05401,-0.0026299999999999935,0.9513053138307722,7e-05,1e-05,102050.68,0
2025-11-08 21:30:45.066886,102050.68,24.90000000000873,0.024399641433069073,0.0,0.0,0.05138000000000001,0.05401,-0.0026299999999999935,0.9513053138307722,7e-05,1e-05,102050.68,0
2025-11-08 21:30:47.106504,102050.68,24.90000000000873,0.024399641433069073,0.0,0.0,0.05138000000000001,0.05401,-0.0026299999999999935,0.9513053138307722,7e-05,1e-05,102050.68,0
2025-11-08 21:30:49.141301,102050.68,24.90000000000873,0.024399641433069073,0.0,0.0,0.05138000000000001,0.05401,-0.0026299999999999935,0.9513053138307722,7e-05,1e-05,102050.68,0
2025-11-08 21:30:51.176803,102050.68,24.90000000000873,0.024399641433069073,0.0,0.0,0.05138000000000001,0.05401,-0.0026299999999999935,0.9513053138307722,7e-05,1e-05,102050.68,0
2025-11-08 21:30:53.212818,102050.68,24.90000000000873,0.024399641433069073,0.0,0.0,0.05138000000000001,0.05401,-0.0026299999999999935,0.9513053138307722,7e-05,1e-05,102050.68,0
2025-11-08 21:30:55.249746,102050.68,24.90000000000873,0.024399641433069073,0.0,0.0,0.05138000000000001,0.05401,-0.0026299999999999935,0.9513053138307722,7e-05,1e-05,102050.68,0
2025-11-08 21:30:57.285434,102050.68,24.90000000000873,0.024399641433069073,0.0,0.0,0.05138000000000001,0.05401,-0.0026299999999999935,0.9513053138307722,7e-05,1e-05,102050.68,0
2025-11-08 21:30:59.325451,102050.68,24.90000000000873,0.024399641433069073,0.0,0.0,0.05138000000000001,0.05401,-0.0026299999999999935,0.9513053138307722,7e-05,1e-05,102050.68,0
2025-11-08 21:31:01.364081,102050.68,24.90000000000873,0.024399641433069073,0.0,0.0,0.05138000000000001,0.05401,-0.0026299999999999935,0.9513053138307722,7e-05,1e-05,102050.68,0
2025-11-08 21:31:03.403089,102050.68,24.90000000000873,0.024399641433069073,0.0,0.0,0.05138000000000001,0.05401000000000001,-0.0026300000000000004,0.9513053138307721,7e-05,1e-05,102050.68,0
2025-11-08 21:31:05.436750,102050.68,24.90000000000873,0.024399641433069073,0.0,0.0,0.05138000000000001,0.05401000000000001,-0.0026300000000000004,0.9513053138307721,7e-05,1e-05,102050.68,0
2025-11-08 21:31:07.478150,102050.68,24.90000000000873,0.024399641433069073,0.0,0.0,0.05138000000000001,0.05401000000000001,-0.0026300000000000004,0.9513053138307721,7e-05,1e-05,102050.68,0
2025-11-08 21:31:09.511135,102050.68,24.90000000000873,0.024399641433069073,0.0,0.0,0.05138000000000001,0.05401000000000001,-0.0026300000000000004,0.9513053138307721,7e-05,1e-05,102050.68,0
2025-11-08 21:31:11.550517,102050.68,24.90000000000873,0.024399641433069073,0.0,0.0,0.05138000000000001,0.05401000000000001,-0.0026300000000000004,0.9513053138307721,7e-05,1e-05,102050.73,1
2025-11-08 21:31:13.586682,102050.73,25.0,0.02449761995823058,-0.11828,-0.11828,0.05138000000000001,0.17229,-0.12090999999999999,0.2982181206105985,7e-05,0.05,102050.69,0
2025-11-08 21:31:15.623215,102050.69,24.919999999998254,0.024419237145773588,0.11828,0.23656,0.05138000000000001,0.05401000000000001,-0.0026300000000000004,0.9513053138307721,7e-05,1e-05,102050.695,1
2025-11-08 21:31:17.664426,102050.695,24.930000000007567,0.02442903500069996,-8.999999999999986e-05,-0.11837,0.05138000000000001,0.05410000000000001,-0.00272,0.9497227356746766,7e-05,0.00281,102050.695,0
2025-11-08 21:31:19.700427,102050.695,24.930000000007567,0.02442903500069996,0.0,8.999999999999986e-05,0.05138000000000001,0.05410000000000001,-0.00272,0.9497227356746766,7e-05,0.00281,102050.695,0
2025-11-08 21:31:21.736974,102050.695,24.930000000007567,0.02442903500069996,0.0,0.0,0.05138000000000001,0.05410000000000001,-0.00272,0.9497227356746766,7e-05,0.00281,102050.69,0
2025-11-08 21:31:23.772236,102050.69,24.919999999998254,0.024419237145773588,8.999999999999715e-05,8.999999999999715e-05,0.05138000000000001,0.05401,-0.0026299999999999935,0.9513053138307722,7e-05,1e-05,102050.69,0
2025-11-08 21:31:25.813113,102050.69,24.919999999998254,0.024419237145773588,0.0,-8.999999999999715e-05,0.05138000000000001,0.05401,-0.0026299999999999935,0.9513053138307722,7e-05,1e-05,102050.69,0
2025-11-08 21:31:27.850046,102050.69,24.919999999998254,0.024419237145773588,0.0,0.0,0.05138000000000001,0.05401,-0.0026299999999999935,0.9513053138307722,7e-05,1e-05,102050.695,1
2025-11-08 21:31:29.886666,102050.695,24.930000000007567,0.02442903500069996,0.12081,0.12081,0.17228,0.05410000000000001,0.11817999999999998,3.1844731977818848,7e-05,0.00281,102050.695,0
2025-11-08 21:31:31.919471,102050.695,24.930000000007567,0.02442903500069996,0.0,-0.12081,0.17228,0.05410000000000001,0.11817999999999998,3.1844731977818848,7e-05,0.00281,102050.695,0
2025-11-08 21:31:33.955781,102050.695,24.930000000007567,0.02442903500069996,0.0,0.0,0.17228,0.05410000000000001,0.11817999999999998,3.1844731977818848,7e-05,0.00281,102050.69,0
2025-11-08 21:31:35.987230,102050.69,24.919999999998254,0.024419237145773588,8.999999999999715e-05,8.999999999999715e-05,0.17228,0.05401,0.11826999999999999,3.189779670431401,7e-05,1e-05,102050.69,0
2025-11-08 21:31:38.023076,102050.69,24.919999999998254,0.024419237145773588,0.0,-8.999999999999715e-05,0.17228,0.05401,0.11826999999999999,3.189779670431401,7e-05,1e-05,102050.69,0
2025-11-08 21:31:40.062991,102050.69,24.919999999998254,0.024419237145773588,0.0,0.0,0.17228,0.05401,0.11826999999999999,3.189779670431401,7e-05,1e-05,102050.695,1
2025-11-08 21:31:42.104049,102050.695,24.930000000007567,0.02442903500069996,-0.12098999999999999,-0.12098999999999999,0.05138000000000001,0.05410000000000001,-0.00272,0.9497227356746766,7e-05,0.00281,102050.69,0
2025-11-08 21:31:44.139261,102050.69,24.919999999998254,0.024419237145773588,8.999999999999715e-05,0.12107999999999998,0.05138000000000001,0.05401,-0.0026299999999999935,0.9513053138307722,7e-05,1e-05,102050.69,0
2025-11-08 21:31:46.176346,102050.69,24.919999999998254,0.024419237145773588,0.0,-8.999999999999715e-05,0.05138000000000001,0.05401,-0.0026299999999999935,0.9513053138307722,7e-05,1e-05,102050.695,1
2025-11-08 21:31:48.211758,102050.695,24.930000000007567,0.02442903500069996,-8.999999999999715e-05,-8.999999999999715e-05,0.05138000000000001,0.05410000000000001,-0.00272,0.9497227356746766,7e-05,0.00281,102050.695,0
2025-11-08 21:31:50.247345,102050.695,24.930000000007567,0.02442903500069996,0.0,8.999999999999715e-05,0.05138000000000001,0.05410000000000001,-0.00272,0.9497227356746766,7e-05,0.00281,102050.695,0
2025-11-08 21:31:52.285143,102050.695,24.930000000007567,0.02442903500069996,0.0,0.0,0.05138000000000001,0.05410000000000001,-0.00272,0.9497227356746766,7e-05,0.00281,102050.695,0
2025-11-08 21:31:54.317475,102050.695,24.930000000007567,0.02442903500069996,0.0,0.0,0.05138000000000001,0.05410000000000001,-0.00272,0.9497227356746766,7e-05,0.00281,102050.695,0
2025-11-08 21:31:56.356661,102050.695,24.930000000007567,0.02442903500069996,0.0,0.0,0.05138000000000001,0.05410000000000001,-0.00272,0.9497227356746766,7e-05,0.00281,102050.695,0
2025-11-08 21:31:58.395709,102050.695,24.930000000007567,0.02442903500069996,0.0,0.0,0.05138000000000001,0.05410000000000001,-0.00272,0.9497227356746766,7e-05,0.00281,102050.695,0
2025-11-08 21:32:00.434733,102050.695,24.930000000007567,0.02442903500069996,0.0,0.0,0.05138000000000001,0.05410000000000001,-0.00272,0.9497227356746766,7e-05,0.00281,102050.695,0
2025-11-08 21:32:02.474391,102050.695,24.930000000007567,0.02442903500069996,0.0,0.0,0.05138000000000001,0.05410000000000001,-0.00272,0.9497227356746766,7e-05,0.00281,102050.69,0
2025-11-08 21:32:04.510975,102050.69,24.919999999998254,0.024419237145773588,8.999999999999715e-05,8.999999999999715e-05,0.05138000000000001,0.05401,-0.0026299999999999935,0.9513053138307722,7e-05,1e-05,102050.695,1
2025-11-08 21:32:06.545048,102050.695,24.930000000007567,0.02442903500069996,-8.999999999999715e-05,-0.0001799999999999943,0.05138000000000001,0.05410000000000001,-0.00272,0.9497227356746766,7e-05,0.00281,102050.695,0
2025-11-08 21:32:08.581345,102050.695,24.930000000007567,0.02442903500069996,0.0,8.999999999999715e-05,0.05138000000000001,0.05410000000000001,-0.00272,0.9497227356746766,7e-05,0.00281,102050.69,0
2025-11-08 21:32:10.616685,102050.69,24.919999999998254,0.024419237145773588,8.999999999999715e-05,8.999999999999715e-05,0.05138000000000001,0.05401,-0.0026299999999999935,0.9513053138307722,7e-05,1e-05,102050.695,1
2025-11-08 21:32:12.654796,102050.695,24.930000000007567,0.02442903500069996,-8.999999999999715e-05,-0.0001799999999999943,0.05138000000000001,0.05410000000000001,-0.00272,0.9497227356746766,7e-05,0.00281,102050.695,0
2025-11-08 21:32:14.694401,102050.695,24.930000000007567,0.02442903500069996,0.0,8.999999999999715e-05,0.05138000000000001,0.05410000000000001,-0.00272,0.9497227356746766,7e-05,0.00281,102050.695,0
2025-11-08 21:32:16.733786,102050.695,24.930000000007567,0.02442903500069996,0.0,0.0,0.05138000000000001,0.05410000000000001,-0.00272,0.9497227356746766,7e-05,0.00281,102058.4,1
2025-11-08 21:32:18.773568,102058.4,40.34000000001106,0.03952638881269063,0.002799999999999997,0.002799999999999997,0.05138000000000001,0.05130000000000001,7.999999999999674e-05,1.001559454191033,7e-05,1e-05,102049.14,0
2025-11-08 21:32:20.812790,102049.14,21.820000000006985,0.021381855839262325,-0.002799999999999997,-0.005599999999999994,0.05138000000000001,0.05410000000000001,-0.00272,0.9497227356746766,7e-05,0.00281,102049.14,0
2025-11-08 21:32:22.852183,102049.14,21.820000000006985,0.021381855839262325,0.0,0.002799999999999997,0.05138000000000001,0.05410000000000001,-0.00272,0.9497227356746766,7e-05,0.00281,102056.405,1
2025-11-08 21:32:24.885055,102056.405,7.269999999989523,0.007123511748223468,8.999999999999715e-05,8.999999999999715e-05,0.05138000000000001,0.05401,-0.0026299999999999935,0.9513053138307722,7e-05,1e-05,102056.405,0
2025-11-08 21:32:26.917641,102056.405,7.269999999989523,0.007123511748223468,0.0,-8.999999999999715e-05,0.05138000000000001,0.05401,-0.0026299999999999935,0.9513053138307722,7e-05,1e-05,102056.405,0
2025-11-08 21:32:28.957167,102056.405,7.269999999989523,0.007123511748223468,0.0,0.0,0.05138000000000001,0.05401,-0.0026299999999999935,0.9513053138307722,7e-05,1e-05,102056.405,0
2025-11-08 21:32:30.992846,102056.405,7.269999999989523,0.007123511748223468,0.0,0.0,0.05138000000000001,0.05401,-0.0026299999999999935,0.9513053138307722,7e-05,1e-05,102056.405,0
2025-11-08 21:32:33.031130,102056.405,7.269999999989523,0.007123511748223468,0.0,0.0,0.05138000000000001,0.05401,-0.0026299999999999935,0.9513053138307722,7e-05,1e-05,102056.405,0
2025-11-08 21:32:35.066534,102056.405,7.269999999989523,0.007123511748223468,0.0,0.0,0.05138000000000001,0.05401,-0.0026299999999999935,0.9513053138307722,7e-05,1e-05,102056.405,0
2025-11-08 21:32:37.098049,102056.405,7.269999999989523,0.007123511748223468,0.0,0.0,0.05138000000000001,0.05401,-0.0026299999999999935,0.9513053138307722,7e-05,1e-05,102056.405,0
2025-11-08 21:32:39.134521,102056.405,7.269999999989523,0.007123511748223468,0.0,0.0,0.05138000000000001,0.05401,-0.0026299999999999935,0.9513053138307722,7e-05,1e-05,102056.41,1
2025-11-08 21:32:41.170528,102056.41,7.279999999998836,0.007133309901846278,-8.999999999999715e-05,-8.999999999999715e-05,0.05138000000000001,0.05410000000000001,-0.00272,0.9497227356746766,7e-05,0.00281,102056.41,0
2025-11-08 21:32:43.206211,102056.41,7.279999999998836,0.007133309901846278,0.0,8.999999999999715e-05,0.05138000000000001,0.05410000000000001,-0.00272,0.9497227356746766,7e-05,0.00281,102056.41,0
2025-11-08 21:32:45.241375,102056.41,7.279999999998836,0.007133309901846278,0.0,0.0,0.05138000000000001,0.05410000000000001,-0.00272,0.9497227356746766,7e-05,0.00281,102056.405,0
2025-11-08 21:32:47.273072,102056.405,7.269999999989523,0.007123511748223468,8.999999999999715e-05,8.999999999999715e-05,0.05138000000000001,0.05401,-0.0026299999999999935,0.9513053138307722,7e-05,1e-05,102056.405,0
2025-11-08 21:32:49.308939,102056.405,7.269999999989523,0.007123511748223468,0.0,-8.999999999999715e-05,0.05138000000000001,0.05401,-0.0026299999999999935,0.9513053138307722,7e-05,1e-05,102056.405,0
2025-11-08 21:32:51.348532,102056.405,7.269999999989523,0.007123511748223468,0.0,0.0,0.05138000000000001,0.05401,-0.0026299999999999935,0.9513053138307722,7e-05,1e-05,102056.405,0
2025-11-08 21:32:53.382818,102056.405,7.269999999989523,0.007123511748223468,0.0,0.0,0.05138000000000001,0.05401,-0.0026299999999999935,0.9513053138307722,7e-05,1e-05,102056.405,0
2025-11-08 21:32:55.419746,102056.405,7.269999999989523,0.007123511748223468,0.0,0.0,0.05138000000000001,0.05401,-0.0026299999999999935,0.9513053138307722,7e-05,1e-05,102056.405,0
2025-11-08 21:32:57.456840,102056.405,7.269999999989523,0.007123511748223468,0.0,0.0,0.05138000000000001,0.05401,-0.0026299999999999935,0.9513053138307722,7e-05,1e-05,102056.41,1
2025-11-08 21:32:59.490430,102056.41,7.279999999998836,0.007133309901846278,-8.999999999999715e-05,-8.999999999999715e-05,0.05138000000000001,0.05410000000000001,-0.00272,0.9497227356746766,7e-05,0.00281,102056.405,0
2025-11-08 21:33:01.525519,102056.405,7.269999999989523,0.007123511748223468,8.999999999999715e-05,0.0001799999999999943,0.05138000000000001,0.05401,-0.0026299999999999935,0.9513053138307722,7e-05,1e-05,102056.41,1
2025-11-08 21:33:03.558837,102056.41,7.279999999998836,0.007133309901846278,-8.999999999999715e-05,-0.0001799999999999943,0.05138000000000001,0.05410000000000001,-0.00272,0.9497227356746766,7e-05,0.00281,102056.41,0
2025-11-08 21:33:05.592964,102056.41,7.279999999998836,0.007133309901846278,0.0,8.999999999999715e-05,0.05138000000000001,0.05410000000000001,-0.00272,0.9497227356746766,7e-05,0.00281,102056.405,0
2025-11-08 21:33:07.631956,102056.405,7.269999999989523,0.007123511748223468,8.999999999999715e-05,8.999999999999715e-05,0.05138000000000001,0.05401,-0.0026299999999999935,0.9513053138307722,7e-05,1e-05,102056.41,1
2025-11-08 21:33:09.667845,102056.41,7.279999999998836,0.007133309901846278,-8.999999999999715e-05,-0.0001799999999999943,0.05138000000000001,0.05410000000000001,-0.00272,0.9497227356746766,7e-05,0.00281,102056.405,0
2025-11-08 21:33:11.704302,102056.405,7.269999999989523,0.007123511748223468,8.999999999999715e-05,0.0001799999999999943,0.05138000000000001,0.05401,-0.0026299999999999935,0.9513053138307722,7e-05,1e-05,102056.405,0
2025-11-08 21:33:13.739441,102056.405,7.269999999989523,0.007123511748223468,0.0,-8.999999999999715e-05,0.05138000000000001,0.05401,-0.0026299999999999935,0.9513053138307722,7e-05,1e-05,102056.41,1
2025-11-08 21:33:15.779061,102056.41,7.279999999998836,0.007133309901846278,0.12081,0.12081,0.17228,0.05410000000000001,0.11817999999999998,3.1844731977818848,7e-05,0.00281,102056.405,0
2025-11-08 21:33:17.816670,102056.405,7.269999999989523,0.007123511748223468,8.99999999999998e-05,-0.12072,0.17228,0.05401,0.11826999999999999,3.189779670431401,7e-05,1e-05,102056.41,1
2025-11-08 21:33:19.856357,102056.41,7.279999999998836,0.007133309901846278,-8.99999999999998e-05,-0.0001799999999999996,0.17228,0.05410000000000001,0.11817999999999998,3.1844731977818848,7e-05,0.00281,102056.405,0
2025-11-08 21:33:21.896328,102056.405,7.269999999989523,0.007123511748223468,8.99999999999998e-05,0.0001799999999999996,0.17228,0.05401,0.11826999999999999,3.189779670431401,7e-05,1e-05,102060.47,1
2025-11-08 21:33:23.934670,102060.47,15.39999999999418,0.01508909375000348,0.0,-8.99999999999998e-05,0.17228,0.05401,0.11826999999999999,3.189779670431401,7e-05,1e-05,102060.47,0
2025-11-08 21:33:25.974929,102060.47,15.39999999999418,0.01508909375000348,0.0,0.0,0.17228,0.05401,0.11826999999999999,3.189779670431401,7e-05,1e-05,102060.47,0
2025-11-08 21:33:28.006529,102060.47,15.39999999999418,0.01508909375000348,0.0,0.0,0.17228,0.05401,0.11826999999999999,3.189779670431401,7e-05,1e-05,102060.47,0
2025-11-08 21:33:30.039442,102060.47,15.39999999999418,0.01508909375000348,0.0,0.0,0.17228,0.05401,0.11826999999999999,3.189779670431401,7e-05,1e-05,102060.47,0
2025-11-08 21:33:32.076989,102060.47,15.39999999999418,0.01508909375000348,0.0,0.0,0.17228,0.05401,0.11826999999999999,3.189779670431401,7e-05,1e-05,102060.47,0
2025-11-08 21:33:34.116094,102060.47,15.39999999999418,0.01508909375000348,0.0,0.0,0.17228,0.05401,0.11826999999999999,3.189779670431401,7e-05,1e-05,102060.47,0
2025-11-08 21:33:36.157219,102060.47,15.39999999999418,0.01508909375000348,0.0,0.0,0.17228,0.05401,0.11826999999999999,3.189779670431401,7e-05,1e-05,102060.47,0
2025-11-08 21:33:38.196217,102060.47,15.39999999999418,0.01508909375000348,0.0,0.0,0.17228,0.05401,0.11826999999999999,3.189779670431401,7e-05,1e-05,102060.47,0
2025-11-08 21:33:40.231227,102060.47,15.39999999999418,0.01508909375000348,0.0,0.0,0.17228,0.05401,0.11826999999999999,3.189779670431401,7e-05,1e-05,102060.47,0
2025-11-08 21:33:42.271382,102060.47,15.39999999999418,0.01508909375000348,0.0,0.0,0.17228,0.05401,0.11826999999999999,3.189779670431401,7e-05,1e-05,102060.47,0
2025-11-08 21:33:44.307388,102060.47,15.39999999999418,0.01508909375000348,0.0,0.0,0.17228,0.05401,0.11826999999999999,3.189779670431401,7e-05,1e-05,102060.47,0
2025-11-08 21:33:46.345544,102060.47,15.39999999999418,0.01508909375000348,0.0,0.0,0.17228,0.05401,0.11826999999999999,3.189779670431401,7e-05,1e-05,102060.47,0
2025-11-08 21:33:48.384668,102060.47,15.39999999999418,0.01508909375000348,0.0,0.0,0.17228,0.05401,0.11826999999999999,3.189779670431401,7e-05,1e-05,102060.47,0
2025-11-08 21:33:50.417724,102060.47,15.39999999999418,0.01508909375000348,0.0,0.0,0.17228,0.05401,0.11826999999999999,3.189779670431401,7e-05,1e-05,102060.47,0
2025-11-08 21:33:52.452969,102060.47,15.39999999999418,0.01508909375000348,0.0,0.0,0.17228,0.05401,0.11826999999999999,3.189779670431401,7e-05,1e-05,102060.47,0
2025-11-08 21:33:54.489812,102060.47,15.39999999999418,0.01508909375000348,-0.1209,-0.1209,0.05138000000000001,0.05401,-0.0026299999999999935,0.9513053138307722,7e-05,1e-05,102060.47,0
2025-11-08 21:33:56.530659,102060.47,15.39999999999418,0.01508909375000348,0.0,0.1209,0.05138000000000001,0.05401,-0.0026299999999999935,0.9513053138307722,7e-05,1e-05,102060.47,0
2025-11-08 21:33:58.570192,102060.47,15.39999999999418,0.01508909375000348,0.0,0.0,0.05138000000000001,0.05401,-0.0026299999999999935,0.9513053138307722,7e-05,1e-05,102052.775,0
2025-11-08 21:34:00.606201,102052.775,0.00999999999476131,9.79885161845066e-06,-0.12098999999999999,-0.12098999999999999,0.05138000000000001,0.175,-0.12361999999999998,0.2936000000000001,7e-05,0.05,102052.775,0
2025-11-08 21:34:02.647003,102052.775,0.00999999999476131,9.79885161845066e-06,-9.999999999999992e-06,0.12097999999999999,0.051370000000000006,0.175,-0.12362999999999999,0.2935428571428572,6e-05,0.05,102052.775,0
2025-11-08 21:34:04.685566,102052.775,0.00999999999476131,9.79885161845066e-06,0.00015000000000000001,0.00016,0.05152,0.175,-0.12347999999999998,0.29440000000000005,0.00021,0.05,102052.775,0
2025-11-08 21:34:06.723231,102052.775,0.00999999999476131,9.79885161845066e-06,0.0,-0.00015000000000000001,0.05152,0.175,-0.12347999999999998,0.29440000000000005,0.00021,0.05,102052.775,0
2025-11-08 21:34:08.762786,102052.775,0.00999999999476131,9.79885161845066e-06,0.0,0.0,0.05152,0.175,-0.12347999999999998,0.29440000000000005,0.00021,0.05,102052.775,0
2025-11-08 21:34:10.798042,102052.775,0.00999999999476131,9.79885161845066e-06,0.0,0.0,0.05152,0.175,-0.12347999999999998,0.29440000000000005,0.00021,0.05,102052.775,0
2025-11-08 21:34:12.833313,102052.775,0.00999999999476131,9.79885161845066e-06,0.0,0.0,0.05152,0.175,-0.12347999999999998,0.29440000000000005,0.00021,0.05,102052.775,0
2025-11-08 21:34:14.869116,102052.775,0.00999999999476131,9.79885161845066e-06,0.0,0.0,0.05152,0.175,-0.12347999999999998,0.29440000000000005,0.00021,0.05,102052.775,0
2025-11-08 21:34:16.903271,102052.775,0.00999999999476131,9.79885161845066e-06,0.0,0.0,0.05152,0.175,-0.12347999999999998,0.29440000000000005,0.00021,0.05,102052.775,0
2025-11-08 21:34:18.943906,102052.775,0.00999999999476131,9.79885161845066e-06,0.0,0.0,0.05152,0.175,-0.12347999999999998,0.29440000000000005,0.00021,0.05,102052.775,0
2025-11-08 21:34:20.979448,102052.775,0.00999999999476131,9.79885161845066e-06,0.0,0.0,0.05152,0.175,-0.12347999999999998,0.29440000000000005,0.00021,0.05,102052.775,0
2025-11-08 21:34:23.020303,102052.775,0.00999999999476131,9.79885161845066e-06,0.0,0.0,0.05152,0.175,-0.12347999999999998,0.29440000000000005,0.00021,0.05,102052.775,0
2025-11-08 21:34:25.053618,102052.775,0.00999999999476131,9.79885161845066e-06,0.0008399999999999935,0.0008399999999999935,0.05152,0.17415999999999998,-0.12263999999999997,0.29581993569131837,0.00021,0.05,102052.775,0
2025-11-08 21:34:27.093161,102052.775,0.00999999999476131,9.79885161845066e-06,0.0018700000000000001,0.0010300000000000066,0.05152,0.17229,-0.12076999999999999,0.2990307040455047,0.00021,0.05,102052.775,0
2025-11-08 21:34:29.127826,102052.775,0.00999999999476131,9.79885161845066e-06,-0.002710000000000004,-0.004580000000000004,0.05152,0.175,-0.12347999999999998,0.29440000000000005,0.00021,0.05,102052.775,0
2025-11-08 21:34:31.164194,102052.775,0.00999999999476131,9.79885161845066e-06,0.0,0.002710000000000004,0.05152,0.175,-0.12347999999999998,0.29440000000000005,0.00021,0.05,102052.775,0
2025-11-08 21:34:33.195360,102052.775,0.00999999999476131,9.79885161845066e-06,0.0,0.0,0.05152,0.175,-0.12347999999999998,0.29440000000000005,0.00021,0.05,102052.775,0
2025-11-08 21:34:35.233778,102052.775,0.00999999999476131,9.79885161845066e-06,0.0,0.0,0.05152,0.175,-0.12347999999999998,0.29440000000000005,0.00021,0.05,102052.775,0
2025-11-08 21:34:37.271316,102052.775,0.00999999999476131,9.79885161845066e-06,0.0,0.0,0.05152,0.175,-0.12347999999999998,0.29440000000000005,0.00021,0.05,102052.775,0
2025-11-08 21:34:39.312488,102052.775,0.00999999999476131,9.79885161845066e-06,0.0,0.0,0.05152,0.175,-0.12347999999999998,0.29440000000000005,0.00021,0.05,102052.775,0
2025-11-08 21:34:41.352745,102052.775,0.00999999999476131,9.79885161845066e-06,0.0,0.0,0.05152,0.175,-0.12347999999999998,0.29440000000000005,0.00021,0.05,102052.775,0
2025-11-08 21:34:43.388010,102052.775,0.00999999999476131,9.79885161845066e-06,0.0,0.0,0.05152,0.175,-0.12347999999999998,0.29440000000000005,0.00021,0.05,102055.14,1
2025-11-08 21:34:45.425897,102055.14,4.739999999990687,0.004644548035494035,0.1209,0.1209,0.05152000000000001,0.05410000000000001,-0.002579999999999999,0.9523105360443623,0.00021,0.05,102055.14,0
2025-11-08 21:34:47.459308,102055.14,4.739999999990687,0.004644548035494035,0.0,-0.1209,0.05152000000000001,0.05410000000000001,-0.002579999999999999,0.9523105360443623,0.00021,0.05,102055.14,0
2025-11-08 21:34:49.495608,102055.14,4.739999999990687,0.004644548035494035,0.0,0.0,0.05152000000000001,0.05410000000000001,-0.002579999999999999,0.9523105360443623,0.00021,0.05,102055.14,0
2025-11-08 21:34:51.532189,102055.14,4.739999999990687,0.004644548035494035,0.0,0.0,0.05152000000000001,0.05410000000000001,-0.002579999999999999,0.9523105360443623,0.00021,0.05,102055.14,0
2025-11-08 21:34:53.569977,102055.14,4.739999999990687,0.004644548035494035,0.0,0.0,0.05152000000000001,0.05410000000000001,-0.002579999999999999,0.9523105360443623,0.00021,0.05,102055.14,0
2025-11-08 21:34:55.633173,102055.14,4.739999999990687,0.004644548035494035,0.0,0.0,0.05152000000000001,0.05410000000000001,-0.002579999999999999,0.9523105360443623,0.00021,0.05,102063.32,1
2025-11-08 21:34:57.670154,102063.32,21.09999999999127,0.02067344076205954,0.0,0.0,0.05152000000000001,0.05410000000000001,-0.002579999999999999,0.9523105360443623,0.00021,0.05,102063.32,0
2025-11-08 21:34:59.708806,102063.32,21.09999999999127,0.02067344076205954,0.0,0.0,0.05152000000000001,0.05410000000000001,-0.002579999999999999,0.9523105360443623,0.00021,0.05,102058.20000000001,0
2025-11-08 21:35:01.747329,102058.20000000001,10.860000000000582,0.010640987201420935,0.0,0.0,0.05152000000000001,0.05410000000000001,-0.002579999999999999,0.9523105360443623,0.00021,0.05,102052.775,0
2025-11-08 21:35:03.783770,102052.775,0.00999999999476131,9.79885161845066e-06,-0.12095999999999998,-0.12095999999999998,0.051460000000000006,0.175,-0.12353999999999998,0.2940571428571429,0.00015,0.05,102052.775,0
2025-11-08 21:35:05.823893,102052.775,0.00999999999476131,9.79885161845066e-06,0.0,0.12095999999999998,0.051460000000000006,0.175,-0.12353999999999998,0.2940571428571429,0.00015,0.05,102052.775,0
2025-11-08 21:35:07.862324,102052.775,0.00999999999476131,9.79885161845066e-06,0.0,0.0,0.051460000000000006,0.175,-0.12353999999999998,0.2940571428571429,0.00015,0.05,102052.775,0
2025-11-08 21:35:09.895381,102052.775,0.00999999999476131,9.79885161845066e-06,0.0,0.0,0.051460000000000006,0.175,-0.12353999999999998,0.2940571428571429,0.00015,0.05,102052.775,0
2025-11-08 21:35:11.930991,102052.775,0.00999999999476131,9.79885161845066e-06,0.0,0.0,0.051460000000000006,0.175,-0.12353999999999998,0.2940571428571429,0.00015,0.05,102052.775,0
2025-11-08 21:35:13.966603,102052.775,0.00999999999476131,9.79885161845066e-06,0.0,0.0,0.051460000000000006,0.175,-0.12353999999999998,0.2940571428571429,0.00015,0.05,102052.775,0
2025-11-08 21:35:15.999210,102052.775,0.00999999999476131,9.79885161845066e-06,0.0,0.0,0.051460000000000006,0.175,-0.12353999999999998,0.2940571428571429,0.00015,0.05,102052.775,0
2025-11-08 21:35:18.032873,102052.775,0.00999999999476131,9.79885161845066e-06,0.0,0.0,0.051460000000000006,0.175,-0.12353999999999998,0.2940571428571429,0.00015,0.05,102052.775,0
2025-11-08 21:35:20.069116,102052.775,0.00999999999476131,9.79885161845066e-06,0.0,0.0,0.051460000000000006,0.175,-0.12353999999999998,0.2940571428571429,0.00015,0.05,102052.775,0
2025-11-08 21:35:22.104558,102052.775,0.00999999999476131,9.79885161845066e-06,0.0,0.0,0.051460000000000006,0.175,-0.12353999999999998,0.2940571428571429,0.00015,0.05,102052.775,0
2025-11-08 21:35:24.140811,102052.775,0.00999999999476131,9.79885161845066e-06,0.0,0.0,0.051460000000000006,0.175,-0.12353999999999998,0.2940571428571429,0.00015,0.05,102052.775,0
2025-11-08 21:35:26.191520,102052.775,0.00999999999476131,9.79885161845066e-06,0.0,0.0,0.051460000000000006,0.175,-0.12353999999999998,0.2940571428571429,0.00015,0.05,102052.775,0
2025-11-08 21:35:28.230822,102052.775,0.00999999999476131,9.79885161845066e-06,0.0,0.0,0.051460000000000006,0.175,-0.12353999999999998,0.2940571428571429,0.00015,0.05,102052.775,0
2025-11-08 21:35:30.270545,102052.775,0.00999999999476131,9.79885161845066e-06,0.0,0.0,0.051460000000000006,0.175,-0.12353999999999998,0.2940571428571429,0.00015,0.05,102052.775,0
2025-11-08 21:35:32.307678,102052.775,0.00999999999476131,9.79885161845066e-06,0.0,0.0,0.051460000000000006,0.175,-0.12353999999999998,0.2940571428571429,0.00015,0.05,102052.775,0
2025-11-08 21:35:34.339186,102052.775,0.00999999999476131,9.79885161845066e-06,0.0,0.0,0.051460000000000006,0.175,-0.12353999999999998,0.2940571428571429,0.00015,0.05,102052.775,0
2025-11-08 21:35:36.379294,102052.775,0.00999999999476131,9.79885161845066e-06,0.0,0.0,0.051460000000000006,0.175,-0.12353999999999998,0.2940571428571429,0.00015,0.05,102052.775,0
2025-11-08 21:35:38.419026,102052.775,0.00999999999476131,9.79885161845066e-06,0.0,0.0,0.051460000000000006,0.175,-0.12353999999999998,0.2940571428571429,0.00015,0.05,102052.775,0
2025-11-08 21:35:40.454797,102052.775,0.00999999999476131,9.79885161845066e-06,0.0,0.0,0.051460000000000006,0.175,-0.12353999999999998,0.2940571428571429,0.00015,0.05,102052.775,0
2025-11-08 21:35:42.487590,102052.775,0.00999999999476131,9.79885161845066e-06,0.0,0.0,0.051460000000000006,0.175,-0.12353999999999998,0.2940571428571429,0.00015,0.05,102052.775,0
2025-11-08 21:35:44.522810,102052.775,0.00999999999476131,9.79885161845066e-06,0.0,0.0,0.051460000000000006,0.175,-0.12353999999999998,0.2940571428571429,0.00015,0.05,102052.775,0
2025-11-08 21:35:46.559717,102052.775,0.00999999999476131,9.79885161845066e-06,0.0,0.0,0.051460000000000006,0.175,-0.12353999999999998,0.2940571428571429,0.00015,0.05,102052.775,0
2025-11-08 21:35:48.592412,102052.775,0.00999999999476131,9.79885161845066e-06,0.0,0.0,0.051460000000000006,0.175,-0.12353999999999998,0.2940571428571429,0.00015,0.05,102052.775,0
2025-11-08 21:35:50.640999,102052.775,0.00999999999476131,9.79885161845066e-06,0.0,0.0,0.051460000000000006,0.175,-0.12353999999999998,0.2940571428571429,0.00015,0.05,102052.775,0
2025-11-08 21:35:52.675606,102052.775,0.00999999999476131,9.79885161845066e-06,0.0,0.0,0.051460000000000006,0.175,-0.12353999999999998,0.2940571428571429,0.00015,0.05,102052.775,0
2025-11-08 21:35:54.712689,102052.775,0.00999999999476131,9.79885161845066e-06,0.0,0.0,0.051460000000000006,0.175,-0.12353999999999998,0.2940571428571429,0.00015,0.05,102056.09,1
2025-11-08 21:35:56.754775,102056.09,6.639999999999418,0.006506226135059082,0.1209,0.1209,0.051460000000000006,0.05410000000000001,-0.0026400000000000035,0.9512014787430684,0.00015,0.05,102056.09,0
2025-11-08 21:35:58.788065,102056.09,6.639999999999418,0.006506226135059082,0.0,-0.1209,0.051460000000000006,0.05410000000000001,-0.0026400000000000035,0.9512014787430684,0.00015,0.05,102052.775,0
2025-11-08 21:36:00.829178,102052.775,0.00999999999476131,9.79885161845066e-06,-0.1209,-0.1209,0.051460000000000006,0.175,-0.12353999999999998,0.2940571428571429,0.00015,0.05,102052.775,0
2025-11-08 21:36:02.868169,102052.775,0.00999999999476131,9.79885161845066e-06,0.0,0.1209,0.051460000000000006,0.175,-0.12353999999999998,0.2940571428571429,0.00015,0.05,102052.775,0
2025-11-08 21:36:04.905140,102052.775,0.00999999999476131,9.79885161845066e-06,0.0,0.0,0.051460000000000006,0.175,-0.12353999999999998,0.2940571428571429,0.00015,0.05,102052.775,0
2025-11-08 21:36:06.941334,102052.775,0.00999999999476131,9.79885161845066e-06,0.0,0.0,0.051460000000000006,0.175,-0.12353999999999998,0.2940571428571429,0.00015,0.05,102052.775,0
2025-11-08 21:36:08.978119,102052.775,0.00999999999476131,9.79885161845066e-06,0.0,0.0,0.051460000000000006,0.175,-0.12353999999999998,0.2940571428571429,0.00015,0.05,102052.775,0
2025-11-08 21:36:11.173372,102052.775,0.00999999999476131,9.79885161845066e-06,0.0,0.0,0.051460000000000006,0.175,-0.12353999999999998,0.2940571428571429,0.00015,0.05,102052.775,0
2025-11-08 21:36:13.211525,102052.775,0.00999999999476131,9.79885161845066e-06,0.0,0.0,0.051460000000000006,0.175,-0.12353999999999998,0.2940571428571429,0.00015,0.05,102052.775,0
2025-11-08 21:36:15.253009,102052.775,0.00999999999476131,9.79885161845066e-06,0.0,0.0,0.051460000000000006,0.175,-0.12353999999999998,0.2940571428571429,0.00015,0.05,102052.775,0
2025-11-08 21:36:17.293243,102052.775,0.00999999999476131,9.79885161845066e-06,0.0,0.0,0.051460000000000006,0.175,-0.12353999999999998,0.2940571428571429,0.00015,0.05,102052.775,0
2025-11-08 21:36:19.329429,102052.775,0.00999999999476131,9.79885161845066e-06,0.0,0.0,0.051460000000000006,0.175,-0.12353999999999998,0.2940571428571429,0.00015,0.05,102052.775,0
2025-11-08 21:36:21.361297,102052.775,0.00999999999476131,9.79885161845066e-06,0.0,0.0,0.051460000000000006,0.175,-0.12353999999999998,0.2940571428571429,0.00015,0.05,102057.645,1
2025-11-08 21:36:23.393630,102057.645,9.75,0.009553424439687982,0.1209,0.1209,0.051460000000000006,0.05410000000000001,-0.0026400000000000035,0.9512014787430684,0.00015,0.05,102057.645,0
2025-11-08 21:36:25.431264,102057.645,9.75,0.009553424439687982,0.0,-0.1209,0.051460000000000006,0.05410000000000001,-0.0026400000000000035,0.9512014787430684,0.00015,0.05,102057.645,0
2025-11-08 21:36:27.471044,102057.645,9.75,0.009553424439687982,0.0,0.0,0.051460000000000006,0.05410000000000001,-0.0026400000000000035,0.9512014787430684,0.00015,0.05,102065.12,1
2025-11-08 21:36:29.510912,102065.12,24.69999999999709,0.02420023608456747,0.0,0.0,0.051460000000000006,0.05410000000000001,-0.0026400000000000035,0.9512014787430684,0.00015,0.00281,102065.12,0
2025-11-08 21:36:31.547494,102065.12,24.69999999999709,0.02420023608456747,0.0,0.0,0.051460000000000006,0.05410000000000001,-0.0026400000000000035,0.9512014787430684,0.00015,0.00281,102065.12,0
2025-11-08 21:36:33.584118,102065.12,24.69999999999709,0.02420023608456747,0.0,0.0,0.051460000000000006,0.05410000000000001,-0.0026400000000000035,0.9512014787430684,0.00015,0.00281,102065.12,0
2025-11-08 21:36:35.651989,102065.12,24.69999999999709,0.02420023608456747,0.0,0.0,0.051460000000000006,0.05410000000000001,-0.0026400000000000035,0.9512014787430684,0.00015,0.00281,102065.12,0
2025-11-08 21:36:37.687818,102065.12,24.69999999999709,0.02420023608456747,0.0,0.0,0.051460000000000006,0.05410000000000001,-0.0026400000000000035,0.9512014787430684,0.00015,0.00281,102065.12,0
2025-11-08 21:36:39.728024,102065.12,24.69999999999709,0.02420023608456747,0.0,0.0,0.051460000000000006,0.05410000000000001,-0.0026400000000000035,0.9512014787430684,0.00015,0.00281,102065.12,0
2025-11-08 21:36:41.767800,102065.12,24.69999999999709,0.02420023608456747,0.0,0.0,0.051460000000000006,0.05410000000000001,-0.0026400000000000035,0.9512014787430684,0.00015,0.00281,102065.12,0
2025-11-08 21:36:43.808155,102065.12,24.69999999999709,0.02420023608456747,0.1209,0.1209,0.17236,0.05410000000000001,0.11826,3.185951940850277,0.00015,0.00281,102065.12,0
2025-11-08 21:36:45.844397,102065.12,24.69999999999709,0.02420023608456747,0.0,-0.1209,0.17236,0.05410000000000001,0.11826,3.185951940850277,0.00015,0.00281,102065.12,0
2025-11-08 21:36:47.880031,102065.12,24.69999999999709,0.02420023608456747,0.0,0.0,0.17236,0.05410000000000001,0.11826,3.185951940850277,0.00015,0.00281,102065.12,0
2025-11-08 21:36:49.916968,102065.12,24.69999999999709,0.02420023608456747,0.0,0.0,0.17236,0.05410000000000001,0.11826,3.185951940850277,0.00015,0.00281,102065.12,0
2025-11-08 21:36:51.954583,102065.12,24.69999999999709,0.02420023608456747,0.0,0.0,0.17236,0.05410000000000001,0.11826,3.185951940850277,0.00015,0.00281,102065.12,0
2025-11-08 21:36:54.027919,102065.12,24.69999999999709,0.02420023608456747,-0.1209,-0.1209,0.051460000000000006,0.05410000000000001,-0.0026400000000000035,0.9512014787430684,0.00015,0.00281,102065.12,0
2025-11-08 21:36:56.075520,102065.12,24.69999999999709,0.02420023608456747,0.0,0.1209,0.051460000000000006,0.05410000000000001,-0.0026400000000000035,0.9512014787430684,0.00015,0.00281,102065.12,0
2025-11-08 21:36:58.114974,102065.12,24.69999999999709,0.02420023608456747,0.0,0.0,0.051460000000000006,0.05410000000000001,-0.0026400000000000035,0.9512014787430684,0.00015,0.00281,102062.365,0
2025-11-08 21:37:00.151163,102062.365,19.19000000000233,0.018802229401603938,0.0007399999999999961,0.0007399999999999961,0.051460000000000006,0.053360000000000005,-0.001899999999999999,0.9643928035982009,0.00015,0.05,102062.365,0
2025-11-08 21:37:02.189135,102062.365,19.19000000000233,0.018802229401603938,-0.0007399999999999996,-0.0014799999999999956,0.051460000000000006,0.05410000000000001,-0.0026400000000000035,0.9512014787430684,0.00015,0.05,102062.365,0
2025-11-08 21:37:04.224470,102062.365,19.19000000000233,0.018802229401603938,0.0,0.0007399999999999996,0.051460000000000006,0.05410000000000001,-0.0026400000000000035,0.9512014787430684,0.00015,0.05,102062.365,0
2025-11-08 21:37:06.262406,102062.365,19.19000000000233,0.018802229401603938,0.0,0.0,0.051460000000000006,0.05410000000000001,-0.0026400000000000035,0.9512014787430684,0.00015,0.05,102062.365,0
2025-11-08 21:37:08.302796,102062.365,19.19000000000233,0.018802229401603938,0.0,0.0,0.051460000000000006,0.05410000000000001,-0.0026400000000000035,0.9512014787430684,0.00015,0.05,102062.365,0
2025-11-08 21:37:10.342622,102062.365,19.19000000000233,0.018802229401603938,0.0,0.0,0.051460000000000006,0.05410000000000001,-0.0026400000000000035,0.9512014787430684,0.00015,0.05,102062.365,0
2025-11-08 21:37:12.383242,102062.365,19.19000000000233,0.018802229401603938,0.0,0.0,0.051460000000000006,0.05410000000000001,-0.0026400000000000035,0.9512014787430684,0.00015,0.05,102062.365,0
2025-11-08 21:37:14.422738,102062.365,19.19000000000233,0.018802229401603938,0.0,0.0,0.051460000000000006,0.05410000000000001,-0.0026400000000000035,0.9512014787430684,0.00015,0.05,102062.365,0
2025-11-08 21:37:16.454741,102062.365,19.19000000000233,0.018802229401603938,0.0,0.0,0.051460000000000006,0.05410000000000001,-0.0026400000000000035,0.9512014787430684,0.00015,0.05,102062.365,0
2025-11-08 21:37:18.491528,102062.365,19.19000000000233,0.018802229401603938,0.0,0.0,0.051460000000000006,0.05410000000000001,-0.0026400000000000035,0.9512014787430684,0.00015,0.05,102062.365,0
2025-11-08 21:37:20.526226,102062.365,19.19000000000233,0.018802229401603938,0.0,0.0,0.051460000000000006,0.05410000000000001,-0.0026400000000000035,0.9512014787430684,0.00015,0.05,102062.365,0
2025-11-08 21:37:22.568185,102062.365,19.19000000000233,0.018802229401603938,0.0,0.0,0.051460000000000006,0.05410000000000001,-0.0026400000000000035,0.9512014787430684,0.00015,0.05,102065.12,1
2025-11-08 21:37:24.607251,102065.12,24.69999999999709,0.02420023608456747,0.0,0.0,0.051460000000000006,0.05410000000000001,-0.0026400000000000035,0.9512014787430684,0.00015,0.00281,102065.12,0
2025-11-08 21:37:26.646850,102065.12,24.69999999999709,0.02420023608456747,0.0,0.0,0.051460000000000006,0.05410000000000001,-0.0026400000000000035,0.9512014787430684,0.00015,0.00281,102065.12,0
2025-11-08 21:37:28.684601,102065.12,24.69999999999709,0.02420023608456747,0.0,0.0,0.051460000000000006,0.05410000000000001,-0.0026400000000000035,0.9512014787430684,0.00015,0.00281,102065.12,0
2025-11-08 21:37:30.721669,102065.12,24.69999999999709,0.02420023608456747,0.0,0.0,0.051460000000000006,0.05410000000000001,-0.0026400000000000035,0.9512014787430684,0.00015,0.00281,102065.12,0
2025-11-08 21:37:32.756623,102065.12,24.69999999999709,0.02420023608456747,0.0,0.0,0.051460000000000006,0.05410000000000001,-0.0026400000000000035,0.9512014787430684,0.00015,0.00281,102065.12,0
2025-11-08 21:37:34.796772,102065.12,24.69999999999709,0.02420023608456747,0.0,0.0,0.051460000000000006,0.05410000000000001,-0.0026400000000000035,0.9512014787430684,0.00015,0.00281,102065.12,0
2025-11-08 21:37:36.832303,102065.12,24.69999999999709,0.02420023608456747,0.0,0.0,0.051460000000000006,0.05410000000000001,-0.0026400000000000035,0.9512014787430684,0.00015,0.00281,102065.12,0
2025-11-08 21:37:38.868794,102065.12,24.69999999999709,0.02420023608456747,0.0,0.0,0.051460000000000006,0.05410000000000001,-0.0026400000000000035,0.9512014787430684,0.00015,0.00281,102065.12,0
2025-11-08 21:37:40.904613,102065.12,24.69999999999709,0.02420023608456747,0.0,0.0,0.051460000000000006,0.05410000000000001,-0.0026400000000000035,0.9512014787430684,0.00015,0.00281,102063.47,0
2025-11-08 21:37:42.944414,102063.47,21.39999999999418,0.020967345123572793,-6.938893903907228e-18,-6.938893903907228e-18,0.051460000000000006,0.05410000000000001,-0.0026400000000000035,0.9512014787430684,0.00015,0.05,102060.305,0
2025-11-08 21:37:44.982938,102060.305,15.069999999992433,0.014765779898455558,0.0,6.938893903907228e-18,0.051460000000000006,0.05410000000000001,-0.0026400000000000035,0.9512014787430684,0.00015,0.05,102056.54500000001,0
2025-11-08 21:37:47.026235,102056.54500000001,7.55000000000291,0.007397859686512913,0.0,0.0,0.051460000000000006,0.05410000000000001,-0.0026400000000000035,0.9512014787430684,0.00015,0.05,102056.54500000001,0
2025-11-08 21:37:49.074337,102056.54500000001,7.55000000000291,0.007397859686512913,0.0,0.0,0.051460000000000006,0.05410000000000001,-0.0026400000000000035,0.9512014787430684,0.00015,0.05,102056.54500000001,0
2025-11-08 21:37:51.113683,102056.54500000001,7.55000000000291,0.007397859686512913,0.0,0.0,0.051460000000000006,0.05410000000000001,-0.0026400000000000035,0.9512014787430684,0.00015,0.05,102056.54500000001,0
2025-11-08 21:37:53.154133,102056.54500000001,7.55000000000291,0.007397859686512913,0.0,0.0,0.051460000000000006,0.05410000000000001,-0.0026400000000000035,0.9512014787430684,0.00015,0.05,102056.54500000001,0
2025-11-08 21:37:55.190328,102056.54500000001,7.55000000000291,0.007397859686512913,0.0,0.0,0.051460000000000006,0.05410000000000001,-0.0026400000000000035,0.9512014787430684,0.00015,0.05,102056.54500000001,0
2025-11-08 21:37:57.228157,102056.54500000001,7.55000000000291,0.007397859686512913,0.0,0.0,0.051460000000000006,0.05410000000000001,-0.0026400000000000035,0.9512014787430684,0.00015,0.05,102056.54500000001,0
2025-11-08 21:37:59.269281,102056.54500000001,7.55000000000291,0.007397859686512913,0.0,0.0,0.051460000000000006,0.05410000000000001,-0.0026400000000000035,0.9512014787430684,0.00015,0.05,102056.54500000001,0
2025-11-08 21:38:01.305795,102056.54500000001,7.55000000000291,0.007397859686512913,0.0,0.0,0.051460000000000006,0.05410000000000001,-0.0026400000000000035,0.9512014787430684,0.00015,0.05,102056.54500000001,0
2025-11-08 21:38:03.338246,102056.54500000001,7.55000000000291,0.007397859686512913,0.0,0.0,0.051460000000000006,0.05410000000000001,-0.0026400000000000035,0.9512014787430684,0.00015,0.05,102056.54500000001,0
2025-11-08 21:38:05.376452,102056.54500000001,7.55000000000291,0.007397859686512913,0.0,0.0,0.051460000000000006,0.05410000000000001,-0.0026400000000000035,0.9512014787430684,0.00015,0.05,102056.54500000001,0
2025-11-08 21:38:07.413589,102056.54500000001,7.55000000000291,0.007397859686512913,0.0,0.0,0.051460000000000006,0.05410000000000001,-0.0026400000000000035,0.9512014787430684,0.00015,0.05,102065.12,1
2025-11-08 21:38:09.447619,102065.12,24.69999999999709,0.02420023608456747,0.0,0.0,0.051460000000000006,0.05410000000000001,-0.0026400000000000035,0.9512014787430684,0.00015,0.00281,102065.12,0
2025-11-08 21:38:11.484818,102065.12,24.69999999999709,0.02420023608456747,0.0,0.0,0.051460000000000006,0.05410000000000001,-0.0026400000000000035,0.9512014787430684,0.00015,0.00281,102065.12,0
2025-11-08 21:38:13.516884,102065.12,24.69999999999709,0.02420023608456747,0.0,0.0,0.051460000000000006,0.05410000000000001,-0.0026400000000000035,0.9512014787430684,0.00015,0.00281,102065.12,0
2025-11-08 21:38:15.554909,102065.12,24.69999999999709,0.02420023608456747,0.0,0.0,0.051460000000000006,0.05410000000000001,-0.0026400000000000035,0.9512014787430684,0.00015,0.00281,102065.12,0
2025-11-08 21:38:17.592524,102065.12,24.69999999999709,0.02420023608456747,0.0,0.0,0.051460000000000006,0.05410000000000001,-0.0026400000000000035,0.9512014787430684,0.00015,0.00281,102065.12,0
2025-11-08 21:38:19.628273,102065.12,24.69999999999709,0.02420023608456747,0.0,0.0,0.051460000000000006,0.05410000000000001,-0.0026400000000000035,0.9512014787430684,0.00015,0.00281,102065.12,0
2025-11-08 21:38:21.663704,102065.12,24.69999999999709,0.02420023608456747,0.0,0.0,0.051460000000000006,0.05410000000000001,-0.0026400000000000035,0.9512014787430684,0.00015,0.00281,102065.12,0
2025-11-08 21:38:23.694606,102065.12,24.69999999999709,0.02420023608456747,0.0,0.0,0.051460000000000006,0.05410000000000001,-0.0026400000000000035,0.9512014787430684,0.00015,0.00281,102065.12,0
2025-11-08 21:38:25.731379,102065.12,24.69999999999709,0.02420023608456747,0.0,0.0,0.051460000000000006,0.05410000000000001,-0.0026400000000000035,0.9512014787430684,0.00015,0.00281,102065.12,0
2025-11-08 21:38:27.767705,102065.12,24.69999999999709,0.02420023608456747,-0.0493,-0.0493,0.00216,0.05410000000000001,-0.05194000000000001,0.0399260628465804,0.00015,0.00281,102057.245,0
2025-11-08 21:38:29.803533,102057.245,8.94999999999709,0.008769588087545466,0.0493,0.0986,0.051460000000000006,0.05410000000000001,-0.0026400000000000035,0.9512014787430684,0.00015,0.05,102057.245,0
2025-11-08 21:38:31.842312,102057.245,8.94999999999709,0.008769588087545466,0.0,-0.0493,0.051460000000000006,0.05410000000000001,-0.0026400000000000035,0.9512014787430684,0.00015,0.05,102057.245,0
2025-11-08 21:38:33.881048,102057.245,8.94999999999709,0.008769588087545466,0.0,0.0,0.051460000000000006,0.05410000000000001,-0.0026400000000000035,0.9512014787430684,0.00015,0.05,102057.245,0
2025-11-08 21:38:35.915641,102057.245,8.94999999999709,0.008769588087545466,0.0,0.0,0.051460000000000006,0.05410000000000001,-0.0026400000000000035,0.9512014787430684,0.00015,0.05,102057.245,0
2025-11-08 21:38:37.951004,102057.245,8.94999999999709,0.008769588087545466,0.0,0.0,0.051460000000000006,0.05410000000000001,-0.0026400000000000035,0.9512014787430684,0.00015,0.05,102057.245,0
2025-11-08 21:38:39.984707,102057.245,8.94999999999709,0.008769588087545466,0.0,0.0,0.051460000000000006,0.05410000000000001,-0.0026400000000000035,0.9512014787430684,0.00015,0.05,102054.63500000001,0
2025-11-08 21:38:42.023728,102054.63500000001,3.7299999999959255,0.0036549050417905324,0.0,0.0,0.051460000000000006,0.05410000000000001,-0.0026400000000000035,0.9512014787430684,0.00015,0.05,102052.775,0
2025-11-08 21:38:44.060303,102052.775,0.00999999999476131,9.79885161845066e-06,-0.12006,-0.12006,0.051460000000000006,0.17415999999999998,-0.12269999999999998,0.2954754248966468,0.00015,0.05,102053.275,1
2025-11-08 21:38:46.111175,102053.275,1.0099999999947613,0.0009896791651172012,0.12006,0.24012,0.051460000000000006,0.05410000000000001,-0.0026400000000000035,0.9512014787430684,0.00015,0.00094,102057.29500000001,1
2025-11-08 21:38:48.148815,102057.29500000001,9.05000000000291,0.008867567967584198,0.0,-0.12006,0.051460000000000006,0.05410000000000001,-0.0026400000000000035,0.9512014787430684,0.00015,0.05,102057.29500000001,0
2025-11-08 21:38:50.188199,102057.29500000001,9.05000000000291,0.008867567967584198,0.0,0.0,0.051460000000000006,0.05410000000000001,-0.0026400000000000035,0.9512014787430684,0.00015,0.05,102057.29500000001,0
2025-11-08 21:38:52.226841,102057.29500000001,9.05000000000291,0.008867567967584198,0.0,0.0,0.051460000000000006,0.05410000000000001,-0.0026400000000000035,0.9512014787430684,0.00015,0.05,102057.29500000001,0
2025-11-08 21:38:54.261711,102057.29500000001,9.05000000000291,0.008867567967584198,0.0,0.0,0.051460000000000006,0.05410000000000001,-0.0026400000000000035,0.9512014787430684,0.00015,0.05,102053.73000000001,0
2025-11-08 21:38:56.299823,102053.73000000001,1.9199999999982538,0.001881361906123621,0.0,0.0,0.051460000000000006,0.05410000000000001,-0.0026400000000000035,0.9512014787430684,0.00015,0.05,102053.73000000001,0
2025-11-08 21:38:58.337207,102053.73000000001,1.9199999999982538,0.001881361906123621,0.0,0.0,0.051460000000000006,0.05410000000000001,-0.0026400000000000035,0.9512014787430684,0.00015,0.05,102053.73000000001,0
2025-11-08 21:39:00.376234,102053.73000000001,1.9199999999982538,0.001881361906123621,0.0,0.0,0.051460000000000006,0.05410000000000001,-0.0026400000000000035,0.9512014787430684,0.00015,0.05,102052.775,0
2025-11-08 21:39:02.411512,102052.775,0.00999999999476131,9.79885161845066e-06,0.0,0.0,0.051460000000000006,0.05410000000000001,-0.0026400000000000035,0.9512014787430684,0.00015,0.05,102052.775,0
2025-11-08 21:39:04.451052,102052.775,0.00999999999476131,9.79885161845066e-06,-0.1209,-0.1209,0.051460000000000006,0.175,-0.12353999999999998,0.2940571428571429,0.00015,0.05,102052.775,0
2025-11-08 21:39:06.486072,102052.775,0.00999999999476131,9.79885161845066e-06,0.0,0.1209,0.051460000000000006,0.175,-0.12353999999999998,0.2940571428571429,0.00015,0.05,102052.775,0
2025-11-08 21:39:08.522623,102052.775,0.00999999999476131,9.79885161845066e-06,0.0,0.0,0.051460000000000006,0.175,-0.12353999999999998,0.2940571428571429,0.00015,0.05,102052.775,0
2025-11-08 21:39:10.563319,102052.775,0.00999999999476131,9.79885161845066e-06,0.0,0.0,0.051460000000000006,0.175,-0.12353999999999998,0.2940571428571429,0.00015,0.05,102052.775,0
2025-11-08 21:39:12.600840,102052.775,0.00999999999476131,9.79885161845066e-06,0.0,0.0,0.051460000000000006,0.175,-0.12353999999999998,0.2940571428571429,0.00015,0.05,102052.775,0
2025-11-08 21:39:14.638699,102052.775,0.00999999999476131,9.79885161845066e-06,0.0,0.0,0.051460000000000006,0.175,-0.12353999999999998,0.2940571428571429,0.00015,0.05,102052.775,0
2025-11-08 21:39:16.674212,102052.775,0.00999999999476131,9.79885161845066e-06,0.0,0.0,0.051460000000000006,0.175,-0.12353999999999998,0.2940571428571429,0.00015,0.05,102052.775,0
2025-11-08 21:39:18.708661,102052.775,0.00999999999476131,9.79885161845066e-06,0.0,0.0,0.051460000000000006,0.175,-0.12353999999999998,0.2940571428571429,0.00015,0.05,102052.775,0
2025-11-08 21:39:20.746044,102052.775,0.00999999999476131,9.79885161845066e-06,0.0,0.0,0.051460000000000006,0.175,-0.12353999999999998,0.2940571428571429,0.00015,0.05,102052.775,0
2025-11-08 21:39:22.787253,102052.775,0.00999999999476131,9.79885161845066e-06,0.0,0.0,0.051460000000000006,0.175,-0.12353999999999998,0.2940571428571429,0.00015,0.05,102052.775,0
2025-11-08 21:39:24.838611,102052.775,0.00999999999476131,9.79885161845066e-06,0.0,0.0,0.051460000000000006,0.175,-0.12353999999999998,0.2940571428571429,0.00015,0.05,102052.775,0
2025-11-08 21:39:26.874077,102052.775,0.00999999999476131,9.79885161845066e-06,0.0,0.0,0.051460000000000006,0.175,-0.12353999999999998,0.2940571428571429,0.00015,0.05,102052.775,0
2025-11-08 21:39:28.908493,102052.775,0.00999999999476131,9.79885161845066e-06,-0.00014,-0.00014,0.051320000000000005,0.17500000000000002,-0.12368000000000001,0.2932571428571428,1e-05,0.05,102052.775,0
2025-11-08 21:39:30.948785,102052.775,0.00999999999476131,9.79885161845066e-06,0.0,0.00014,0.051320000000000005,0.17500000000000002,-0.12368000000000001,0.2932571428571428,1e-05,0.05,102052.775,0
2025-11-08 21:39:32.989980,102052.775,0.00999999999476131,9.79885161845066e-06,0.0,0.0,0.051320000000000005,0.17500000000000002,-0.12368000000000001,0.2932571428571428,1e-05,0.05,101974.68,0
2025-11-08 21:39:35.030047,101974.68,35.75999999999476,0.035067528527664676,0.0007000000000000028,0.0007000000000000028,0.05201000000000001,0.17499,-0.12298,0.29721698382764733,0.00116,0.04999,101974.68,0
2025-11-08 21:39:37.070850,101974.68,35.75999999999476,0.035067528527664676,0.0006400000000000017,-6.000000000000113e-05,0.05201000000000001,0.17435,-0.12234,0.2983080011471179,0.00116,0.04935,101974.68,0
2025-11-08 21:39:39.110491,101974.68,35.75999999999476,0.035067528527664676,0.0,-0.0006400000000000017,0.05201000000000001,0.17435,-0.12234,0.2983080011471179,0.00116,0.04935,101974.68,0
2025-11-08 21:39:41.146082,101974.68,35.75999999999476,0.035067528527664676,0.0,0.0,0.05201000000000001,0.17435,-0.12234,0.2983080011471179,0.00116,0.04935,101974.685,1
2025-11-08 21:39:43.182533,101974.685,35.75,0.03505772045287514,0.04479999999999999,0.04479999999999999,0.05145,0.12899,-0.07754,0.39886812931234983,0.00014,0.00399,101974.685,0
2025-11-08 21:39:45.218079,101974.685,35.75,0.03505772045287514,0.0,-0.04479999999999999,0.05145,0.12899,-0.07754,0.39886812931234983,0.00014,0.00399,101974.685,0
2025-11-08 21:39:47.256259,101974.685,35.75,0.03505772045287514,0.0,0.0,0.05145,0.12899,-0.07754,0.39886812931234983,0.00014,0.00399,101974.685,0
2025-11-08 21:39:49.292754,101974.685,35.75,0.03505772045287514,0.0,0.0,0.05145,0.12899,-0.07754,0.39886812931234983,0.00014,0.00399,101974.685,0
2025-11-08 21:39:51.331365,101974.685,35.75,0.03505772045287514,0.0,0.0,0.05145,0.12899,-0.07754,0.39886812931234983,0.00014,0.00399,101974.685,0
2025-11-08 21:39:53.368493,101974.685,35.75,0.03505772045287514,0.0,0.0,0.05145,0.12899,-0.07754,0.39886812931234983,0.00014,0.00399,101974.685,0
2025-11-08 21:39:55.407605,101974.685,35.75,0.03505772045287514,0.0,0.0,0.05145,0.12899,-0.07754,0.39886812931234983,0.00014,0.00399,101974.685,0
2025-11-08 21:39:57.448968,101974.685,35.75,0.03505772045287514,0.0,0.0,0.05145,0.12899,-0.07754,0.39886812931234983,0.00014,0.00399,101971.37,0
2025-11-08 21:39:59.496011,101971.37,29.119999999995343,0.02855703517565307,-0.04601,-0.04601,0.05145,0.17500000000000002,-0.12355000000000002,0.294,0.00014,0.05,101988.98,1
2025-11-08 21:40:01.528781,101988.98,64.33999999999651,0.06308524705315859,0.0,0.04601,0.05145,0.175,-0.12355,0.29400000000000004,0.00014,0.05,101988.98,0
2025-11-08 21:40:03.573895,101988.98,64.33999999999651,0.06308524705315859,0.0,0.0,0.05145,0.175,-0.12355,0.29400000000000004,0.00014,0.05,101988.98,0
2025-11-08 21:40:05.610039,101988.98,64.33999999999651,0.06308524705315859,0.0,0.0,0.05145,0.175,-0.12355,0.29400000000000004,0.00014,0.05,101988.98,0
2025-11-08 21:40:07.644186,101988.98,64.33999999999651,0.06308524705315859,0.0,0.0,0.05145,0.175,-0.12355,0.29400000000000004,0.00014,0.05,101988.98,0
2025-11-08 21:40:09.679455,101988.98,64.33999999999651,0.06308524705315859,0.0,0.0,0.05145,0.175,-0.12355,0.29400000000000004,0.00014,0.05,101988.98,0
2025-11-08 21:40:11.717871,101988.98,64.33999999999651,0.06308524705315859,0.0,0.0,0.05145,0.175,-0.12355,0.29400000000000004,0.00014,0.05,101988.98,0
2025-11-08 21:40:13.757438,101988.98,64.33999999999651,0.06308524705315859,0.0,0.0,0.05145,0.175,-0.12355,0.29400000000000004,0.00014,0.05,101988.98,0
2025-11-08 21:40:15.799342,101988.98,64.33999999999651,0.06308524705315859,0.0,0.0,0.05145,0.175,-0.12355,0.29400000000000004,0.00014,0.05,102010.575,1
2025-11-08 21:40:17.834479,102010.575,21.14999999999418,0.02073314457838727,0.04804,0.04804,0.09949,0.175,-0.07551,0.5685142857142857,0.09804,0.05,102017.255,1
2025-11-08 21:40:19.870391,102017.255,34.50999999999476,0.03382761082916293,0.050699999999999995,0.0026599999999999957,0.14934999999999998,0.17415999999999998,-0.02481,0.8575447864033073,0.09804,0.05,102017.26,1
2025-11-08 21:40:21.905277,102017.26,34.5,0.03381780690836041,-0.0008099999999999843,-0.05150999999999998,0.14938,0.175,-0.025619999999999976,0.8536000000000001,0.00013,0.05,102017.26,0
2025-11-08 21:40:23.940133,102017.26,34.5,0.03381780690836041,0.0,0.0008099999999999843,0.14938,0.175,-0.025619999999999976,0.8536000000000001,0.00013,0.05,102017.26,0
2025-11-08 21:40:25.975868,102017.26,34.5,0.03381780690836041,0.0,0.0,0.14938,0.175,-0.025619999999999976,0.8536000000000001,0.00013,0.05,102017.26,0
2025-11-08 21:40:28.009896,102017.26,34.5,0.03381780690836041,0.0,0.0,0.14938,0.175,-0.025619999999999976,0.8536000000000001,0.00013,0.05,102017.26,0
2025-11-08 21:40:30.050122,102017.26,34.5,0.03381780690836041,0.0,0.0,0.14938,0.175,-0.025619999999999976,0.8536000000000001,0.00013,0.05,102017.26,0
2025-11-08 21:40:32.091847,102017.26,34.5,0.03381780690836041,0.0,0.0,0.14938,0.175,-0.025619999999999976,0.8536000000000001,0.00013,0.05,102017.26,0
2025-11-08 21:40:34.129143,102017.26,34.5,0.03381780690836041,0.0,0.0,0.14938,0.175,-0.025619999999999976,0.8536000000000001,0.00013,0.05,102017.26,0
2025-11-08 21:40:36.163212,102017.26,34.5,0.03381780690836041,0.0,0.0,0.14938,0.175,-0.025619999999999976,0.8536000000000001,0.00013,0.05,102017.26,0
2025-11-08 21:40:38.197515,102017.26,34.5,0.03381780690836041,0.0,0.0,0.14938,0.175,-0.025619999999999976,0.8536000000000001,0.00013,0.05,102017.26,0
2025-11-08 21:40:40.230552,102017.26,34.5,0.03381780690836041,0.0,0.0,0.14938,0.175,-0.025619999999999976,0.8536000000000001,0.00013,0.05,102017.26,0
2025-11-08 21:40:42.262407,102017.26,34.5,0.03381780690836041,0.0,0.0,0.14938,0.175,-0.025619999999999976,0.8536000000000001,0.00013,0.05,102022.235,1
2025-11-08 21:40:44.299737,102022.235,44.45000000001164,0.04356893377214452,0.0,0.0,0.14938,0.175,-0.025619999999999976,0.8536000000000001,0.00013,0.05,102022.235,0
2025-11-08 21:40:46.407424,102022.235,44.45000000001164,0.04356893377214452,0.0,0.0,0.14938,0.175,-0.025619999999999976,0.8536000000000001,0.00013,0.05,102022.235,0
2025-11-08 21:40:48.499070,102022.235,44.45000000001164,0.04356893377214452,0.0,0.0,0.14938,0.175,-0.025619999999999976,0.8536000000000001,0.00013,0.05,102022.235,0
2025-11-08 21:40:50.538246,102022.235,44.45000000001164,0.04356893377214452,0.0,0.0,0.14938,0.175,-0.025619999999999976,0.8536000000000001,0.00013,0.05,102022.235,0
2025-11-08 21:40:52.577542,102022.235,44.45000000001164,0.04356893377214452,0.0,0.0,0.14938,0.175,-0.025619999999999976,0.8536000000000001,0.00013,0.05,102022.235,0
2025-11-08 21:40:54.611724,102022.235,44.45000000001164,0.04356893377214452,0.0,0.0,0.14938,0.175,-0.025619999999999976,0.8536000000000001,0.00013,0.05,102022.235,0
2025-11-08 21:40:56.650106,102022.235,44.45000000001164,0.04356893377214452,0.0,0.0,0.14938,0.175,-0.025619999999999976,0.8536000000000001,0.00013,0.05,102022.235,0
2025-11-08 21:40:58.689944,102022.235,44.45000000001164,0.04356893377214452,0.0,0.0,0.14938,0.175,-0.025619999999999976,0.8536000000000001,0.00013,0.05,102017.08499999999,0
2025-11-08 21:41:00.729273,102017.08499999999,34.15000000000873,0.03347478513036197,0.0,0.0,0.14938,0.175,-0.025619999999999976,0.8536000000000001,0.00013,0.05,102017.08499999999,0
2025-11-08 21:41:02.770410,102017.08499999999,34.15000000000873,0.03347478513036197,0.0,0.0,0.14938,0.175,-0.025619999999999976,0.8536000000000001,0.00013,0.05,102017.08499999999,0
2025-11-08 21:41:04.804368,102017.08499999999,34.15000000000873,0.03347478513036197,0.0,0.0,0.14938,0.175,-0.025619999999999976,0.8536000000000001,0.00013,0.05,102017.08499999999,0
2025-11-08 21:41:06.838895,102017.08499999999,34.15000000000873,0.03347478513036197,0.0,0.0,0.14938,0.175,-0.025619999999999976,0.8536000000000001,0.00013,0.05,102017.08499999999,0
2025-11-08 21:41:08.872082,102017.08499999999,34.15000000000873,0.03347478513036197,0.0,0.0,0.14938,0.175,-0.025619999999999976,0.8536000000000001,0.00013,0.05,102017.08499999999,0
2025-11-08 21:41:10.908748,102017.08499999999,34.15000000000873,0.03347478513036197,0.0,0.0,0.14938,0.175,-0.025619999999999976,0.8536000000000001,0.00013,0.05,102017.08499999999,0
2025-11-08 21:41:12.947071,102017.08499999999,34.15000000000873,0.03347478513036197,0.0,0.0,0.14938,0.175,-0.025619999999999976,0.8536000000000001,0.00013,0.05,102017.08499999999,0
2025-11-08 21:41:14.987966,102017.08499999999,34.15000000000873,0.03347478513036197,0.0,0.0,0.14938,0.175,-0.025619999999999976,0.8536000000000001,0.00013,0.05,102017.08499999999,0
2025-11-08 21:41:17.026506,102017.08499999999,34.15000000000873,0.03347478513036197,0.0,0.0,0.14938,0.175,-0.025619999999999976,0.8536000000000001,0.00013,0.05,102024.495,1
2025-11-08 21:41:19.065007,102024.495,48.970000000001164,0.047998277276453234,0.0,0.0,0.14938,0.175,-0.025619999999999976,0.8536000000000001,0.00013,0.05,102024.995,1
2025-11-08 21:41:21.099082,102024.995,49.970000000001164,0.04897819402000575,0.1209,0.1209,0.14938,0.05410000000000001,0.09528,2.761182994454713,0.00013,0.00094,102032.32999999999,1
2025-11-08 21:41:23.136351,102032.32999999999,64.63999999999942,0.06335246877141729,0.0,-0.1209,0.14938,0.05410000000000001,0.09528,2.761182994454713,0.00013,0.05,102032.32999999999,0
2025-11-08 21:41:25.168999,102032.32999999999,64.63999999999942,0.06335246877141729,0.0,0.0,0.14938,0.05410000000000001,0.09528,2.761182994454713,0.00013,0.05,102032.32999999999,0
2025-11-08 21:41:27.203504,102032.32999999999,64.63999999999942,0.06335246877141729,0.0,0.0,0.14938,0.05410000000000001,0.09528,2.761182994454713,0.00013,0.05,102032.32999999999,0
2025-11-08 21:41:29.235965,102032.32999999999,64.63999999999942,0.06335246877141729,0.0,0.0,0.14938,0.05410000000000001,0.09528,2.761182994454713,0.00013,0.05,102032.32999999999,0
2025-11-08 21:41:31.274849,102032.32999999999,64.63999999999942,0.06335246877141729,0.0,0.0,0.14938,0.05410000000000001,0.09528,2.761182994454713,0.00013,0.05,102032.32999999999,0
2025-11-08 21:41:33.314029,102032.32999999999,64.63999999999942,0.06335246877141729,0.0,0.0,0.14938,0.05410000000000001,0.09528,2.761182994454713,0.00013,0.05,102032.32999999999,0
2025-11-08 21:41:35.349030,102032.32999999999,64.63999999999942,0.06335246877141729,0.0,0.0,0.14938,0.05410000000000001,0.09528,2.761182994454713,0.00013,0.05,102032.32999999999,0
2025-11-08 21:41:37.383899,102032.32999999999,64.63999999999942,0.06335246877141729,0.0,0.0,0.14938,0.05410000000000001,0.09528,2.761182994454713,0.00013,0.05,102032.32999999999,0
2025-11-08 21:41:39.420236,102032.32999999999,64.63999999999942,0.06335246877141729,0.0,0.0,0.14938,0.05410000000000001,0.09528,2.761182994454713,0.00013,0.05,102032.32999999999,0
2025-11-08 21:41:41.455486,102032.32999999999,64.63999999999942,0.06335246877141729,0.0,0.0,0.14938,0.05410000000000001,0.09528,2.761182994454713,0.00013,0.05,102032.32999999999,0
2025-11-08 21:41:43.494949,102032.32999999999,64.63999999999942,0.06335246877141729,0.0,0.0,0.14938,0.05410000000000001,0.09528,2.761182994454713,0.00013,0.05,102032.32999999999,0
2025-11-08 21:41:45.534330,102032.32999999999,64.63999999999942,0.06335246877141729,0.0,0.0,0.14938,0.05410000000000001,0.09528,2.761182994454713,0.00013,0.05,102032.32999999999,0
2025-11-08 21:41:47.569511,102032.32999999999,64.63999999999942,0.06335246877141729,0.0,0.0,0.14938,0.05410000000000001,0.09528,2.761182994454713,0.00013,0.05,102032.32999999999,0
2025-11-08 21:41:49.605145,102032.32999999999,64.63999999999942,0.06335246877141729,0.0,0.0,0.14938,0.05410000000000001,0.09528,2.761182994454713,0.00013,0.05,102032.32999999999,0
2025-11-08 21:41:51.641850,102032.32999999999,64.63999999999942,0.06335246877141729,0.0,0.0,0.14938,0.05410000000000001,0.09528,2.761182994454713,0.00013,0.05,102032.32999999999,0
2025-11-08 21:41:53.676372,102032.32999999999,64.63999999999942,0.06335246877141729,0.0,0.0,0.14938,0.05410000000000001,0.09528,2.761182994454713,0.00013,0.05,102032.32999999999,0
2025-11-08 21:41:55.822742,102032.32999999999,64.63999999999942,0.06335246877141729,0.0,0.0,0.14938,0.05410000000000001,0.09528,2.761182994454713,0.00013,0.05,102032.32999999999,0
2025-11-08 21:41:57.864963,102032.32999999999,64.63999999999942,0.06335246877141729,0.0,0.0,0.14938,0.05410000000000001,0.09528,2.761182994454713,0.00013,0.05,102032.32999999999,0
2025-11-08 21:41:59.900961,102032.32999999999,64.63999999999942,0.06335246877141729,0.0,0.0,0.14938,0.05410000000000001,0.09528,2.761182994454713,0.00013,0.05,102032.32999999999,0
2025-11-08 21:42:01.935422,102032.32999999999,64.63999999999942,0.06335246877141729,0.0,0.0,0.14938,0.05410000000000001,0.09528,2.761182994454713,0.00013,0.05,102028.66500000001,0
2025-11-08 21:42:03.972244,102028.66500000001,57.310000000012224,0.05617048895034765,0.0,0.0,0.14938,0.05410000000000001,0.09528,2.761182994454713,0.00013,0.05,102028.66500000001,0
2025-11-08 21:42:06.010971,102028.66500000001,57.310000000012224,0.05617048895034765,0.0,0.0,0.14938,0.05410000000000001,0.09528,2.761182994454713,0.00013,0.05,102028.66500000001,0
2025-11-08 21:42:08.040402,102028.66500000001,57.310000000012224,0.05617048895034765,0.0,0.0,0.14938,0.05410000000000001,0.09528,2.761182994454713,0.00013,0.05,102028.66500000001,0
2025-11-08 21:42:10.079494,102028.66500000001,57.310000000012224,0.05617048895034765,0.0,0.0,0.14938,0.05410000000000001,0.09528,2.761182994454713,0.00013,0.05,102028.66500000001,0
2025-11-08 21:42:12.114534,102028.66500000001,57.310000000012224,0.05617048895034765,0.0,0.0,0.14938,0.05410000000000001,0.09528,2.761182994454713,0.00013,0.05,102035.92,1
2025-11-08 21:42:14.153545,102035.92,71.82000000000698,0.07038697744873275,0.0,0.0,0.14938,0.05410000000000001,0.09528,2.761182994454713,0.00013,0.05,102035.92,0
2025-11-08 21:42:16.206570,102035.92,71.82000000000698,0.07038697744873275,0.0,0.0,0.14938,0.05410000000000001,0.09528,2.761182994454713,0.00013,0.05,102035.92,0
2025-11-08 21:42:18.243844,102035.92,71.82000000000698,0.07038697744873275,0.0,0.0,0.14938,0.05410000000000001,0.09528,2.761182994454713,0.00013,0.05,102035.92,0
2025-11-08 21:42:20.277889,102035.92,71.82000000000698,0.07038697744873275,0.0,0.0,0.14938,0.05410000000000001,0.09528,2.761182994454713,0.00013,0.05,102035.92,0
2025-11-08 21:42:22.357839,102035.92,71.82000000000698,0.07038697744873275,0.0,0.0,0.14938,0.05410000000000001,0.09528,2.761182994454713,0.00013,0.05,102035.92,0
2025-11-08 21:42:24.402275,102035.92,71.82000000000698,0.07038697744873275,0.0,0.0,0.14938,0.05410000000000001,0.09528,2.761182994454713,0.00013,0.05,102035.92,0
2025-11-08 21:42:26.441114,102035.92,71.82000000000698,0.07038697744873275,0.0,0.0,0.14938,0.05410000000000001,0.09528,2.761182994454713,0.00013,0.05,102035.92,0
2025-11-08 21:42:28.477609,102035.92,71.82000000000698,0.07038697744873275,0.0,0.0,0.14938,0.05410000000000001,0.09528,2.761182994454713,0.00013,0.05,102035.92,0
2025-11-08 21:42:30.519065,102035.92,71.82000000000698,0.07038697744873275,0.0,0.0,0.14938,0.05410000000000001,0.09528,2.761182994454713,0.00013,0.05,102035.92,0
2025-11-08 21:42:32.553053,102035.92,71.82000000000698,0.07038697744873275,0.0,0.0,0.14938,0.05410000000000001,0.09528,2.761182994454713,0.00013,0.05,102035.92,0
2025-11-08 21:42:34.593019,102035.92,71.82000000000698,0.07038697744873275,0.0,0.0,0.14938,0.05410000000000001,0.09528,2.761182994454713,0.00013,0.05,102035.92,0
2025-11-08 21:42:36.633498,102035.92,71.82000000000698,0.07038697744873275,0.0,0.0,0.14938,0.05410000000000001,0.09528,2.761182994454713,0.00013,0.05,102035.92,0
2025-11-08 21:42:38.675009,102035.92,71.82000000000698,0.07038697744873275,0.0,0.0,0.14938,0.05410000000000001,0.09528,2.761182994454713,0.00013,0.05,102035.92,0
2025-11-08 21:42:40.712135,102035.92,71.82000000000698,0.07038697744873275,0.0,0.0,0.14938,0.05410000000000001,0.09528,2.761182994454713,0.00013,0.05,102035.92,0
2025-11-08 21:42:42.875894,102035.92,71.82000000000698,0.07038697744873275,0.0,0.0,0.14938,0.05410000000000001,0.09528,2.761182994454713,0.00013,0.05,102035.92,0
2025-11-08 21:42:44.913504,102035.92,71.82000000000698,0.07038697744873275,0.0,0.0,0.14938,0.05410000000000001,0.09528,2.761182994454713,0.00013,0.05,102035.92,0
2025-11-08 21:42:46.950458,102035.92,71.82000000000698,0.07038697744873275,0.0,0.0,0.14938,0.05410000000000001,0.09528,2.761182994454713,0.00013,0.05,102035.92,0
2025-11-08 21:42:48.985145,102035.92,71.82000000000698,0.07038697744873275,0.0,0.0,0.14938,0.05410000000000001,0.09528,2.761182994454713,0.00013,0.05,102038.73999999999,1
2025-11-08 21:42:51.024888,102038.73999999999,77.4600000000064,0.07591234466439552,0.0,0.0,0.14938,0.05410000000000001,0.09528,2.761182994454713,0.00013,0.00281,102038.73999999999,0
2025-11-08 21:42:53.065057,102038.73999999999,77.4600000000064,0.07591234466439552,0.0,0.0,0.14938,0.05410000000000001,0.09528,2.761182994454713,0.00013,0.00281,102038.73999999999,0
2025-11-08 21:42:55.104693,102038.73999999999,77.4600000000064,0.07591234466439552,0.00136,0.00136,0.14938,0.05274000000000001,0.09664,2.832385286310201,0.00013,0.00145,102038.73999999999,0
2025-11-08 21:42:57.137950,102038.73999999999,77.4600000000064,0.07591234466439552,0.0,-0.00136,0.14938,0.05274000000000001,0.09664,2.832385286310201,0.00013,0.00145,102038.73999999999,0
2025-11-08 21:42:59.173360,102038.73999999999,77.4600000000064,0.07591234466439552,0.0,0.0,0.14938,0.05274000000000001,0.09664,2.832385286310201,0.00013,0.00145,102038.73999999999,0
2025-11-08 21:43:01.201403,102038.73999999999,77.4600000000064,0.07591234466439552,0.0,0.0,0.14938,0.05274000000000001,0.09664,2.832385286310201,0.00013,0.00145,102038.73999999999,0
2025-11-08 21:43:03.234723,102038.73999999999,77.4600000000064,0.07591234466439552,0.0,0.0,0.14938,0.05274000000000001,0.09664,2.832385286310201,0.00013,0.00145,102038.73999999999,0
2025-11-08 21:43:05.266774,102038.73999999999,77.4600000000064,0.07591234466439552,0.0,0.0,0.14938,0.05274000000000001,0.09664,2.832385286310201,0.00013,0.00145,102038.73999999999,0
2025-11-08 21:43:07.300478,102038.73999999999,77.4600000000064,0.07591234466439552,0.0,0.0,0.14938,0.05274000000000001,0.09664,2.832385286310201,0.00013,0.00145,102038.73999999999,0
2025-11-08 21:43:09.331112,102038.73999999999,77.4600000000064,0.07591234466439552,0.0,0.0,0.14938,0.05274000000000001,0.09664,2.832385286310201,0.00013,0.00145,102038.73999999999,0
2025-11-08 21:43:11.365521,102038.73999999999,77.4600000000064,0.07591234466439552,0.0,0.0,0.14938,0.05274000000000001,0.09664,2.832385286310201,0.00013,0.00145,102033.98999999999,0
2025-11-08 21:43:13.401655,102033.98999999999,67.9600000000064,0.066605255758406,-5.0000000000002245e-05,-5.0000000000002245e-05,0.14926,0.05267000000000001,0.09659,2.8338712739700016,1e-05,0.05,102033.98999999999,0
2025-11-08 21:43:15.438614,102033.98999999999,67.9600000000064,0.066605255758406,0.0,5.0000000000002245e-05,0.14926,0.05267000000000001,0.09659,2.8338712739700016,1e-05,0.05,102033.98999999999,0
2025-11-08 21:43:17.474888,102033.98999999999,67.9600000000064,0.066605255758406,0.0,0.0,0.14926,0.05267000000000001,0.09659,2.8338712739700016,1e-05,0.05,102033.98999999999,0
2025-11-08 21:43:19.508063,102033.98999999999,67.9600000000064,0.066605255758406,-6.999999999999991e-05,-6.999999999999991e-05,0.14926,0.05274000000000001,0.09652,2.830109973454683,1e-05,0.05,102033.98999999999,0
2025-11-08 21:43:21.543860,102033.98999999999,67.9600000000064,0.066605255758406,0.0,6.999999999999991e-05,0.14926,0.05274000000000001,0.09652,2.830109973454683,1e-05,0.05,102033.985,0
2025-11-08 21:43:23.580190,102033.985,67.95000000001164,0.06659545836616265,7.000000000000121e-05,7.000000000000121e-05,0.14926,0.05267000000000001,0.09659,2.8338712739700016,1e-05,3e-05,102038.36,1
2025-11-08 21:43:25.617370,102038.36,76.70000000001164,0.07516780943952024,0.0006700000000000022,0.0006000000000000009,0.14926,0.052000000000000005,0.09726,2.8703846153846153,1e-05,0.05,102038.355,0
2025-11-08 21:43:27.650510,102038.355,76.69000000000233,0.07515801288643112,-0.0006700000000000025,-0.0013400000000000048,0.14926,0.05267,0.09659000000000001,2.833871273970002,1e-05,3e-05,102056.88,1
2025-11-08 21:43:29.685545,102056.88,41.18000000000757,0.04035004793406144,9.215718466126788e-19,0.0006700000000000035,0.14933000000000002,0.05274000000000001,0.09659000000000001,2.8314372392870686,0.05,0.00145,102056.88,0
2025-11-08 21:43:31.720423,102056.88,41.18000000000757,0.04035004793406144,0.0,-9.215718466126788e-19,0.14933000000000002,0.05274000000000001,0.09659000000000001,2.8314372392870686,0.05,0.00145,102049.305,0
2025-11-08 21:43:33.755636,102049.305,56.310000000012224,0.055179209696736516,5.000000000000143e-05,5.000000000000143e-05,0.14932,0.052680000000000005,0.09664,2.8344722854973425,0.00011,4e-05,102049.305,0
2025-11-08 21:43:35.798899,102049.305,56.310000000012224,0.055179209696736516,0.0,-5.000000000000143e-05,0.14932,0.052680000000000005,0.09664,2.8344722854973425,0.00011,4e-05,102049.305,0
2025-11-08 21:43:37.832155,102049.305,56.310000000012224,0.055179209696736516,0.0,0.0,0.14932,0.052680000000000005,0.09664,2.8344722854973425,0.00011,4e-05,102049.305,0
2025-11-08 21:43:39.867959,102049.305,56.310000000012224,0.055179209696736516,0.0,0.0,0.14932,0.052680000000000005,0.09664,2.8344722854973425,0.00011,4e-05,102049.305,0
2025-11-08 21:43:41.903117,102049.305,56.310000000012224,0.055179209696736516,0.0,0.0,0.14932,0.052680000000000005,0.09664,2.8344722854973425,0.00011,4e-05,102049.305,0
2025-11-08 21:43:43.935573,102049.305,56.310000000012224,0.055179209696736516,0.0,0.0,0.14932,0.052680000000000005,0.09664,2.8344722854973425,0.00011,4e-05,102038.735,0
2025-11-08 21:43:45.968402,102038.735,77.45000000001164,0.07590254818428673,-6.000000000001859e-05,-6.000000000001859e-05,0.14926,0.052680000000000005,0.09658,2.833333333333333,1e-05,4e-05,102034.435,0
2025-11-08 21:43:48.005884,102034.435,68.85000000000582,0.06747721982290178,1.0000000000003062e-05,7.000000000002165e-05,0.14926,0.05267000000000001,0.09659,2.8338712739700016,1e-05,3e-05,102031.78,0
2025-11-08 21:43:50.038081,102031.78,63.54000000000815,0.062274714799651784,-1.0842021724855044e-18,-1.0000000000004146e-05,0.14926,0.05267000000000001,0.09659,2.8338712739700016,1e-05,0.05,102031.78,0
2025-11-08 21:43:52.072092,102031.78,63.54000000000815,0.062274714799651784,0.0,1.0842021724855044e-18,0.14926,0.05267000000000001,0.09659,2.8338712739700016,1e-05,0.05,102031.78,0
2025-11-08 21:43:54.106949,102031.78,63.54000000000815,0.062274714799651784,-6.999999999999991e-05,-6.999999999999991e-05,0.14926,0.05274000000000001,0.09652,2.830109973454683,1e-05,0.05,102031.78,0
2025-11-08 21:43:56.136472,102031.78,63.54000000000815,0.062274714799651784,0.0,6.999999999999991e-05,0.14926,0.05274000000000001,0.09652,2.830109973454683,1e-05,0.05,102031.78,0
2025-11-08 21:43:58.170681,102031.78,63.54000000000815,0.062274714799651784,0.0,0.0,0.14926,0.05274000000000001,0.09652,2.830109973454683,1e-05,0.05,102028.105,0
2025-11-08 21:44:00.208317,102028.105,56.19000000000233,0.055073060506222606,7.000000000000121e-05,7.000000000000121e-05,0.14926,0.05267000000000001,0.09659,2.8338712739700016,1e-05,3e-05,102028.11,1
2025-11-08 21:44:02.243925,102028.11,56.20000000001164,0.05508285902778327,-7.000000000000121e-05,-0.00014000000000000243,0.14926,0.05274000000000001,0.09652,2.830109973454683,1e-05,0.05,102028.11,0
2025-11-08 21:44:04.278351,102028.11,56.20000000001164,0.05508285902778327,0.0,7.000000000000121e-05,0.14926,0.05274000000000001,0.09652,2.830109973454683,1e-05,0.05,102023.035,0
2025-11-08 21:44:06.310319,102023.035,46.05000000000291,0.045136865414759426,6.999999999999991e-05,6.999999999999991e-05,0.14926,0.05267000000000001,0.09659,2.8338712739700016,1e-05,0.05,102023.035,0
2025-11-08 21:44:08.347991,102023.035,46.05000000000291,0.045136865414759426,-0.12097,-0.12104,0.14926,0.17364000000000002,-0.024380000000000013,0.8595945634646395,1e-05,0.05,102019.315,0
2025-11-08 21:44:10.381045,102019.315,38.61000000000058,0.037845774596703165,0.12097,0.24194,0.14926,0.05267000000000001,0.09659,2.8338712739700016,1e-05,3e-05,102013.16500000001,0
2025-11-08 21:44:12.412194,102013.16500000001,26.310000000012224,0.025790788865351078,-0.12097,-0.24194,0.14926,0.17364000000000002,-0.024380000000000013,0.8595945634646395,1e-05,0.05,102013.16500000001,0
2025-11-08 21:44:14.440957,102013.16500000001,26.310000000012224,0.025790788865351078,0.0,0.12097,0.14926,0.17364000000000002,-0.024380000000000013,0.8595945634646395,1e-05,0.05,102014.655,1
2025-11-08 21:44:16.472697,102014.655,23.30999999999767,0.022849658218221363,0.07111,0.07111,0.09939999999999999,0.05267000000000001,0.04672999999999998,1.8872223277007778,0.00014,3e-05,102014.655,0
2025-11-08 21:44:18.503452,102014.655,23.30999999999767,0.022849658218221363,0.0,-0.07111,0.09939999999999999,0.05267000000000001,0.04672999999999998,1.8872223277007778,0.00014,3e-05,102014.655,0
2025-11-08 21:44:20.533920,102014.655,23.30999999999767,0.022849658218221363,0.0,0.0,0.09939999999999999,0.05267000000000001,0.04672999999999998,1.8872223277007778,0.00014,3e-05,102014.66,1
2025-11-08 21:44:22.569459,102014.66,23.320000000006985,0.02285945961100785,-0.12097,-0.12097,0.09939999999999999,0.17364000000000002,-0.07424000000000003,0.5724487445289103,0.00014,0.05,102014.66,0
2025-11-08 21:44:24.601788,102014.66,23.320000000006985,0.02285945961100785,0.0,0.12097,0.09939999999999999,0.17364000000000002,-0.07424000000000003,0.5724487445289103,0.00014,0.05,102014.66,0
2025-11-08 21:44:26.634551,102014.66,23.320000000006985,0.02285945961100785,0.0,0.0,0.09939999999999999,0.17364000000000002,-0.07424000000000003,0.5724487445289103,0.00014,0.05,102014.655,0
2025-11-08 21:44:28.668488,102014.655,23.30999999999767,0.022849658218221363,0.12097,0.12097,0.09939999999999999,0.05267000000000001,0.04672999999999998,1.8872223277007778,0.00014,3e-05,102004.79000000001,0
2025-11-08 21:44:30.702619,102004.79000000001,3.5800000000017462,0.0035096391061652556,-0.12097,-0.24194,0.09939999999999999,0.17364,-0.07424,0.5724487445289104,0.00014,0.05,102004.79000000001,0
2025-11-08 21:44:32.739709,102004.79000000001,3.5800000000017462,0.0035096391061652556,0.00023000000000000104,0.1212,0.09939999999999999,0.17341,-0.07401000000000002,0.5732080041520096,0.00014,0.04977,102004.79000000001,0
2025-11-08 21:44:34.773364,102004.79000000001,3.5800000000017462,0.0035096391061652556,0.0,-0.00023000000000000104,0.09939999999999999,0.17341,-0.07401000000000002,0.5732080041520096,0.00014,0.04977,102011.41500000001,1
2025-11-08 21:44:36.807598,102011.41500000001,16.830000000001746,0.01649815366251095,0.12072999999999999,0.12072999999999999,0.09939999999999999,0.052680000000000005,0.046719999999999984,1.8868640850417613,0.00014,4e-05,102011.41500000001,0
2025-11-08 21:44:38.841644,102011.41500000001,16.830000000001746,0.01649815366251095,0.0,-0.12072999999999999,0.09939999999999999,0.052680000000000005,0.046719999999999984,1.8868640850417613,0.00014,4e-05,102011.41500000001,0
2025-11-08 21:44:40.873276,102011.41500000001,16.830000000001746,0.01649815366251095,0.0,0.0,0.09939999999999999,0.052680000000000005,0.046719999999999984,1.8868640850417613,0.00014,4e-05,102011.41500000001,0
2025-11-08 21:44:42.904813,102011.41500000001,16.830000000001746,0.01649815366251095,0.0,0.0,0.09939999999999999,0.052680000000000005,0.046719999999999984,1.8868640850417613,0.00014,4e-05,102011.41500000001,0
2025-11-08 21:44:44.932983,102011.41500000001,16.830000000001746,0.01649815366251095,0.0,0.0,0.09939999999999999,0.052680000000000005,0.046719999999999984,1.8868640850417613,0.00014,4e-05,102024.79000000001,1
2025-11-08 21:44:46.968756,102024.79000000001,43.580000000001746,0.04271510874955169,-0.12096,-0.12096,0.09939999999999999,0.17364000000000002,-0.07424000000000003,0.5724487445289103,0.00014,0.05,102024.785,0
2025-11-08 21:44:49.004458,102024.785,43.570000000006985,0.04270530930303552,0.17091,0.29187,0.14934999999999998,0.052680000000000005,0.09666999999999998,2.8350417615793466,0.00014,4e-05,102024.785,0
2025-11-08 21:44:51.039356,102024.785,43.570000000006985,0.04270530930303552,0.0,-0.17091,0.14934999999999998,0.052680000000000005,0.09666999999999998,2.8350417615793466,0.00014,4e-05,102024.785,0
2025-11-08 21:44:53.067955,102024.785,43.570000000006985,0.04270530930303552,0.0,0.0,0.14934999999999998,0.052680000000000005,0.09666999999999998,2.8350417615793466,0.00014,4e-05,102024.785,0
2025-11-08 21:44:55.102524,102024.785,43.570000000006985,0.04270530930303552,0.0,0.0,0.14934999999999998,0.052680000000000005,0.09666999999999998,2.8350417615793466,0.00014,4e-05,102032.225,1
2025-11-08 21:44:57.133854,102032.225,58.44999999999709,0.05728582317987977,-6.000000000000162e-05,-6.000000000000162e-05,0.14934999999999998,0.05274000000000001,0.09660999999999997,2.8318164580963208,0.00014,0.05,102039.2,1
2025-11-08 21:44:59.167022,102039.2,72.39999999999418,0.07095312389747684,6.000000000000509e-05,0.00012000000000000671,0.14934999999999998,0.052680000000000005,0.09666999999999998,2.8350417615793466,0.00014,4e-05,102039.205,1
2025-11-08 21:45:01.202833,102039.205,72.41000000000349,0.07096292057548223,-6.000000000000509e-05,-0.00012000000000001018,0.14934999999999998,0.05274000000000001,0.09660999999999997,2.8318164580963208,0.00014,0.05,102039.205,0
2025-11-08 21:45:03.235795,102039.205,72.41000000000349,0.07096292057548223,0.0,6.000000000000509e-05,0.14934999999999998,0.05274000000000001,0.09660999999999997,2.8318164580963208,0.00014,0.05,102036.14,0
2025-11-08 21:45:05.271500,102036.14,66.27999999999884,0.0649573768666659,0.0,0.0,0.14934999999999998,0.05274000000000001,0.09660999999999997,2.8318164580963208,0.00014,0.05,102029.61,0
2025-11-08 21:45:07.306976,102029.61,53.220000000001164,0.05216132846141543,5.9999999999999886e-05,5.9999999999999886e-05,0.14934999999999998,0.052680000000000005,0.09666999999999998,2.8350417615793466,0.00014,0.05,102029.61,0
2025-11-08 21:45:09.336913,102029.61,53.220000000001164,0.05216132846141543,-0.11961,-0.11967,0.14934999999999998,0.17229,-0.022940000000000016,0.8668524000232166,0.00014,0.05,102018.155,0
2025-11-08 21:45:11.368289,102018.155,30.30999999999767,0.029710398114921478,0.11821999999999999,0.23782999999999999,0.14934999999999998,0.05407,0.09527999999999998,2.762160162751988,0.00014,3e-05,102018.155,0
2025-11-08 21:45:13.401223,102018.155,30.30999999999767,0.029710398114921478,0.0,-0.11821999999999999,0.14934999999999998,0.05407,0.09527999999999998,2.762160162751988,0.00014,3e-05,102018.155,0
2025-11-08 21:45:15.434403,102018.155,30.30999999999767,0.029710398114921478,0.0,0.0,0.14934999999999998,0.05407,0.09527999999999998,2.762160162751988,0.00014,3e-05,102018.16,1
2025-11-08 21:45:17.467120,102018.16,30.320000000006985,0.02972019883519462,-6.999999999999796e-05,-6.999999999999796e-05,0.14934999999999998,0.05414000000000001,0.09520999999999998,2.758588843738455,0.00014,0.00285,102018.155,0
2025-11-08 21:45:19.503339,102018.155,30.30999999999767,0.029710398114921478,5.99999999999949e-05,0.00012999999999999286,0.14934999999999998,0.05408,0.09526999999999998,2.7616494082840233,0.00014,4e-05,102018.16,1
2025-11-08 21:45:21.534432,102018.16,30.320000000006985,0.02972019883519462,-5.99999999999949e-05,-0.0001199999999999898,0.14934999999999998,0.05414000000000001,0.09520999999999998,2.758588843738455,0.00014,0.00285,102018.16,0
2025-11-08 21:45:23.564815,102018.16,30.320000000006985,0.02972019883519462,0.0,5.99999999999949e-05,0.14934999999999998,0.05414000000000001,0.09520999999999998,2.758588843738455,0.00014,0.00285,102018.16,0
2025-11-08 21:45:25.610519,102018.16,30.320000000006985,0.02972019883519462,0.0,0.0,0.14934999999999998,0.05414000000000001,0.09520999999999998,2.758588843738455,0.00014,0.00285,102018.155,0
2025-11-08 21:45:27.645160,102018.155,30.30999999999767,0.029710398114921478,5.99999999999949e-05,5.99999999999949e-05,0.14934999999999998,0.05408,0.09526999999999998,2.7616494082840233,0.00014,4e-05,102018.155,0
2025-11-08 21:45:29.680475,102018.155,30.30999999999767,0.029710398114921478,0.0,-5.99999999999949e-05,0.14934999999999998,0.05408,0.09526999999999998,2.7616494082840233,0.00014,4e-05,102018.155,0
2025-11-08 21:45:31.715936,102018.155,30.30999999999767,0.029710398114921478,0.0,0.0,0.14934999999999998,0.05408,0.09526999999999998,2.7616494082840233,0.00014,4e-05,102018.155,0
2025-11-08 21:45:33.755889,102018.155,30.30999999999767,0.029710398114921478,0.0,0.0,0.14934999999999998,0.05408,0.09526999999999998,2.7616494082840233,0.00014,4e-05,102018.155,0
2025-11-08 21:45:35.790595,102018.155,30.30999999999767,0.029710398114921478,0.0,0.0,0.14934999999999998,0.05408,0.09526999999999998,2.7616494082840233,0.00014,4e-05,102018.16,1
2025-11-08 21:45:37.829282,102018.16,30.320000000006985,0.02972019883519462,-5.99999999999949e-05,-5.99999999999949e-05,0.14934999999999998,0.05414000000000001,0.09520999999999998,2.758588843738455,0.00014,0.00285,102018.155,0
2025-11-08 21:45:39.861582,102018.155,30.30999999999767,0.029710398114921478,5.99999999999949e-05,0.0001199999999999898,0.14934999999999998,0.05408,0.09526999999999998,2.7616494082840233,0.00014,4e-05,102018.155,0
2025-11-08 21:45:41.893653,102018.155,30.30999999999767,0.029710398114921478,0.0,-5.99999999999949e-05,0.14934999999999998,0.05408,0.09526999999999998,2.7616494082840233,0.00014,4e-05,102018.155,0
2025-11-08 21:45:43.924623,102018.155,30.30999999999767,0.029710398114921478,0.0,0.0,0.14934999999999998,0.05408,0.09526999999999998,2.7616494082840233,0.00014,4e-05,102018.16,1
2025-11-08 21:45:45.959251,102018.16,30.320000000006985,0.02972019883519462,-5.99999999999949e-05,-5.99999999999949e-05,0.14934999999999998,0.05414000000000001,0.09520999999999998,2.758588843738455,0.00014,0.00285,102018.155,0
2025-11-08 21:45:47.994227,102018.155,30.30999999999767,0.029710398114921478,5.99999999999949e-05,0.0001199999999999898,0.14934999999999998,0.05408,0.09526999999999998,2.7616494082840233,0.00014,4e-05,102018.155,0
2025-11-08 21:45:50.028913,102018.155,30.30999999999767,0.029710398114921478,0.0,-5.99999999999949e-05,0.14934999999999998,0.05408,0.09526999999999998,2.7616494082840233,0.00014,4e-05,102018.16,1
2025-11-08 21:45:52.061731,102018.16,30.320000000006985,0.02972019883519462,-0.07106,-0.07106,0.14934999999999998,0.12514,0.02420999999999998,1.1934633210803898,0.00014,0.00285,102018.155,0
2025-11-08 21:45:54.095969,102018.155,30.30999999999767,0.029710398114921478,0.07106,0.14212,0.14934999999999998,0.05408,0.09526999999999998,2.7616494082840233,0.00014,4e-05,102018.155,0
2025-11-08 21:45:56.132422,102018.155,30.30999999999767,0.029710398114921478,0.0,-0.07106,0.14934999999999998,0.05408,0.09526999999999998,2.7616494082840233,0.00014,4e-05,102018.16,1
2025-11-08 21:45:58.166591,102018.16,30.320000000006985,0.02972019883519462,-5.99999999999949e-05,-5.99999999999949e-05,0.14934999999999998,0.05414000000000001,0.09520999999999998,2.758588843738455,0.00014,0.00285,102018.16,0
2025-11-08 21:46:00.205225,102018.16,30.320000000006985,0.02972019883519462,0.0,5.99999999999949e-05,0.14934999999999998,0.05414000000000001,0.09520999999999998,2.758588843738455,0.00014,0.00285,102018.16,0
2025-11-08 21:46:02.241261,102018.16,30.320000000006985,0.02972019883519462,0.0,0.0,0.14934999999999998,0.05414000000000001,0.09520999999999998,2.758588843738455,0.00014,0.00285,102018.155,0
2025-11-08 21:46:04.275643,102018.155,30.30999999999767,0.029710398114921478,5.99999999999949e-05,5.99999999999949e-05,0.14934999999999998,0.05408,0.09526999999999998,2.7616494082840233,0.00014,4e-05,102018.155,0
2025-11-08 21:46:06.313401,102018.155,30.30999999999767,0.029710398114921478,0.0,-5.99999999999949e-05,0.14934999999999998,0.05408,0.09526999999999998,2.7616494082840233,0.00014,4e-05,102018.16,1
2025-11-08 21:46:08.348227,102018.16,30.320000000006985,0.02972019883519462,-5.99999999999949e-05,-5.99999999999949e-05,0.14934999999999998,0.05414000000000001,0.09520999999999998,2.758588843738455,0.00014,0.00285,102018.155,0
2025-11-08 21:46:10.389096,102018.155,30.30999999999767,0.029710398114921478,5.99999999999949e-05,0.0001199999999999898,0.14934999999999998,0.05408,0.09526999999999998,2.7616494082840233,0.00014,4e-05,102018.16,1
2025-11-08 21:46:12.422713,102018.16,30.320000000006985,0.02972019883519462,-5.99999999999949e-05,-0.0001199999999999898,0.14934999999999998,0.05414000000000001,0.09520999999999998,2.758588843738455,0.00014,0.00285,102017.75,0
2025-11-08 21:46:14.451074,102017.75,22.320000000006985,0.021878545645249953,-0.04858999999999998,-0.04852999999999998,0.10076,0.05414000000000001,0.046619999999999995,1.8611008496490578,0.00012,0.00285,102017.75,0
2025-11-08 21:46:16.483918,102017.75,22.320000000006985,0.021878545645249953,0.0,0.04858999999999998,0.10076,0.05414000000000001,0.046619999999999995,1.8611008496490578,0.00012,0.00285,102017.75,0
2025-11-08 21:46:18.518264,102017.75,22.320000000006985,0.021878545645249953,0.0,0.0,0.10076,0.05414000000000001,0.046619999999999995,1.8611008496490578,0.00012,0.00285,102017.75,0
2025-11-08 21:46:20.551522,102017.75,22.320000000006985,0.021878545645249953,0.0,0.0,0.10076,0.05414000000000001,0.046619999999999995,1.8611008496490578,0.00012,0.00285,102017.75,0
2025-11-08 21:46:22.583001,102017.75,22.320000000006985,0.021878545645249953,0.0,0.0,0.10076,0.05414000000000001,0.046619999999999995,1.8611008496490578,0.00012,0.00285,102017.75,0
2025-11-08 21:46:24.613836,102017.75,22.320000000006985,0.021878545645249953,0.0,0.0,0.10076,0.05414000000000001,0.046619999999999995,1.8611008496490578,0.00012,0.00285,102015.945,0
2025-11-08 21:46:26.647206,102015.945,25.889999999999418,0.02537838570235213,0.04858999999999998,0.04858999999999998,0.14934999999999998,0.05414000000000001,0.09520999999999998,2.758588843738455,0.00014,0.00094,102015.95,1
2025-11-08 21:46:28.684453,102015.95,25.89999999999418,0.025388186847247102,-7.000000000000509e-05,-0.04865999999999999,0.14922000000000002,0.05408,0.09514000000000002,2.759245562130178,1e-05,4e-05,102015.955,1
2025-11-08 21:46:30.718127,102015.955,25.910000000003492,0.025397987991195584,-5.99999999999949e-05,1.000000000001019e-05,0.14922000000000002,0.05414000000000001,0.09508000000000001,2.756187661618027,1e-05,0.00285,102015.955,0
2025-11-08 21:46:32.752622,102015.955,25.910000000003492,0.025397987991195584,0.0,5.99999999999949e-05,0.14922000000000002,0.05414000000000001,0.09508000000000001,2.756187661618027,1e-05,0.00285,102015.955,0
2025-11-08 21:46:34.789323,102015.955,25.910000000003492,0.025397987991195584,0.0,0.0,0.14922000000000002,0.05414000000000001,0.09508000000000001,2.756187661618027,1e-05,0.00285,102015.95,0
2025-11-08 21:46:36.823557,102015.95,25.89999999999418,0.025388186847247102,5.99999999999949e-05,5.99999999999949e-05,0.14922000000000002,0.05408,0.09514000000000002,2.759245562130178,1e-05,4e-05,102015.955,1
2025-11-08 21:46:38.862184,102015.955,25.910000000003492,0.025397987991195584,-5.99999999999949e-05,-0.0001199999999999898,0.14922000000000002,0.05414000000000001,0.09508000000000001,2.756187661618027,1e-05,0.00285,102015.95,0
2025-11-08 21:46:40.897050,102015.95,25.89999999999418,0.025388186847247102,5.99999999999949e-05,0.0001199999999999898,0.14922000000000002,0.05408,0.09514000000000002,2.759245562130178,1e-05,4e-05,102015.95,0
2025-11-08 21:46:42.932738,102015.95,25.89999999999418,0.025388186847247102,0.0,-5.99999999999949e-05,0.14922000000000002,0.05408,0.09514000000000002,2.759245562130178,1e-05,4e-05,102015.95,0
2025-11-08 21:46:44.966214,102015.95,25.89999999999418,0.025388186847247102,0.0,0.0,0.14922000000000002,0.05408,0.09514000000000002,2.759245562130178,1e-05,4e-05,102015.955,1
2025-11-08 21:46:46.998682,102015.955,25.910000000003492,0.025397987991195584,-5.99999999999949e-05,-5.99999999999949e-05,0.14922000000000002,0.05414000000000001,0.09508000000000001,2.756187661618027,1e-05,0.00285,102015.955,0
2025-11-08 21:46:49.032999,102015.955,25.910000000003492,0.025397987991195584,0.0,5.99999999999949e-05,0.14922000000000002,0.05414000000000001,0.09508000000000001,2.756187661618027,1e-05,0.00285,102015.95,0
2025-11-08 21:46:51.068458,102015.95,25.89999999999418,0.025388186847247102,5.99999999999949e-05,5.99999999999949e-05,0.14922000000000002,0.05408,0.09514000000000002,2.759245562130178,1e-05,4e-05,102015.95,0
2025-11-08 21:46:53.103064,102015.95,25.89999999999418,0.025388186847247102,0.0,-5.99999999999949e-05,0.14922000000000002,0.05408,0.09514000000000002,2.759245562130178,1e-05,4e-05,102019.41,1
2025-11-08 21:46:55.139092,102019.41,19.0,0.018623906960449976,-0.001079999999999988,-0.001079999999999988,0.1482,0.05414000000000001,0.09405999999999999,2.7373476172885107,0.05,0.00285,102019.41,0
2025-11-08 21:46:57.172052,102019.41,19.0,0.018623906960449976,0.0,0.001079999999999988,0.1482,0.05414000000000001,0.09405999999999999,2.7373476172885107,0.05,0.00285,102019.405,0
2025-11-08 21:46:59.207253,102019.405,18.989999999990687,0.01861410581642844,0.001079999999999988,0.001079999999999988,0.14922000000000002,0.05408,0.09514000000000002,2.759245562130178,0.05,4e-05,102019.41500000001,1
2025-11-08 21:47:01.241844,102019.41500000001,18.99000000000524,0.01861410399187766,-0.0010999999999999942,-0.0021799999999999823,0.14818,0.05414000000000001,0.09404,2.7369782046545987,0.00012,0.00285,102019.41500000001,0
2025-11-08 21:47:03.272443,102019.41500000001,18.99000000000524,0.01861410399187766,0.0,0.0010999999999999942,0.14818,0.05414000000000001,0.09404,2.7369782046545987,0.00012,0.00285,102019.41,0
2025-11-08 21:47:05.307911,102019.41,18.979999999995925,0.018604302847856035,6.000000000000184e-05,6.000000000000184e-05,0.14818,0.05408,0.0941,2.7400147928994083,0.00012,4e-05,102019.41,0
2025-11-08 21:47:07.343390,102019.41,18.979999999995925,0.018604302847856035,0.0,-6.000000000000184e-05,0.14818,0.05408,0.0941,2.7400147928994083,0.00012,4e-05,102015.955,0
2025-11-08 21:47:09.374407,102015.955,25.910000000003492,0.025397987991195584,0.00365000000000001,0.00365000000000001,0.14922000000000002,0.05147000000000001,0.09775,2.899164561880707,1e-05,0.00018,102015.955,0
2025-11-08 21:47:11.410793,102015.955,25.910000000003492,0.025397987991195584,0.0,-0.00365000000000001,0.14922000000000002,0.05147000000000001,0.09775,2.899164561880707,1e-05,0.00018,102015.955,0
2025-11-08 21:47:13.445622,102015.955,25.910000000003492,0.025397987991195584,0.0,0.0,0.14922000000000002,0.05147000000000001,0.09775,2.899164561880707,1e-05,0.00018,102015.955,0
2025-11-08 21:47:15.485149,102015.955,25.910000000003492,0.025397987991195584,8.000000000000102e-05,8.000000000000102e-05,0.14922000000000002,0.051390000000000005,0.09783000000000001,2.903677758318739,1e-05,0.00018,102034.435,1
2025-11-08 21:47:17.521107,102034.435,62.86999999999534,0.06161645330813596,-0.12015999999999999,-0.12023999999999999,0.14922000000000002,0.17155,-0.02232999999999999,0.8698338676770622,1e-05,0.05,102013.35500000001,0
2025-11-08 21:47:19.554659,102013.35500000001,20.710000000006403,0.02030126349633967,0.12015999999999999,0.24031999999999998,0.14922000000000002,0.051390000000000005,0.09783000000000001,2.903677758318739,1e-05,0.00018,102013.35500000001,0
2025-11-08 21:47:21.586363,102013.35500000001,20.710000000006403,0.02030126349633967,0.0,-0.12015999999999999,0.14922000000000002,0.051390000000000005,0.09783000000000001,2.903677758318739,1e-05,0.00018,102013.35500000001,0
2025-11-08 21:47:23.621929,102013.35500000001,20.710000000006403,0.02030126349633967,0.0,0.0,0.14922000000000002,0.051390000000000005,0.09783000000000001,2.903677758318739,1e-05,0.00018,102013.35500000001,0
2025-11-08 21:47:25.654233,102013.35500000001,20.710000000006403,0.02030126349633967,0.0,0.0,0.14922000000000002,0.051390000000000005,0.09783000000000001,2.903677758318739,1e-05,0.00018,102013.35500000001,0
2025-11-08 21:47:27.686681,102013.35500000001,20.710000000006403,0.02030126349633967,-8.000000000000102e-05,-8.000000000000102e-05,0.14922000000000002,0.05147000000000001,0.09775,2.899164561880707,1e-05,0.00018,102013.35500000001,0
2025-11-08 21:47:29.723930,102013.35500000001,20.710000000006403,0.02030126349633967,0.0,8.000000000000102e-05,0.14922000000000002,0.05147000000000001,0.09775,2.899164561880707,1e-05,0.00018,102013.35500000001,0
2025-11-08 21:47:31.759014,102013.35500000001,20.710000000006403,0.02030126349633967,0.0,0.0,0.14922000000000002,0.05147000000000001,0.09775,2.899164561880707,1e-05,0.00018,102013.35500000001,0
2025-11-08 21:47:33.823224,102013.35500000001,20.710000000006403,0.02030126349633967,7.999999999999999e-05,7.999999999999999e-05,0.14922000000000002,0.051390000000000005,0.09783000000000001,2.903677758318739,1e-05,0.00018,102013.35500000001,0
2025-11-08 21:47:35.856377,102013.35500000001,20.710000000006403,0.02030126349633967,0.0,-7.999999999999999e-05,0.14922000000000002,0.051390000000000005,0.09783000000000001,2.903677758318739,1e-05,0.00018,102013.35500000001,0
2025-11-08 21:47:37.889674,102013.35500000001,20.710000000006403,0.02030126349633967,-7.999999999999999e-05,-7.999999999999999e-05,0.14922000000000002,0.05147000000000001,0.09775,2.899164561880707,1e-05,0.00018,102013.35500000001,0
2025-11-08 21:47:39.925256,102013.35500000001,20.710000000006403,0.02030126349633967,8.000000000000102e-05,0.00016000000000000102,0.14922000000000002,0.051390000000000005,0.09783000000000001,2.903677758318739,1e-05,0.00018,102013.35500000001,0
2025-11-08 21:47:41.958914,102013.35500000001,20.710000000006403,0.02030126349633967,-8.000000000000102e-05,-0.00016000000000000205,0.14922000000000002,0.05147000000000001,0.09775,2.899164561880707,1e-05,0.00018,102013.35500000001,0
2025-11-08 21:47:43.986828,102013.35500000001,20.710000000006403,0.02030126349633967,0.0,8.000000000000102e-05,0.14922000000000002,0.05147000000000001,0.09775,2.899164561880707,1e-05,0.00018,102013.35500000001,0
2025-11-08 21:47:46.018216,102013.35500000001,20.710000000006403,0.02030126349633967,8.000000000000102e-05,8.000000000000102e-05,0.14922000000000002,0.051390000000000005,0.09783000000000001,2.903677758318739,1e-05,0.00018,102013.35500000001,0
2025-11-08 21:47:48.054055,102013.35500000001,20.710000000006403,0.02030126349633967,-8.000000000000102e-05,-0.00016000000000000205,0.14922000000000002,0.05147000000000001,0.09775,2.899164561880707,1e-05,0.00018,102013.35500000001,0
2025-11-08 21:47:50.088320,102013.35500000001,20.710000000006403,0.02030126349633967,0.0,8.000000000000102e-05,0.14922000000000002,0.05147000000000001,0.09775,2.899164561880707,1e-05,0.00018,102013.35500000001,0
2025-11-08 21:47:52.121338,102013.35500000001,20.710000000006403,0.02030126349633967,0.0,0.0,0.14922000000000002,0.05147000000000001,0.09775,2.899164561880707,1e-05,0.00018,102013.35500000001,0
2025-11-08 21:47:54.156844,102013.35500000001,20.710000000006403,0.02030126349633967,0.0,0.0,0.14922000000000002,0.05147000000000001,0.09775,2.899164561880707,1e-05,0.00018,102013.35500000001,0
2025-11-08 21:47:56.197152,102013.35500000001,20.710000000006403,0.02030126349633967,8.000000000000102e-05,8.000000000000102e-05,0.14922000000000002,0.051390000000000005,0.09783000000000001,2.903677758318739,1e-05,0.00018,102013.35500000001,0
2025-11-08 21:47:58.233082,102013.35500000001,20.710000000006403,0.02030126349633967,0.0,-8.000000000000102e-05,0.14922000000000002,0.051390000000000005,0.09783000000000001,2.903677758318739,1e-05,0.00018,102013.35500000001,0
2025-11-08 21:48:00.267561,102013.35500000001,20.710000000006403,0.02030126349633967,0.0,0.0,0.14922000000000002,0.051390000000000005,0.09783000000000001,2.903677758318739,1e-05,0.00018,102013.35500000001,0
2025-11-08 21:48:02.306470,102013.35500000001,20.710000000006403,0.02030126349633967,-8.000000000000102e-05,-8.000000000000102e-05,0.14922000000000002,0.05147000000000001,0.09775,2.899164561880707,1e-05,0.00018,102013.35500000001,0
2025-11-08 21:48:04.340509,102013.35500000001,20.710000000006403,0.02030126349633967,8.000000000000102e-05,0.00016000000000000205,0.14922000000000002,0.051390000000000005,0.09783000000000001,2.903677758318739,1e-05,0.00018,102013.35500000001,0
2025-11-08 21:48:06.375264,102013.35500000001,20.710000000006403,0.02030126349633967,0.0,-8.000000000000102e-05,0.14922000000000002,0.051390000000000005,0.09783000000000001,2.903677758318739,1e-05,0.00018,102013.35500000001,0
2025-11-08 21:48:08.406633,102013.35500000001,20.710000000006403,0.02030126349633967,0.0,0.0,0.14922000000000002,0.051390000000000005,0.09783000000000001,2.903677758318739,1e-05,0.00018,102013.35500000001,0
2025-11-08 21:48:10.440203,102013.35500000001,20.710000000006403,0.02030126349633967,0.0,0.0,0.14922000000000002,0.051390000000000005,0.09783000000000001,2.903677758318739,1e-05,0.00018,102013.35500000001,0
2025-11-08 21:48:12.474082,102013.35500000001,20.710000000006403,0.02030126349633967,0.0,0.0,0.14922000000000002,0.051390000000000005,0.09783000000000001,2.903677758318739,1e-05,0.00018,102011.86,0
2025-11-08 21:48:14.503590,102011.86,23.70000000001164,0.02323259275932391,4.000000000000509e-05,4.000000000000509e-05,0.14926,0.051390000000000005,0.09787,2.904456119867678,1e-05,0.00018,102011.86,0
2025-11-08 21:48:16.537868,102011.86,23.70000000001164,0.02323259275932391,-8.000000000000102e-05,-0.00012000000000000612,0.14926,0.05147000000000001,0.09778999999999999,2.899941713619584,1e-05,0.00018,102011.86,0
2025-11-08 21:48:18.572775,102011.86,23.70000000001164,0.02323259275932391,0.0,8.000000000000102e-05,0.14926,0.05147000000000001,0.09778999999999999,2.899941713619584,1e-05,0.00018,102011.86,0
2025-11-08 21:48:20.605750,102011.86,23.70000000001164,0.02323259275932391,0.0,0.0,0.14926,0.05147000000000001,0.09778999999999999,2.899941713619584,1e-05,0.00018,102049.81,1
2025-11-08 21:48:22.640335,102049.81,99.60000000000582,0.0975993977842838,0.00016000000000000042,0.00016000000000000042,0.14926,0.05131000000000001,0.09795,2.9089846033911515,1e-05,2e-05,102055.715,1
2025-11-08 21:48:24.679935,102055.715,87.7899999999936,0.08602164023836745,-7.999999999998265e-05,-0.00023999999999998307,0.14918,0.05131000000000001,0.09787,2.907425453128045,0.00015,2e-05,102061.58499999999,1
2025-11-08 21:48:26.714974,102061.58499999999,99.55000000000291,0.09753914756468159,-0.0002800000000000041,-0.00020000000000002145,0.14908,0.05149,0.09758999999999998,2.8953194795105843,0.04982,0.00025,102061.58499999999,0
2025-11-08 21:48:28.751302,102061.58499999999,99.55000000000291,0.09753914756468159,0.0,0.0002800000000000041,0.14908,0.05149,0.09758999999999998,2.8953194795105843,0.04982,0.00025,102061.59,1
2025-11-08 21:48:30.787672,102061.59,99.5399999999936,0.09752934478092454,0.00028000000000000675,0.00028000000000000675,0.14918,0.05131000000000001,0.09787,2.907425453128045,0.00015,0.00025,102064.295,1
2025-11-08 21:48:32.822039,102064.295,94.13000000000466,0.09222617958611741,-9.999999999999327e-05,-0.00038,0.14926,0.05149,0.09777,2.8988153039425133,0.05,0.00025,102064.3,1
2025-11-08 21:48:34.860191,102064.3,94.11999999999534,0.09221637732291835,0.00028000000000000675,0.00038,0.14936,0.05131000000000001,0.09804999999999998,2.9109335412200346,0.00015,0.00025,102064.295,0
2025-11-08 21:48:36.895315,102064.295,94.13000000000466,0.09222617958611741,-0.00028000000000000675,-0.0005600000000000135,0.14926,0.05149,0.09777,2.8988153039425133,0.05,0.00025,102064.295,0
2025-11-08 21:48:38.928945,102064.295,94.13000000000466,0.09222617958611741,0.0,0.00028000000000000675,0.14926,0.05149,0.09777,2.8988153039425133,0.05,0.00025,102064.295,0
2025-11-08 21:48:40.961939,102064.295,94.13000000000466,0.09222617958611741,0.0,0.0,0.14926,0.05149,0.09777,2.8988153039425133,0.05,0.00025,102064.295,0
2025-11-08 21:48:43.001287,102064.295,94.13000000000466,0.09222617958611741,0.0001700000000000006,0.0001700000000000006,0.14926,0.051320000000000005,0.09794,2.9084177708495713,0.05,0.00025,102064.295,0
2025-11-08 21:48:45.034434,102064.295,94.13000000000466,0.09222617958611741,-0.0001700000000000006,-0.0003400000000000012,0.14926,0.05149,0.09777,2.8988153039425133,0.05,0.00025,102064.295,0
2025-11-08 21:48:47.074803,102064.295,94.13000000000466,0.09222617958611741,0.0,0.0001700000000000006,0.14926,0.05149,0.09777,2.8988153039425133,0.05,0.00025,102064.295,0
2025-11-08 21:48:49.115004,102064.295,94.13000000000466,0.09222617958611741,0.0001700000000000006,0.0001700000000000006,0.14926,0.051320000000000005,0.09794,2.9084177708495713,0.05,0.00025,102084.48999999999,1
2025-11-08 21:48:51.154476,102084.48999999999,53.74000000000524,0.05264266883245951,9.000000000000696e-05,-7.999999999999365e-05,0.14935,0.051320000000000005,0.09803,2.9101714731098984,0.05,0.00025,102084.48999999999,0
2025-11-08 21:48:53.186135,102084.48999999999,53.74000000000524,0.05264266883245951,0.12086,0.12076999999999999,0.27021,0.051320000000000005,0.21889,5.265198752922837,0.05,0.00025,102088.25,1
2025-11-08 21:48:55.219366,102088.25,46.220000000001164,0.04527455412351682,0.0,-0.12086,0.27021,0.051320000000000005,0.21889,5.265198752922837,0.05,0.00025,102088.255,1
2025-11-08 21:48:57.250356,102088.255,46.2100000000064,0.045264756459992776,-0.0010300000000000031,-0.0010300000000000031,0.26918,0.051320000000000005,0.21785999999999997,5.2451286048324235,0.00013,0.00025,102088.255,0
2025-11-08 21:48:59.284346,102088.255,46.2100000000064,0.045264756459992776,1.9999999999999185e-05,0.0010500000000000023,0.26918,0.051300000000000005,0.21787999999999996,5.247173489278752,0.00013,0.00025,102092.015,1
2025-11-08 21:49:01.334828,102092.015,38.670000000012806,0.03787759503033886,0.04996,0.04994,0.26917,0.0013300000000000002,0.26784,202.38345864661653,0.00012,0.00094,102092.01999999999,1
2025-11-08 21:49:03.370664,102092.01999999999,38.68000000000757,0.037887388260128045,0.0,-0.04996,0.26917,0.0013300000000000002,0.26784,202.38345864661653,0.00012,0.00025,102092.01999999999,0
2025-11-08 21:49:05.407861,102092.01999999999,38.68000000000757,0.037887388260128045,0.0,0.0,0.26917,0.0013300000000000002,0.26784,202.38345864661653,0.00012,0.00025,102092.01999999999,0
2025-11-08 21:49:07.445976,102092.01999999999,38.68000000000757,0.037887388260128045,0.0,0.0,0.26917,0.0013300000000000002,0.26784,202.38345864661653,0.00012,0.00025,102092.01999999999,0
2025-11-08 21:49:09.480883,102092.01999999999,38.68000000000757,0.037887388260128045,-0.11984,-0.11984,0.14933000000000002,0.0013300000000000002,0.14800000000000002,112.27819548872179,0.00012,0.00025,102083.435,0
2025-11-08 21:49:11.512461,102083.435,55.85000000000582,0.05471014959479549,0.07103999999999999,0.19088,0.27034,0.051300000000000005,0.21904,5.269785575048733,0.05013,0.00025,102083.435,0
2025-11-08 21:49:13.558923,102083.435,55.85000000000582,0.05471014959479549,-0.00012000000000000227,-0.07116,0.27035,0.051430000000000003,0.21891999999999998,5.256659537235076,0.05014,0.00025,102066.37,0
2025-11-08 21:49:15.593279,102066.37,89.97999999999593,0.08815832286383452,-0.12102,-0.1209,0.14926,0.05136,0.0979,2.9061526479750777,0.05,0.00025,102066.37,0
2025-11-08 21:49:17.639531,102066.37,89.97999999999593,0.08815832286383452,0.0,0.12102,0.14926,0.05136,0.0979,2.9061526479750777,0.05,0.00025,102066.375,1
2025-11-08 21:49:19.675613,102066.375,89.97000000000116,0.08814852099920387,1.9999999999993073e-05,1.9999999999993073e-05,0.14935,0.05143000000000001,0.09792000000000001,2.9039471125802057,0.00014,0.00025,102066.375,0
2025-11-08 21:49:21.710487,102066.375,89.97000000000116,0.08814852099920387,0.0,-1.9999999999993073e-05,0.14935,0.05143000000000001,0.09792000000000001,2.9039471125802057,0.00014,0.00025,102049.805,0
2025-11-08 21:49:23.743298,102049.805,88.84999999999127,0.08706533050209285,-9.999999999996218e-06,-9.999999999996218e-06,0.14926,0.05135000000000001,0.09791,2.906718597857838,0.05,0.05,102049.81,1
2025-11-08 21:49:25.783381,102049.81,88.83999999999651,0.08705552709994904,9.999999999993074e-06,1.9999999999989292e-05,0.14935,0.05143000000000001,0.09792000000000001,2.9039471125802057,0.00014,0.05,102049.805,0
2025-11-08 21:49:27.820969,102049.805,88.83000000000175,0.08704573222849545,8.000000000000418e-05,7.000000000001111e-05,0.14935,0.05135000000000001,0.098,2.908471275559883,0.00014,2e-05,102049.805,0
2025-11-08 21:49:29.853535,102049.805,88.83000000000175,0.08704573222849545,0.0,-8.000000000000418e-05,0.14935,0.05135000000000001,0.098,2.908471275559883,0.00014,2e-05,102041.445,0
2025-11-08 21:49:31.889616,102041.445,82.8700000000099,0.08121209965226374,-0.00017000000000001113,-0.00017000000000001113,0.14926,0.05143000000000001,0.09783,2.9021971611899664,1e-05,0.05,102041.44,0
2025-11-08 21:49:33.927204,102041.44,82.86000000000058,0.0812023036915204,0.00022000000000000415,0.0003900000000000153,0.14939999999999998,0.05135000000000001,0.09804999999999997,2.9094449853943516,0.00015,2e-05,102041.445,1
2025-11-08 21:49:35.962746,102041.445,82.8700000000099,0.08121209965226374,-8.000000000000418e-05,-0.0003000000000000083,0.14939999999999998,0.05143000000000001,0.09796999999999997,2.904919307797005,0.00015,0.05,102041.44,0
2025-11-08 21:49:38.003675,102041.44,82.86000000000058,0.0812023036915204,8.000000000000418e-05,0.00016000000000000836,0.14939999999999998,0.05135000000000001,0.09804999999999997,2.9094449853943516,0.00015,2e-05,102041.44,0
2025-11-08 21:49:40.042091,102041.44,82.86000000000058,0.0812023036915204,0.0,-8.000000000000418e-05,0.14939999999999998,0.05135000000000001,0.09804999999999997,2.9094449853943516,0.00015,2e-05,102041.44,0
2025-11-08 21:49:42.078448,102041.44,82.86000000000058,0.0812023036915204,0.0,0.0,0.14939999999999998,0.05135000000000001,0.09804999999999997,2.9094449853943516,0.00015,2e-05,102041.44,0
2025-11-08 21:49:44.116763,102041.44,82.86000000000058,0.0812023036915204,0.0,0.0,0.14939999999999998,0.05135000000000001,0.09804999999999997,2.9094449853943516,0.00015,2e-05,102041.44,0
2025-11-08 21:49:46.157464,102041.44,82.86000000000058,0.0812023036915204,0.0,0.0,0.14939999999999998,0.05135000000000001,0.09804999999999997,2.9094449853943516,0.00015,2e-05,102041.445,1
2025-11-08 21:49:48.193165,102041.445,82.8700000000099,0.08121209965226374,-8.000000000000418e-05,-8.000000000000418e-05,0.14939999999999998,0.05143000000000001,0.09796999999999997,2.904919307797005,0.00015,0.05,102041.445,0
2025-11-08 21:49:50.227239,102041.445,82.8700000000099,0.08121209965226374,0.0,8.000000000000418e-05,0.14939999999999998,0.05143000000000001,0.09796999999999997,2.904919307797005,0.00015,0.05,102041.44,0
2025-11-08 21:49:52.262703,102041.44,82.86000000000058,0.0812023036915204,8.000000000000418e-05,8.000000000000418e-05,0.14939999999999998,0.05135000000000001,0.09804999999999997,2.9094449853943516,0.00015,2e-05,102041.445,1
2025-11-08 21:49:54.297183,102041.445,82.8700000000099,0.08121209965226374,-8.000000000000418e-05,-0.00016000000000000836,0.14939999999999998,0.05143000000000001,0.09796999999999997,2.904919307797005,0.00015,0.05,102041.44,0
2025-11-08 21:49:56.337264,102041.44,82.86000000000058,0.0812023036915204,7.000000000000112e-05,0.0001500000000000053,0.14939999999999998,0.05136000000000001,0.09803999999999996,2.908878504672896,0.00015,3e-05,102041.445,1
2025-11-08 21:49:58.375118,102041.445,82.8700000000099,0.08121209965226374,-7.000000000000112e-05,-0.00014000000000000224,0.14939999999999998,0.05143000000000001,0.09796999999999997,2.904919307797005,0.00015,0.05,102047.82,1
2025-11-08 21:50:00.405145,102047.82,95.6200000000099,0.09370116872659297,7.000000000000112e-05,0.00014000000000000224,0.14939999999999998,0.05136000000000001,0.09803999999999996,2.908878504672896,0.00015,3e-05,102047.82,0
2025-11-08 21:50:02.437279,102047.82,95.6200000000099,0.09370116872659297,0.0,-7.000000000000112e-05,0.14939999999999998,0.05136000000000001,0.09803999999999996,2.908878504672896,0.00015,3e-05,102047.82,0
2025-11-08 21:50:04.474146,102047.82,95.6200000000099,0.09370116872659297,0.0,0.0,0.14939999999999998,0.05136000000000001,0.09803999999999996,2.908878504672896,0.00015,3e-05,102047.82,0
2025-11-08 21:50:06.509235,102047.82,95.6200000000099,0.09370116872659297,0.0,0.0,0.14939999999999998,0.05136000000000001,0.09803999999999996,2.908878504672896,0.00015,3e-05,102050.025,1
2025-11-08 21:50:08.544099,102050.025,91.2100000000064,0.08937773410639184,-0.00014000000000000123,-0.00014000000000000123,0.14926,0.05136000000000001,0.09789999999999999,2.906152647975077,0.05,3e-05,102050.03,1
2025-11-08 21:50:10.579943,102050.03,91.20000000001164,0.08936793061208471,7.999999999999696e-05,0.0002199999999999982,0.14934,0.05136000000000001,0.09797999999999998,2.907710280373831,0.00013,3e-05,102050.03,0
2025-11-08 21:50:12.629210,102050.03,91.20000000001164,0.08936793061208471,0.0,-7.999999999999696e-05,0.14934,0.05136000000000001,0.09797999999999998,2.907710280373831,0.00013,3e-05,102050.03,0
2025-11-08 21:50:14.679397,102050.03,91.20000000001164,0.08936793061208471,0.0,0.0,0.14934,0.05136000000000001,0.09797999999999998,2.907710280373831,0.00013,3e-05,102059.295,1
2025-11-08 21:50:16.714501,102059.295,99.70999999999185,0.0976981077519611,-0.00014999999999999806,-0.00014999999999999806,0.14926,0.05143000000000001,0.09783,2.9021971611899664,0.05,0.05,102059.295,0
2025-11-08 21:50:18.756062,102059.295,99.70999999999185,0.0976981077519611,0.0,0.00014999999999999806,0.14926,0.05143000000000001,0.09783,2.9021971611899664,0.05,0.05,102063.76,1
2025-11-08 21:50:20.793155,102063.76,90.77999999999884,0.08894440102931622,0.00011999999999999511,0.00011999999999999511,0.14937999999999999,0.05143000000000001,0.09794999999999998,2.904530429710285,0.05012,0.05,102063.76,0
2025-11-08 21:50:22.833073,102063.76,90.77999999999884,0.08894440102931622,-4.9999999999994276e-05,-0.0001699999999999894,0.14933000000000002,0.05143000000000001,0.09790000000000001,2.9035582344934863,0.00012,0.05,102058.69,0
2025-11-08 21:50:24.872094,102058.69,100.89999999999418,0.09886468266444944,2.846030702774449e-19,4.999999999999456e-05,0.14926,0.05136000000000001,0.09789999999999999,2.906152647975077,0.05,3e-05,102058.69,0
2025-11-08 21:50:26.907911,102058.69,100.89999999999418,0.09886468266444944,0.0,-2.846030702774449e-19,0.14926,0.05136000000000001,0.09789999999999999,2.906152647975077,0.05,3e-05,102058.69,0
2025-11-08 21:50:28.945774,102058.69,100.89999999999418,0.09886468266444944,0.0,0.0,0.14926,0.05136000000000001,0.09789999999999999,2.906152647975077,0.05,3e-05,102058.69,0
2025-11-08 21:50:30.977926,102058.69,100.89999999999418,0.09886468266444944,0.0,0.0,0.14926,0.05136000000000001,0.09789999999999999,2.906152647975077,0.05,3e-05,102047.425,0
2025-11-08 21:50:33.013403,102047.425,78.35000000000582,0.07677802747105654,9.999999999995838e-06,9.999999999995838e-06,0.14934,0.05143000000000001,0.09791,2.9037526735368457,0.00013,0.05,102043.29999999999,0
2025-11-08 21:50:35.047406,102043.29999999999,86.58000000000175,0.08484633484021172,1.4162390878091902e-17,-9.999999999981676e-06,0.14926,0.05135000000000001,0.09791,2.906718597857838,1e-05,2e-05,102043.305,1
2025-11-08 21:50:37.082188,102043.305,86.59000000001106,0.08485613044384545,5.999999999999581e-05,5.9999999999981645e-05,0.14939999999999998,0.05143000000000001,0.09796999999999997,2.904919307797005,0.00015,0.05,102043.305,0
2025-11-08 21:50:39.115660,102043.305,86.59000000001106,0.08485613044384545,0.0,-5.999999999999581e-05,0.14939999999999998,0.05143000000000001,0.09796999999999997,2.904919307797005,0.00015,0.05,102044.04999999999,1
2025-11-08 21:50:41.150720,102044.04999999999,85.08000000000175,0.08337575782223633,-7.000000000000326e-05,-7.000000000000326e-05,0.14926,0.05136,0.0979,2.9061526479750777,0.05,3e-05,102044.04999999999,0
2025-11-08 21:50:43.189179,102044.04999999999,85.08000000000175,0.08337575782223633,0.0,7.000000000000326e-05,0.14926,0.05136,0.0979,2.9061526479750777,0.05,3e-05,102044.04999999999,0
2025-11-08 21:50:45.220388,102044.04999999999,85.08000000000175,0.08337575782223633,0.0,0.0,0.14926,0.05136,0.0979,2.9061526479750777,0.05,3e-05,102044.04999999999,0
2025-11-08 21:50:47.257049,102044.04999999999,85.08000000000175,0.08337575782223633,0.0,0.0,0.14926,0.05136,0.0979,2.9061526479750777,0.05,3e-05,102044.04999999999,0
2025-11-08 21:50:49.287145,102044.04999999999,85.08000000000175,0.08337575782223633,0.0,0.0,0.14926,0.05136,0.0979,2.9061526479750777,0.05,3e-05,102044.04999999999,0
2025-11-08 21:50:51.318953,102044.04999999999,85.08000000000175,0.08337575782223633,0.0,0.0,0.14926,0.05136,0.0979,2.9061526479750777,0.05,3e-05,102044.04999999999,0
2025-11-08 21:50:53.349394,102044.04999999999,85.08000000000175,0.08337575782223633,0.0,0.0,0.14926,0.05136,0.0979,2.9061526479750777,0.05,3e-05,102044.04999999999,0
2025-11-08 21:50:55.383494,102044.04999999999,85.08000000000175,0.08337575782223633,0.0,0.0,0.14926,0.05136,0.0979,2.9061526479750777,0.05,3e-05,102044.04999999999,0
2025-11-08 21:50:57.422441,102044.04999999999,85.08000000000175,0.08337575782223633,0.0,0.0,0.14926,0.05136,0.0979,2.9061526479750777,0.05,3e-05,102044.04999999999,0
2025-11-08 21:50:59.458164,102044.04999999999,85.08000000000175,0.08337575782223633,0.0,0.0,0.14926,0.05136,0.0979,2.9061526479750777,0.05,3e-05,102044.04999999999,0
2025-11-08 21:51:01.488397,102044.04999999999,85.08000000000175,0.08337575782223633,0.0,0.0,0.14926,0.05136,0.0979,2.9061526479750777,0.05,3e-05,102048.275,1
2025-11-08 21:51:03.521773,102048.275,78.65000000000873,0.07707136646847655,9.999999999998983e-06,9.999999999998983e-06,0.14934,0.05143000000000001,0.09791,2.9037526735368457,0.00013,0.00094,102055.16,1
2025-11-08 21:51:05.558970,102055.16,92.41999999999825,0.09055887032071504,0.0,-9.999999999998983e-06,0.14934,0.05143000000000001,0.09791,2.9037526735368457,0.00013,0.05,102055.16,0
2025-11-08 21:51:07.598221,102055.16,92.41999999999825,0.09055887032071504,0.0,0.0,0.14934,0.05143000000000001,0.09791,2.9037526735368457,0.00013,0.05,102055.16,0
2025-11-08 21:51:09.633976,102055.16,92.41999999999825,0.09055887032071504,0.0,0.0,0.14934,0.05143000000000001,0.09791,2.9037526735368457,0.00013,0.05,102055.155,0
2025-11-08 21:51:11.669463,102055.155,92.41000000000349,0.0905490761343741,7.000000000000112e-05,7.000000000000112e-05,0.14934,0.05136000000000001,0.09797999999999998,2.907710280373831,0.00013,3e-05,102055.155,0
2025-11-08 21:51:13.707515,102055.155,92.41000000000349,0.0905490761343741,0.0,-7.000000000000112e-05,0.14934,0.05136000000000001,0.09797999999999998,2.907710280373831,0.00013,3e-05,102062.81,1
2025-11-08 21:51:15.740968,102062.81,97.10000000000582,0.09513749425476903,-0.00014999999999999595,-0.00014999999999999595,0.14926,0.051430000000000003,0.09783,2.902197161189967,0.05,0.00025,102062.81,0
2025-11-08 21:51:17.774944,102062.81,97.10000000000582,0.09513749425476903,0.0,0.00014999999999999595,0.14926,0.051430000000000003,0.09783,2.902197161189967,0.05,0.00025,102062.81,0
2025-11-08 21:51:19.806632,102062.81,97.10000000000582,0.09513749425476903,0.00018999999999999573,0.00018999999999999573,0.14937999999999999,0.05136,0.09801999999999998,2.9084890965732084,0.05012,0.00025,102062.81,0
2025-11-08 21:51:21.841754,102062.81,97.10000000000582,0.09513749425476903,-0.00011999999999999511,-0.00030999999999999084,0.14926,0.05136,0.0979,2.9061526479750777,0.05,0.00025,102062.81,0
2025-11-08 21:51:23.876821,102062.81,97.10000000000582,0.09513749425476903,0.0001399999999999943,0.0002599999999999894,0.14939999999999998,0.05136,0.09803999999999997,2.9088785046728964,0.05014,0.00025,102062.81,0
2025-11-08 21:51:25.915012,102062.81,97.10000000000582,0.09513749425476903,0.0,-0.0001399999999999943,0.14939999999999998,0.05136,0.09803999999999997,2.9088785046728964,0.05014,0.00025,102062.81,0
2025-11-08 21:51:27.944934,102062.81,97.10000000000582,0.09513749425476903,-0.0001399999999999943,-0.0001399999999999943,0.14926,0.05136,0.0979,2.9061526479750777,0.05,0.00025,102062.81,0
2025-11-08 21:51:29.985114,102062.81,97.10000000000582,0.09513749425476903,0.0,0.0001399999999999943,0.14926,0.05136,0.0979,2.9061526479750777,0.05,0.00025,102052.89,0
2025-11-08 21:51:32.024135,102052.89,77.26000000000931,0.07570584233333257,0.0009499999999999927,0.0009499999999999927,0.14935,0.05050000000000001,0.09885,2.957425742574257,0.00014,0.05,102045.765,0
2025-11-08 21:51:34.059285,102045.765,91.51000000000931,0.08967545100966151,-0.0008800000000000057,-0.0018299999999999983,0.14939999999999998,0.05143000000000001,0.09796999999999997,2.904919307797005,0.00015,0.05,102045.765,0
2025-11-08 21:51:36.094566,102045.765,91.51000000000931,0.08967545100966151,0.0,0.0008800000000000057,0.14939999999999998,0.05143000000000001,0.09796999999999997,2.904919307797005,0.00015,0.05,102042.495,0
2025-11-08 21:51:38.130912,102042.495,84.97000000000116,0.08326923013789615,7.000000000000112e-05,7.000000000000112e-05,0.14939999999999998,0.05136000000000001,0.09803999999999996,2.908878504672896,0.00015,3e-05,102042.495,0
2025-11-08 21:51:40.164624,102042.495,84.97000000000116,0.08326923013789615,0.0,-7.000000000000112e-05,0.14939999999999998,0.05136000000000001,0.09803999999999996,2.908878504672896,0.00015,3e-05,102042.495,0
2025-11-08 21:51:42.198182,102042.495,84.97000000000116,0.08326923013789615,0.0,0.0,0.14939999999999998,0.05136000000000001,0.09803999999999996,2.908878504672896,0.00015,3e-05,102042.495,0
2025-11-08 21:51:44.235664,102042.495,84.97000000000116,0.08326923013789615,0.0,0.0,0.14939999999999998,0.05136000000000001,0.09803999999999996,2.908878504672896,0.00015,3e-05,102036.47,0
2025-11-08 21:51:46.271334,102036.47,72.91999999999825,0.07146464396504333,-1.0842021724855044e-18,-1.0842021724855044e-18,0.14939999999999998,0.05136000000000001,0.09803999999999996,2.908878504672896,0.00015,0.05,102036.47,0
2025-11-08 21:51:48.306248,102036.47,72.91999999999825,0.07146464396504333,-7.000000000000001e-05,-6.999999999999892e-05,0.14939999999999998,0.05143000000000001,0.09796999999999997,2.904919307797005,0.00015,0.05,102036.47,0
2025-11-08 21:51:50.343037,102036.47,72.91999999999825,0.07146464396504333,0.0,7.000000000000001e-05,0.14939999999999998,0.05143000000000001,0.09796999999999997,2.904919307797005,0.00015,0.05,102036.47,0
2025-11-08 21:51:52.375345,102036.47,72.91999999999825,0.07146464396504333,0.0,0.0,0.14939999999999998,0.05143000000000001,0.09796999999999997,2.904919307797005,0.00015,0.05,102036.47,0
2025-11-08 21:51:54.408613,102036.47,72.91999999999825,0.07146464396504333,0.0,0.0,0.14939999999999998,0.05143000000000001,0.09796999999999997,2.904919307797005,0.00015,0.05,102036.47,0
2025-11-08 21:51:56.466124,102036.47,72.91999999999825,0.07146464396504333,0.0,0.0,0.14939999999999998,0.05143000000000001,0.09796999999999997,2.904919307797005,0.00015,0.05,102036.47,0
2025-11-08 21:51:58.496011,102036.47,72.91999999999825,0.07146464396504333,0.0,0.0,0.14939999999999998,0.05143000000000001,0.09796999999999997,2.904919307797005,0.00015,0.05,102036.47,0
2025-11-08 21:52:00.533216,102036.47,72.91999999999825,0.07146464396504333,0.0,0.0,0.14939999999999998,0.05143000000000001,0.09796999999999997,2.904919307797005,0.00015,0.05,102036.465,0
2025-11-08 21:52:02.567104,102036.465,72.91000000000349,0.07145484704904613,8.000000000000418e-05,8.000000000000418e-05,0.14939999999999998,0.05135000000000001,0.09804999999999997,2.9094449853943516,0.00015,2e-05,102036.465,0
2025-11-08 21:52:04.606306,102036.465,72.91000000000349,0.07145484704904613,0.0,-8.000000000000418e-05,0.14939999999999998,0.05135000000000001,0.09804999999999997,2.9094449853943516,0.00015,2e-05,102036.465,0
2025-11-08 21:52:06.642140,102036.465,72.91000000000349,0.07145484704904613,0.0,0.0,0.14939999999999998,0.05135000000000001,0.09804999999999997,2.9094449853943516,0.00015,2e-05,102036.465,0
2025-11-08 21:52:08.681308,102036.465,72.91000000000349,0.07145484704904613,0.0,0.0,0.14939999999999998,0.05135000000000001,0.09804999999999997,2.9094449853943516,0.00015,2e-05,102036.465,0
2025-11-08 21:52:10.714674,102036.465,72.91000000000349,0.07145484704904613,0.0,0.0,0.14939999999999998,0.05135000000000001,0.09804999999999997,2.9094449853943516,0.00015,2e-05,102036.465,0
2025-11-08 21:52:12.746282,102036.465,72.91000000000349,0.07145484704904613,0.0,0.0,0.14939999999999998,0.05135000000000001,0.09804999999999997,2.9094449853943516,0.00015,2e-05,102043.20499999999,1
2025-11-08 21:52:14.778114,102043.20499999999,86.38999999999942,0.08466021818895185,-8.000000000000418e-05,-8.000000000000418e-05,0.14939999999999998,0.05143000000000001,0.09796999999999997,2.904919307797005,0.00015,0.05,102043.20499999999,0
2025-11-08 21:52:16.807020,102043.20499999999,86.38999999999942,0.08466021818895185,0.0,8.000000000000418e-05,0.14939999999999998,0.05143000000000001,0.09796999999999997,2.904919307797005,0.00015,0.05,102033.66,0
2025-11-08 21:52:18.836018,102033.66,67.30000000000291,0.06595862581034818,-0.00014,-0.00014,0.14926,0.05143000000000001,0.09783,2.9021971611899664,1e-05,0.05,102033.66,0
2025-11-08 21:52:20.869956,102033.66,67.30000000000291,0.06595862581034818,0.0,0.00014,0.14926,0.05143000000000001,0.09783,2.9021971611899664,1e-05,0.05,102024.065,0
2025-11-08 21:52:22.900678,102024.065,48.11000000000058,0.047155541195109785,-0.1209,-0.1209,0.14926,0.17233,-0.023070000000000007,0.8661289386641907,1e-05,0.05,102020.85,0
2025-11-08 21:52:24.933649,102020.85,41.68000000000757,0.040854393979277336,0.12093999999999999,0.24184,0.14926,0.051390000000000005,0.09787,2.904456119867678,1e-05,0.05,102012.31,0
2025-11-08 21:52:26.963745,102012.31,24.60000000000582,0.02411473674109117,-1.0842021724855044e-19,-0.12093999999999999,0.14926,0.051390000000000005,0.09787,2.904456119867678,1e-05,0.05,102012.31,0
2025-11-08 21:52:28.998352,102012.31,24.60000000000582,0.02411473674109117,1.0842021724855044e-19,2.168404344971009e-19,0.14926,0.051390000000000005,0.09787,2.904456119867678,1e-05,0.05,102009.6,0
2025-11-08 21:52:31.030582,102009.6,19.180000000007567,0.018802151954333282,-0.12093999999999999,-0.12093999999999999,0.14926,0.17233,-0.023070000000000007,0.8661289386641907,1e-05,0.05,102006.13,0
2025-11-08 21:52:33.088843,102006.13,12.240000000005239,0.011999278866873235,0.0,0.12093999999999999,0.14926,0.17233,-0.023070000000000007,0.8661289386641907,1e-05,0.05,102006.13,0
2025-11-08 21:52:35.120036,102006.13,12.240000000005239,0.011999278866873235,0.0,0.0,0.14926,0.17233,-0.023070000000000007,0.8661289386641907,1e-05,0.05,102006.13,0
2025-11-08 21:52:37.175155,102006.13,12.240000000005239,0.011999278866873235,0.0,0.0,0.14926,0.17233,-0.023070000000000007,0.8661289386641907,1e-05,0.05,102006.13,0
2025-11-08 21:52:39.217701,102006.13,12.240000000005239,0.011999278866873235,0.0,0.0,0.14926,0.17233,-0.023070000000000007,0.8661289386641907,1e-05,0.05,102006.13,0
2025-11-08 21:52:41.251565,102006.13,12.240000000005239,0.011999278866873235,0.0,0.0,0.14926,0.17233,-0.023070000000000007,0.8661289386641907,1e-05,0.05,102002.11,0
2025-11-08 21:52:43.280729,102002.11,4.2000000000116415,0.004117561881819544,-0.09781999999999999,-0.09781999999999999,0.05135,0.17224,-0.12089,0.2981305155596842,1e-05,5e-05,102000.015,0
2025-11-08 21:52:45.308584,102000.015,0.010000000009313226,9.803920136005103e-06,-9.000000000000571e-05,0.09772999999999998,0.05135,0.17233,-0.12098,0.2979748157604596,1e-05,0.05,102000.015,0
2025-11-08 21:52:47.334920,102000.015,0.010000000009313226,9.803920136005103e-06,0.0,9.000000000000571e-05,0.05135,0.17233,-0.12098,0.2979748157604596,1e-05,0.05,102000.015,0
2025-11-08 21:52:49.364414,102000.015,0.010000000009313226,9.803920136005103e-06,0.0,0.0,0.05135,0.17233,-0.12098,0.2979748157604596,1e-05,0.05,102000.015,0
2025-11-08 21:52:51.396847,102000.015,0.010000000009313226,9.803920136005103e-06,0.0,0.0,0.05135,0.17233,-0.12098,0.2979748157604596,1e-05,0.05,101978.41,0
2025-11-08 21:52:53.432915,101978.41,43.19999999999709,0.042361907780281226,0.12093000000000001,0.12093000000000001,0.051320000000000005,0.051370000000000006,-5.000000000000143e-05,0.9990266692622153,1e-05,4e-05,101985.435,1
2025-11-08 21:52:55.463376,101985.435,57.25,0.05613546679484184,-0.12096,-0.24189,0.051320000000000005,0.17233,-0.12101,0.2978007311553415,1e-05,0.05,101982.36499999999,0
2025-11-08 21:52:57.497312,101982.36499999999,51.11000000000058,0.05011650788839873,7.000000000000062e-05,0.12103,0.051320000000000005,0.17226,-0.12093999999999999,0.2979217461976083,1e-05,7e-05,101982.36499999999,0
2025-11-08 21:52:59.531304,101982.36499999999,51.11000000000058,0.05011650788839873,0.0,-7.000000000000062e-05,0.051320000000000005,0.17226,-0.12093999999999999,0.2979217461976083,1e-05,7e-05,101982.36499999999,0
2025-11-08 21:53:01.558639,101982.36499999999,51.11000000000058,0.05011650788839873,0.0,0.0,0.051320000000000005,0.17226,-0.12093999999999999,0.2979217461976083,1e-05,7e-05,101982.36499999999,0
2025-11-08 21:53:03.591526,101982.36499999999,51.11000000000058,0.05011650788839873,0.0,0.0,0.051320000000000005,0.17226,-0.12093999999999999,0.2979217461976083,1e-05,7e-05,101982.36499999999,0
2025-11-08 21:53:05.622237,101982.36499999999,51.11000000000058,0.05011650788839873,0.0,0.0,0.051320000000000005,0.17226,-0.12093999999999999,0.2979217461976083,1e-05,7e-05,101982.36499999999,0
2025-11-08 21:53:07.653097,101982.36499999999,51.11000000000058,0.05011650788839873,0.0,0.0,0.051320000000000005,0.17226,-0.12093999999999999,0.2979217461976083,1e-05,7e-05,101979.26000000001,0
2025-11-08 21:53:09.693948,101979.26000000001,44.90000000000873,0.04402856031707695,0.0,0.0,0.051320000000000005,0.17226,-0.12093999999999999,0.2979217461976083,1e-05,0.05,101979.255,0
2025-11-08 21:53:11.725761,101979.255,44.88999999999942,0.04401875655985074,0.0,0.0,0.051320000000000005,0.17226,-0.12093999999999999,0.2979217461976083,1e-05,7e-05,101976.095,0
2025-11-08 21:53:13.761976,101976.095,38.570000000006985,0.03782258969615083,-7.000000000001347e-05,-7.000000000001347e-05,0.051320000000000005,0.17233,-0.12101,0.2978007311553415,1e-05,0.05,101966.54999999999,0
2025-11-08 21:53:15.797224,101966.54999999999,19.479999999995925,0.019104304303711295,-0.049229999999999996,-0.04915999999999998,0.00202,0.17226,-0.17024,0.011726460002322072,1e-05,0.05,101966.54999999999,0
2025-11-08 21:53:17.833093,101966.54999999999,19.479999999995925,0.019104304303711295,0.0,0.049229999999999996,0.00202,0.17226,-0.17024,0.011726460002322072,1e-05,0.05,101963.88500000001,0
2025-11-08 21:53:19.888489,101963.88500000001,14.150000000008731,0.013877462593749472,-6.999999999999959e-05,-6.999999999999959e-05,0.00202,0.17233,-0.17031000000000002,0.011721696744617885,1e-05,0.05,101963.88500000001,0
2025-11-08 21:53:21.921653,101963.88500000001,14.150000000008731,0.013877462593749472,0.0,6.999999999999959e-05,0.00202,0.17233,-0.17031000000000002,0.011721696744617885,1e-05,0.05,101961.375,0
2025-11-08 21:53:23.955937,101961.375,9.130000000004657,0.00895437120184448,6.999999999999959e-05,6.999999999999959e-05,0.00202,0.17226,-0.17024,0.011726460002322072,1e-05,0.05,101961.375,0
2025-11-08 21:53:25.988572,101961.375,9.130000000004657,0.00895437120184448,0.0006100000000000003,0.0005400000000000008,0.0027,0.17233,-0.16963,0.015667614460627866,0.00069,0.05,101961.375,0
2025-11-08 21:53:28.017193,101961.375,9.130000000004657,0.00895437120184448,0.0,-0.0006100000000000003,0.0027,0.17233,-0.16963,0.015667614460627866,0.00069,0.05,101961.375,0
2025-11-08 21:53:30.050287,101961.375,9.130000000004657,0.00895437120184448,0.0,0.0,0.0027,0.17233,-0.16963,0.015667614460627866,0.00069,0.05,101961.375,0
2025-11-08 21:53:32.079777,101961.375,9.130000000004657,0.00895437120184448,0.0,0.0,0.0027,0.17233,-0.16963,0.015667614460627866,0.00069,0.05,101961.375,0
2025-11-08 21:53:34.112899,101961.375,9.130000000004657,0.00895437120184448,0.0,0.0,0.0027,0.17233,-0.16963,0.015667614460627866,0.00069,0.05,101961.375,0
2025-11-08 21:53:36.150398,101961.375,9.130000000004657,0.00895437120184448,0.0,0.0,0.0027,0.17233,-0.16963,0.015667614460627866,0.00069,0.05,101961.375,0
2025-11-08 21:53:38.186737,101961.375,9.130000000004657,0.00895437120184448,0.0,0.0,0.0027,0.17233,-0.16963,0.015667614460627866,0.00069,0.05,101961.37,0
2025-11-08 21:53:40.219406,101961.37,9.119999999995343,0.008944564004971043,7.999999999999571e-05,7.999999999999571e-05,0.0027,0.17225,-0.16954999999999998,0.01567489114658926,0.00069,6e-05,101968.45999999999,1
2025-11-08 21:53:42.249104,101968.45999999999,23.30000000000291,0.02285020289607484,-7.999999999999571e-05,-0.00015999999999999142,0.0027,0.17233,-0.16963,0.015667614460627866,0.00069,0.05,101968.455,0
2025-11-08 21:53:44.280877,101968.455,23.29000000000815,0.022840397062020942,6.999999999999959e-05,0.0001499999999999953,0.0027,0.17226,-0.16956,0.015673981191222573,0.00069,7e-05,101968.455,0
2025-11-08 21:53:46.322162,101968.455,23.29000000000815,0.022840397062020942,0.0,-6.999999999999959e-05,0.0027,0.17226,-0.16956,0.015673981191222573,0.00069,7e-05,101975.29000000001,1
2025-11-08 21:53:48.384162,101975.29000000001,36.9600000000064,0.036244074422349185,0.04923,0.04923,0.052000000000000005,0.17233,-0.12033,0.3017466488713515,0.00069,0.05,101975.285,0
2025-11-08 21:53:50.413454,101975.285,36.94999999999709,0.03623426990176795,7.000000000001347e-05,-0.04915999999999999,0.052000000000000005,0.17226,-0.12025999999999999,0.3018692673865088,0.00069,7e-05,101982.17,1
2025-11-08 21:53:52.444147,101982.17,50.720000000001164,0.04973418392646594,-7.000000000001347e-05,-0.00014000000000002693,0.052000000000000005,0.17233,-0.12033,0.3017466488713515,0.00069,0.05,101982.16500000001,0
2025-11-08 21:53:54.475679,101982.16500000001,50.7100000000064,0.049724380728734675,6.0000000000003464e-05,0.00013000000000001693,0.052000000000000005,0.17227,-0.12027,0.3018517443547919,0.00069,8e-05,101990.41,1
2025-11-08 21:53:56.506598,101990.41,67.19999999999709,0.06588854775659504,-6.0000000000004494e-05,-0.00012000000000000796,0.052000000000000005,0.17233,-0.12033,0.3017466488713515,0.00069,0.05,101990.405,0
2025-11-08 21:53:58.535875,101990.405,67.19000000000233,0.06587874614283798,0.12091,0.12097000000000001,0.052000000000000005,0.05142000000000001,0.0005799999999999972,1.0112796577207313,0.00069,9e-05,101990.405,0
2025-11-08 21:54:00.567698,101990.405,67.19000000000233,0.06587874614283798,0.0,-0.12091,0.052000000000000005,0.05142000000000001,0.0005799999999999972,1.0112796577207313,0.00069,9e-05,101990.405,0
2025-11-08 21:54:02.596270,101990.405,67.19000000000233,0.06587874614283798,0.0,0.0,0.052000000000000005,0.05142000000000001,0.0005799999999999972,1.0112796577207313,0.00069,9e-05,101982.11499999999,0
2025-11-08 21:54:04.630542,101982.11499999999,50.61000000000058,0.0496263486984954,-0.12085,-0.12085,0.052000000000000005,0.17227,-0.12027,0.3018517443547919,0.00069,8e-05,101974.94,0
2025-11-08 21:54:06.657779,101974.94,36.26000000000931,0.035557755660370394,-6.0000000000003464e-05,0.12079,0.052000000000000005,0.17233,-0.12033,0.3017466488713515,0.00069,0.05,101974.94,0
2025-11-08 21:54:08.690587,101974.94,36.26000000000931,0.035557755660370394,0.0,6.0000000000003464e-05,0.052000000000000005,0.17233,-0.12033,0.3017466488713515,0.00069,0.05,101971.67499999999,0
2025-11-08 21:54:10.722448,101971.67499999999,29.729999999995925,0.02915515509576157,0.0,0.0,0.052000000000000005,0.17233,-0.12033,0.3017466488713515,0.00069,0.05,101971.67,0
2025-11-08 21:54:12.753184,101971.67,29.720000000001164,0.029145349880021737,7.000000000001347e-05,7.000000000001347e-05,0.052000000000000005,0.17226,-0.12025999999999999,0.3018692673865088,0.00069,7e-05,101971.67,0
2025-11-08 21:54:14.784653,101971.67,29.720000000001164,0.029145349880021737,0.0,-7.000000000001347e-05,0.052000000000000005,0.17226,-0.12025999999999999,0.3018692673865088,0.00069,7e-05,101971.67,0
2025-11-08 21:54:16.816163,101971.67,29.720000000001164,0.029145349880021737,0.0,0.0,0.052000000000000005,0.17226,-0.12025999999999999,0.3018692673865088,0.00069,7e-05,101971.67,0
2025-11-08 21:54:18.846351,101971.67,29.720000000001164,0.029145349880021737,0.0,0.0,0.052000000000000005,0.17226,-0.12025999999999999,0.3018692673865088,0.00069,7e-05,101980.315,1
2025-11-08 21:54:20.873257,101980.315,47.01000000000931,0.04609713158859071,-6.999999999999959e-05,-6.999999999999959e-05,0.052000000000000005,0.17233,-0.12033,0.3017466488713515,0.00069,0.05,101980.315,0
2025-11-08 21:54:22.899584,101980.315,47.01000000000931,0.04609713158859071,0.0,6.999999999999959e-05,0.052000000000000005,0.17233,-0.12033,0.3017466488713515,0.00069,0.05,101988.45,1
2025-11-08 21:54:24.930048,101988.45,63.279999999998836,0.06204624151067972,0.12093,0.12093,0.052000000000000005,0.05140000000000001,0.0005999999999999964,1.0116731517509727,0.00069,0.05,101988.45,0
2025-11-08 21:54:26.961424,101988.45,63.279999999998836,0.06204624151067972,-0.12093,-0.24186,0.052000000000000005,0.17233,-0.12033,0.3017466488713515,0.00069,0.05,101988.45,0
2025-11-08 21:54:28.999827,101988.45,63.279999999998836,0.06204624151067972,0.0,0.12093,0.052000000000000005,0.17233,-0.12033,0.3017466488713515,0.00069,0.05,101988.45,0
2025-11-08 21:54:31.029924,101988.45,63.279999999998836,0.06204624151067972,0.0,0.0,0.052000000000000005,0.17233,-0.12033,0.3017466488713515,0.00069,0.05,101988.45,0
2025-11-08 21:54:33.062138,101988.45,63.279999999998836,0.06204624151067972,0.0,0.0,0.052000000000000005,0.17233,-0.12033,0.3017466488713515,0.00069,0.05,101988.45,0
2025-11-08 21:54:35.093103,101988.45,63.279999999998836,0.06204624151067972,0.0,0.0,0.052000000000000005,0.17233,-0.12033,0.3017466488713515,0.00069,0.05,101988.45,0
2025-11-08 21:54:37.126069,101988.45,63.279999999998836,0.06204624151067972,0.0,0.0,0.052000000000000005,0.17233,-0.12033,0.3017466488713515,0.00069,0.05,101988.45,0
2025-11-08 21:54:39.154052,101988.45,63.279999999998836,0.06204624151067972,-2.999999999999997e-05,-2.999999999999997e-05,0.05197,0.17233,-0.12036000000000001,0.30157256426623336,0.00066,0.05,101983.475,0
2025-11-08 21:54:41.187156,101983.475,53.330000000001746,0.05229278566944472,7.000000000000273e-05,0.0001000000000000027,0.05197,0.17226,-0.12029,0.30169511203993965,0.00066,7e-05,101983.475,0
2025-11-08 21:54:43.220028,101983.475,53.330000000001746,0.05229278566944472,0.0,-7.000000000000273e-05,0.05197,0.17226,-0.12029,0.30169511203993965,0.00066,7e-05,101983.475,0
2025-11-08 21:54:45.252338,101983.475,53.330000000001746,0.05229278566944472,0.0,0.0,0.05197,0.17226,-0.12029,0.30169511203993965,0.00066,7e-05,101983.475,0
2025-11-08 21:54:47.298502,101983.475,53.330000000001746,0.05229278566944472,0.0,0.0,0.05197,0.17226,-0.12029,0.30169511203993965,0.00066,7e-05,101983.475,0
2025-11-08 21:54:49.328770,101983.475,53.330000000001746,0.05229278566944472,0.0,0.0,0.05197,0.17226,-0.12029,0.30169511203993965,0.00066,7e-05,101983.475,0
2025-11-08 21:54:51.391762,101983.475,53.330000000001746,0.05229278566944472,0.0,0.0,0.05197,0.17226,-0.12029,0.30169511203993965,0.00066,7e-05,101983.475,0
2025-11-08 21:54:53.424038,101983.475,53.330000000001746,0.05229278566944472,0.0,0.0,0.05197,0.17226,-0.12029,0.30169511203993965,0.00066,7e-05,101983.475,0
2025-11-08 21:54:55.456124,101983.475,53.330000000001746,0.05229278566944472,0.0,0.0,0.05197,0.17226,-0.12029,0.30169511203993965,0.00066,7e-05,101983.475,0
2025-11-08 21:54:57.493293,101983.475,53.330000000001746,0.05229278566944472,0.0,0.0,0.05197,0.17226,-0.12029,0.30169511203993965,0.00066,7e-05,101983.475,0
2025-11-08 21:54:59.525041,101983.475,53.330000000001746,0.05229278566944472,0.0,0.0,0.05197,0.17226,-0.12029,0.30169511203993965,0.00066,7e-05,101983.475,0
2025-11-08 21:55:01.558843,101983.475,53.330000000001746,0.05229278566944472,0.0,0.0,0.05197,0.17226,-0.12029,0.30169511203993965,0.00066,7e-05,101980.465,0
2025-11-08 21:55:03.598895,101980.465,47.30999999999767,0.0463912377728398,0.0,0.0,0.05197,0.17226,-0.12029,0.30169511203993965,0.00066,0.05,101980.465,0
2025-11-08 21:55:05.643847,101980.465,47.30999999999767,0.0463912377728398,-6.999999999999959e-05,-6.999999999999959e-05,0.05197,0.17233,-0.12036000000000001,0.30157256426623336,0.00066,0.05,101977.04999999999,0
2025-11-08 21:55:07.676940,101977.04999999999,40.479999999995925,0.03969520593113444,7.999999999999571e-05,0.0001499999999999953,0.05197,0.17225,-0.12027999999999998,0.3017126269956459,0.00066,0.05,101972.51999999999,0
2025-11-08 21:55:09.708111,101972.51999999999,31.419999999998254,0.030812222743929696,1.0000000000001978e-05,-6.999999999999373e-05,0.05197,0.17224,-0.12027,0.30173014398513703,0.00066,5e-05,101979.41,1
2025-11-08 21:55:11.741044,101979.41,45.19999999999709,0.04432267258655163,-9.000000000000571e-05,-0.00010000000000000769,0.05197,0.17233,-0.12036000000000001,0.30157256426623336,0.00066,0.05,101974.84,0
2025-11-08 21:55:13.774635,101974.84,36.05999999999767,0.035361663720185954,-0.0493,-0.04920999999999999,0.00267,0.17233,-0.16966,0.015493529855509777,0.00066,0.05,101963.88500000001,0
2025-11-08 21:55:15.821725,101963.88500000001,14.150000000008731,0.013877462593749472,0.0,0.0493,0.00267,0.17233,-0.16966,0.015493529855509777,0.00066,0.05,101963.88500000001,0
2025-11-08 21:55:17.849401,101963.88500000001,14.150000000008731,0.013877462593749472,0.00068,0.00068,0.00267,0.17165,-0.16898,0.01555490824351879,0.00066,0.04932,101963.88500000001,0
2025-11-08 21:55:19.881815,101963.88500000001,14.150000000008731,0.013877462593749472,0.0,-0.00068,0.00267,0.17165,-0.16898,0.01555490824351879,0.00066,0.04932,101963.88500000001,0
2025-11-08 21:55:21.908374,101963.88500000001,14.150000000008731,0.013877462593749472,0.0,0.0,0.00267,0.17165,-0.16898,0.01555490824351879,0.00066,0.04932,101963.88500000001,0
2025-11-08 21:55:23.939347,101963.88500000001,14.150000000008731,0.013877462593749472,0.0,0.0,0.00267,0.17165,-0.16898,0.01555490824351879,0.00066,0.04932,101963.88500000001,0
2025-11-08 21:55:25.971737,101963.88500000001,14.150000000008731,0.013877462593749472,0.0,0.0,0.00267,0.17165,-0.16898,0.01555490824351879,0.00066,0.04932,101968.15,1
2025-11-08 21:55:28.002049,101968.15,22.680000000007567,0.022242239365927074,-0.0005899999999999944,-0.0005899999999999944,0.00267,0.17224,-0.16957,0.015501625638643752,0.00066,5e-05,101968.15,0
2025-11-08 21:55:30.037046,101968.15,22.680000000007567,0.022242239365927074,0.00010000000000000002,0.0006899999999999944,0.00267,0.17214000000000002,-0.16947,0.015510630881840362,0.00066,5e-05,101968.15,0
2025-11-08 21:55:32.073208,101968.15,22.680000000007567,0.022242239365927074,0.0,-0.00010000000000000002,0.00267,0.17214000000000002,-0.16947,0.015510630881840362,0.00066,5e-05,101968.15,0
2025-11-08 21:55:34.102852,101968.15,22.680000000007567,0.022242239365927074,0.0,0.0,0.00267,0.17214000000000002,-0.16947,0.015510630881840362,0.00066,5e-05,101972.64,1
2025-11-08 21:55:36.137302,101972.64,31.660000000003492,0.031047543733302867,-0.0002000000000000019,-0.0002000000000000019,0.00267,0.17234,-0.16967,0.01549263084600209,0.00066,0.05,101972.64,0
2025-11-08 21:55:38.172089,101972.64,31.660000000003492,0.031047543733302867,0.0,0.0002000000000000019,0.00267,0.17234,-0.16967,0.01549263084600209,0.00066,0.05,101969.62,0
2025-11-08 21:55:40.208950,101969.62,25.619999999995343,0.025125130406483173,0.0001900000000000096,0.0001900000000000096,0.00267,0.17215,-0.16948,0.015509729886726692,0.00066,6e-05,101969.625,1
2025-11-08 21:55:42.241955,101969.625,25.630000000004657,0.025134936016489865,-0.0001900000000000096,-0.0003800000000000192,0.00267,0.17234,-0.16967,0.01549263084600209,0.00066,0.05,101966.51000000001,0
2025-11-08 21:55:44.276278,101966.51000000001,19.40000000000873,0.019025854665427628,0.00018,0.00037000000000000964,0.00267,0.17216,-0.16949,0.015508828996282528,0.00066,0.05,101966.51000000001,0
2025-11-08 21:55:46.308399,101966.51000000001,19.40000000000873,0.019025854665427628,-0.00017999999999999676,-0.00035999999999999677,0.00267,0.17234000000000002,-0.16967000000000002,0.015492630846002088,0.00066,0.05,101966.51000000001,0
2025-11-08 21:55:48.338337,101966.51000000001,19.40000000000873,0.019025854665427628,0.0,0.00017999999999999676,0.00267,0.17234000000000002,-0.16967000000000002,0.015492630846002088,0.00066,0.05,101966.51000000001,0
2025-11-08 21:55:50.369093,101966.51000000001,19.40000000000873,0.019025854665427628,0.0,0.0,0.00267,0.17234000000000002,-0.16967000000000002,0.015492630846002088,0.00066,0.05,101966.51000000001,0
2025-11-08 21:55:52.397298,101966.51000000001,19.40000000000873,0.019025854665427628,0.0,0.0,0.00267,0.17234000000000002,-0.16967000000000002,0.015492630846002088,0.00066,0.05,101966.505,0
2025-11-08 21:55:54.425597,101966.505,19.389999999999418,0.01901604845630378,0.00018000000000001064,0.00018000000000001064,0.00267,0.17216,-0.16949,0.015508828996282528,0.00066,7e-05,101973.14,1
2025-11-08 21:55:56.473581,101973.14,32.66000000000349,0.032028041894172805,-0.00018000000000000272,-0.00036000000000001336,0.00267,0.17234,-0.16967,0.01549263084600209,0.00066,0.05,101973.14,0
2025-11-08 21:55:58.515653,101973.14,32.66000000000349,0.032028041894172805,0.049300000000000004,0.04948,0.05197,0.17234,-0.12036999999999999,0.30155506556806316,0.00066,0.05,101973.13500000001,0
2025-11-08 21:56:00.544444,101973.13500000001,32.65000000000873,0.03201823696016478,0.0001799999999999996,-0.049120000000000004,0.05197,0.17216,-0.12019,0.3018703531598513,0.00066,7e-05,101973.13500000001,0
2025-11-08 21:56:02.575404,101973.13500000001,32.65000000000873,0.03201823696016478,0.0,-0.0001799999999999996,0.05197,0.17216,-0.12019,0.3018703531598513,0.00066,7e-05,101973.13500000001,0
2025-11-08 21:56:04.646966,101973.13500000001,32.65000000000873,0.03201823696016478,0.0,0.0,0.05197,0.17216,-0.12019,0.3018703531598513,0.00066,7e-05,101973.13500000001,0
2025-11-08 21:56:06.673851,101973.13500000001,32.65000000000873,0.03201823696016478,0.0,0.0,0.05197,0.17216,-0.12019,0.3018703531598513,0.00066,7e-05,101978.11499999999,1
2025-11-08 21:56:08.706828,101978.11499999999,42.61000000000058,0.04178347481712187,-0.0001799999999999996,-0.0001799999999999996,0.05197,0.17234,-0.12036999999999999,0.30155506556806316,0.00066,0.05,101978.11,0
2025-11-08 21:56:10.738045,101978.11,42.60000000000582,0.0417736708397575,0.00017000000000000348,0.0003500000000000031,0.05197,0.17217,-0.12019999999999999,0.3018528198873207,0.00066,8e-05,101978.11,0
2025-11-08 21:56:12.769742,101978.11,42.60000000000582,0.0417736708397575,0.0,-0.00017000000000000348,0.05197,0.17217,-0.12019999999999999,0.3018528198873207,0.00066,8e-05,101978.11,0
2025-11-08 21:56:14.802366,101978.11,42.60000000000582,0.0417736708397575,0.0,0.0,0.05197,0.17217,-0.12019999999999999,0.3018528198873207,0.00066,8e-05,101978.11,0
2025-11-08 21:56:16.840874,101978.11,42.60000000000582,0.0417736708397575,0.0,0.0,0.05197,0.17217,-0.12019999999999999,0.3018528198873207,0.00066,8e-05,101978.11,0
2025-11-08 21:56:18.877682,101978.11,42.60000000000582,0.0417736708397575,0.0,0.0,0.05197,0.17217,-0.12019999999999999,0.3018528198873207,0.00066,8e-05,101978.11,0
2025-11-08 21:56:20.918765,101978.11,42.60000000000582,0.0417736708397575,0.0,0.0,0.05197,0.17217,-0.12019999999999999,0.3018528198873207,0.00066,8e-05,101978.11,0
2025-11-08 21:56:22.956360,101978.11,42.60000000000582,0.0417736708397575,0.0,0.0,0.05197,0.17217,-0.12019999999999999,0.3018528198873207,0.00066,8e-05,101978.11,0
2025-11-08 21:56:24.992971,101978.11,42.60000000000582,0.0417736708397575,0.0,0.0,0.05197,0.17217,-0.12019999999999999,0.3018528198873207,0.00066,8e-05,101978.11,0
2025-11-08 21:56:27.024994,101978.11,42.60000000000582,0.0417736708397575,0.0,0.0,0.05197,0.17217,-0.12019999999999999,0.3018528198873207,0.00066,8e-05,101978.11,0
2025-11-08 21:56:29.060209,101978.11,42.60000000000582,0.0417736708397575,0.0,0.0,0.05197,0.17217,-0.12019999999999999,0.3018528198873207,0.00066,8e-05,101978.11,0
2025-11-08 21:56:31.096314,101978.11,42.60000000000582,0.0417736708397575,0.0,0.0,0.05197,0.17217,-0.12019999999999999,0.3018528198873207,0.00066,8e-05,101978.11,0
2025-11-08 21:56:33.139019,101978.11,42.60000000000582,0.0417736708397575,0.0,0.0,0.05197,0.17217,-0.12019999999999999,0.3018528198873207,0.00066,8e-05,101972.63500000001,0
2025-11-08 21:56:35.172969,101972.63500000001,31.65000000000873,0.031037738703142,1.0000000000000013e-05,1.0000000000000013e-05,0.05197,0.17216,-0.12019,0.3018703531598513,0.00066,7e-05,101969.22,0
2025-11-08 21:56:37.204227,101969.22,24.820000000006985,0.024340678491026002,-0.049300000000000004,-0.04931000000000001,0.00267,0.17216,-0.16949,0.015508828996282528,0.00066,0.05,101965.005,0
2025-11-08 21:56:39.241387,101965.005,16.389999999999418,0.016074142300095427,-0.0001799999999999996,0.049120000000000004,0.00267,0.17234000000000002,-0.16967000000000002,0.015492630846002088,0.00066,0.05,101965.0,0
2025-11-08 21:56:41.280711,101965.0,16.380000000004657,0.016064335801505084,0.00018000000000001064,0.00036000000000001027,0.00267,0.17216,-0.16949,0.015508828996282528,0.00066,7e-05,101965.0,0
2025-11-08 21:56:43.311287,101965.0,16.380000000004657,0.016064335801505084,0.0,-0.00018000000000001064,0.00267,0.17216,-0.16949,0.015508828996282528,0.00066,7e-05,101965.0,0
2025-11-08 21:56:45.346409,101965.0,16.380000000004657,0.016064335801505084,0.0,0.0,0.00267,0.17216,-0.16949,0.015508828996282528,0.00066,7e-05,101965.0,0
2025-11-08 21:56:47.378219,101965.0,16.380000000004657,0.016064335801505084,0.0,0.0,0.00267,0.17216,-0.16949,0.015508828996282528,0.00066,7e-05,101965.0,0
2025-11-08 21:56:49.411177,101965.0,16.380000000004657,0.016064335801505084,0.0,0.0,0.00267,0.17216,-0.16949,0.015508828996282528,0.00066,7e-05,101965.0,0
2025-11-08 21:56:51.444659,101965.0,16.380000000004657,0.016064335801505084,0.0,0.0,0.00267,0.17216,-0.16949,0.015508828996282528,0.00066,7e-05,101965.0,0
2025-11-08 21:56:53.473801,101965.0,16.380000000004657,0.016064335801505084,0.0,0.0,0.00267,0.17216,-0.16949,0.015508828996282528,0.00066,7e-05,101965.0,0
2025-11-08 21:56:55.513950,101965.0,16.380000000004657,0.016064335801505084,0.0,0.0,0.00267,0.17216,-0.16949,0.015508828996282528,0.00066,7e-05,101965.0,0
2025-11-08 21:56:57.545575,101965.0,16.380000000004657,0.016064335801505084,0.0,0.0,0.00267,0.17216,-0.16949,0.015508828996282528,0.00066,7e-05,101965.0,0
2025-11-08 21:57:00.987143,101965.0,16.380000000004657,0.016064335801505084,0.0,0.0,0.00267,0.17216,-0.16949,0.015508828996282528,0.00066,7e-05,101965.0,0
2025-11-08 21:57:03.040924,101965.0,16.380000000004657,0.016064335801505084,0.0,0.0,0.00267,0.17216,-0.16949,0.015508828996282528,0.00066,7e-05,101965.0,0
2025-11-08 21:57:05.089188,101965.0,16.380000000004657,0.016064335801505084,0.0,0.0,0.00267,0.17216,-0.16949,0.015508828996282528,0.00066,7e-05,101965.0,0
2025-11-08 21:57:07.118712,101965.0,16.380000000004657,0.016064335801505084,0.0,0.0,0.00267,0.17216,-0.16949,0.015508828996282528,0.00066,7e-05,101965.0,0
2025-11-08 21:57:09.151879,101965.0,16.380000000004657,0.016064335801505084,0.0,0.0,0.00267,0.17216,-0.16949,0.015508828996282528,0.00066,7e-05,101965.0,0
2025-11-08 21:57:11.188454,101965.0,16.380000000004657,0.016064335801505084,0.0,0.0,0.00267,0.17216,-0.16949,0.015508828996282528,0.00066,7e-05,101965.0,0
2025-11-08 21:57:13.220729,101965.0,16.380000000004657,0.016064335801505084,0.0,0.0,0.00267,0.17216,-0.16949,0.015508828996282528,0.00066,7e-05,101970.68,1
2025-11-08 21:57:15.254108,101970.68,27.74000000000524,0.02720389821859111,-0.00018000000000000272,-0.00018000000000000272,0.00267,0.17234,-0.16967,0.01549263084600209,0.00066,0.05,101970.67499999999,0
2025-11-08 21:57:17.286656,101970.67499999999,27.729999999995925,0.02719409281148323,0.0001799999999999996,0.00036000000000000235,0.00267,0.17216,-0.16949,0.015508828996282528,0.00066,7e-05,101968.11499999999,0
2025-11-08 21:57:19.318169,101968.11499999999,22.610000000000582,0.022173598089952517,-0.00018000000000001348,-0.0003600000000000131,0.00267,0.17234000000000002,-0.16967000000000002,0.015492630846002088,0.00066,0.05,101965.405,0
2025-11-08 21:57:21.348169,101965.405,17.19000000000233,0.01685865907167468,0.00017999999999999676,0.00036000000000001027,0.00267,0.17216,-0.16949,0.015508828996282528,0.00066,0.05,101965.405,0
2025-11-08 21:57:23.383556,101965.405,17.19000000000233,0.01685865907167468,0.0,-0.00017999999999999676,0.00267,0.17216,-0.16949,0.015508828996282528,0.00066,0.05,101965.405,0
2025-11-08 21:57:25.419420,101965.405,17.19000000000233,0.01685865907167468,-0.00017999999999999676,-0.00017999999999999676,0.00267,0.17234000000000002,-0.16967000000000002,0.015492630846002088,0.00066,0.05,101965.405,0
2025-11-08 21:57:27.451166,101965.405,17.19000000000233,0.01685865907167468,0.0,0.00017999999999999676,0.00267,0.17234000000000002,-0.16967000000000002,0.015492630846002088,0.00066,0.05,101965.4,0
2025-11-08 21:57:29.480453,101965.4,17.180000000007567,0.016848852650023997,0.00019000000000000676,0.00019000000000000676,0.00267,0.17215,-0.16948,0.015509729886726692,0.00066,6e-05,101965.4,0
2025-11-08 21:57:31.512382,101965.4,17.180000000007567,0.016848852650023997,0.0,-0.00019000000000000676,0.00267,0.17215,-0.16948,0.015509729886726692,0.00066,6e-05,101965.4,0
2025-11-08 21:57:33.546748,101965.4,17.180000000007567,0.016848852650023997,0.0,0.0,0.00267,0.17215,-0.16948,0.015509729886726692,0.00066,6e-05,101965.4,0
2025-11-08 21:57:35.583249,101965.4,17.180000000007567,0.016848852650023997,0.0,0.0,0.00267,0.17215,-0.16948,0.015509729886726692,0.00066,6e-05,101965.4,0
2025-11-08 21:57:37.615000,101965.4,17.180000000007567,0.016848852650023997,0.0,0.0,0.00267,0.17215,-0.16948,0.015509729886726692,0.00066,6e-05,101965.4,0
2025-11-08 21:57:39.648165,101965.4,17.180000000007567,0.016848852650023997,0.0,0.0,0.00267,0.17215,-0.16948,0.015509729886726692,0.00066,6e-05,101965.4,0
2025-11-08 21:57:41.682048,101965.4,17.180000000007567,0.016848852650023997,0.0,0.0,0.00267,0.17215,-0.16948,0.015509729886726692,0.00066,6e-05,101965.4,0
2025-11-08 21:57:43.713267,101965.4,17.180000000007567,0.016848852650023997,0.0,0.0,0.00267,0.17215,-0.16948,0.015509729886726692,0.00066,6e-05,101965.4,0
2025-11-08 21:57:45.743136,101965.4,17.180000000007567,0.016848852650023997,0.0,0.0,0.00267,0.17215,-0.16948,0.015509729886726692,0.00066,6e-05,101965.4,0
2025-11-08 21:57:47.773746,101965.4,17.180000000007567,0.016848852650023997,0.0,0.0,0.00267,0.17215,-0.16948,0.015509729886726692,0.00066,6e-05,101956.805,0
2025-11-08 21:57:49.802492,101956.805,0.00999999999476131,9.808075090977312e-06,-0.0008000000000000069,-0.0008000000000000069,0.00206,0.17234000000000002,-0.17028000000000001,0.011953115933619588,0.00116,0.05,101953.405,0
2025-11-08 21:57:51.833108,101953.405,6.809999999997672,0.006679521885510025,-0.0021600000000000005,-0.0013599999999999936,0.00101,0.17345000000000002,-0.17244,0.005823003747477659,5e-05,0.05,101953.405,0
2025-11-08 21:57:53.861699,101953.405,6.809999999997672,0.006679521885510025,0.0,0.0021600000000000005,0.00101,0.17345000000000002,-0.17244,0.005823003747477659,5e-05,0.05,101918.20999999999,0
2025-11-08 21:57:55.892109,101918.20999999999,36.419999999998254,0.03573453654650945,0.05140000000000001,0.05140000000000001,0.050960000000000005,0.17200000000000001,-0.12104000000000001,0.2962790697674419,0.0001,5e-05,101911.735,0
2025-11-08 21:57:57.924825,101911.735,23.470000000001164,0.023029732542578306,-6.000000000000558e-05,-0.05146000000000001,0.052210000000000006,0.17331,-0.12109999999999999,0.30125209162771915,0.0001,0.05,101901.58499999999,0
2025-11-08 21:57:59.959455,101901.58499999999,3.1699999999982538,0.003110844644858325,0.0013200000000000017,0.0013800000000000073,0.052210000000000006,0.17199,-0.11978,0.30356416070701786,0.0001,0.05,101901.58499999999,0
2025-11-08 21:58:02.012472,101901.58499999999,3.1699999999982538,0.003110844644858325,-0.0013200000000000017,-0.0026400000000000035,0.052210000000000006,0.17331,-0.12109999999999999,0.30125209162771915,0.0001,0.05,101901.58,0
2025-11-08 21:58:04.047051,101901.58,3.1600000000034925,0.003101031406974742,-0.048579999999999984,-0.04725999999999998,0.00231,0.17199,-0.16968,0.01343101343101343,0.0001,4e-05,101909.47,1
2025-11-08 21:58:06.078915,101909.47,18.94000000000233,0.01858512265837741,0.048579999999999984,0.09715999999999997,0.052210000000000006,0.17331,-0.12109999999999999,0.30125209162771915,0.0001,0.05,101909.465,0
2025-11-08 21:58:08.111728,101909.465,18.929999999993015,0.018575310938972172,-0.04858999999999999,-0.09716999999999998,0.0023,0.17199,-0.16969,0.013372870515727659,0.0001,4e-05,101912.94,1
2025-11-08 21:58:10.142152,101912.94,25.880000000004657,0.02539422373646041,0.04858999999999999,0.09717999999999997,0.052210000000000006,0.17331,-0.12109999999999999,0.30125209162771915,0.0001,0.05,101912.94,0
2025-11-08 21:58:12.172276,101912.94,25.880000000004657,0.02539422373646041,-0.0499,-0.09849,0.00231,0.17331,-0.17099999999999999,0.013328717327332526,0.0001,0.05,101901.13,0
2025-11-08 21:58:14.205417,101901.13,2.2599999999947613,0.0022178360534321467,0.051210000000000006,0.10111,0.052210000000000006,0.17200000000000001,-0.11979000000000001,0.30354651162790697,0.0001,5e-05,101907.61499999999,1
2025-11-08 21:58:16.237922,101907.61499999999,15.229999999995925,0.014944908680274704,-0.0005200000000000066,-0.05173000000000001,0.052210000000000006,0.17252,-0.12031,0.3026315789473685,0.0001,0.05,101904.15,0
2025-11-08 21:58:18.270096,101904.15,8.30000000000291,0.008144908720599614,0.0005099999999999966,0.0010300000000000031,0.052210000000000006,0.17201,-0.11979999999999999,0.30352886460089534,0.0001,0.05,101904.15,0
2025-11-08 21:58:20.301787,101904.15,8.30000000000291,0.008144908720599614,0.0,-0.0005099999999999966,0.052210000000000006,0.17201,-0.11979999999999999,0.30352886460089534,0.0001,0.05,101904.15,0
2025-11-08 21:58:22.334223,101904.15,8.30000000000291,0.008144908720599614,0.0,0.0,0.052210000000000006,0.17201,-0.11979999999999999,0.30352886460089534,0.0001,0.05,101904.15,0
2025-11-08 21:58:24.361976,101904.15,8.30000000000291,0.008144908720599614,0.0,0.0,0.052210000000000006,0.17201,-0.11979999999999999,0.30352886460089534,0.0001,0.05,101900.005,0
2025-11-08 21:58:26.399506,101900.005,0.00999999999476131,9.81354220224161e-06,-0.03036,-0.03036,0.02185,0.17201,-0.15016,0.12702749840125574,0.0001,0.05,101900.005,0
2025-11-08 21:58:28.432919,101900.005,0.00999999999476131,9.81354220224161e-06,-0.02084000000000001,0.00951999999999999,0.00231,0.17331,-0.17099999999999999,0.013328717327332526,0.0001,0.05,101900.005,0
2025-11-08 21:58:30.462767,101900.005,0.00999999999476131,9.81354220224161e-06,0.01949,0.04033000000000001,0.0218,0.17331,-0.15150999999999998,0.12578616352201258,5e-05,0.05,101845.345,0
2025-11-08 21:58:32.500135,101845.345,0.010000000009313226,9.818809106408571e-06,0.050640000000000004,0.031150000000000004,0.07178,0.17265000000000003,-0.10087000000000003,0.41575441644946415,0.00132,0.05,101845.345,0
2025-11-08 21:58:34.532119,101845.345,0.010000000009313226,9.818809106408571e-06,3.0000000000001597e-05,-0.05061,0.07181,0.17265000000000003,-0.10084000000000003,0.415928178395598,0.00132,0.05,101847.995,1
2025-11-08 21:58:36.562473,101847.995,5.309999999997672,0.005213651972233398,0.0006700000000000039,0.0006400000000000023,0.07181,0.17198,-0.10017,0.4175485521572276,0.00132,3e-05,101854.535,1
2025-11-08 21:58:38.593790,101854.535,18.369999999995343,0.018035524878686395,-0.05054,-0.051210000000000006,0.02194,0.17265,-0.15071,0.12707790327251667,0.00013,0.05,101854.535,0
2025-11-08 21:58:40.626614,101854.535,18.369999999995343,0.018035524878686395,0.0,0.05054,0.02194,0.17265,-0.15071,0.12707790327251667,0.00013,0.05,101854.535,0
2025-11-08 21:58:42.663380,101854.535,18.369999999995343,0.018035524878686395,0.0,0.0,0.02194,0.17265,-0.15071,0.12707790327251667,0.00013,0.05,101861.87,1
2025-11-08 21:58:44.695920,101861.87,33.0399999999936,0.03243608231421002,0.049300000000000004,0.049300000000000004,0.07124,0.17265,-0.10141,0.4126267014190559,0.00013,0.05,101861.86,0
2025-11-08 21:58:46.727985,101861.86,33.04000000000815,0.03243608549854494,0.0012300000000000158,-0.04806999999999999,0.07181000000000001,0.17199,-0.10017999999999999,0.4175242746671319,0.00132,4e-05,101861.86,0
2025-11-08 21:58:48.761281,101861.86,33.04000000000815,0.03243608549854494,0.0,-0.0012300000000000158,0.07181000000000001,0.17199,-0.10017999999999999,0.4175242746671319,0.00132,4e-05,101861.865,1
2025-11-08 21:58:50.792678,101861.865,33.029999999998836,0.03242626668969671,-0.0005699999999999941,-0.0005699999999999941,0.07124,0.17199,-0.10075,0.41421012849584277,0.00013,4e-05,101861.86,0
2025-11-08 21:58:52.827016,101861.86,33.04000000000815,0.03243608549854494,0.0005699999999999941,0.0011399999999999882,0.07181000000000001,0.17199,-0.10017999999999999,0.4175242746671319,0.00132,4e-05,101861.86,0
2025-11-08 21:58:54.860807,101861.86,33.04000000000815,0.03243608549854494,0.0,-0.0005699999999999941,0.07181000000000001,0.17199,-0.10017999999999999,0.4175242746671319,0.00132,4e-05,101861.86,0
2025-11-08 21:58:56.892646,101861.86,33.04000000000815,0.03243608549854494,0.0,0.0,0.07181000000000001,0.17199,-0.10017999999999999,0.4175242746671319,0.00132,4e-05,101861.86,0
2025-11-08 21:58:58.925435,101861.86,33.04000000000815,0.03243608549854494,0.0,0.0,0.07181000000000001,0.17199,-0.10017999999999999,0.4175242746671319,0.00132,4e-05,101861.86,0
2025-11-08 21:59:00.960072,101861.86,33.04000000000815,0.03243608549854494,0.0,0.0,0.07181000000000001,0.17199,-0.10017999999999999,0.4175242746671319,0.00132,4e-05,101861.86,0
2025-11-08 21:59:03.008623,101861.86,33.04000000000815,0.03243608549854494,0.0,0.0,0.07181000000000001,0.17199,-0.10017999999999999,0.4175242746671319,0.00132,4e-05,101869.505,1
2025-11-08 21:59:05.037442,101869.505,48.30999999999767,0.0474234168508011,-0.0012300000000000158,-0.0012300000000000158,0.07124,0.17265,-0.10141,0.4126267014190559,0.00013,0.05,101876.275,1
2025-11-08 21:59:07.073081,101876.275,61.870000000009895,0.06073052828051467,0.12152,0.12275000000000003,0.07181000000000001,0.05170000000000001,0.020110000000000003,1.3889748549323018,0.00132,5e-05,101876.28,1
2025-11-08 21:59:09.102521,101876.28,61.86000000000058,0.060720709472313464,-0.0005700000000000011,-0.12209,0.07124,0.05170000000000001,0.019539999999999988,1.3779497098646032,0.00013,5e-05,101876.28,0
2025-11-08 21:59:11.132828,101876.28,61.86000000000058,0.060720709472313464,0.0,0.0005700000000000011,0.07124,0.05170000000000001,0.019539999999999988,1.3779497098646032,0.00013,5e-05,101876.275,0
2025-11-08 21:59:13.160864,101876.275,61.870000000009895,0.06073052828051467,0.0005700000000000011,0.0005700000000000011,0.07181000000000001,0.05170000000000001,0.020110000000000003,1.3889748549323018,0.00132,5e-05,101876.275,0
2025-11-08 21:59:15.198279,101876.275,61.870000000009895,0.06073052828051467,0.0,-0.0005700000000000011,0.07181000000000001,0.05170000000000001,0.020110000000000003,1.3889748549323018,0.00132,5e-05,101876.275,0
2025-11-08 21:59:17.235674,101876.275,61.870000000009895,0.06073052828051467,0.0,0.0,0.07181000000000001,0.05170000000000001,0.020110000000000003,1.3889748549323018,0.00132,5e-05,101876.275,0
2025-11-08 21:59:19.265891,101876.275,61.870000000009895,0.06073052828051467,0.0,0.0,0.07181000000000001,0.05170000000000001,0.020110000000000003,1.3889748549323018,0.00132,5e-05,101876.28,1
2025-11-08 21:59:21.291836,101876.28,61.86000000000058,0.060720709472313464,-0.0005700000000000011,-0.0005700000000000011,0.07124,0.05170000000000001,0.019539999999999988,1.3779497098646032,0.00013,5e-05,101882.76,1
2025-11-08 21:59:23.329231,101882.76,74.83999999999651,0.07345698133815429,-0.12037999999999999,-0.11980999999999999,0.07181000000000001,0.17265,-0.10083999999999999,0.4159281783955981,0.00132,0.05,101882.76000000001,1
2025-11-08 21:59:25.354295,101882.76000000001,74.81999999999243,0.07343735093159277,0.12037999999999999,0.24075999999999997,0.07124,0.05170000000000001,0.019539999999999988,1.3779497098646032,0.00013,5e-05,101873.67,0
2025-11-08 21:59:27.385115,101873.67,56.66000000000349,0.05561790401779331,-0.12037999999999999,-0.24075999999999997,0.07181000000000001,0.17265,-0.10083999999999999,0.4159281783955981,0.00132,0.05,101873.67000000001,1
2025-11-08 21:59:29.411433,101873.67000000001,56.63999999999942,0.05559827185964677,0.12037999999999999,0.24075999999999997,0.07124,0.05170000000000001,0.019539999999999988,1.3779497098646032,0.00013,5e-05,101873.66500000001,0
2025-11-08 21:59:31.440514,101873.66500000001,56.65000000000873,0.055608090667994256,0.0005700000000000011,-0.11980999999999999,0.07181000000000001,0.05170000000000001,0.020110000000000003,1.3889748549323018,0.00132,5e-05,101873.66500000001,0
2025-11-08 21:59:33.468776,101873.66500000001,56.65000000000873,0.055608090667994256,0.0,-0.0005700000000000011,0.07181000000000001,0.05170000000000001,0.020110000000000003,1.3889748549323018,0.00132,5e-05,101873.66500000001,0
2025-11-08 21:59:35.502279,101873.66500000001,56.65000000000873,0.055608090667994256,0.0,0.0,0.07181000000000001,0.05170000000000001,0.020110000000000003,1.3889748549323018,0.00132,5e-05,101873.66500000001,0
2025-11-08 21:59:37.538269,101873.66500000001,56.65000000000873,0.055608090667994256,0.0,0.0,0.07181000000000001,0.05170000000000001,0.020110000000000003,1.3889748549323018,0.00132,5e-05,101873.66500000001,0
2025-11-08 21:59:39.576688,101873.66500000001,56.65000000000873,0.055608090667994256,0.0,0.0,0.07181000000000001,0.05170000000000001,0.020110000000000003,1.3889748549323018,0.00132,5e-05,101873.66500000001,0
2025-11-08 21:59:41.605989,101873.66500000001,56.65000000000873,0.055608090667994256,0.0,0.0,0.07181000000000001,0.05170000000000001,0.020110000000000003,1.3889748549323018,0.00132,5e-05,101873.66500000001,0
2025-11-08 21:59:43.634882,101873.66500000001,56.65000000000873,0.055608090667994256,0.0,0.0,0.07181000000000001,0.05170000000000001,0.020110000000000003,1.3889748549323018,0.00132,5e-05,101873.66500000001,0
2025-11-08 21:59:45.669558,101873.66500000001,56.65000000000873,0.055608090667994256,0.0,0.0,0.07181000000000001,0.05170000000000001,0.020110000000000003,1.3889748549323018,0.00132,5e-05,101873.66500000001,0
2025-11-08 21:59:47.702983,101873.66500000001,56.65000000000873,0.055608090667994256,0.0,0.0,0.07181000000000001,0.05170000000000001,0.020110000000000003,1.3889748549323018,0.00132,5e-05,101868.70000000001,0
2025-11-08 21:59:49.735552,101868.70000000001,46.69999999999709,0.04584332577130864,-0.12152,-0.12152,0.07124,0.17265,-0.10141,0.4126267014190559,0.00013,0.05,101868.70000000001,0
2025-11-08 21:59:51.769315,101868.70000000001,46.69999999999709,0.04584332577130864,0.0,0.12152,0.07124,0.17265,-0.10141,0.4126267014190559,0.00013,0.05,101868.70000000001,0
2025-11-08 21:59:53.802768,101868.70000000001,46.69999999999709,0.04584332577130864,0.0,0.0,0.07124,0.17265,-0.10141,0.4126267014190559,0.00013,0.05,101868.70000000001,0
2025-11-08 21:59:55.833611,101868.70000000001,46.69999999999709,0.04584332577130864,0.0,0.0,0.07124,0.17265,-0.10141,0.4126267014190559,0.00013,0.05,101868.70000000001,0
2025-11-08 21:59:57.864539,101868.70000000001,46.69999999999709,0.04584332577130864,0.0,0.0,0.07124,0.17265,-0.10141,0.4126267014190559,0.00013,0.05,101868.70000000001,0
2025-11-08 21:59:59.897205,101868.70000000001,46.69999999999709,0.04584332577130864,0.0,0.0,0.07124,0.17265,-0.10141,0.4126267014190559,0.00013,0.05,101865.92499999999,0
2025-11-08 22:00:01.931345,101865.92499999999,41.169999999998254,0.04041587017444573,0.0012300000000000158,0.0012300000000000158,0.07181000000000001,0.17199,-0.10017999999999999,0.4175242746671319,0.00132,4e-05,101865.92499999999,0
2025-11-08 22:00:03.964136,101865.92499999999,41.169999999998254,0.04041587017444573,0.0,-0.0012300000000000158,0.07181000000000001,0.17199,-0.10017999999999999,0.4175242746671319,0.00132,4e-05,101865.92499999999,0
2025-11-08 22:00:05.995050,101865.92499999999,41.169999999998254,0.04041587017444573,0.0,0.0,0.07181000000000001,0.17199,-0.10017999999999999,0.4175242746671319,0.00132,4e-05,101865.935,1
2025-11-08 22:00:08.029123,101865.935,41.169999999998254,0.04041586620689071,-0.0012300000000000158,-0.0012300000000000158,0.07124,0.17265,-0.10141,0.4126267014190559,0.00013,0.05,101865.935,0
2025-11-08 22:00:10.061628,101865.935,41.169999999998254,0.04041586620689071,0.0,0.0012300000000000158,0.07124,0.17265,-0.10141,0.4126267014190559,0.00013,0.05,101865.93,0
2025-11-08 22:00:12.095048,101865.93,41.15999999998894,0.040406051365740187,0.0006500000000000117,0.0006500000000000117,0.07124,0.17200000000000001,-0.10076000000000002,0.4141860465116279,0.00013,5e-05,101861.705,0
2025-11-08 22:00:14.127910,101861.705,32.73000000001048,0.03213180066052348,0.0005699999999999941,-8.000000000001756e-05,0.07181000000000001,0.17200000000000001,-0.10019,0.41750000000000004,0.00132,5e-05,101858.6,0
2025-11-08 22:00:16.161317,101858.6,26.520000000004075,0.026036093172303636,-1.951563910473908e-18,-0.0005699999999999961,0.07181000000000001,0.17200000000000001,-0.10019,0.41750000000000004,0.00132,0.05,101858.6,0
2025-11-08 22:00:18.193737,101858.6,26.520000000004075,0.026036093172303636,0.0,1.951563910473908e-18,0.07181,0.17200000000000001,-0.10019000000000002,0.4175,0.00132,0.05,101854.025,0
2025-11-08 22:00:20.223372,101854.025,17.370000000009895,0.01705381795173033,0.0,0.0,0.07181,0.17200000000000001,-0.10019000000000002,0.4175,0.00132,0.05,101854.025,0
2025-11-08 22:00:22.251819,101854.025,17.370000000009895,0.01705381795173033,0.0,0.0,0.07181,0.17200000000000001,-0.10019000000000002,0.4175,0.00132,0.05,101854.025,0
2025-11-08 22:00:24.285650,101854.025,17.370000000009895,0.01705381795173033,0.0,0.0,0.07181,0.17200000000000001,-0.10019000000000002,0.4175,0.00132,0.05,101861.20999999999,1
2025-11-08 22:00:26.317061,101861.20999999999,31.74000000000524,0.03116004610587803,0.0,0.0,0.07181,0.17200000000000001,-0.10019000000000002,0.4175,0.00132,0.05,101861.20999999999,0
2025-11-08 22:00:28.353559,101861.20999999999,31.74000000000524,0.03116004610587803,0.0,0.0,0.07181000000000001,0.17200000000000001,-0.10019,0.41750000000000004,0.00132,0.05,101861.20999999999,0
2025-11-08 22:00:30.387852,101861.20999999999,31.74000000000524,0.03116004610587803,0.0,0.0,0.07181000000000001,0.17200000000000001,-0.10019,0.41750000000000004,0.00132,0.05,101862.21,1
2025-11-08 22:00:32.422000,101862.21,33.720000000001164,0.03310354252082412,-0.0012200000000000058,-0.0012200000000000058,0.07124,0.17265,-0.10141,0.4126267014190559,0.00013,0.00094,101867.785,1
2025-11-08 22:00:34.450059,101867.785,44.88999999999942,0.0440669245924994,0.0012100000000000166,0.0024300000000000224,0.07181000000000001,0.17201,-0.10019999999999998,0.4174757281553399,0.00132,6e-05,101867.785,0
2025-11-08 22:00:36.482471,101867.785,44.88999999999942,0.0440669245924994,0.0,-0.0012100000000000166,0.07181000000000001,0.17201,-0.10019999999999998,0.4174757281553399,0.00132,6e-05,101874.525,1
2025-11-08 22:00:38.512334,101874.525,58.34999999999127,0.05727634067495409,-0.0012100000000000069,-0.0012100000000000069,0.07124,0.17265,-0.10141,0.4126267014190559,0.00013,0.05,101874.525,0
2025-11-08 22:00:40.544151,101874.525,58.34999999999127,0.05727634067495409,0.0,0.0012100000000000069,0.07124,0.17265,-0.10141,0.4126267014190559,0.00013,0.05,101874.515,0
2025-11-08 22:00:42.577567,101874.515,58.35000000000582,0.05727634629721262,0.12150999999999999,0.12150999999999999,0.07181000000000001,0.051710000000000006,0.020100000000000007,1.388706246374009,0.00132,6e-05,101875.025,1
2025-11-08 22:00:44.612204,101875.025,59.34999999999127,0.05825765441529096,-0.12150999999999999,-0.24301999999999999,0.07124,0.17265,-0.10141,0.4126267014190559,0.00013,0.00094,101881.45,1
2025-11-08 22:00:46.650717,101881.45,72.22000000000116,0.07088630952936101,0.12150999999999999,0.24301999999999999,0.07181000000000001,0.051710000000000006,0.020100000000000007,1.388706246374009,0.00132,6e-05,101881.45,0
2025-11-08 22:00:48.680112,101881.45,72.22000000000116,0.07088630952936101,0.0,-0.12150999999999999,0.07181000000000001,0.051710000000000006,0.020100000000000007,1.388706246374009,0.00132,6e-05,101881.46,1
2025-11-08 22:00:50.718038,101881.46,72.22000000000116,0.07088630257163683,-0.12150999999999999,-0.12150999999999999,0.07124,0.17265,-0.10141,0.4126267014190559,0.00013,0.05,101881.45,0
2025-11-08 22:00:52.749157,101881.45,72.22000000000116,0.07088630952936101,0.12150999999999999,0.24301999999999999,0.07181000000000001,0.051710000000000006,0.020100000000000007,1.388706246374009,0.00132,6e-05,101881.45,0
2025-11-08 22:00:54.786639,101881.45,72.22000000000116,0.07088630952936101,0.0,-0.12150999999999999,0.07181000000000001,0.051710000000000006,0.020100000000000007,1.388706246374009,0.00132,6e-05,101887.99,1
2025-11-08 22:00:56.818456,101887.99,85.27999999999884,0.08369975695859623,-0.12150999999999999,-0.12150999999999999,0.07124,0.17265,-0.10141,0.4126267014190559,0.00013,0.05,101887.98,0
2025-11-08 22:00:58.854507,101887.98,85.27999999999884,0.08369976517347663,0.12150999999999999,0.24301999999999999,0.07181000000000001,0.051710000000000006,0.020100000000000007,1.388706246374009,0.00132,6e-05,101890.77,1
2025-11-08 22:01:00.888346,101890.77,81.72000000000116,0.08020353560975264,-0.12150999999999999,-0.24301999999999999,0.07124,0.17265,-0.10141,0.4126267014190559,0.05,0.00094,101900.70999999999,1
2025-11-08 22:01:02.924942,101900.70999999999,90.75999999999476,0.08906709285930861,0.12150999999999999,0.24301999999999999,0.07181000000000001,0.051710000000000006,0.020100000000000007,1.388706246374009,0.05,6e-05,101910.095,1
2025-11-08 22:01:04.958034,101910.095,79.80999999999767,0.07831412579882069,-0.0018899999999999954,-0.12339999999999998,0.07122,0.05301,0.018210000000000004,1.343520090548953,0.05,1e-05,101910.095,0
2025-11-08 22:01:06.991823,101910.095,79.80999999999767,0.07831412579882069,0.0,0.0018899999999999954,0.07122,0.05301,0.018210000000000004,1.343520090548953,0.05,1e-05,101903.57,0
2025-11-08 22:01:09.071825,101903.57,92.86000000000058,0.09112536489153479,0.0018899999999999967,0.0018899999999999967,0.07181000000000001,0.05171,0.020100000000000014,1.3887062463740092,0.05,1e-05,101903.575,1
2025-11-08 22:01:11.100686,101903.575,92.85000000000582,0.09111554722197511,-0.12153999999999998,-0.12342999999999998,0.07121000000000001,0.17265,-0.10143999999999999,0.41245293947292216,0.0001,1e-05,101903.575,0
2025-11-08 22:01:13.128879,101903.575,92.85000000000582,0.09111554722197511,0.12094999999999999,0.24248999999999998,0.07121000000000001,0.05170000000000001,0.01951,1.3773694390715667,0.0001,1e-05,101906.91,1
2025-11-08 22:01:15.160912,101906.91,77.86000000000058,0.07640306236348504,0.0005999999999999964,-0.12034999999999998,0.07181000000000001,0.0517,0.02011000000000001,1.388974854932302,0.05,0.00094,101908.98999999999,1
2025-11-08 22:01:17.196788,101908.98999999999,82.02000000000407,0.08048357657160972,-0.12094999999999999,-0.12154999999999999,0.07181000000000001,0.17265,-0.10083999999999999,0.4159281783955981,0.05,1e-05,101908.995,1
2025-11-08 22:01:19.230526,101908.995,82.00999999999476,0.08047375994630775,0.12036999999999999,0.24131999999999998,0.07124,0.05171,0.01953,1.377683233417134,0.00013,1e-05,101911.9,1
2025-11-08 22:01:21.257245,101911.9,76.19999999999709,0.07477046350818413,-0.0007300000000000006,-0.12109999999999999,0.07181000000000001,0.05301,0.01880000000000001,1.3546500660252785,0.05,1e-05,101911.905,1
2025-11-08 22:01:23.290627,101911.905,76.19000000000233,0.07476064744349772,0.0007100000000000014,0.001440000000000002,0.07122,0.05171,0.019510000000000007,1.3772964610326823,0.00011,1e-05,101911.905,0
2025-11-08 22:01:25.322562,101911.905,76.19000000000233,0.07476064744349772,-0.12093999999999999,-0.12165,0.07122,0.17265,-0.10142999999999999,0.4125108601216334,0.00011,1e-05,101903.67,0
2025-11-08 22:01:27.356399,101903.67,92.66000000000349,0.09092901168329216,0.12153999999999998,0.24247999999999997,0.07181000000000001,0.0517,0.02011000000000001,1.388974854932302,0.05,1e-05,101903.67,0
2025-11-08 22:01:29.386910,101903.67,92.66000000000349,0.09092901168329216,0.0,-0.12153999999999998,0.07181000000000001,0.0517,0.02011000000000001,1.388974854932302,0.05,1e-05,101894.41500000001,0
2025-11-08 22:01:31.419842,101894.41500000001,98.15000000000873,0.09632520094453531,-0.12094999999999997,-0.12094999999999997,0.07181000000000001,0.17265,-0.10083999999999999,0.4159281783955981,0.00132,0.05,101894.41500000001,0
2025-11-08 22:01:33.452366,101894.41500000001,98.15000000000873,0.09632520094453531,0.0,0.12094999999999997,0.07181000000000001,0.17265,-0.10083999999999999,0.4159281783955981,0.00132,0.05,101894.41500000001,0
2025-11-08 22:01:35.486378,101894.41500000001,98.15000000000873,0.09632520094453531,0.0,0.0,0.07181000000000001,0.17265,-0.10083999999999999,0.4159281783955981,0.00132,0.05,101894.42000000001,1
2025-11-08 22:01:37.518797,101894.42000000001,98.13999999999942,0.09631538213770627,-0.0005700000000000011,-0.0005700000000000011,0.07124,0.17265,-0.10141,0.4126267014190559,0.00013,0.05,101894.42000000001,0
2025-11-08 22:01:39.551101,101894.42000000001,98.13999999999942,0.09631538213770627,0.0,0.0005700000000000011,0.07124,0.17265,-0.10141,0.4126267014190559,0.00013,0.05,101894.42000000001,0
2025-11-08 22:01:41.581882,101894.42000000001,98.13999999999942,0.09631538213770627,0.0,0.0,0.07124,0.17265,-0.10141,0.4126267014190559,0.00013,0.05,101894.42000000001,0
2025-11-08 22:01:43.616678,101894.42000000001,98.13999999999942,0.09631538213770627,0.0,0.0,0.07124,0.17265,-0.10141,0.4126267014190559,0.00013,0.05,101894.41500000001,0
2025-11-08 22:01:45.648570,101894.41500000001,98.15000000000873,0.09632520094453531,0.0005700000000000011,0.0005700000000000011,0.07181000000000001,0.17265,-0.10083999999999999,0.4159281783955981,0.00132,0.05,101890.6,0
2025-11-08 22:01:47.684756,101890.6,90.5,0.08882075480957026,-0.0005700000000000011,-0.0011400000000000021,0.07124,0.17265,-0.10141,0.4126267014190559,0.00013,0.05,101890.595,0
2025-11-08 22:01:49.717376,101890.595,90.51000000000931,0.0888305736167399,0.0005700000000000011,0.0011400000000000021,0.07181000000000001,0.17265,-0.10083999999999999,0.4159281783955981,0.00132,0.05,101890.595,0
2025-11-08 22:01:51.750579,101890.595,90.51000000000931,0.0888305736167399,0.0,-0.0005700000000000011,0.07181000000000001,0.17265,-0.10083999999999999,0.4159281783955981,0.00132,0.05,101890.6,1
2025-11-08 22:01:53.794964,101890.6,90.5,0.08882075480957026,-0.0005700000000000011,-0.0005700000000000011,0.07124,0.17265,-0.10141,0.4126267014190559,0.00013,0.05,101890.6,0
2025-11-08 22:01:55.824789,101890.6,90.5,0.08882075480957026,0.0,0.0005700000000000011,0.07124,0.17265,-0.10141,0.4126267014190559,0.00013,0.05,101890.6,0
2025-11-08 22:01:57.862342,101890.6,90.5,0.08882075480957026,0.0,0.0,0.07124,0.17265,-0.10141,0.4126267014190559,0.00013,0.05,101884.715,0
2025-11-08 22:01:59.898339,101884.715,78.75,0.07729324266157098,0.12150999999999999,0.12150999999999999,0.07181000000000001,0.051710000000000006,0.020100000000000007,1.388706246374009,0.00132,6e-05,101884.715,0
2025-11-08 22:02:01.934656,101884.715,78.75,0.07729324266157098,0.0,-0.12150999999999999,0.07181000000000001,0.051710000000000006,0.020100000000000007,1.388706246374009,0.00132,6e-05,101882.21,0
2025-11-08 22:02:03.974104,101882.21,73.72000000000116,0.0723580691859758,-0.12150999999999999,-0.12150999999999999,0.07124,0.17265,-0.10141,0.4126267014190559,0.00013,0.05,101882.21,0
2025-11-08 22:02:06.002642,101882.21,73.72000000000116,0.0723580691859758,0.0,0.12150999999999999,0.07124,0.17265,-0.10141,0.4126267014190559,0.00013,0.05,101882.21,0
2025-11-08 22:02:08.028604,101882.21,73.72000000000116,0.0723580691859758,0.0,0.0,0.07124,0.17265,-0.10141,0.4126267014190559,0.00013,0.05,101882.21,0
2025-11-08 22:02:10.060195,101882.21,73.72000000000116,0.0723580691859758,0.0,0.0,0.07124,0.17265,-0.10141,0.4126267014190559,0.00013,0.05,101882.2,0
2025-11-08 22:02:12.095213,101882.2,73.72000000000116,0.07235807628810642,0.12151999999999999,0.12151999999999999,0.07181000000000001,0.05170000000000001,0.020110000000000003,1.3889748549323018,0.00132,5e-05,101882.21,1
2025-11-08 22:02:14.127208,101882.21,73.72000000000116,0.0723580691859758,-0.12151999999999999,-0.24303999999999998,0.07124,0.17265,-0.10141,0.4126267014190559,0.00013,0.05,101882.21,0
2025-11-08 22:02:16.159372,101882.21,73.72000000000116,0.0723580691859758,0.0,0.12151999999999999,0.07124,0.17265,-0.10141,0.4126267014190559,0.00013,0.05,101882.21,0
2025-11-08 22:02:18.191355,101882.21,73.72000000000116,0.0723580691859758,0.0,0.0,0.07124,0.17265,-0.10141,0.4126267014190559,0.00013,0.05,101882.21,0
2025-11-08 22:02:20.221786,101882.21,73.72000000000116,0.0723580691859758,0.0,0.0,0.07124,0.17265,-0.10141,0.4126267014190559,0.00013,0.05,101878.685,0
2025-11-08 22:02:22.254301,101878.685,66.69000000000233,0.06546020887490091,0.12150999999999999,0.12150999999999999,0.07181000000000001,0.051710000000000006,0.020100000000000007,1.388706246374009,0.00132,6e-05,101875.88,0
2025-11-08 22:02:24.290538,101875.88,61.080000000001746,0.05995531032468308,-5.854691731421724e-18,-0.12150999999999999,0.07181000000000001,0.051710000000000006,0.020100000000000007,1.388706246374009,0.00132,0.05,101875.88,0
2025-11-08 22:02:26.322871,101875.88,61.080000000001746,0.05995531032468308,0.0,5.854691731421724e-18,0.07181000000000001,0.051710000000000006,0.020100000000000007,1.388706246374009,0.00132,0.05,101883.215,1
2025-11-08 22:02:28.360058,101883.215,75.72999999999593,0.07433020247741096,-0.12150999999999999,-0.12150999999999999,0.07124,0.17265,-0.10141,0.4126267014190559,0.00013,0.05,101883.715,1
2025-11-08 22:02:30.394966,101883.715,76.72999999999593,0.07531134882546826,0.0,0.12150999999999999,0.07124,0.17265,-0.10141,0.4126267014190559,0.00013,0.00094,101887.38,1
2025-11-08 22:02:32.434386,101887.38,84.08000000000175,0.08252248708328916,0.0011700000000000044,0.0011700000000000044,0.07181000000000001,0.17205,-0.10024,0.4173786689915723,0.00132,0.0494,101887.38,0
2025-11-08 22:02:34.466765,101887.38,84.08000000000175,0.08252248708328916,0.0,-0.0011700000000000044,0.07181000000000001,0.17205,-0.10024,0.4173786689915723,0.00132,0.0494,101887.38,0
2025-11-08 22:02:36.498738,101887.38,84.08000000000175,0.08252248708328916,0.0,0.0,0.07181000000000001,0.17205,-0.10024,0.4173786689915723,0.00132,0.0494,101887.38,0
2025-11-08 22:02:38.525620,101887.38,84.08000000000175,0.08252248708328916,0.0,0.0,0.07181000000000001,0.17205,-0.10024,0.4173786689915723,0.00132,0.0494,101887.38,0
2025-11-08 22:02:40.559068,101887.38,84.08000000000175,0.08252248708328916,0.0,0.0,0.07181000000000001,0.17205,-0.10024,0.4173786689915723,0.00132,0.0494,101887.38,0
2025-11-08 22:02:42.591123,101887.38,84.08000000000175,0.08252248708328916,0.0,0.0,0.07181000000000001,0.17205,-0.10024,0.4173786689915723,0.00132,0.0494,101887.38,0
2025-11-08 22:02:44.621457,101887.38,84.08000000000175,0.08252248708328916,0.0,0.0,0.07181000000000001,0.17205,-0.10024,0.4173786689915723,0.00132,0.0494,101882.56,0
2025-11-08 22:02:46.660260,101882.56,74.41999999999825,0.07304488619052982,0.11979999999999999,0.11979999999999999,0.07125000000000001,0.05169000000000001,0.01956,1.3784097504352872,0.00014,4e-05,101882.56,0
2025-11-08 22:02:48.695791,101882.56,74.41999999999825,0.07304488619052982,0.0,-0.11979999999999999,0.07125000000000001,0.05169000000000001,0.01956,1.3784097504352872,0.00014,4e-05,101882.56,0
2025-11-08 22:02:50.723703,101882.56,74.41999999999825,0.07304488619052982,0.0,0.0,0.07125000000000001,0.05169000000000001,0.01956,1.3784097504352872,0.00014,4e-05,101882.56,0
2025-11-08 22:02:52.757155,101882.56,74.41999999999825,0.07304488619052982,0.0,0.0,0.07125000000000001,0.05169000000000001,0.01956,1.3784097504352872,0.00014,4e-05,101882.56,0
2025-11-08 22:02:54.787668,101882.56,74.41999999999825,0.07304488619052982,0.0,0.0,0.07125000000000001,0.05169000000000001,0.01956,1.3784097504352872,0.00014,4e-05,101890.82,1
2025-11-08 22:02:56.819571,101890.82,90.9600000000064,0.08927202666541147,-0.12082,-0.12082,0.07181000000000001,0.17307,-0.10125999999999999,0.4149188189749813,0.00132,0.05,101890.815,0
2025-11-08 22:02:58.855225,101890.815,90.94999999999709,0.08926221661883565,0.12138,0.2422,0.07181000000000001,0.05169000000000001,0.020120000000000006,1.3892435674211647,0.00132,4e-05,101892.025,1
2025-11-08 22:03:00.883602,101892.025,88.52999999999884,0.08688609339150816,-0.0005599999999999945,-0.12193999999999999,0.07125000000000001,0.05169000000000001,0.01956,1.3784097504352872,0.00014,4e-05,101892.025,0
2025-11-08 22:03:02.921821,101892.025,88.52999999999884,0.08688609339150816,0.0,0.0005599999999999945,0.07125000000000001,0.05169000000000001,0.01956,1.3784097504352872,0.00014,4e-05,101892.03,1
2025-11-08 22:03:04.984026,101892.03,88.54000000000815,0.08689590343818662,-0.12037999999999999,-0.12037999999999999,0.07125000000000001,0.17207,-0.10081999999999999,0.4140756668797583,0.00014,0.04942,101892.03,0
2025-11-08 22:03:07.016204,101892.03,88.54000000000815,0.08689590343818662,0.0,0.12037999999999999,0.07125000000000001,0.17207,-0.10081999999999999,0.4140756668797583,0.00014,0.04942,101892.03,0
2025-11-08 22:03:09.048768,101892.03,88.54000000000815,0.08689590343818662,0.0,0.0,0.07125000000000001,0.17207,-0.10081999999999999,0.4140756668797583,0.00014,0.04942,101892.025,0
2025-11-08 22:03:11.079359,101892.025,88.52999999999884,0.08688609339150816,0.12097,0.12097,0.07125000000000001,0.051100000000000007,0.02015,1.3943248532289627,0.00014,3e-05,101892.03,1
2025-11-08 22:03:13.112751,101892.03,88.54000000000815,0.08689590343818662,-0.12035,-0.24131999999999998,0.07125000000000001,0.17145,-0.10019999999999998,0.415573053368329,0.00014,0.0488,101892.025,0
2025-11-08 22:03:15.143305,101892.025,88.52999999999884,0.08688609339150816,0.12097,0.24131999999999998,0.07125000000000001,0.05048000000000001,0.020769999999999997,1.4114500792393025,0.00014,3e-05,101892.025,0
2025-11-08 22:03:17.174683,101892.025,88.52999999999884,0.08688609339150816,0.0,-0.12097,0.07125000000000001,0.05048000000000001,0.020769999999999997,1.4114500792393025,0.00014,3e-05,101892.03,1
2025-11-08 22:03:19.204030,101892.03,88.54000000000815,0.08689590343818662,-0.12097,-0.12097,0.07125000000000001,0.17145,-0.10019999999999998,0.415573053368329,0.00014,0.0488,101892.03,0
2025-11-08 22:03:21.233458,101892.03,88.54000000000815,0.08689590343818662,0.0,0.12097,0.07125000000000001,0.17145,-0.10019999999999998,0.415573053368329,0.00014,0.0488,101892.03,0
2025-11-08 22:03:23.271213,101892.03,88.54000000000815,0.08689590343818662,0.0,0.0,0.07125000000000001,0.17145,-0.10019999999999998,0.415573053368329,0.00014,0.0488,101896.035,1
2025-11-08 22:03:25.323723,101896.035,80.50999999999476,0.07901190659675301,0.12032999999999999,0.12032999999999999,0.07181000000000001,0.051680000000000004,0.02013000000000001,1.389512383900929,0.05,3e-05,101907.505,1
2025-11-08 22:03:27.356483,101907.505,84.99000000000524,0.0833991569119519,-0.12082999999999999,-0.24115999999999999,0.07195,0.17265,-0.1007,0.41673906747755574,0.05014,1e-05,101898.5,0
2025-11-08 22:03:29.386579,101898.5,97.89999999999418,0.09607599719327976,-0.0005599999999999841,0.12027000000000002,0.07181000000000001,0.17307,-0.10125999999999999,0.4149188189749813,0.05,0.05,101898.5,0
2025-11-08 22:03:31.429276,101898.5,97.89999999999418,0.09607599719327976,0.0004199999999999898,0.000979999999999974,0.07181000000000001,0.17265,-0.10083999999999999,0.4159281783955981,0.05,0.05,101894.755,0
2025-11-08 22:03:33.461619,101894.755,90.38999999999942,0.08870917840667993,0.12040999999999999,0.11999,0.07125000000000001,0.05168000000000001,0.019569999999999997,1.378676470588235,0.00014,3e-05,101887.15,0
2025-11-08 22:03:35.489996,101887.15,83.6200000000099,0.0820711934723956,-0.12040999999999999,-0.24081999999999998,0.07181000000000001,0.17265,-0.10083999999999999,0.4159281783955981,0.00132,0.05,101887.15,0
2025-11-08 22:03:37.523914,101887.15,83.6200000000099,0.0820711934723956,0.0,0.12040999999999999,0.07181000000000001,0.17265,-0.10083999999999999,0.4159281783955981,0.00132,0.05,101887.15,0
2025-11-08 22:03:39.557720,101887.15,83.6200000000099,0.0820711934723956,0.0,0.0,0.07181000000000001,0.17265,-0.10083999999999999,0.4159281783955981,0.00132,0.05,101887.15,0
2025-11-08 22:03:41.590631,101887.15,83.6200000000099,0.0820711934723956,0.0,0.0,0.07181000000000001,0.17265,-0.10083999999999999,0.4159281783955981,0.00132,0.05,101887.15,0
2025-11-08 22:03:43.620759,101887.15,83.6200000000099,0.0820711934723956,0.0,0.0,0.07181000000000001,0.17265,-0.10083999999999999,0.4159281783955981,0.00132,0.05,101887.65,1
2025-11-08 22:03:45.652851,101887.65,84.6200000000099,0.0830522639397512,0.0,0.0,0.07181000000000001,0.17265,-0.10083999999999999,0.4159281783955981,0.00132,0.00094,101894.385,1
2025-11-08 22:03:47.685095,101894.385,98.08999999999651,0.09626634480398161,0.0,0.0,0.07181000000000001,0.17265,-0.10083999999999999,0.4159281783955981,0.00132,0.05,101894.38500000001,1
2025-11-08 22:03:49.720005,101894.38500000001,98.06999999999243,0.09624671663702805,0.12040999999999999,0.12040999999999999,0.07125000000000001,0.05168000000000001,0.019569999999999997,1.378676470588235,0.00014,3e-05,101894.38500000001,0
2025-11-08 22:03:51.751454,101894.38500000001,98.06999999999243,0.09624671663702805,0.0,-0.12040999999999999,0.07125000000000001,0.05168000000000001,0.019569999999999997,1.378676470588235,0.00014,3e-05,101894.38500000001,0
2025-11-08 22:03:53.791204,101894.38500000001,98.06999999999243,0.09624671663702805,0.0,0.0,0.07125000000000001,0.05168000000000001,0.019569999999999997,1.378676470588235,0.00014,3e-05,101897.23999999999,1
2025-11-08 22:03:55.823609,101897.23999999999,92.36000000000058,0.0906403353025073,0.000559999999999998,0.000559999999999998,0.07181000000000001,0.05168000000000001,0.020130000000000002,1.3895123839009287,0.05,3e-05,101897.23999999999,0
2025-11-08 22:03:57.863369,101897.23999999999,92.36000000000058,0.0906403353025073,0.0,-0.000559999999999998,0.07181000000000001,0.05168000000000001,0.020130000000000002,1.3895123839009287,0.05,3e-05,101897.245,1
2025-11-08 22:03:59.904241,101897.245,92.34999999999127,0.09063051704684584,-0.0005700000000000011,-0.0005700000000000011,0.07124,0.05168000000000001,0.019559999999999987,1.3784829721362226,0.00013,3e-05,101897.245,0
2025-11-08 22:04:01.939962,101897.245,92.34999999999127,0.09063051704684584,0.0,0.0005700000000000011,0.07124,0.05168000000000001,0.019559999999999987,1.3784829721362226,0.00013,3e-05,101897.245,0
2025-11-08 22:04:03.975516,101897.245,92.34999999999127,0.09063051704684584,0.0,0.0,0.07124,0.05168000000000001,0.019559999999999987,1.3784829721362226,0.00013,3e-05,101897.245,0
2025-11-08 22:04:06.012103,101897.245,92.34999999999127,0.09063051704684584,0.0,0.0,0.07124,0.05168000000000001,0.019559999999999987,1.3784829721362226,0.00013,3e-05,101897.245,0
2025-11-08 22:04:08.046807,101897.245,92.34999999999127,0.09063051704684584,0.0,0.0,0.07124,0.05168000000000001,0.019559999999999987,1.3784829721362226,0.00013,3e-05,101897.245,0
2025-11-08 22:04:10.083613,101897.245,92.34999999999127,0.09063051704684584,0.0,0.0,0.07124,0.05168000000000001,0.019559999999999987,1.3784829721362226,0.00013,3e-05,101897.23999999999,0
2025-11-08 22:04:12.113211,101897.23999999999,92.36000000000058,0.0906403353025073,0.0005700000000000011,0.0005700000000000011,0.07181000000000001,0.05168000000000001,0.020130000000000002,1.3895123839009287,0.05,3e-05,101904.76999999999,1
2025-11-08 22:04:14.145185,101904.76999999999,90.4600000000064,0.0887691518267559,0.0,-0.0005700000000000011,0.07181000000000001,0.051680000000000004,0.02013000000000001,1.389512383900929,0.05,1e-05,101907.45999999999,1
2025-11-08 22:04:16.173558,101907.45999999999,85.08000000000175,0.08348750915782,-0.0005700000000000011,-0.0005700000000000011,0.07124,0.051680000000000004,0.019559999999999994,1.3784829721362228,0.00013,1e-05,101912.275,1
2025-11-08 22:04:18.210102,101912.275,75.44999999999709,0.07403426132916481,-0.001329999999999997,-0.0007599999999999959,0.07124,0.05301,0.018229999999999996,1.3438973778532353,0.05,1e-05,101912.28,1
2025-11-08 22:04:20.257620,101912.28,75.44000000000233,0.07402444533671734,-9.999999999996123e-06,0.0013200000000000009,0.07123,0.05301,0.01822,1.343708734201094,0.00012,1e-05,101905.245,0
2025-11-08 22:04:22.294361,101905.245,89.50999999999476,0.08783649948537464,0.0019099999999999972,0.0019199999999999933,0.07181000000000001,0.051680000000000004,0.02013000000000001,1.389512383900929,0.05,1e-05,101905.25,1
2025-11-08 22:04:24.329339,101905.25,89.5,0.08782668213855517,-0.12154,-0.12344999999999999,0.07124,0.17265,-0.10141,0.4126267014190559,0.00013,1e-05,101905.25,0
2025-11-08 22:04:26.360704,101905.25,89.5,0.08782668213855517,0.12097999999999999,0.24251999999999999,0.07124,0.05167,0.019569999999999997,1.3787497580801238,0.00013,1e-05,101905.25,0
2025-11-08 22:04:28.397332,101905.25,89.5,0.08782668213855517,0.0,-0.12097999999999999,0.07124,0.05167,0.019569999999999997,1.3787497580801238,0.00013,1e-05,101904.125,0
2025-11-08 22:04:30.431929,101904.125,87.25,0.08561969400159218,-0.12097999999999998,-0.12097999999999998,0.07124,0.17265,-0.10141,0.4126267014190559,0.00013,0.05,101904.12,0
2025-11-08 22:04:32.465569,101904.12,87.24000000000524,0.08560988505666428,0.12097999999999999,0.24195999999999995,0.07124,0.05167000000000001,0.01956999999999999,1.3787497580801236,0.00013,2e-05,101890.565,0
2025-11-08 22:04:34.497691,101890.565,90.44999999999709,0.08877171306292893,-0.12041,-0.24139,0.07181000000000001,0.17265,-0.10083999999999999,0.4159281783955981,0.00132,0.05,101890.565,0
2025-11-08 22:04:36.535927,101890.565,90.44999999999709,0.08877171306292893,0.0,0.12041,0.07181000000000001,0.17265,-0.10083999999999999,0.4159281783955981,0.00132,0.05,101890.565,0
2025-11-08 22:04:38.567542,101890.565,90.42999999999302,0.08875208416009177,0.12041999999999999,0.12041999999999999,0.07125000000000001,0.05167000000000001,0.01958,1.3789432939810333,0.00014,2e-05,101890.56,0
2025-11-08 22:04:40.600165,101890.56,90.44000000000233,0.08876190296726442,0.0005600000000000049,-0.11985999999999998,0.07181000000000001,0.05167000000000001,0.020140000000000005,1.3897813044319722,0.00132,2e-05,101890.565,1
2025-11-08 22:04:42.631135,101890.565,90.42999999999302,0.08875208416009177,-0.0005600000000000049,-0.0011200000000000099,0.07125000000000001,0.05167000000000001,0.01958,1.3789432939810333,0.00014,2e-05,101890.56,0
2025-11-08 22:04:44.665611,101890.56,90.44000000000233,0.08876190296726442,0.0005600000000000049,0.0011200000000000099,0.07181000000000001,0.05167000000000001,0.020140000000000005,1.3897813044319722,0.00132,2e-05,101890.565,1
2025-11-08 22:04:46.702396,101890.565,90.42999999999302,0.08875208416009177,-0.0005600000000000049,-0.0011200000000000099,0.07125000000000001,0.05167000000000001,0.01958,1.3789432939810333,0.00014,2e-05,101890.565,0
2025-11-08 22:04:48.741587,101890.565,90.42999999999302,0.08875208416009177,0.0,0.0005600000000000049,0.07125000000000001,0.05167000000000001,0.01958,1.3789432939810333,0.00014,2e-05,101890.565,0
2025-11-08 22:04:50.772354,101890.565,90.42999999999302,0.08875208416009177,0.0,0.0,0.07125000000000001,0.05167000000000001,0.01958,1.3789432939810333,0.00014,2e-05,101890.56,0
2025-11-08 22:04:52.810957,101890.56,90.44000000000233,0.08876190296726442,0.0005600000000000049,0.0005600000000000049,0.07181000000000001,0.05167000000000001,0.020140000000000005,1.3897813044319722,0.00132,2e-05,101890.56,0
2025-11-08 22:04:54.847114,101890.56,90.44000000000233,0.08876190296726442,0.0,-0.0005600000000000049,0.07181000000000001,0.05167000000000001,0.020140000000000005,1.3897813044319722,0.00132,2e-05,101890.56,0
2025-11-08 22:04:56.883320,101890.56,90.44000000000233,0.08876190296726442,0.0,0.0,0.07181000000000001,0.05167000000000001,0.020140000000000005,1.3897813044319722,0.00132,2e-05,101890.56,0
2025-11-08 22:04:58.916596,101890.56,90.44000000000233,0.08876190296726442,0.0,0.0,0.07181000000000001,0.05167000000000001,0.020140000000000005,1.3897813044319722,0.00132,2e-05,101890.56,0
2025-11-08 22:05:00.949494,101890.56,90.44000000000233,0.08876190296726442,0.0,0.0,0.07181000000000001,0.05167000000000001,0.020140000000000005,1.3897813044319722,0.00132,2e-05,101884.94,0
2025-11-08 22:05:02.985475,101884.94,79.19999999999709,0.07773474666618746,-0.12097999999999999,-0.12097999999999999,0.07181000000000001,0.17265,-0.10083999999999999,0.4159281783955981,0.00132,0.05,101884.94,0
2025-11-08 22:05:05.018661,101884.94,79.19999999999709,0.07773474666618746,0.0,0.12097999999999999,0.07181000000000001,0.17265,-0.10083999999999999,0.4159281783955981,0.00132,0.05,101884.94,0
2025-11-08 22:05:07.052387,101884.94,79.17999999999302,0.07771511667965159,0.12104,0.12104,0.07125000000000001,0.051050000000000005,0.020200000000000003,1.3956904995102841,0.00014,2e-05,101882.125,0
2025-11-08 22:05:09.078796,101882.125,73.57000000000698,0.07221090058732774,-5.9999999999997555e-05,-0.12109999999999999,0.07181000000000001,0.05167000000000001,0.020140000000000005,1.3897813044319722,0.00132,0.05,101882.125,0
2025-11-08 22:05:11.121494,101882.125,73.54999999998836,0.07219127005840167,-0.0005500000000000088,-0.0004900000000000113,0.07125000000000001,0.05166000000000001,0.019589999999999996,1.3792102206736352,0.00014,1e-05,101882.125,0
2025-11-08 22:05:13.153969,101882.125,73.57000000000698,0.07221090058732774,-0.12042999999999998,-0.11987999999999997,0.07181000000000001,0.17265,-0.10083999999999999,0.4159281783955981,0.00132,0.05,101882.125,0
2025-11-08 22:05:15.186691,101882.125,73.57000000000698,0.07221090058732774,0.0,0.12042999999999998,0.07181000000000001,0.17265,-0.10083999999999999,0.4159281783955981,0.00132,0.05,101867.04500000001,0
2025-11-08 22:05:17.225603,101867.04500000001,43.38999999999942,0.04259473709088097,0.000119999999999995,0.000119999999999995,0.07125000000000001,0.17197,-0.10072,0.4143164505436995,0.00014,0.05,101863.425,0
2025-11-08 22:05:19.262246,101863.425,36.14999999999418,0.035488694789120014,0.0006200000000000025,0.0005000000000000075,0.07125000000000001,0.17135,-0.1001,0.415815582141815,0.00014,0.04938,101863.425,0
2025-11-08 22:05:21.301834,101863.425,36.14999999999418,0.035488694789120014,0.0,-0.0006200000000000025,0.07125000000000001,0.17135,-0.1001,0.415815582141815,0.00014,0.04938,101863.425,0
2025-11-08 22:05:23.335444,101863.425,36.14999999999418,0.035488694789120014,0.0006099999999999994,0.0006099999999999994,0.07125000000000001,0.17074,-0.09949,0.4173011596579595,0.00014,0.04877,101863.42,0
2025-11-08 22:05:25.365418,101863.42,36.16000000000349,0.03549851359791718,-0.00012000000000001593,-0.0007300000000000154,0.07181000000000001,0.17142000000000002,-0.09961,0.41891261229728155,0.00132,0.04877,101863.425,1
2025-11-08 22:05:27.394060,101863.425,36.14999999999418,0.035488694789120014,-0.000559999999999998,-0.00043999999999998207,0.07125000000000001,0.17142000000000002,-0.10017000000000001,0.4156457822891145,0.00014,0.04877,101863.425,0
2025-11-08 22:05:29.427658,101863.425,36.14999999999418,0.035488694789120014,0.0,0.000559999999999998,0.07125000000000001,0.17142000000000002,-0.10017000000000001,0.4156457822891145,0.00014,0.04877,101863.425,0
2025-11-08 22:05:31.461788,101863.425,36.14999999999418,0.035488694789120014,0.0,0.0,0.07125000000000001,0.17142000000000002,-0.10017000000000001,0.4156457822891145,0.00014,0.04877,101863.42,0
2025-11-08 22:05:33.498040,101863.42,36.16000000000349,0.03549851359791718,0.000559999999999998,0.000559999999999998,0.07181000000000001,0.17142000000000002,-0.09961,0.41891261229728155,0.00132,0.04877,101863.425,1
2025-11-08 22:05:35.526174,101863.425,36.14999999999418,0.035488694789120014,-0.000559999999999998,-0.001119999999999996,0.07125000000000001,0.17142000000000002,-0.10017000000000001,0.4156457822891145,0.00014,0.04877,101860.305,0
2025-11-08 22:05:37.560213,101860.305,29.930000000007567,0.029383379521598297,-0.0006700000000000039,-0.00011000000000000593,0.07181,0.17265,-0.10084,0.41592817839559804,0.00132,0.05,101853.635,0
2025-11-08 22:05:39.589095,101853.635,16.589999999996508,0.016288078476528117,0.0,0.0006700000000000039,0.07181,0.17265,-0.10084,0.41592817839559804,0.00132,0.05,101853.63500000001,1
2025-11-08 22:05:41.618152,101853.63500000001,16.569999999992433,0.016268442456660905,-0.04855999999999999,-0.04855999999999999,0.02195,0.17135,-0.1494,0.1281003793405311,0.00014,1e-05,101853.63500000001,0
2025-11-08 22:05:43.652337,101853.63500000001,16.569999999992433,0.016268442456660905,0.0,0.04855999999999999,0.02195,0.17135,-0.1494,0.1281003793405311,0.00014,1e-05,101853.63500000001,0
2025-11-08 22:05:45.684614,101853.63500000001,16.569999999992433,0.016268442456660905,0.0,0.0,0.02195,0.17135,-0.1494,0.1281003793405311,0.00014,1e-05,101853.63500000001,0
2025-11-08 22:05:47.715555,101853.63500000001,16.569999999992433,0.016268442456660905,0.0,0.0,0.02195,0.17135,-0.1494,0.1281003793405311,0.00014,1e-05,101853.63,0
2025-11-08 22:05:49.750476,101853.63,16.580000000001746,0.01627826126570231,0.04986,0.04986,0.07181,0.17135,-0.09954,0.4190837467172454,0.00132,1e-05,101853.63,0
2025-11-08 22:05:51.785475,101853.63,16.580000000001746,0.01627826126570231,0.0,-0.04986,0.07181,0.17135,-0.09954,0.4190837467172454,0.00132,1e-05,101853.63,0
2025-11-08 22:05:53.822494,101853.63,16.580000000001746,0.01627826126570231,0.0,0.0,0.07181,0.17135,-0.09954,0.4190837467172454,0.00132,1e-05,101853.63,0
2025-11-08 22:05:55.852250,101853.63,16.580000000001746,0.01627826126570231,0.0,0.0,0.07181,0.17135,-0.09954,0.4190837467172454,0.00132,1e-05,101853.63500000001,1
2025-11-08 22:05:57.881406,101853.63500000001,16.569999999992433,0.016268442456660905,-0.04986,-0.04986,0.02195,0.17135,-0.1494,0.1281003793405311,0.00014,1e-05,101853.63,0
2025-11-08 22:05:59.914667,101853.63,16.580000000001746,0.01627826126570231,0.04986,0.09972,0.07181,0.17135,-0.09954,0.4190837467172454,0.00132,1e-05,101850.57500000001,0
2025-11-08 22:06:01.952318,101850.57500000001,10.44999999999709,0.010260128624700536,-0.05116000000000001,-0.10102000000000001,0.02195,0.17265,-0.1507,0.12713582392122794,0.00014,0.05,101850.57500000001,0
2025-11-08 22:06:03.983934,101850.57500000001,10.44999999999709,0.010260128624700536,0.0,0.05116000000000001,0.02195,0.17265,-0.1507,0.12713582392122794,0.00014,0.05,101847.985,0
2025-11-08 22:06:06.020883,101847.985,5.290000000008149,0.00519401537498081,0.05079,0.05079,0.07181,0.17172,-0.09991000000000001,0.4181807593757279,0.00132,0.05,101845.345,0
2025-11-08 22:06:08.055649,101845.345,0.010000000009313226,9.818809106408571e-06,-0.00023999999999999998,-0.05103,0.07181,0.17196,-0.10015,0.417597115608281,0.00132,0.05,101845.345,0
2025-11-08 22:06:10.087466,101845.345,0.010000000009313226,9.818809106408571e-06,-0.0005499999999999987,-0.00030999999999999875,0.07181,0.17251000000000002,-0.10070000000000003,0.4162657237261607,0.00132,0.04986,101845.345,0
2025-11-08 22:06:12.117971,101845.345,0.010000000009313226,9.818809106408571e-06,0.0,0.0005499999999999987,0.07181,0.17251000000000002,-0.10070000000000003,0.4162657237261607,0.00132,0.04986,101845.345,0
2025-11-08 22:06:14.151808,101845.345,0.010000000009313226,9.818809106408571e-06,-0.00014000000000000123,-0.00014000000000000123,0.07181,0.17265000000000003,-0.10084000000000003,0.415928178395598,0.00132,0.05,101845.345,0
2025-11-08 22:06:16.190391,101845.345,0.010000000009313226,9.818809106408571e-06,0.0,0.00014000000000000123,0.07181,0.17265000000000003,-0.10084000000000003,0.415928178395598,0.00132,0.05,101845.345,0
2025-11-08 22:06:18.228234,101845.345,0.010000000009313226,9.818809106408571e-06,0.0,0.0,0.07181,0.17265000000000003,-0.10084000000000003,0.415928178395598,0.00132,0.05,101845.345,0
2025-11-08 22:06:20.257216,101845.345,0.010000000009313226,9.818809106408571e-06,0.0,0.0,0.07181,0.17265000000000003,-0.10084000000000003,0.415928178395598,0.00132,0.05,101845.345,0
2025-11-08 22:06:22.294460,101845.345,0.010000000009313226,9.818809106408571e-06,0.0,0.0,0.07181,0.17265000000000003,-0.10084000000000003,0.415928178395598,0.00132,0.05,101845.345,0
2025-11-08 22:06:24.328028,101845.345,0.010000000009313226,9.818809106408571e-06,0.0,0.0,0.07181,0.17265000000000003,-0.10084000000000003,0.415928178395598,0.00132,0.05,101847.445,1
2025-11-08 22:06:26.360303,101847.445,4.210000000006403,0.004133633396504352,0.0006700000000000039,0.0006700000000000039,0.07181,0.17198000000000002,-0.10017000000000002,0.4175485521572275,0.00132,3e-05,101847.445,0
2025-11-08 22:06:28.397947,101847.445,4.210000000006403,0.004133633396504352,0.0,-0.0006700000000000039,0.07181,0.17198000000000002,-0.10017000000000002,0.4175485521572275,0.00132,3e-05,101847.445,0
2025-11-08 22:06:30.431420,101847.445,4.210000000006403,0.004133633396504352,0.0,0.0,0.07181,0.17198000000000002,-0.10017000000000002,0.4175485521572275,0.00132,3e-05,101847.445,0
2025-11-08 22:06:32.467901,101847.445,4.210000000006403,0.004133633396504352,0.0,0.0,0.07181,0.17198000000000002,-0.10017000000000002,0.4175485521572275,0.00132,3e-05,101847.445,0
2025-11-08 22:06:34.502900,101847.445,4.210000000006403,0.004133633396504352,0.0,0.0,0.07181,0.17198000000000002,-0.10017000000000002,0.4175485521572275,0.00132,3e-05,101845.345,0
2025-11-08 22:06:36.537557,101845.345,0.010000000009313226,9.818809106408571e-06,0.0,0.0,0.07181,0.17198000000000002,-0.10017000000000002,0.4175485521572275,0.00132,0.05,101845.345,0
2025-11-08 22:06:38.571661,101845.345,0.010000000009313226,9.818809106408571e-06,-0.0006699999999999938,-0.0006699999999999938,0.07181,0.17265000000000003,-0.10084000000000003,0.415928178395598,0.00132,0.05,101845.345,0
2025-11-08 22:06:40.599242,101845.345,0.010000000009313226,9.818809106408571e-06,0.0,0.0006699999999999938,0.07181,0.17265000000000003,-0.10084000000000003,0.415928178395598,0.00132,0.05,101845.345,0
2025-11-08 22:06:42.633741,101845.345,0.010000000009313226,9.818809106408571e-06,0.0,0.0,0.07181,0.17265000000000003,-0.10084000000000003,0.415928178395598,0.00132,0.05,101845.345,0
2025-11-08 22:06:44.669671,101845.345,0.010000000009313226,9.818809106408571e-06,0.0006799999999999999,0.0006799999999999999,0.07181,0.17197,-0.10016000000000001,0.41757283247077975,0.00132,0.05,101845.345,0
2025-11-08 22:06:46.705139,101845.345,0.010000000009313226,9.818809106408571e-06,-0.04931,-0.04999,0.02318,0.17265000000000003,-0.14947000000000002,0.13426006371271357,0.00132,0.05,101845.345,0
2025-11-08 22:06:48.743016,101845.345,0.010000000009313226,9.818809106408571e-06,0.04863,0.09794,0.07181,0.17265000000000003,-0.10084000000000003,0.415928178395598,0.00132,0.05,101845.345,0
2025-11-08 22:06:50.776804,101845.345,0.010000000009313226,9.818809106408571e-06,0.0,-0.04863,0.07181,0.17265000000000003,-0.10084000000000003,0.415928178395598,0.00132,0.05,101845.345,0
2025-11-08 22:06:52.810801,101845.345,0.010000000009313226,9.818809106408571e-06,0.0,0.0,0.07181,0.17265000000000003,-0.10084000000000003,0.415928178395598,0.00132,0.05,101845.345,0
2025-11-08 22:06:54.844092,101845.345,0.010000000009313226,9.818809106408571e-06,0.0,0.0,0.07181,0.17265000000000003,-0.10084000000000003,0.415928178395598,0.00132,0.05,101845.345,0
2025-11-08 22:06:56.877035,101845.345,0.010000000009313226,9.818809106408571e-06,0.0,0.0,0.07181,0.17265000000000003,-0.10084000000000003,0.415928178395598,0.00132,0.05,101845.345,0
2025-11-08 22:06:58.903456,101845.345,0.010000000009313226,9.818809106408571e-06,0.0,0.0,0.07181,0.17265000000000003,-0.10084000000000003,0.415928178395598,0.00132,0.05,101845.345,0
2025-11-08 22:07:00.935311,101845.345,0.010000000009313226,9.818809106408571e-06,0.0,0.0,0.07181,0.17265000000000003,-0.10084000000000003,0.415928178395598,0.00132,0.05,101845.345,0
2025-11-08 22:07:02.967935,101845.345,0.010000000009313226,9.818809106408571e-06,0.0,0.0,0.07181,0.17265000000000003,-0.10084000000000003,0.415928178395598,0.00132,0.05,101845.345,0
2025-11-08 22:07:05.002980,101845.345,0.010000000009313226,9.818809106408571e-06,-0.04863,-0.04863,0.02318,0.17265000000000003,-0.14947000000000002,0.13426006371271357,0.00132,0.05,101845.345,0
2025-11-08 22:07:07.039255,101845.345,0.010000000009313226,9.818809106408571e-06,0.0,0.04863,0.02318,0.17265000000000003,-0.14947000000000002,0.13426006371271357,0.00132,0.05,101845.345,0
2025-11-08 22:07:09.070374,101845.345,0.010000000009313226,9.818809106408571e-06,0.0,0.0,0.02318,0.17265000000000003,-0.14947000000000002,0.13426006371271357,0.00132,0.05,101845.345,0
2025-11-08 22:07:11.103698,101845.345,0.010000000009313226,9.818809106408571e-06,0.0,0.0,0.02318,0.17265000000000003,-0.14947000000000002,0.13426006371271357,0.00132,0.05,101845.345,0
2025-11-08 22:07:13.137772,101845.345,0.010000000009313226,9.818809106408571e-06,0.0,0.0,0.02318,0.17265000000000003,-0.14947000000000002,0.13426006371271357,0.00132,0.05,101845.345,0
2025-11-08 22:07:15.166341,101845.345,0.010000000009313226,9.818809106408571e-06,0.0,0.0,0.02318,0.17265000000000003,-0.14947000000000002,0.13426006371271357,0.00132,0.05,101845.345,0
2025-11-08 22:07:17.196434,101845.345,0.010000000009313226,9.818809106408571e-06,0.0,0.0,0.02318,0.17265000000000003,-0.14947000000000002,0.13426006371271357,0.00132,0.05,101845.345,0
2025-11-08 22:07:19.227764,101845.345,0.010000000009313226,9.818809106408571e-06,0.0,0.0,0.02318,0.17265000000000003,-0.14947000000000002,0.13426006371271357,0.00132,0.05,101845.345,0
2025-11-08 22:07:21.261599,101845.345,0.010000000009313226,9.818809106408571e-06,0.0,0.0,0.02318,0.17265000000000003,-0.14947000000000002,0.13426006371271357,0.00132,0.05,101845.345,0
2025-11-08 22:07:23.294139,101845.345,0.010000000009313226,9.818809106408571e-06,0.0,0.0,0.02318,0.17265000000000003,-0.14947000000000002,0.13426006371271357,0.00132,0.05,101845.345,0
2025-11-08 22:07:25.323602,101845.345,0.010000000009313226,9.818809106408571e-06,0.0,0.0,0.02318,0.17265000000000003,-0.14947000000000002,0.13426006371271357,0.00132,0.05,101845.345,0
2025-11-08 22:07:27.354135,101845.345,0.010000000009313226,9.818809106408571e-06,0.0,0.0,0.02318,0.17265000000000003,-0.14947000000000002,0.13426006371271357,0.00132,0.05,101845.345,0
2025-11-08 22:07:29.387073,101845.345,0.010000000009313226,9.818809106408571e-06,0.0,0.0,0.02318,0.17265000000000003,-0.14947000000000002,0.13426006371271357,0.00132,0.05,101845.345,0
2025-11-08 22:07:31.418711,101845.345,0.010000000009313226,9.818809106408571e-06,0.0,0.0,0.02318,0.17265000000000003,-0.14947000000000002,0.13426006371271357,0.00132,0.05,101845.345,0
2025-11-08 22:07:33.450891,101845.345,0.010000000009313226,9.818809106408571e-06,0.0,0.0,0.02318,0.17265000000000003,-0.14947000000000002,0.13426006371271357,0.00132,0.05,101845.345,0
2025-11-08 22:07:35.484641,101845.345,0.010000000009313226,9.818809106408571e-06,0.0,0.0,0.02318,0.17265000000000003,-0.14947000000000002,0.13426006371271357,0.00132,0.05,101845.345,0
2025-11-08 22:07:37.518313,101845.345,0.010000000009313226,9.818809106408571e-06,0.0,0.0,0.02318,0.17265000000000003,-0.14947000000000002,0.13426006371271357,0.00132,0.05,101845.345,0
2025-11-08 22:07:39.552266,101845.345,0.010000000009313226,9.818809106408571e-06,0.0,0.0,0.02318,0.17265000000000003,-0.14947000000000002,0.13426006371271357,0.00132,0.05,101845.345,0
2025-11-08 22:07:41.585318,101845.345,0.010000000009313226,9.818809106408571e-06,0.0,0.0,0.02318,0.17265000000000003,-0.14947000000000002,0.13426006371271357,0.00132,0.05,101845.345,0
2025-11-08 22:07:43.619029,101845.345,0.010000000009313226,9.818809106408571e-06,0.0,0.0,0.02318,0.17265000000000003,-0.14947000000000002,0.13426006371271357,0.00132,0.05,101845.345,0
2025-11-08 22:07:45.657058,101845.345,0.010000000009313226,9.818809106408571e-06,0.0,0.0,0.02318,0.17265000000000003,-0.14947000000000002,0.13426006371271357,0.00132,0.05,101845.345,0
2025-11-08 22:07:47.696043,101845.345,0.010000000009313226,9.818809106408571e-06,0.04863,0.04863,0.07181,0.17265000000000003,-0.10084000000000003,0.415928178395598,0.00132,0.05,101845.345,0
2025-11-08 22:07:49.729064,101845.345,0.010000000009313226,9.818809106408571e-06,0.0,-0.04863,0.07181,0.17265000000000003,-0.10084000000000003,0.415928178395598,0.00132,0.05,101845.345,0
2025-11-08 22:07:51.765829,101845.345,0.010000000009313226,9.818809106408571e-06,0.0,0.0,0.07181,0.17265000000000003,-0.10084000000000003,0.415928178395598,0.00132,0.05,101847.995,1
2025-11-08 22:07:53.800945,101847.995,5.309999999997672,0.005213651972233398,0.0006800000000000139,0.0006800000000000139,0.07181,0.17197,-0.10016000000000001,0.41757283247077975,0.00132,2e-05,101847.995,0
2025-11-08 22:07:55.830933,101847.995,5.309999999997672,0.005213651972233398,0.0,-0.0006800000000000139,0.07181,0.17197,-0.10016000000000001,0.41757283247077975,0.00132,2e-05,101854.48,1
2025-11-08 22:07:57.869165,101854.48,18.279999999998836,0.017947173261302633,-0.0006800000000000139,-0.0006800000000000139,0.07181,0.17265,-0.10084,0.41592817839559804,0.00132,0.05,101854.475,0
2025-11-08 22:07:59.901116,101854.475,18.270000000004075,0.01793735621336625,0.0006700000000000178,0.0013500000000000317,0.07181,0.17198000000000002,-0.10017000000000002,0.4175485521572275,0.00132,3e-05,101846.845,0
2025-11-08 22:08:01.932752,101846.845,3.0100000000093132,0.002955418010257768,9.999999999996123e-06,-0.0006600000000000217,0.07181,0.17197,-0.10016000000000001,0.41757283247077975,0.00132,0.05,101846.845,0
2025-11-08 22:08:03.966393,101846.845,3.0100000000093132,0.002955418010257768,0.0,-9.999999999996123e-06,0.07181,0.17197,-0.10016000000000001,0.41757283247077975,0.00132,0.05,101846.845,0
2025-11-08 22:08:05.995399,101846.845,3.0100000000093132,0.002955418010257768,0.0,0.0,0.07181,0.17197,-0.10016000000000001,0.41757283247077975,0.00132,0.05,101846.845,0
2025-11-08 22:08:08.026607,101846.845,3.0100000000093132,0.002955418010257768,-0.00067999999999999,-0.00067999999999999,0.07181,0.17265000000000003,-0.10084000000000003,0.415928178395598,0.00132,0.05,101852.92,1
2025-11-08 22:08:10.057205,101852.92,15.160000000003492,0.014884207541623248,0.0006800000000000139,0.001360000000000004,0.07181,0.17197,-0.10016000000000001,0.41757283247077975,0.00132,2e-05,101852.92,0
2025-11-08 22:08:12.088404,101852.92,15.160000000003492,0.014884207541623248,0.0,-0.0006800000000000139,0.07181,0.17197,-0.10016000000000001,0.41757283247077975,0.00132,2e-05,101852.92,0
2025-11-08 22:08:14.121746,101852.92,15.160000000003492,0.014884207541623248,0.0,0.0,0.07181,0.17197,-0.10016000000000001,0.41757283247077975,0.00132,2e-05,101852.92,0
2025-11-08 22:08:16.150456,101852.92,15.160000000003492,0.014884207541623248,0.0,0.0,0.07181,0.17197,-0.10016000000000001,0.41757283247077975,0.00132,2e-05,101852.92,0
2025-11-08 22:08:18.183344,101852.92,15.160000000003492,0.014884207541623248,0.0,0.0,0.07181,0.17197,-0.10016000000000001,0.41757283247077975,0.00132,2e-05,101852.92,0
2025-11-08 22:08:20.217473,101852.92,15.160000000003492,0.014884207541623248,0.0,0.0,0.07181,0.17197,-0.10016000000000001,0.41757283247077975,0.00132,2e-05,101852.92,0
2025-11-08 22:08:22.249673,101852.92,15.160000000003492,0.014884207541623248,0.0,0.0,0.07181,0.17197,-0.10016000000000001,0.41757283247077975,0.00132,2e-05,101859.755,1
2025-11-08 22:08:24.290788,101859.755,28.830000000001746,0.028303621975138013,-0.0006800000000000139,-0.0006800000000000139,0.07181,0.17265,-0.10084,0.41592817839559804,0.00132,0.05,101859.75,0
2025-11-08 22:08:26.327389,101859.75,28.820000000006985,0.028293805943964113,0.0006800000000000139,0.0013600000000000279,0.07181000000000001,0.17197,-0.10016,0.4175728324707798,0.00132,2e-05,101867.845,1
2025-11-08 22:08:28.365545,101867.845,45.01000000000931,0.044184698321643415,-0.0006800000000000139,-0.0013600000000000279,0.07181000000000001,0.17265,-0.10083999999999999,0.4159281783955981,0.00132,0.05,101875.225,1
2025-11-08 22:08:30.401255,101875.225,59.770000000004075,0.05866980907281832,0.0,0.0006800000000000139,0.07181000000000001,0.17265,-0.10083999999999999,0.4159281783955981,0.00132,0.00094,101884.215,1
2025-11-08 22:08:32.433948,101884.215,77.75,0.07631211566973353,0.12097,0.12097,0.07181000000000001,0.05168000000000001,0.020130000000000002,1.3895123839009287,0.00132,3e-05,101884.215,0
2025-11-08 22:08:34.467453,101884.215,77.75,0.07631211566973353,0.0,-0.12097,0.07181000000000001,0.05168000000000001,0.020130000000000002,1.3895123839009287,0.00132,3e-05,101884.215,0
2025-11-08 22:08:36.502028,101884.215,77.75,0.07631211566973353,0.0,0.0,0.07181000000000001,0.05168000000000001,0.020130000000000002,1.3895123839009287,0.00132,3e-05,101873.37,0
2025-11-08 22:08:38.541108,101873.37,56.05999999999767,0.055029101324514614,-0.12097,-0.12097,0.07181000000000001,0.17265,-0.10083999999999999,0.4159281783955981,0.00132,0.05,101862.37,0
2025-11-08 22:08:40.568874,101862.37,34.05999999999767,0.03343727423581218,0.00067,0.12164,0.07181000000000001,0.17198000000000002,-0.10017000000000001,0.4175485521572276,0.00132,0.05,101854.88,0
2025-11-08 22:08:42.602813,101854.88,19.080000000001746,0.018732533973828007,1.0842021724855044e-18,-0.0006699999999999989,0.07181,0.17198000000000002,-0.10017000000000002,0.4175485521572275,0.00132,3e-05,101864.7,1
2025-11-08 22:08:44.637063,101864.7,38.720000000001164,0.03801120505926112,0.0,-1.0842021724855044e-18,0.07181,0.17198000000000002,-0.10017000000000002,0.4175485521572275,0.00132,3e-05,101864.705,1
2025-11-08 22:08:46.670670,101864.705,38.73000000001048,0.03802102013647463,-0.0006700000000000178,-0.0006700000000000178,0.07181000000000001,0.17265,-0.10083999999999999,0.4159281783955981,0.00132,0.05,101864.7,0
2025-11-08 22:08:48.704582,101864.7,38.720000000001164,0.03801120505926112,0.0006600000000000217,0.0013300000000000395,0.07181000000000001,0.17199,-0.10017999999999999,0.4175242746671319,0.00132,4e-05,101864.7,0
2025-11-08 22:08:50.737940,101864.7,38.720000000001164,0.03801120505926112,0.0,-0.0006600000000000217,0.07181000000000001,0.17199,-0.10017999999999999,0.4175242746671319,0.00132,4e-05,101865.205,1
2025-11-08 22:08:52.774170,101865.205,39.73000000001048,0.039002522991055166,-0.0006600000000000078,-0.0006600000000000078,0.07181000000000001,0.17265,-0.10083999999999999,0.4159281783955981,0.00132,0.00094,101863.975,0
2025-11-08 22:08:54.811135,101863.975,37.270000000004075,0.03658800866548166,-0.0004200000000000099,0.00023999999999999792,0.07181000000000001,0.17307,-0.10125999999999999,0.4149188189749813,0.00132,0.05,101863.975,0
2025-11-08 22:08:56.839776,101863.975,37.270000000004075,0.03658800866548166,0.0004200000000000099,0.0008400000000000198,0.07181000000000001,0.17265,-0.10083999999999999,0.4159281783955981,0.00132,0.05,101863.975,0
2025-11-08 22:08:58.873015,101863.975,37.270000000004075,0.03658800866548166,0.0,-0.0004200000000000099,0.07181000000000001,0.17265,-0.10083999999999999,0.4159281783955981,0.00132,0.05,101863.975,0
2025-11-08 22:09:00.903817,101863.975,37.270000000004075,0.03658800866548166,0.0,0.0,0.07181000000000001,0.17265,-0.10083999999999999,0.4159281783955981,0.00132,0.05,101863.975,0
2025-11-08 22:09:02.936668,101863.975,37.270000000004075,0.03658800866548166,0.0,0.0,0.07181000000000001,0.17265,-0.10083999999999999,0.4159281783955981,0.00132,0.05,101863.97,0
2025-11-08 22:09:04.969705,101863.97,37.26000000000931,0.03657819344760401,0.0006600000000000217,0.0006600000000000217,0.07181000000000001,0.17199,-0.10017999999999999,0.4175242746671319,0.00132,4e-05,101870.86,1
2025-11-08 22:09:07.005867,101870.86,51.04000000000815,0.05010264957025802,-0.0006600000000000217,-0.0013200000000000434,0.07181000000000001,0.17265,-0.10083999999999999,0.4159281783955981,0.00132,0.05,101870.855,0
2025-11-08 22:09:09.040754,101870.855,51.029999999998836,0.050092835679055446,0.0006600000000000217,0.0013200000000000434,0.07181000000000001,0.17199,-0.10017999999999999,0.4175242746671319,0.00132,4e-05,101870.86,1
2025-11-08 22:09:11.080287,101870.86,51.04000000000815,0.05010264957025802,-0.0006600000000000217,-0.0013200000000000434,0.07181000000000001,0.17265,-0.10083999999999999,0.4159281783955981,0.00132,0.05,101870.855,0
2025-11-08 22:09:13.115390,101870.855,51.029999999998836,0.050092835679055446,0.12095,0.12161000000000002,0.07181000000000001,0.0517,0.02011000000000001,1.388974854932302,0.00132,5e-05,101872.515,1
2025-11-08 22:09:15.148210,101872.515,54.35000000000582,0.0533509946230402,-0.12094999999999999,-0.2419,0.07181000000000001,0.17265,-0.10083999999999999,0.4159281783955981,0.00132,0.05,101872.515,0
2025-11-08 22:09:17.184717,101872.515,54.35000000000582,0.0533509946230402,0.0,0.12094999999999999,0.07181000000000001,0.17265,-0.10083999999999999,0.4159281783955981,0.00132,0.05,101872.515,0
2025-11-08 22:09:19.214823,101872.515,54.35000000000582,0.0533509946230402,0.0,0.0,0.07181000000000001,0.17265,-0.10083999999999999,0.4159281783955981,0.00132,0.05,101872.515,0
2025-11-08 22:09:21.245994,101872.515,54.35000000000582,0.0533509946230402,0.0,0.0,0.07181000000000001,0.17265,-0.10083999999999999,0.4159281783955981,0.00132,0.05,101872.515,0
2025-11-08 22:09:23.284824,101872.515,54.35000000000582,0.0533509946230402,0.0,0.0,0.07181000000000001,0.17265,-0.10083999999999999,0.4159281783955981,0.00132,0.05,101872.515,0
2025-11-08 22:09:25.316844,101872.515,54.35000000000582,0.0533509946230402,0.0,0.0,0.07181000000000001,0.17265,-0.10083999999999999,0.4159281783955981,0.00132,0.05,101872.515,0
2025-11-08 22:09:27.352691,101872.515,54.35000000000582,0.0533509946230402,0.0,0.0,0.07181000000000001,0.17265,-0.10083999999999999,0.4159281783955981,0.00132,0.05,101872.515,0
2025-11-08 22:09:29.390270,101872.515,54.35000000000582,0.0533509946230402,0.0,0.0,0.07181000000000001,0.17265,-0.10083999999999999,0.4159281783955981,0.00132,0.05,101872.515,0
2025-11-08 22:09:31.420828,101872.515,54.35000000000582,0.0533509946230402,0.0,0.0,0.07181000000000001,0.17265,-0.10083999999999999,0.4159281783955981,0.00132,0.05,101872.515,0
2025-11-08 22:09:33.453523,101872.515,54.35000000000582,0.0533509946230402,0.0,0.0,0.07181000000000001,0.17265,-0.10083999999999999,0.4159281783955981,0.00132,0.05,101872.515,0
2025-11-08 22:09:35.486156,101872.515,54.35000000000582,0.0533509946230402,0.0,0.0,0.07181000000000001,0.17265,-0.10083999999999999,0.4159281783955981,0.00132,0.05,101879.625,1
2025-11-08 22:09:37.517698,101879.625,68.57000000000698,0.06730491989934885,-0.04863000000000001,-0.04863000000000001,0.02318,0.17265,-0.14947,0.13426006371271357,0.00132,0.05,101879.625,0
2025-11-08 22:09:39.555671,101879.625,68.57000000000698,0.06730491989934885,0.04863000000000001,0.09726000000000001,0.07181000000000001,0.17265,-0.10083999999999999,0.4159281783955981,0.00132,0.05,101879.625,0
2025-11-08 22:09:41.590009,101879.625,68.57000000000698,0.06730491989934885,0.0,-0.04863000000000001,0.07181000000000001,0.17265,-0.10083999999999999,0.4159281783955981,0.00132,0.05,101887.735,1
2025-11-08 22:09:43.628465,101887.735,84.79000000000815,0.08321904496160225,0.12093999999999999,0.12093999999999999,0.07181000000000001,0.051710000000000006,0.020100000000000007,1.388706246374009,0.00132,6e-05,101887.735,0
2025-11-08 22:09:45.660915,101887.735,84.79000000000815,0.08321904496160225,0.0,-0.12093999999999999,0.07181000000000001,0.051710000000000006,0.020100000000000007,1.388706246374009,0.00132,6e-05,101887.735,0
2025-11-08 22:09:47.689290,101887.735,84.79000000000815,0.08321904496160225,0.0,0.0,0.07181000000000001,0.051710000000000006,0.020100000000000007,1.388706246374009,0.00132,6e-05,101894.97,1
2025-11-08 22:09:49.716405,101894.97,99.26000000000931,0.09741403329331105,-0.12093999999999999,-0.12093999999999999,0.07181000000000001,0.17265,-0.10083999999999999,0.4159281783955981,0.00132,0.05,101894.965,0
2025-11-08 22:09:51.749932,101894.965,99.25,0.09740422404581031,0.12093999999999999,0.24187999999999998,0.07181000000000001,0.051710000000000006,0.020100000000000007,1.388706246374009,0.00132,6e-05,101894.965,0
2025-11-08 22:09:53.787807,101894.965,99.25,0.09740422404581031,0.0,-0.12093999999999999,0.07181000000000001,0.051710000000000006,0.020100000000000007,1.388706246374009,0.00132,6e-05,101896.21,1
2025-11-08 22:09:55.825711,101896.21,96.77999999999884,0.09497899872821455,-0.12093999999999999,-0.12093999999999999,0.07181000000000001,0.17265,-0.10083999999999999,0.4159281783955981,0.05,0.05,101896.20999999999,0
2025-11-08 22:09:57.861393,101896.20999999999,96.75999999999476,0.09495937091280898,0.12035,0.24129,0.07123,0.05172000000000001,0.019509999999999993,1.3772235112142304,0.00012,7e-05,101896.20999999999,0
2025-11-08 22:09:59.895014,101896.20999999999,96.75999999999476,0.09495937091280898,0.0,-0.12035,0.07123,0.05172000000000001,0.019509999999999993,1.3772235112142304,0.00012,7e-05,101896.215,1
2025-11-08 22:10:01.924985,101896.215,96.77000000000407,0.09496918016042508,-0.12093,-0.12093,0.07123,0.17265,-0.10142,0.41256878077034465,0.00012,0.05,101896.215,0
2025-11-08 22:10:03.958729,101896.215,96.77000000000407,0.09496918016042508,0.0,0.12093,0.07123,0.17265,-0.10142,0.41256878077034465,0.00012,0.05,101896.20999999999,0
2025-11-08 22:10:05.993710,101896.20999999999,96.75999999999476,0.09495937091280898,0.12093,0.12093,0.07123,0.05172000000000001,0.019509999999999993,1.3772235112142304,0.00012,7e-05,101896.215,1
2025-11-08 22:10:08.025844,101896.215,96.77000000000407,0.09496918016042508,-0.12093,-0.24186,0.07123,0.17265,-0.10142,0.41256878077034465,0.00012,0.05,101896.215,0
2025-11-08 22:10:10.059320,101896.215,96.77000000000407,0.09496918016042508,0.0,0.12093,0.07123,0.17265,-0.10142,0.41256878077034465,0.00012,0.05,101896.215,0
2025-11-08 22:10:12.096279,101896.215,96.77000000000407,0.09496918016042508,0.0,0.0,0.07123,0.17265,-0.10142,0.41256878077034465,0.00012,0.05,101896.215,0
2025-11-08 22:10:14.126506,101896.215,96.77000000000407,0.09496918016042508,0.0,0.0,0.07123,0.17265,-0.10142,0.41256878077034465,0.00012,0.05,101896.215,0
2025-11-08 22:10:16.164706,101896.215,96.77000000000407,0.09496918016042508,0.0,0.0,0.07123,0.17265,-0.10142,0.41256878077034465,0.00012,0.05,101896.20999999999,0
2025-11-08 22:10:18.198013,101896.20999999999,96.75999999999476,0.09495937091280898,0.12093,0.12093,0.07123,0.05172000000000001,0.019509999999999993,1.3772235112142304,0.00012,7e-05,101896.215,1
2025-11-08 22:10:20.230219,101896.215,96.77000000000407,0.09496918016042508,-0.12093,-0.24186,0.07123,0.17265,-0.10142,0.41256878077034465,0.00012,0.05,101903.335,1
2025-11-08 22:10:22.268549,101903.335,84.52999999999884,0.08295116151007112,0.0005799999999999972,0.12150999999999999,0.07181000000000001,0.17265,-0.10083999999999999,0.4159281783955981,0.05,0.00094,101905.54000000001,1
2025-11-08 22:10:24.304021,101905.54000000001,88.91999999999825,0.08725727767106504,-0.0005900000000000002,-0.0011699999999999974,0.07122,0.17265,-0.10142999999999999,0.4125108601216334,0.00011,1e-05,101909.215,1
2025-11-08 22:10:26.346039,101909.215,96.27000000000407,0.09446643269698828,-0.00047999999999998044,0.0001100000000000198,0.07122,0.17313,-0.10191,0.41136718073124245,0.00011,7e-05,101909.215,0
2025-11-08 22:10:28.383636,101909.215,96.27000000000407,0.09446643269698828,0.0,0.00047999999999998044,0.07122,0.17313,-0.10191,0.41136718073124245,0.00011,7e-05,101909.22,1
2025-11-08 22:10:30.421249,101909.22,96.27999999999884,0.09447624071698207,0.00027000000000000374,0.00027000000000000374,0.07122,0.17286,-0.10164000000000001,0.41200971884762233,0.00011,0.04965,101909.215,0
2025-11-08 22:10:32.459537,101909.215,96.27000000000407,0.09446643269698828,9.999999999999159e-05,-0.00017000000000001216,0.07122,0.17276,-0.10153999999999999,0.4122482056031489,0.00011,5e-05,101901.58499999999,0
2025-11-08 22:10:34.492136,101901.58499999999,98.2899999999936,0.09645581077074866,0.00014000000000000557,4.000000000001398e-05,0.07181000000000001,0.17321,-0.10139999999999999,0.41458345361122345,0.05,0.05,101901.58499999999,0
2025-11-08 22:10:36.529309,101901.58499999999,98.2899999999936,0.09645581077074866,0.0,-0.00014000000000000557,0.07181000000000001,0.17321,-0.10139999999999999,0.41458345361122345,0.05,0.05,101904.75,1
2025-11-08 22:10:38.566358,101904.75,91.94000000000233,0.09022150586700063,-0.0004600000000000099,-0.0004600000000000099,0.07124,0.1731,-0.10186,0.4115540150202195,0.05,4e-05,101904.75,0
2025-11-08 22:10:40.608252,101904.75,91.94000000000233,0.09022150586700063,0.0005699999999999976,0.0010300000000000075,0.07181000000000001,0.1731,-0.10128999999999999,0.41484690930098217,0.05,4e-05,101904.75,0
2025-11-08 22:10:42.644173,101904.75,91.94000000000233,0.09022150586700063,0.0,-0.0005699999999999976,0.07181000000000001,0.1731,-0.10128999999999999,0.41484690930098217,0.05,4e-05,101904.755,1
2025-11-08 22:10:44.678057,101904.755,91.93000000000757,0.09021168835547229,-0.0005799999999999972,-0.0005799999999999972,0.07123,0.1731,-0.10187,0.41149624494511844,0.00012,4e-05,101904.755,0
2025-11-08 22:10:46.711582,101904.755,91.93000000000757,0.09021168835547229,0.0,0.0005799999999999972,0.07123,0.1731,-0.10187,0.41149624494511844,0.00012,4e-05,101904.755,0
2025-11-08 22:10:48.748227,101904.755,91.93000000000757,0.09021168835547229,0.0,0.0,0.07123,0.1731,-0.10187,0.41149624494511844,0.00012,4e-05,101904.755,0
2025-11-08 22:10:50.778419,101904.755,91.93000000000757,0.09021168835547229,0.0,0.0,0.07123,0.1731,-0.10187,0.41149624494511844,0.00012,4e-05,101893.41500000001,0
2025-11-08 22:10:52.806824,101893.41500000001,90.55000000000291,0.08886737185126527,0.00047000000000000947,0.00047000000000000947,0.07181000000000001,0.17321,-0.10139999999999999,0.41458345361122345,0.05,0.05,101892.01,0
2025-11-08 22:10:54.838279,101892.01,93.33999999999651,0.09160679036560032,0.00010999999999999465,-0.0003600000000000148,0.07181000000000001,0.1731,-0.10128999999999999,0.41484690930098217,0.00132,4e-05,101905.77,1
2025-11-08 22:10:56.879562,101905.77,87.16000000000349,0.08552999501402471,-0.0006799999999999853,-0.00078999999999998,0.07124,0.17321,-0.10197,0.4112926505398071,0.05,0.05,101912.745,1
2025-11-08 22:10:58.912223,101912.745,101.11000000000058,0.09921232128523336,0.0006799999999999853,0.0013599999999999706,0.07181000000000001,0.1731,-0.10128999999999999,0.41484690930098217,0.05,4e-05,101912.745,0
2025-11-08 22:11:00.943983,101912.745,101.11000000000058,0.09921232128523336,0.0,-0.0006799999999999853,0.07181000000000001,0.1731,-0.10128999999999999,0.41484690930098217,0.05,4e-05,101912.745,0
2025-11-08 22:11:02.976402,101912.745,101.11000000000058,0.09921232128523336,0.0,0.0,0.07181000000000001,0.1731,-0.10128999999999999,0.41484690930098217,0.05,4e-05,101919.025,1
2025-11-08 22:11:05.008767,101919.025,88.55000000000291,0.08688269928014217,-0.0005799999999999972,-0.0005799999999999972,0.07123,0.1731,-0.10187,0.41149624494511844,0.00012,4e-05,101930.425,1
2025-11-08 22:11:07.038716,101930.425,94.30999999999767,0.09252389558858179,0.12076999999999999,0.12134999999999999,0.19211,0.17321,0.0189,1.109116101841695,0.05,0.05,101930.425,0
2025-11-08 22:11:09.067072,101930.425,94.29000000000815,0.09250427436166203,-0.12061999999999999,-0.24139,0.07124,0.17296,-0.10172,0.4118871415356152,0.00013,5e-05,101935.425,1
2025-11-08 22:11:11.097781,101935.425,84.29000000000815,0.0826896047178968,-0.019450000000000005,0.10116999999999998,0.05179,0.17296,-0.12117,0.29943339500462535,0.00019,5e-05,101930.425,0
2025-11-08 22:11:13.125250,101930.425,94.29000000000815,0.09250427436166203,0.019450000000000005,0.03890000000000001,0.07124,0.17296,-0.10172,0.4118871415356152,0.00013,5e-05,101940.065,1
2025-11-08 22:11:15.150781,101940.065,101.14999999999418,0.09922497106510005,0.12061999999999999,0.10116999999999998,0.19211,0.17321,0.0189,1.109116101841695,0.05,0.05,101940.065,0
2025-11-08 22:11:17.182961,101940.065,101.14999999999418,0.09922497106510005,0.0,-0.12061999999999999,0.19211,0.17321,0.0189,1.109116101841695,0.05,0.05,101983.89499999999,1
2025-11-08 22:11:19.214606,101983.89499999999,33.94999999999709,0.03328956988747791,-0.14034,-0.14034,0.051770000000000004,0.17321,-0.12143999999999999,0.29888574562669595,0.00019,0.0007,101978.89499999999,0
2025-11-08 22:11:21.246130,101978.89499999999,43.94999999999709,0.04309715260201348,0.12108,0.26142,0.05188,0.05224,-0.0003599999999999992,0.9931087289433385,0.00011,0.0007,101978.89499999999,0
2025-11-08 22:11:23.282278,101978.89499999999,43.94999999999709,0.04309715260201348,-0.00010999999999999899,-0.12118999999999999,0.051770000000000004,0.05224,-0.0004699999999999982,0.9910030627871363,0.00011,0.0007,101978.89499999999,0
2025-11-08 22:11:25.319820,101978.89499999999,43.94999999999709,0.04309715260201348,0.0,0.00010999999999999899,0.051770000000000004,0.05224,-0.0004699999999999982,0.9910030627871363,0.00011,0.0007,101978.89499999999,0
2025-11-08 22:11:27.346449,101978.89499999999,43.94999999999709,0.04309715260201348,0.0001399999999999943,0.0001399999999999943,0.05191,0.05224,-0.0003300000000000039,0.9936830015313934,0.00011,0.0007,101983.89499999999,1
2025-11-08 22:11:29.380588,101983.89499999999,33.94999999999709,0.03328956988747791,-0.000359999999999999,-0.0004999999999999933,0.051770000000000004,0.05246,-0.0006899999999999962,0.9868471216164698,0.00019,0.0007,101978.89499999999,0
2025-11-08 22:11:31.414211,101978.89499999999,43.94999999999709,0.04309715260201348,6.938893903907228e-18,0.00036000000000000593,0.051770000000000004,0.05246,-0.0006899999999999962,0.9868471216164698,0.00011,0.0007,101983.89499999999,1
2025-11-08 22:11:33.445582,101983.89499999999,33.94999999999709,0.03328956988747791,0.00020999999999999033,0.0002099999999999834,0.05176000000000001,0.05224,-0.0004799999999999943,0.990811638591118,0.00019,0.0007,101983.89499999999,0
2025-11-08 22:11:35.480514,101983.89499999999,33.94999999999709,0.03328956988747791,0.0,-0.00020999999999999033,0.05176000000000001,0.05224,-0.0004799999999999943,0.990811638591118,0.00019,0.0007,101983.89499999999,0
2025-11-08 22:11:37.519254,101983.89499999999,33.94999999999709,0.03328956988747791,0.0,0.0,0.05176000000000001,0.05224,-0.0004799999999999943,0.990811638591118,0.00019,0.0007,101978.89499999999,0
2025-11-08 22:11:39.550629,101978.89499999999,43.94999999999709,0.04309715260201348,-0.00021999999999999773,-0.00021999999999999773,0.05176000000000001,0.05246,-0.0006999999999999923,0.9866565001906216,0.00011,0.0007,101978.89499999999,0
2025-11-08 22:11:41.578277,101978.89499999999,43.94999999999709,0.04309715260201348,0.00021999999999999773,0.00043999999999999546,0.05176000000000001,0.05224,-0.0004799999999999943,0.990811638591118,0.00011,0.0007,101980.63,1
2025-11-08 22:11:43.605672,101980.63,40.479999999995925,0.03969381244261378,0.12086,0.12064,0.17261999999999997,0.05224,0.12037999999999996,3.3043644716692184,0.05,0.0007,101980.63,0
2025-11-08 22:11:45.637777,101980.63,40.479999999995925,0.03969381244261378,0.0,-0.12086,0.17261999999999997,0.05224,0.12037999999999996,3.3043644716692184,0.05,0.0007,101985.445,1
2025-11-08 22:11:47.672034,101985.445,30.84999999999127,0.030249414512032835,-0.0002199999999999999,-0.0002199999999999999,0.17261999999999997,0.05246,0.12015999999999996,3.290507052992756,0.05,0.0007,101985.445,0
2025-11-08 22:11:49.706671,101985.445,30.84999999999127,0.030249414512032835,0.00021999999999999773,0.00043999999999999763,0.17261999999999997,0.05224,0.12037999999999996,3.3043644716692184,0.05,0.0007,101985.45,1
2025-11-08 22:11:51.740299,101985.45,30.839999999996508,0.030239607708743264,-0.0014299999999999966,-0.0016499999999999944,0.17140999999999998,0.05246,0.11894999999999997,3.267441860465116,0.00011,0.0007,101985.45,0
2025-11-08 22:11:53.784211,101985.45,30.839999999996508,0.030239607708743264,0.0,0.0014299999999999966,0.17140999999999998,0.05246,0.11894999999999997,3.267441860465116,0.00011,0.0007,101992.525,1
2025-11-08 22:11:55.820858,101992.525,16.69000000000233,0.01636394431847072,0.0014299999999999918,0.0014299999999999918,0.17261999999999997,0.05224,0.12037999999999996,3.3043644716692184,0.05,0.0007,101992.525,0
2025-11-08 22:11:57.852190,101992.525,16.69000000000233,0.01636394431847072,0.0005699999999999969,-0.0008599999999999949,0.17271999999999998,0.051770000000000004,0.12094999999999997,3.336295151632219,0.0501,1e-05,101992.525,0
2025-11-08 22:11:59.884523,101992.525,16.69000000000233,0.01636394431847072,0.0,-0.0005699999999999969,0.17271999999999998,0.051770000000000004,0.12094999999999997,3.336295151632219,0.0501,1e-05,101992.525,0
2025-11-08 22:12:01.918183,101992.525,16.69000000000233,0.01636394431847072,0.0,0.0,0.17271999999999998,0.051770000000000004,0.12094999999999997,3.336295151632219,0.0501,1e-05,101986.855,0
2025-11-08 22:12:03.980456,101986.855,28.029999999998836,0.027483934081503774,0.0001199999999999992,0.0001199999999999992,0.17261999999999997,0.05155,0.12106999999999997,3.348593598448108,0.05,1e-05,101986.855,0
2025-11-08 22:12:06.014901,101986.855,28.029999999998836,0.027483934081503774,0.0,-0.0001199999999999992,0.17261999999999997,0.05155,0.12106999999999997,3.348593598448108,0.05,1e-05,101986.855,0
2025-11-08 22:12:08.052385,101986.855,28.029999999998836,0.027483934081503774,0.0,0.0,0.17261999999999997,0.05155,0.12106999999999997,3.348593598448108,0.05,1e-05,101986.86,1
2025-11-08 22:12:10.089042,101986.86,28.019999999989523,0.027474127549362265,-0.0014299999999999918,-0.0014299999999999918,0.17140999999999998,0.051770000000000004,0.11963999999999997,3.3109909213830395,0.00011,1e-05,101986.86,0
2025-11-08 22:12:12.123560,101986.86,28.019999999989523,0.027474127549362265,1.9999999999999985e-05,0.0014499999999999919,0.17143,0.051770000000000004,0.11965999999999999,3.311377245508982,0.00013,1e-05,101986.86,0
2025-11-08 22:12:14.158066,101986.86,28.019999999989523,0.027474127549362265,0.0,-1.9999999999999985e-05,0.17143,0.051770000000000004,0.11965999999999999,3.311377245508982,0.00013,1e-05,101978.89499999999,0
2025-11-08 22:12:16.186678,101978.89499999999,43.94999999999709,0.04309715260201348,-0.11943999999999999,-0.11943999999999999,0.051770000000000004,0.05155,0.00022000000000000491,1.0042677012609118,0.00011,1e-05,101978.89499999999,0
2025-11-08 22:12:18.217488,101978.89499999999,43.94999999999709,0.04309715260201348,0.12085,0.24029,0.17262,0.051550000000000006,0.12106999999999998,3.348593598448108,0.00011,1e-05,101978.89499999999,0
2025-11-08 22:12:20.249722,101978.89499999999,43.94999999999709,0.04309715260201348,-0.0014000000000000004,-0.12225,0.17144,0.051770000000000004,0.11967,3.3115704075719528,0.00011,1e-05,101978.89499999999,0
2025-11-08 22:12:22.284645,101978.89499999999,43.94999999999709,0.04309715260201348,0.0,0.0014000000000000004,0.17144,0.051770000000000004,0.11967,3.3115704075719528,0.00011,1e-05,101978.89499999999,0
2025-11-08 22:12:24.318736,101978.89499999999,43.94999999999709,0.04309715260201348,0.0,0.0,0.17144,0.051770000000000004,0.11967,3.3115704075719528,0.00011,1e-05,101978.89499999999,0
2025-11-08 22:12:26.354545,101978.89499999999,43.94999999999709,0.04309715260201348,0.0,0.0,0.17144,0.051770000000000004,0.11967,3.3115704075719528,0.00011,1e-05,101978.89499999999,0
2025-11-08 22:12:28.390339,101978.89499999999,43.94999999999709,0.04309715260201348,0.0,0.0,0.17144,0.051770000000000004,0.11967,3.3115704075719528,0.00011,1e-05,101978.89499999999,0
2025-11-08 22:12:30.424984,101978.89499999999,43.94999999999709,0.04309715260201348,0.0013999999999999983,0.0013999999999999983,0.17262,0.05155,0.12107,3.3485935984481086,0.00011,1e-05,101978.89499999999,0
2025-11-08 22:12:32.457621,101978.89499999999,43.94999999999709,0.04309715260201348,-0.12086,-0.12226,0.05176000000000001,0.05155,0.0002100000000000088,1.0040737148399614,0.00011,1e-05,101978.89499999999,0
2025-11-08 22:12:34.491500,101978.89499999999,43.94999999999709,0.04309715260201348,-0.0002099999999999964,0.12065,0.051770000000000004,0.051770000000000004,0.0,1.0,0.00011,1e-05,101978.89499999999,0
2025-11-08 22:12:36.525037,101978.89499999999,43.94999999999709,0.04309715260201348,0.00035999999999999205,0.0005699999999999885,0.05191,0.05155,0.0003599999999999992,1.0069835111542191,0.00011,1e-05,101978.89499999999,0
2025-11-08 22:12:38.558702,101978.89499999999,43.94999999999709,0.04309715260201348,9.999999999999999e-06,-0.00034999999999999203,0.05191,0.05154,0.00036999999999999533,1.0071788901823826,0.00011,1e-05,101978.89499999999,0
2025-11-08 22:12:40.590611,101978.89499999999,43.94999999999709,0.04309715260201348,0.0,-9.999999999999999e-06,0.05191,0.05154,0.00036999999999999533,1.0071788901823826,0.00011,1e-05,101978.89499999999,0
2025-11-08 22:12:42.626924,101978.89499999999,43.94999999999709,0.04309715260201348,0.0,0.0,0.05191,0.05154,0.00036999999999999533,1.0071788901823826,0.00011,1e-05,101978.89499999999,0
2025-11-08 22:12:44.665252,101978.89499999999,43.94999999999709,0.04309715260201348,0.0,0.0,0.05191,0.05154,0.00036999999999999533,1.0071788901823826,0.00011,1e-05,101978.89499999999,0
2025-11-08 22:12:46.694719,101978.89499999999,43.94999999999709,0.04309715260201348,-0.0003699999999999951,-0.0003699999999999951,0.051770000000000004,0.051770000000000004,0.0,1.0,0.00011,1e-05,101978.89499999999,0
2025-11-08 22:12:48.726319,101978.89499999999,43.94999999999709,0.04309715260201348,0.0,0.0003699999999999951,0.051770000000000004,0.051770000000000004,0.0,1.0,0.00011,1e-05,101978.89499999999,0
2025-11-08 22:12:50.766832,101978.89499999999,43.94999999999709,0.04309715260201348,0.00020999999999999857,0.00020999999999999857,0.05176000000000001,0.051550000000000006,0.00021000000000000185,1.0040737148399612,0.00011,1e-05,101993.545,1
2025-11-08 22:12:52.796973,101993.545,14.64999999999418,0.014363654092025313,-0.12096,-0.12117,0.051770000000000004,0.17252,-0.12075,0.30008115001159286,0.00011,1e-05,101993.545,0
2025-11-08 22:12:54.832688,101993.545,14.64999999999418,0.014363654092025313,0.12112,0.24208000000000002,0.05191,0.05154,0.00036999999999999533,1.0071788901823826,0.00011,1e-05,101993.545,0
2025-11-08 22:12:56.868531,101993.545,14.64999999999418,0.014363654092025313,0.0,-0.12112,0.05191,0.05154,0.00036999999999999533,1.0071788901823826,0.00011,1e-05,101993.545,0
2025-11-08 22:12:58.898056,101993.545,14.64999999999418,0.014363654092025313,-0.0003699999999999951,-0.0003699999999999951,0.051770000000000004,0.051770000000000004,0.0,1.0,0.00011,1e-05,101993.545,0
2025-11-08 22:13:00.929624,101993.545,14.64999999999418,0.014363654092025313,0.0,0.0003699999999999951,0.051770000000000004,0.051770000000000004,0.0,1.0,0.00011,1e-05,101993.545,0
2025-11-08 22:13:02.964592,101993.545,14.64999999999418,0.014363654092025313,0.00019999999999999334,0.00019999999999999334,0.051750000000000004,0.05155,0.00020000000000000573,1.0038797284190109,0.00011,1e-05,101993.545,0
2025-11-08 22:13:04.998005,101993.545,14.64999999999418,0.014363654092025313,0.0,-0.00019999999999999334,0.051750000000000004,0.05155,0.00020000000000000573,1.0038797284190109,0.00011,1e-05,101993.545,0
2025-11-08 22:13:07.034230,101993.545,14.64999999999418,0.014363654092025313,0.0,0.0,0.051750000000000004,0.05155,0.00020000000000000573,1.0038797284190109,0.00011,1e-05,101993.545,0
2025-11-08 22:13:09.067231,101993.545,14.64999999999418,0.014363654092025313,0.0,0.0,0.051750000000000004,0.05155,0.00020000000000000573,1.0038797284190109,0.00011,1e-05,101993.545,0
2025-11-08 22:13:11.093919,101993.545,14.64999999999418,0.014363654092025313,-0.00021999999999999773,-0.00021999999999999773,0.051750000000000004,0.051770000000000004,-1.9999999999999185e-05,0.9996136758740584,0.00011,1e-05,101993.545,0
2025-11-08 22:13:13.132032,101993.545,14.64999999999418,0.014363654092025313,0.00021999999999999773,0.00043999999999999546,0.051750000000000004,0.05155,0.00020000000000000573,1.0038797284190109,0.00011,1e-05,101993.545,0
2025-11-08 22:13:15.169608,101993.545,14.64999999999418,0.014363654092025313,-0.12094999999999999,-0.12116999999999999,0.051770000000000004,0.17252,-0.12075,0.30008115001159286,0.00011,1e-05,101991.60500000001,0
2025-11-08 22:13:17.201670,101991.60500000001,10.770000000004075,0.010559692633530057,0.12096,0.24191,0.05176000000000001,0.051550000000000006,0.00021000000000000185,1.0040737148399612,0.00011,3e-05,101991.60500000001,0
2025-11-08 22:13:19.238856,101991.60500000001,10.770000000004075,0.010559692633530057,0.0,-0.12096,0.05176000000000001,0.051550000000000006,0.00021000000000000185,1.0040737148399612,0.00011,3e-05,101986.225,0
2025-11-08 22:13:21.269459,101986.225,0.00999999999476131,9.805245752317344e-06,-0.12096,-0.12096,0.051770000000000004,0.17252,-0.12075,0.30008115001159286,0.00011,0.05,101986.225,0
2025-11-08 22:13:23.303122,101986.225,0.00999999999476131,9.805245752317344e-06,0.0,0.12096,0.051770000000000004,0.17252,-0.12075,0.30008115001159286,0.00011,0.05,101986.225,0
2025-11-08 22:13:25.337128,101986.225,0.00999999999476131,9.805245752317344e-06,-4.0000000000003574e-05,-4.0000000000003574e-05,0.051730000000000005,0.17252,-0.12079000000000001,0.2998492928356133,8e-05,0.05,101986.225,0
2025-11-08 22:13:27.391633,101986.225,0.00999999999476131,9.805245752317344e-06,0.0,4.0000000000003574e-05,0.051730000000000005,0.17252,-0.12079000000000001,0.2998492928356133,8e-05,0.05,101986.225,0
2025-11-08 22:13:29.422239,101986.225,0.00999999999476131,9.805245752317344e-06,0.0,0.0,0.051730000000000005,0.17252,-0.12079000000000001,0.2998492928356133,8e-05,0.05,101986.225,0
2025-11-08 22:13:31.454763,101986.225,0.00999999999476131,9.805245752317344e-06,0.0,0.0,0.051730000000000005,0.17252,-0.12079000000000001,0.2998492928356133,8e-05,0.05,101986.225,0
2025-11-08 22:13:33.488368,101986.225,0.00999999999476131,9.805245752317344e-06,0.0,0.0,0.051730000000000005,0.17252,-0.12079000000000001,0.2998492928356133,8e-05,0.05,101986.225,0
2025-11-08 22:13:35.518977,101986.225,0.00999999999476131,9.805245752317344e-06,0.0,0.0,0.051730000000000005,0.17252,-0.12079000000000001,0.2998492928356133,8e-05,0.05,101986.225,0
2025-11-08 22:13:37.549644,101986.225,0.00999999999476131,9.805245752317344e-06,0.0,0.0,0.051730000000000005,0.17252,-0.12079000000000001,0.2998492928356133,8e-05,0.05,101986.225,0
2025-11-08 22:13:39.582205,101986.225,0.00999999999476131,9.805245752317344e-06,0.0,0.0,0.051730000000000005,0.17252,-0.12079000000000001,0.2998492928356133,8e-05,0.05,101986.225,0
2025-11-08 22:13:41.616885,101986.225,0.00999999999476131,9.805245752317344e-06,0.0,0.0,0.051730000000000005,0.17252,-0.12079000000000001,0.2998492928356133,8e-05,0.05,101986.225,0
2025-11-08 22:13:43.648264,101986.225,0.00999999999476131,9.805245752317344e-06,-9.999999999997858e-06,-9.999999999997858e-06,0.05172,0.17252,-0.1208,0.2997913285416184,6e-05,0.05,101986.225,0
2025-11-08 22:13:45.681872,101986.225,0.00999999999476131,9.805245752317344e-06,0.0,9.999999999997858e-06,0.05172,0.17252,-0.1208,0.2997913285416184,6e-05,0.05,101986.225,0
2025-11-08 22:13:47.712784,101986.225,0.00999999999476131,9.805245752317344e-06,-1.9999999999999836e-05,-1.9999999999999836e-05,0.0517,0.17252,-0.12082000000000001,0.2996753999536286,4e-05,0.05,101986.225,0
2025-11-08 22:13:49.744227,101986.225,0.00999999999476131,9.805245752317344e-06,0.0,1.9999999999999836e-05,0.0517,0.17252,-0.12082000000000001,0.2996753999536286,4e-05,0.05,101986.225,0
2025-11-08 22:13:51.776798,101986.225,0.00999999999476131,9.805245752317344e-06,-1.0000000000000026e-05,-1.0000000000000026e-05,0.05169000000000001,0.17252,-0.12082999999999999,0.29961743565963367,3e-05,0.05,101986.225,0
2025-11-08 22:13:53.814848,101986.225,0.00999999999476131,9.805245752317344e-06,0.0,1.0000000000000026e-05,0.05169000000000001,0.17252,-0.12082999999999999,0.29961743565963367,3e-05,0.05,101986.225,0
2025-11-08 22:13:55.850527,101986.225,0.00999999999476131,9.805245752317344e-06,0.0,0.0,0.05169000000000001,0.17252,-0.12082999999999999,0.29961743565963367,3e-05,0.05,101986.225,0
2025-11-08 22:13:57.879571,101986.225,0.00999999999476131,9.805245752317344e-06,0.0,0.0,0.05169000000000001,0.17252,-0.12082999999999999,0.29961743565963367,3e-05,0.05,101986.225,0
2025-11-08 22:13:59.910365,101986.225,0.00999999999476131,9.805245752317344e-06,-2.000000000000439e-05,-2.000000000000439e-05,0.05167000000000001,0.17252,-0.12085,0.2995015070716439,2e-05,0.05,101986.225,0
2025-11-08 22:14:01.941937,101986.225,0.00999999999476131,9.805245752317344e-06,0.0,2.000000000000439e-05,0.05167000000000001,0.17252,-0.12085,0.2995015070716439,2e-05,0.05,101986.225,0
2025-11-08 22:14:03.977774,101986.225,0.00999999999476131,9.805245752317344e-06,0.0,0.0,0.05167000000000001,0.17252,-0.12085,0.2995015070716439,2e-05,0.05,101986.225,0
2025-11-08 22:14:06.014435,101986.225,0.00999999999476131,9.805245752317344e-06,0.0,0.0,0.05167000000000001,0.17252,-0.12085,0.2995015070716439,2e-05,0.05,101986.225,0
2025-11-08 22:14:08.049019,101986.225,0.00999999999476131,9.805245752317344e-06,-1.734723475976807e-18,-1.734723475976807e-18,0.05167000000000001,0.17252,-0.12085,0.2995015070716439,1e-05,0.05,101986.225,0
2025-11-08 22:14:10.085653,101986.225,0.00999999999476131,9.805245752317344e-06,0.0,1.734723475976807e-18,0.05167000000000001,0.17252,-0.12085,0.2995015070716439,1e-05,0.05,101988.545,1
2025-11-08 22:14:12.124456,101988.545,4.649999999994179,0.004559335560669269,0.0,0.0,0.05167000000000001,0.17252,-0.12085,0.2995015070716439,1e-05,0.05,101988.545,0
2025-11-08 22:14:14.158762,101988.545,4.649999999994179,0.004559335560669269,-1.0000000000001327e-05,-1.0000000000001327e-05,0.051660000000000005,0.17252,-0.12086,0.299443542777649,1e-05,0.05,101993.545,1
2025-11-08 22:14:16.193466,101993.545,14.64999999999418,0.014363654092025313,0.0,1.0000000000001327e-05,0.051660000000000005,0.17252,-0.12086,0.299443542777649,1e-05,1e-05,101993.545,0
2025-11-08 22:14:18.231123,101993.545,14.64999999999418,0.014363654092025313,0.12075999999999999,0.12075999999999999,0.05167000000000001,0.051770000000000004,-9.999999999999593e-05,0.9980683793702918,1e-05,1e-05,101993.545,0
2025-11-08 22:14:20.262814,101993.545,14.64999999999418,0.014363654092025313,0.0,-0.12075999999999999,0.05167000000000001,0.051770000000000004,-9.999999999999593e-05,0.9980683793702918,1e-05,1e-05,101993.545,0
2025-11-08 22:14:22.299163,101993.545,14.64999999999418,0.014363654092025313,0.0,0.0,0.05167000000000001,0.051770000000000004,-9.999999999999593e-05,0.9980683793702918,1e-05,1e-05,101993.545,0
2025-11-08 22:14:24.333955,101993.545,14.64999999999418,0.014363654092025313,0.0,0.0,0.05167000000000001,0.051770000000000004,-9.999999999999593e-05,0.9980683793702918,1e-05,1e-05,101993.545,0
2025-11-08 22:14:26.368679,101993.545,14.64999999999418,0.014363654092025313,0.0,0.0,0.05167000000000001,0.051770000000000004,-9.999999999999593e-05,0.9980683793702918,1e-05,1e-05,101993.545,0
2025-11-08 22:14:28.396920,101993.545,14.64999999999418,0.014363654092025313,0.0,0.0,0.05167000000000001,0.051770000000000004,-9.999999999999593e-05,0.9980683793702918,1e-05,1e-05,101993.545,0
2025-11-08 22:14:30.427716,101993.545,14.64999999999418,0.014363654092025313,-5.204170427930421e-18,-5.204170427930421e-18,0.05167000000000001,0.051770000000000004,-9.999999999999593e-05,0.9980683793702918,1e-05,1e-05,101993.545,0
2025-11-08 22:14:32.460085,101993.545,14.64999999999418,0.014363654092025313,0.0,5.204170427930421e-18,0.05167000000000001,0.051770000000000004,-9.999999999999593e-05,0.9980683793702918,1e-05,1e-05,101988.09,0
2025-11-08 22:14:34.492275,101988.09,3.7400000000052387,0.0036670948539238636,-0.12075,-0.12075,0.05167000000000001,0.17252,-0.12085,0.2995015070716439,1e-05,0.05,101940.55,0
2025-11-08 22:14:36.525546,101940.55,98.82000000000698,0.09693885308643811,0.00014,0.12089,0.05181,0.17252,-0.12071000000000001,0.3003130071875725,0.00015,0.05,101940.55,0
2025-11-08 22:14:38.556491,101940.55,98.82000000000698,0.09693885308643811,0.0,-0.00014,0.05181,0.17252,-0.12071000000000001,0.3003130071875725,0.00015,0.05,101940.55,0
2025-11-08 22:14:40.589001,101940.55,98.82000000000698,0.09693885308643811,0.0,0.0,0.05181,0.17252,-0.12071000000000001,0.3003130071875725,0.00015,0.05,101940.55,0
2025-11-08 22:14:42.620838,101940.55,98.82000000000698,0.09693885308643811,0.0,0.0,0.05181,0.17252,-0.12071000000000001,0.3003130071875725,0.00015,0.05,101940.55,0
2025-11-08 22:14:44.654676,101940.55,98.82000000000698,0.09693885308643811,0.0,0.0,0.05181,0.17252,-0.12071000000000001,0.3003130071875725,0.00015,0.05,101940.55,0
2025-11-08 22:14:46.687880,101940.55,98.82000000000698,0.09693885308643811,0.0,0.0,0.05181,0.17252,-0.12071000000000001,0.3003130071875725,0.00015,0.05,101940.55,0
2025-11-08 22:14:48.718373,101940.55,98.82000000000698,0.09693885308643811,0.0,0.0,0.05181,0.17252,-0.12071000000000001,0.3003130071875725,0.00015,0.05,101940.55,0
2025-11-08 22:14:50.747694,101940.55,98.82000000000698,0.09693885308643811,0.0,0.0,0.05181,0.17252,-0.12071000000000001,0.3003130071875725,0.00015,0.05,101940.55,0
2025-11-08 22:14:52.776934,101940.55,98.82000000000698,0.09693885308643811,0.0,0.0,0.05181,0.17252,-0.12071000000000001,0.3003130071875725,0.00015,0.05,101940.55,0
2025-11-08 22:14:54.802624,101940.55,98.82000000000698,0.09693885308643811,0.0,0.0,0.05181,0.17252,-0.12071000000000001,0.3003130071875725,0.00015,0.05,101940.55,0
2025-11-08 22:14:56.839022,101940.55,98.82000000000698,0.09693885308643811,0.0,0.0,0.05181,0.17252,-0.12071000000000001,0.3003130071875725,0.00015,0.05,101940.55,0
2025-11-08 22:14:58.870913,101940.55,98.82000000000698,0.09693885308643811,0.0,0.0,0.05181,0.17252,-0.12071000000000001,0.3003130071875725,0.00015,0.05,101940.55,0
2025-11-08 22:15:00.904281,101940.55,98.82000000000698,0.09693885308643811,0.0,0.0,0.05181,0.17252,-0.12071000000000001,0.3003130071875725,0.00015,0.05,101940.55,0
2025-11-08 22:15:02.934052,101940.55,98.82000000000698,0.09693885308643811,0.0,0.0,0.05181,0.17252,-0.12071000000000001,0.3003130071875725,0.00015,0.05,101940.55,0
2025-11-08 22:15:04.966767,101940.55,98.82000000000698,0.09693885308643811,0.0,0.0,0.05181,0.17252,-0.12071000000000001,0.3003130071875725,0.00015,0.05,101940.55,0
2025-11-08 22:15:06.999805,101940.55,98.82000000000698,0.09693885308643811,0.0,0.0,0.05181,0.17252,-0.12071000000000001,0.3003130071875725,0.00015,0.05,101940.55,0
2025-11-08 22:15:09.031031,101940.55,98.82000000000698,0.09693885308643811,0.0,0.0,0.05181,0.17252,-0.12071000000000001,0.3003130071875725,0.00015,0.05,101937.48999999999,0
2025-11-08 22:15:11.060984,101937.48999999999,92.69999999999709,0.09093808372169758,0.0,0.0,0.05181,0.17252,-0.12071000000000001,0.3003130071875725,0.00015,0.05,101926.34,0
2025-11-08 22:15:13.093663,101926.34,95.10000000000582,0.0933026732834769,0.0,0.0,0.05181,0.17252,-0.12071000000000001,0.3003130071875725,0.00015,0.05,101926.34,0
2025-11-08 22:15:15.124935,101926.34,95.10000000000582,0.0933026732834769,0.0,0.0,0.05181,0.17252,-0.12071000000000001,0.3003130071875725,0.00015,0.05,101926.34,0
2025-11-08 22:15:17.162365,101926.34,95.10000000000582,0.0933026732834769,0.00021000000000000185,0.00021000000000000185,0.05181,0.17231000000000002,-0.12050000000000002,0.30067900876327547,0.00015,0.04979,101923.225,0
2025-11-08 22:15:19.192386,101923.225,88.8700000000099,0.08719308087043938,-0.00021000000000000185,-0.0004200000000000037,0.05181,0.17252,-0.12071000000000001,0.3003130071875725,0.00015,0.05,101909.45999999999,0
2025-11-08 22:15:21.227682,101909.45999999999,99.90000000000873,0.09802819090593624,0.019640000000000005,0.019850000000000007,0.07145,0.17252,-0.10107000000000001,0.4141548805935544,0.05015,0.05,101909.45999999999,0
2025-11-08 22:15:23.254027,101909.45999999999,99.90000000000873,0.09802819090593624,0.0,-0.019640000000000005,0.07145,0.17252,-0.10107000000000001,0.4141548805935544,0.05015,0.05,101909.45999999999,0
2025-11-08 22:15:25.282578,101909.45999999999,99.90000000000873,0.09802819090593624,0.0,0.0,0.07145,0.17252,-0.10107000000000001,0.4141548805935544,0.05015,0.05,101909.45999999999,0
2025-11-08 22:15:27.321067,101909.45999999999,99.90000000000873,0.09802819090593624,0.0,0.0,0.07145,0.17252,-0.10107000000000001,0.4141548805935544,0.05015,0.05,101909.45999999999,0
2025-11-08 22:15:29.354177,101909.45999999999,99.90000000000873,0.09802819090593624,0.0,0.0,0.07145,0.17252,-0.10107000000000001,0.4141548805935544,0.05015,0.05,101935.62,1
2025-11-08 22:15:31.381897,101935.62,101.63999999999942,0.09970999342526138,-0.00014999999999999736,-0.00014999999999999736,0.0713,0.17252,-0.10122,0.4132854161836309,0.05,0.05,101935.62,0
2025-11-08 22:15:33.433155,101935.62,101.63999999999942,0.09970999342526138,0.0,0.00014999999999999736,0.0713,0.17252,-0.10122,0.4132854161836309,0.05,0.05,101935.62,0
2025-11-08 22:15:35.466791,101935.62,101.63999999999942,0.09970999342526138,0.0,0.0,0.0713,0.17252,-0.10122,0.4132854161836309,0.05,0.05,101935.62,0
2025-11-08 22:15:37.497738,101935.62,101.63999999999942,0.09970999342526138,0.0,0.0,0.0713,0.17252,-0.10122,0.4132854161836309,0.05,0.05,101935.625,1
2025-11-08 22:15:39.530327,101935.625,101.63000000000466,0.09970017842143475,-0.019500000000000003,-0.019500000000000003,0.051800000000000006,0.17252,-0.12072,0.3002550428935776,0.00014,0.05,101935.625,0
2025-11-08 22:15:41.563376,101935.625,101.63000000000466,0.09970017842143475,0.0,0.019500000000000003,0.051800000000000006,0.17252,-0.12072,0.3002550428935776,0.00014,0.05,101935.625,0
2025-11-08 22:15:43.600556,101935.625,101.63000000000466,0.09970017842143475,0.0,0.0,0.051800000000000006,0.17252,-0.12072,0.3002550428935776,0.00014,0.05,101926.28,0
2025-11-08 22:15:45.630769,101926.28,104.83999999999651,0.1028586543136829,0.019500000000000003,0.019500000000000003,0.0713,0.17252,-0.10122,0.4132854161836309,0.05,0.05,101908.45999999999,0
2025-11-08 22:15:47.664796,101908.45999999999,99.69999999999709,0.09783289826967957,-0.019490000000000007,-0.03899000000000001,0.05181,0.17252,-0.12071000000000001,0.3003130071875725,0.00015,0.05,101908.45999999999,0
2025-11-08 22:15:49.701958,101908.45999999999,99.69999999999709,0.09783289826967957,0.0,0.019490000000000007,0.05181,0.17252,-0.12071000000000001,0.3003130071875725,0.00015,0.05,101908.45999999999,0
2025-11-08 22:15:51.736899,101908.45999999999,99.69999999999709,0.09783289826967957,0.0001500000000000043,0.0001500000000000043,0.05181,0.17237000000000002,-0.12056000000000003,0.30057434588385445,0.00015,0.04985,101908.45999999999,0
2025-11-08 22:15:53.769852,101908.45999999999,99.69999999999709,0.09783289826967957,0.0,-0.0001500000000000043,0.05181,0.17237000000000002,-0.12056000000000003,0.30057434588385445,0.00015,0.04985,101908.45999999999,0
2025-11-08 22:15:55.799540,101908.45999999999,99.69999999999709,0.09783289826967957,0.0,0.0,0.05181,0.17237000000000002,-0.12056000000000003,0.30057434588385445,0.00015,0.04985,101911.815,1
2025-11-08 22:15:57.829936,101911.815,92.98999999999069,0.09124555381531639,0.019490000000000007,0.019490000000000007,0.0713,0.17237000000000002,-0.10107000000000002,0.413645065846725,0.05,0.04985,101911.815,0
2025-11-08 22:15:59.864933,101911.815,92.98999999999069,0.09124555381531639,0.0,-0.019490000000000007,0.0713,0.17237000000000002,-0.10107000000000002,0.413645065846725,0.05,0.04985,101911.815,0
2025-11-08 22:16:01.895527,101911.815,92.98999999999069,0.09124555381531639,0.0,0.0,0.0713,0.17237000000000002,-0.10107000000000002,0.413645065846725,0.05,0.04985,101911.815,0
2025-11-08 22:16:03.931667,101911.815,92.98999999999069,0.09124555381531639,0.0,0.0,0.0713,0.17237000000000002,-0.10107000000000002,0.413645065846725,0.05,0.04985,101911.815,0
2025-11-08 22:16:05.960959,101911.815,92.98999999999069,0.09124555381531639,0.0,0.0,0.0713,0.17237000000000002,-0.10107000000000002,0.413645065846725,0.05,0.04985,101911.815,0
2025-11-08 22:16:07.999789,101911.815,92.98999999999069,0.09124555381531639,0.0,0.0,0.0713,0.17237000000000002,-0.10107000000000002,0.413645065846725,0.05,0.04985,101927.38,1
2025-11-08 22:16:10.028250,101927.38,87.58000000000175,0.0859239195592016,-0.01965000000000001,-0.01965000000000001,0.051800000000000006,0.17252,-0.12072,0.3002550428935776,0.05,0.05,101935.435,1
2025-11-08 22:16:12.095896,101935.435,103.69000000000233,0.10172125129990599,0.0195,0.03915000000000001,0.0713,0.17252,-0.10122,0.4132854161836309,0.05,0.05,101935.44,1
2025-11-08 22:16:14.124216,101935.44,103.67999999999302,0.10171143617959859,-0.019520000000000003,-0.03902,0.05178000000000001,0.17252,-0.12074,0.30013911430558776,0.00012,0.05,101935.435,0
2025-11-08 22:16:16.152085,101935.435,103.69000000000233,0.10172125129990599,0.019520000000000003,0.039040000000000005,0.0713,0.17252,-0.10122,0.4132854161836309,0.05,0.05,101942.03,1
2025-11-08 22:16:18.190150,101942.03,90.5,0.08877594452454989,-0.0195,-0.03902,0.051800000000000006,0.17252,-0.12072,0.3002550428935776,0.05,0.05,101942.03,0
2025-11-08 22:16:20.223640,101942.03,90.5,0.08877594452454989,0.0,0.0195,0.051800000000000006,0.17252,-0.12072,0.3002550428935776,0.05,0.05,101942.03,0
2025-11-08 22:16:22.254283,101942.03,90.5,0.08877594452454989,0.0,0.0,0.051800000000000006,0.17252,-0.12072,0.3002550428935776,0.05,0.05,101942.03,0
2025-11-08 22:16:24.287993,101942.03,90.5,0.08877594452454989,0.0,0.0,0.051800000000000006,0.17252,-0.12072,0.3002550428935776,0.05,0.05,101959.215,1
2025-11-08 22:16:26.320024,101959.215,83.30999999999767,0.08170914222907433,0.12072999999999999,0.12072999999999999,0.05178000000000001,0.051770000000000004,1.0000000000003062e-05,1.000193162062971,0.05,1e-05,101959.215,0
2025-11-08 22:16:28.351323,101959.215,83.30999999999767,0.08170914222907433,0.0,-0.12072999999999999,0.05178000000000001,0.051770000000000004,1.0000000000003062e-05,1.000193162062971,0.05,1e-05,101959.215,0
2025-11-08 22:16:30.385259,101959.215,83.30999999999767,0.08170914222907433,0.12088,0.12088,0.17266,0.051770000000000004,0.12089,3.3351361792543943,0.05,1e-05,101965.33499999999,1
2025-11-08 22:16:32.416356,101965.33499999999,71.06999999999243,0.0697001583920579,-0.12089,-0.24176999999999998,0.051770000000000004,0.051770000000000004,0.0,1.0,0.05,1e-05,101965.33499999999,0
2025-11-08 22:16:34.455955,101965.33499999999,71.06999999999243,0.0697001583920579,0.0,0.12089,0.051770000000000004,0.051770000000000004,0.0,1.0,0.05,1e-05,101965.33499999999,0
2025-11-08 22:16:36.485893,101965.33499999999,71.06999999999243,0.0697001583920579,0.0,0.0,0.051770000000000004,0.051770000000000004,0.0,1.0,0.05,1e-05,101965.33499999999,0
2025-11-08 22:16:38.516970,101965.33499999999,71.06999999999243,0.0697001583920579,0.12089,0.12089,0.17266,0.051770000000000004,0.12089,3.3351361792543943,0.05,1e-05,101968.45,1
2025-11-08 22:16:40.548925,101968.45,64.83999999999651,0.06358829618376714,-0.1209,-0.24179,0.05176000000000001,0.051770000000000004,-9.999999999996123e-06,0.9998068379370293,0.05,1e-05,101968.45,0
2025-11-08 22:16:42.586901,101968.45,64.83999999999651,0.06358829618376714,0.1209,0.2418,0.17266,0.051770000000000004,0.12089,3.3351361792543943,0.05,1e-05,101968.45499999999,1
2025-11-08 22:16:44.615490,101968.45499999999,64.83000000000175,0.06357848611122112,-0.12091,-0.24181,0.051750000000000004,0.051770000000000004,-1.9999999999999185e-05,0.9996136758740584,9e-05,1e-05,101968.45499999999,0
2025-11-08 22:16:46.652236,101968.45499999999,64.83000000000175,0.06357848611122112,0.0,0.12091,0.051750000000000004,0.051770000000000004,-1.9999999999999185e-05,0.9996136758740584,9e-05,1e-05,101968.45499999999,0
2025-11-08 22:16:48.689229,101968.45499999999,64.83000000000175,0.06357848611122112,0.0,0.0,0.051750000000000004,0.051770000000000004,-1.9999999999999185e-05,0.9996136758740584,9e-05,1e-05,101968.45499999999,0
2025-11-08 22:16:50.726803,101968.45499999999,64.83000000000175,0.06357848611122112,0.0,0.0,0.051750000000000004,0.051770000000000004,-1.9999999999999185e-05,0.9996136758740584,9e-05,1e-05,101968.45499999999,0
2025-11-08 22:16:52.756921,101968.45499999999,64.83000000000175,0.06357848611122112,0.0,0.0,0.051750000000000004,0.051770000000000004,-1.9999999999999185e-05,0.9996136758740584,9e-05,1e-05,101968.45499999999,0
2025-11-08 22:16:54.791404,101968.45499999999,64.83000000000175,0.06357848611122112,0.0,0.0,0.051750000000000004,0.051770000000000004,-1.9999999999999185e-05,0.9996136758740584,9e-05,1e-05,101968.45499999999,0
2025-11-08 22:16:56.819011,101968.45499999999,64.83000000000175,0.06357848611122112,0.0,0.0,0.051750000000000004,0.051770000000000004,-1.9999999999999185e-05,0.9996136758740584,9e-05,1e-05,101971.45999999999,1
2025-11-08 22:16:58.856580,101971.45999999999,58.81999999999243,0.057682806542136825,0.12091,0.12091,0.17266,0.051770000000000004,0.12089,3.3351361792543943,0.05,1e-05,101971.45999999999,0
2025-11-08 22:17:00.889175,101971.45999999999,58.81999999999243,0.057682806542136825,0.0,-0.12091,0.17266,0.051770000000000004,0.12089,3.3351361792543943,0.05,1e-05,101971.465,1
2025-11-08 22:17:02.928657,101971.465,58.80999999999767,0.05767299704873091,-0.12092,-0.12092,0.05174,0.051770000000000004,-3.0000000000002247e-05,0.9994205138110874,8e-05,1e-05,101975.18,1
2025-11-08 22:17:04.959727,101975.18,51.379999999990105,0.05038480932320012,0.12084,0.24176,0.17257999999999998,0.051770000000000004,0.12080999999999997,3.3335908827506273,7e-05,1e-05,101975.17499999999,0
2025-11-08 22:17:06.993228,101975.17499999999,51.38999999999942,0.050394618101905125,8.000000000001495e-05,-0.12075999999999999,0.17266,0.051770000000000004,0.12089,3.3351361792543943,0.05,1e-05,101975.17499999999,0
2025-11-08 22:17:09.032584,101975.17499999999,51.38999999999942,0.050394618101905125,0.0,-8.000000000001495e-05,0.17266,0.051770000000000004,0.12089,3.3351361792543943,0.05,1e-05,101975.18,1
2025-11-08 22:17:11.064340,101975.18,51.379999999990105,0.05038480932320012,-0.12092,-0.12092,0.05174,0.051770000000000004,-3.0000000000002247e-05,0.9994205138110874,8e-05,1e-05,101966.765,0
2025-11-08 22:17:13.114837,101966.765,68.20999999999185,0.06689434542715153,0.12092,0.24184,0.17266,0.051770000000000004,0.12089,3.3351361792543943,0.05,1e-05,101966.76999999999,1
2025-11-08 22:17:15.156292,101966.76999999999,68.19999999999709,0.06688453503038008,-0.12091,-0.24183,0.051750000000000004,0.051770000000000004,-1.9999999999999185e-05,0.9996136758740584,9e-05,1e-05,101970.905,1
2025-11-08 22:17:17.192524,101970.905,59.929999999993015,0.058771666290490424,0.12091,0.24182,0.17266,0.051770000000000004,0.12089,3.3351361792543943,0.05,1e-05,101970.91,1
2025-11-08 22:17:19.223293,101970.91,59.919999999998254,0.058761856690303385,-0.12092,-0.24183,0.05174,0.051770000000000004,-3.0000000000002247e-05,0.9994205138110874,8e-05,1e-05,101970.91,0
2025-11-08 22:17:21.262006,101970.91,59.919999999998254,0.058761856690303385,0.0,0.12092,0.05174,0.051770000000000004,-3.0000000000002247e-05,0.9994205138110874,8e-05,1e-05,101970.91,0
2025-11-08 22:17:23.299258,101970.91,59.919999999998254,0.058761856690303385,0.0,0.0,0.05174,0.051770000000000004,-3.0000000000002247e-05,0.9994205138110874,8e-05,1e-05,101970.91,0
2025-11-08 22:17:25.331803,101970.91,59.919999999998254,0.058761856690303385,0.0,0.0,0.05174,0.051770000000000004,-3.0000000000002247e-05,0.9994205138110874,8e-05,1e-05,101970.91,0
2025-11-08 22:17:27.363362,101970.91,59.919999999998254,0.058761856690303385,0.0,0.0,0.05174,0.051770000000000004,-3.0000000000002247e-05,0.9994205138110874,8e-05,1e-05,101970.91,0
2025-11-08 22:17:29.396655,101970.91,59.919999999998254,0.058761856690303385,0.0,0.0,0.05174,0.051770000000000004,-3.0000000000002247e-05,0.9994205138110874,8e-05,1e-05,101970.91,0
2025-11-08 22:17:31.436166,101970.91,59.919999999998254,0.058761856690303385,0.0,0.0,0.05174,0.051770000000000004,-3.0000000000002247e-05,0.9994205138110874,8e-05,1e-05,101966.89,0
2025-11-08 22:17:33.473198,101966.89,67.95999999999185,0.06664908579637159,0.12092,0.12092,0.17266,0.051770000000000004,0.12089,3.3351361792543943,0.05,1e-05,101966.89,0
2025-11-08 22:17:35.510747,101966.89,67.95999999999185,0.06664908579637159,0.0,-0.12092,0.17266,0.051770000000000004,0.12089,3.3351361792543943,0.05,1e-05,101960.23999999999,0
2025-11-08 22:17:37.548667,101960.23999999999,81.25999999999476,0.07969773315558572,0.0,0.0,0.17266,0.051770000000000004,0.12089,3.3351361792543943,0.05,1e-05,101960.23999999999,0
2025-11-08 22:17:39.586339,101960.23999999999,81.25999999999476,0.07969773315558572,0.0,0.0,0.17266,0.051770000000000004,0.12089,3.3351361792543943,0.05,1e-05,101956.0,0
2025-11-08 22:17:41.620195,101956.0,89.73999999999069,0.08801836086153898,-0.12075,-0.12075,0.17266,0.17252,0.00014000000000000123,1.0008115001159286,0.05,1e-05,101947.48,0
2025-11-08 22:17:43.654501,101947.48,106.11999999999534,0.10409281327993135,-0.10135999999999999,0.019390000000000004,0.0713,0.17252,-0.10122,0.4132854161836309,0.05,0.05,101943.16,0
2025-11-08 22:17:45.685223,101943.16,97.47999999999593,0.09562191323085917,0.0,0.10135999999999999,0.0713,0.17252,-0.10122,0.4132854161836309,0.05,0.05,101955.76,1
2025-11-08 22:17:47.718362,101955.76,72.27999999999884,0.07089349341322043,-0.019550000000000005,-0.019550000000000005,0.051750000000000004,0.17252,-0.12077,0.2999652214236031,9e-05,0.05,101955.76,0
2025-11-08 22:17:49.750617,101955.76,72.27999999999884,0.07089349341322043,0.0,0.019550000000000005,0.051750000000000004,0.17252,-0.12077,0.2999652214236031,9e-05,0.05,101957.98999999999,1
2025-11-08 22:17:51.783023,101957.98999999999,85.75999999999476,0.0841130744142708,0.12075999999999999,0.12075999999999999,0.05176000000000001,0.051770000000000004,-9.999999999996123e-06,0.9998068379370293,0.0001,1e-05,101957.98999999999,0
2025-11-08 22:17:53.820318,101957.98999999999,85.75999999999476,0.0841130744142708,0.0,-0.12075999999999999,0.05176000000000001,0.051770000000000004,-9.999999999996123e-06,0.9998068379370293,0.0001,1e-05,101957.98999999999,0
2025-11-08 22:17:55.857772,101957.98999999999,85.75999999999476,0.0841130744142708,0.0,0.0,0.05176000000000001,0.051770000000000004,-9.999999999996123e-06,0.9998068379370293,0.0001,1e-05,101957.98999999999,0
2025-11-08 22:17:57.898535,101957.98999999999,85.75999999999476,0.0841130744142708,0.0,0.0,0.05176000000000001,0.051770000000000004,-9.999999999996123e-06,0.9998068379370293,0.0001,1e-05,101957.98999999999,0
2025-11-08 22:17:59.931545,101957.98999999999,85.75999999999476,0.0841130744142708,0.0,0.0,0.05176000000000001,0.051770000000000004,-9.999999999996123e-06,0.9998068379370293,0.0001,1e-05,101950.97,0
2025-11-08 22:18:01.984290,101950.97,92.72000000000116,0.0909456771230339,0.00014999999999999736,0.00014999999999999736,0.17266,0.17252,0.00014000000000000123,1.0008115001159286,0.05,0.05,101950.97,0
2025-11-08 22:18:04.022719,101950.97,92.72000000000116,0.0909456771230339,0.0,-0.00014999999999999736,0.17266,0.17252,0.00014000000000000123,1.0008115001159286,0.05,0.05,101950.97,0
2025-11-08 22:18:06.056323,101950.97,92.72000000000116,0.0909456771230339,0.0,0.0,0.17266,0.17252,0.00014000000000000123,1.0008115001159286,0.05,0.05,101934.905,0
2025-11-08 22:18:08.093991,101934.905,91.29000000000815,0.08955715414656848,-0.12089,-0.12089,0.051770000000000004,0.17252,-0.12075,0.30008115001159286,0.00011,0.05,101934.905,0
2025-11-08 22:18:10.133637,101934.905,91.29000000000815,0.08955715414656848,0.0,0.12089,0.051770000000000004,0.17252,-0.12075,0.30008115001159286,0.00011,0.05,101934.905,0
2025-11-08 22:18:12.173287,101934.905,91.29000000000815,0.08955715414656848,0.0,0.0,0.051770000000000004,0.17252,-0.12075,0.30008115001159286,0.00011,0.05,101934.9,0
2025-11-08 22:18:14.212477,101934.9,91.27999999999884,0.0895473483566461,0.00012000000000000124,0.00012000000000000124,0.051750000000000004,0.17238,-0.12063,0.30020884093282285,9e-05,1e-05,101934.9,0
2025-11-08 22:18:16.251204,101934.9,91.27999999999884,0.0895473483566461,0.0,-0.00012000000000000124,0.051750000000000004,0.17238,-0.12063,0.30020884093282285,9e-05,1e-05,101934.9,0
2025-11-08 22:18:18.290036,101934.9,91.27999999999884,0.0895473483566461,0.0,0.0,0.051750000000000004,0.17238,-0.12063,0.30020884093282285,9e-05,1e-05,101934.9,0
2025-11-08 22:18:20.318921,101934.9,91.27999999999884,0.0895473483566461,0.0,0.0,0.051750000000000004,0.17238,-0.12063,0.30020884093282285,9e-05,1e-05,101941.58499999999,1
2025-11-08 22:18:22.351332,101941.58499999999,104.65000000000873,0.10265683037987759,-0.00013999999999999993,-0.00013999999999999993,0.051750000000000004,0.17252,-0.12077,0.2999652214236031,9e-05,0.05,101945.73999999999,1
2025-11-08 22:18:24.384830,101945.73999999999,96.31999999999243,0.09448163307264476,0.14054,0.14068,0.0713,0.051530000000000006,0.019769999999999996,1.3836600038812341,0.05,1e-05,101948.655,1
2025-11-08 22:18:26.413753,101948.655,90.51000000000931,0.08877998439509507,-0.14053,-0.28107,0.05176000000000001,0.17252,-0.12076,0.300023185717598,0.05,0.05,101948.65,0
2025-11-08 22:18:28.447333,101948.65,90.5,0.08877017988958168,0.24189,0.38242,0.17266,0.051530000000000006,0.12113,3.3506695129051036,0.05,1e-05,101948.655,1
2025-11-08 22:18:30.497295,101948.655,90.51000000000931,0.08877998439509507,-0.12090000000000001,-0.36279,0.17275000000000001,0.17252,0.00023000000000000798,1.0013331787618827,0.05009,0.05,101948.655,0
2025-11-08 22:18:32.529968,101948.655,90.51000000000931,0.08877998439509507,0.0,0.12090000000000001,0.17275000000000001,0.17252,0.00023000000000000798,1.0013331787618827,0.05009,0.05,101948.655,0
2025-11-08 22:18:34.563878,101948.655,90.51000000000931,0.08877998439509507,0.0,0.0,0.17275000000000001,0.17252,0.00023000000000000798,1.0013331787618827,0.05009,0.05,101948.655,0
2025-11-08 22:18:36.596467,101948.655,90.51000000000931,0.08877998439509507,0.0,0.0,0.17275000000000001,0.17252,0.00023000000000000798,1.0013331787618827,0.05009,0.05,101948.655,0
2025-11-08 22:18:38.628893,101948.655,90.51000000000931,0.08877998439509507,0.0,0.0,0.17275000000000001,0.17252,0.00023000000000000798,1.0013331787618827,0.05009,0.05,101948.655,0
2025-11-08 22:18:40.664307,101948.655,90.51000000000931,0.08877998439509507,0.0,0.0,0.17275000000000001,0.17252,0.00023000000000000798,1.0013331787618827,0.05009,0.05,101948.655,0
2025-11-08 22:18:42.698886,101948.655,90.51000000000931,0.08877998439509507,0.0,0.0,0.17275000000000001,0.17252,0.00023000000000000798,1.0013331787618827,0.05009,0.05,101948.655,0
2025-11-08 22:18:44.758907,101948.655,90.51000000000931,0.08877998439509507,0.0,0.0,0.17275000000000001,0.17252,0.00023000000000000798,1.0013331787618827,0.05009,0.05,101948.655,0
2025-11-08 22:18:46.796444,101948.655,90.51000000000931,0.08877998439509507,0.0,0.0,0.17275000000000001,0.17252,0.00023000000000000798,1.0013331787618827,0.05009,0.05,101948.655,0
2025-11-08 22:18:48.831371,101948.655,90.51000000000931,0.08877998439509507,0.0,0.0,0.17275000000000001,0.17252,0.00023000000000000798,1.0013331787618827,0.05009,0.05,101948.655,0
2025-11-08 22:18:50.866875,101948.655,90.51000000000931,0.08877998439509507,0.0,0.0,0.17275000000000001,0.17252,0.00023000000000000798,1.0013331787618827,0.05009,0.05,101948.655,0
2025-11-08 22:18:52.905682,101948.655,90.51000000000931,0.08877998439509507,0.0,0.0,0.17275000000000001,0.17252,0.00023000000000000798,1.0013331787618827,0.05009,0.05,101948.655,0
2025-11-08 22:18:54.943963,101948.655,90.51000000000931,0.08877998439509507,-8.99999999999998e-05,-8.99999999999998e-05,0.17266,0.17252,0.00014000000000000123,1.0008115001159286,0.05,0.05,101948.65,0
2025-11-08 22:18:56.975266,101948.65,90.5,0.08877017988958168,0.12099,0.12108,0.17266,0.051530000000000006,0.12113,3.3506695129051036,0.05,1e-05,101958.16,1
2025-11-08 22:18:59.035683,101958.16,85.41999999999825,0.08377946404681906,-0.24184,-0.36283,0.05181,0.17252,-0.12071000000000001,0.3003130071875725,0.05,1e-05,101958.16,0
2025-11-08 22:19:01.069188,101958.16,85.41999999999825,0.08377946404681906,0.0,0.24184,0.05181,0.17252,-0.12071000000000001,0.3003130071875725,0.05,1e-05,101958.16,0
2025-11-08 22:19:03.104768,101958.16,85.41999999999825,0.08377946404681906,0.0,0.0,0.05181,0.17252,-0.12071000000000001,0.3003130071875725,0.05,1e-05,101958.16,0
2025-11-08 22:19:05.135058,101958.16,85.41999999999825,0.08377946404681906,0.0,0.0,0.05181,0.17252,-0.12071000000000001,0.3003130071875725,0.05,1e-05,101951.23999999999,0
2025-11-08 22:19:07.172808,101951.23999999999,99.25999999999476,0.09736026751611336,0.12098,0.12098,0.051800000000000006,0.05153,0.00027000000000000635,1.005239666213856,0.00014,1e-05,101951.23999999999,0
2025-11-08 22:19:09.209973,101951.23999999999,99.25999999999476,0.09736026751611336,0.0,-0.12098,0.051800000000000006,0.05153,0.00027000000000000635,1.005239666213856,0.00014,1e-05,101954.545,1
2025-11-08 22:19:11.247110,101954.545,92.64999999999418,0.09087383009751471,-0.0001300000000000051,-0.0001300000000000051,0.17266,0.17252,0.00014000000000000123,1.0008115001159286,0.05,1e-05,101954.54999999999,1
2025-11-08 22:19:13.280731,101954.54999999999,92.63999999999942,0.09086401734890638,0.00010999999999999899,0.0002400000000000041,0.05178000000000001,0.05153,0.00025000000000000716,1.0048515427906075,0.00012,1e-05,101954.54999999999,0
2025-11-08 22:19:15.319908,101954.54999999999,92.63999999999942,0.09086401734890638,-0.00023999999999999692,-0.00034999999999999593,0.05178000000000001,0.051770000000000004,1.0000000000003062e-05,1.000193162062971,0.00012,1e-05,101957.70999999999,1
2025-11-08 22:19:17.352398,101957.70999999999,86.31999999999243,0.08466255273877026,0.12111999999999999,0.12135999999999998,0.17266,0.05153,0.12113000000000002,3.350669512905104,0.05,1e-05,101967.045,1
2025-11-08 22:19:19.385933,101967.045,67.64999999999418,0.06634496468932113,-0.00023999999999999692,-0.12135999999999998,0.17266,0.051770000000000004,0.12089,3.3351361792543943,0.05,1e-05,101967.045,0
2025-11-08 22:19:21.430576,101967.045,67.64999999999418,0.06634496468932113,0.0,0.00023999999999999692,0.17266,0.051770000000000004,0.12089,3.3351361792543943,0.05,1e-05,101967.045,0
2025-11-08 22:19:23.467747,101967.045,67.64999999999418,0.06634496468932113,0.0,0.0,0.17266,0.051770000000000004,0.12089,3.3351361792543943,0.05,1e-05,101967.045,0
2025-11-08 22:19:25.505373,101967.045,67.64999999999418,0.06634496468932113,0.0,0.0,0.17266,0.051770000000000004,0.12089,3.3351361792543943,0.05,1e-05,101967.04999999999,1
2025-11-08 22:19:27.544355,101967.04999999999,67.63999999999942,0.06633515434642802,-0.12065999999999999,-0.12065999999999999,0.05176000000000001,0.051530000000000006,0.00023000000000000104,1.004463419367359,0.0001,1e-05,101969.25,1
2025-11-08 22:19:29.580774,101969.25,63.23999999999069,0.06201869681300067,0.12065999999999999,0.24131999999999998,0.17266,0.051770000000000004,0.12089,3.3351361792543943,0.05,1e-05,101971.91,1
2025-11-08 22:19:31.614464,101971.91,57.919999999998254,0.056799955987877696,-0.12065000000000001,-0.24131,0.051770000000000004,0.05153,0.0002400000000000041,1.0046574810789832,0.05,1e-05,101971.91,0
2025-11-08 22:19:33.649569,101971.91,57.919999999998254,0.056799955987877696,0.0,0.12065000000000001,0.051770000000000004,0.05153,0.0002400000000000041,1.0046574810789832,0.05,1e-05,101971.91,0
2025-11-08 22:19:35.680787,101971.91,57.919999999998254,0.056799955987877696,0.0,0.0,0.051770000000000004,0.05153,0.0002400000000000041,1.0046574810789832,0.05,1e-05,101971.91,0
2025-11-08 22:19:37.716606,101971.91,57.919999999998254,0.056799955987877696,0.0,0.0,0.051770000000000004,0.05153,0.0002400000000000041,1.0046574810789832,0.05,1e-05,101971.91,0
2025-11-08 22:19:39.748266,101971.91,57.919999999998254,0.056799955987877696,0.12065000000000001,0.12065000000000001,0.17266,0.051770000000000004,0.12089,3.3351361792543943,0.05,1e-05,101975.68,1
2025-11-08 22:19:41.782204,101975.68,50.379999999990105,0.04940393631107937,0.00019000000000000242,-0.12046000000000001,0.17260999999999999,0.05153,0.12108,3.349699204346982,0.0001,1e-05,101975.67499999999,0
2025-11-08 22:19:43.812865,101975.67499999999,50.38999999999942,0.04941374499359717,5.000000000001271e-05,-0.00013999999999998971,0.17266,0.05153,0.12113000000000002,3.350669512905104,0.05,1e-05,101975.67499999999,0
2025-11-08 22:19:45.847552,101975.67499999999,50.38999999999942,0.04941374499359717,0.0,-5.000000000001271e-05,0.17266,0.05153,0.12113000000000002,3.350669512905104,0.05,1e-05,101975.67499999999,0
2025-11-08 22:19:47.884764,101975.67499999999,50.38999999999942,0.04941374499359717,0.0,0.0,0.17266,0.05153,0.12113000000000002,3.350669512905104,0.05,1e-05,101975.67499999999,0
2025-11-08 22:19:49.914059,101975.67499999999,50.38999999999942,0.04941374499359717,0.0,0.0,0.17266,0.05153,0.12113000000000002,3.350669512905104,0.05,1e-05,101975.68,1
2025-11-08 22:19:51.944355,101975.68,50.379999999990105,0.04940393631107937,-4.000000000000271e-05,-4.000000000000271e-05,0.17262,0.05153,0.12109,3.3498932660586065,0.00011,1e-05,101975.68,0
2025-11-08 22:19:53.976377,101975.68,50.379999999990105,0.04940393631107937,0.0,4.000000000000271e-05,0.17262,0.05153,0.12109,3.3498932660586065,0.00011,1e-05,101975.68,0
2025-11-08 22:19:56.010809,101975.68,50.379999999990105,0.04940393631107937,0.0,0.0,0.17262,0.05153,0.12109,3.3498932660586065,0.00011,1e-05,101975.68,0
2025-11-08 22:19:58.051907,101975.68,50.379999999990105,0.04940393631107937,0.0,0.0,0.17262,0.05153,0.12109,3.3498932660586065,0.00011,1e-05,101975.67499999999,0
2025-11-08 22:20:00.089200,101975.67499999999,50.38999999999942,0.04941374499359717,4.000000000000271e-05,4.000000000000271e-05,0.17266,0.05153,0.12113000000000002,3.350669512905104,0.05,1e-05,101975.67499999999,0
2025-11-08 22:20:02.124475,101975.67499999999,50.38999999999942,0.04941374499359717,0.0,-4.000000000000271e-05,0.17266,0.05153,0.12113000000000002,3.350669512905104,0.05,1e-05,101979.54000000001,1
2025-11-08 22:20:04.158403,101979.54000000001,42.65999999998894,0.04183192040284643,0.0,0.0,0.17266,0.05153,0.12113000000000002,3.350669512905104,0.05,1e-05,101979.545,1
2025-11-08 22:20:06.191161,101979.545,42.64999999999418,0.04182211246382221,-3.0000000000006584e-05,-3.0000000000006584e-05,0.17263,0.05153,0.12110000000000001,3.350087327770231,0.00012,1e-05,101979.545,0
2025-11-08 22:20:08.225166,101979.545,42.64999999999418,0.04182211246382221,0.0,3.0000000000006584e-05,0.17263,0.05153,0.12110000000000001,3.350087327770231,0.00012,1e-05,101979.545,0
2025-11-08 22:20:10.262954,101979.545,42.64999999999418,0.04182211246382221,0.0,0.0,0.17263,0.05153,0.12110000000000001,3.350087327770231,0.00012,1e-05,101979.545,0
2025-11-08 22:20:12.301162,101979.545,42.64999999999418,0.04182211246382221,0.0,0.0,0.17263,0.05153,0.12110000000000001,3.350087327770231,0.00012,1e-05,101979.545,0
2025-11-08 22:20:14.335871,101979.545,42.64999999999418,0.04182211246382221,0.0,0.0,0.17263,0.05153,0.12110000000000001,3.350087327770231,0.00012,1e-05,101979.545,0
2025-11-08 22:20:16.370936,101979.545,42.64999999999418,0.04182211246382221,0.0,0.0,0.17263,0.05153,0.12110000000000001,3.350087327770231,0.00012,1e-05,101971.61,0
2025-11-08 22:20:18.409154,101971.61,58.51999999998952,0.05738852215826496,-0.00020999999999999467,-0.00020999999999999467,0.17266,0.051770000000000004,0.12089,3.3351361792543943,0.05,1e-05,101971.61,0
2025-11-08 22:20:20.445262,101971.61,58.51999999998952,0.05738852215826496,0.0,0.00020999999999999467,0.17266,0.051770000000000004,0.12089,3.3351361792543943,0.05,1e-05,101971.61,0
2025-11-08 22:20:22.478784,101971.61,58.51999999998952,0.05738852215826496,0.0,0.0,0.17266,0.051770000000000004,0.12089,3.3351361792543943,0.05,1e-05,101971.61,0
2025-11-08 22:20:24.510949,101971.61,58.51999999998952,0.05738852215826496,0.0,0.0,0.17266,0.051770000000000004,0.12089,3.3351361792543943,0.05,1e-05,101979.54000000001,1
2025-11-08 22:20:26.547630,101979.54000000001,42.65999999998894,0.04183192040284643,0.0,0.0,0.17266,0.051770000000000004,0.12089,3.3351361792543943,0.05,1e-05,101983.70499999999,1
2025-11-08 22:20:28.584768,101983.70499999999,34.330000000001746,0.03366224045302311,0.00035999999999999205,0.00035999999999999205,0.17278,0.05153,0.12125,3.352998253444595,0.05012,1e-05,101983.70499999999,0
2025-11-08 22:20:30.636057,101983.70499999999,34.330000000001746,0.03366224045302311,0.0,-0.00035999999999999205,0.17278,0.05153,0.12125,3.352998253444595,0.05012,1e-05,101983.70499999999,0
2025-11-08 22:20:32.668494,101983.70499999999,34.330000000001746,0.03366224045302311,0.0,0.0,0.17278,0.05153,0.12125,3.352998253444595,0.05012,1e-05,101983.70499999999,0
2025-11-08 22:20:34.705881,101983.70499999999,34.330000000001746,0.03366224045302311,0.0,0.0,0.17278,0.05153,0.12125,3.352998253444595,0.05012,1e-05,101983.70499999999,0
2025-11-08 22:20:36.737199,101983.70499999999,34.330000000001746,0.03366224045302311,0.0,0.0,0.17278,0.05153,0.12125,3.352998253444595,0.05012,1e-05,101983.70499999999,0
2025-11-08 22:20:38.768513,101983.70499999999,34.330000000001746,0.03366224045302311,0.0,0.0,0.17278,0.05153,0.12125,3.352998253444595,0.05012,1e-05,101983.70499999999,0
2025-11-08 22:20:40.798611,101983.70499999999,34.330000000001746,0.03366224045302311,0.0,0.0,0.17278,0.05153,0.12125,3.352998253444595,0.05012,1e-05,102012.275,1
2025-11-08 22:20:42.835743,102012.275,91.47000000000116,0.08966567993900848,-0.0004599999999999841,-0.0004599999999999841,0.17265999999999998,0.05187,0.12078999999999998,3.32870638133796,0.05,0.04997,102012.26999999999,0
2025-11-08 22:20:44.870507,102012.26999999999,91.4600000000064,0.08965588159150503,0.0008300000000000048,0.0012899999999999889,0.17336,0.05174,0.12161999999999998,3.350599149594124,0.05015,1e-05,102058.005,1
2025-11-08 22:20:46.909143,102058.005,0.00999999999476131,9.798349472695757e-06,-0.0014599999999999748,-0.0022899999999999796,0.17203,0.05187,0.12015999999999999,3.316560632350106,0.00014,0.04997,102058.005,0
2025-11-08 22:20:48.941993,102058.005,0.00999999999476131,9.798349472695757e-06,0.00014999999999999736,0.0016099999999999721,0.17218,0.05187,0.12031,3.3194524773472143,0.00014,0.04997,102058.005,0
2025-11-08 22:20:50.974545,102058.005,0.00999999999476131,9.798349472695757e-06,0.0,-0.00014999999999999736,0.17218,0.05187,0.12031,3.3194524773472143,0.00014,0.04997,102058.005,0
2025-11-08 22:20:53.009281,102058.005,0.00999999999476131,9.798349472695757e-06,0.0,0.0,0.17218,0.05187,0.12031,3.3194524773472143,0.00014,0.04997,102058.005,0
2025-11-08 22:20:55.062694,102058.005,0.00999999999476131,9.798349472695757e-06,0.0009800000000000026,0.0009800000000000026,0.17315999999999998,0.05187,0.12128999999999998,3.3383458646616537,0.00014,0.04997,102058.005,0
2025-11-08 22:20:57.091986,102058.005,0.00999999999476131,9.798349472695757e-06,0.0,-0.0009800000000000026,0.17315999999999998,0.05187,0.12128999999999998,3.3383458646616537,0.00014,0.04997,102058.005,0
2025-11-08 22:20:59.127563,102058.005,0.00999999999476131,9.798349472695757e-06,0.0,0.0,0.17315999999999998,0.05187,0.12128999999999998,3.3383458646616537,0.00014,0.04997,102063.19,1
2025-11-08 22:21:01.161296,102063.19,10.380000000004657,0.010170170068175074,-0.0010699999999999928,-0.0010699999999999928,0.17199,0.051770000000000004,0.12022,3.3221943210353486,0.00014,0.00136,102063.19,0
2025-11-08 22:21:03.193775,102063.19,10.380000000004657,0.010170170068175074,0.0,0.0010699999999999928,0.17199,0.051770000000000004,0.12022,3.3221943210353486,0.00014,0.00136,102062.795,0
2025-11-08 22:21:05.228838,102062.795,9.589999999996508,0.009396176148219837,0.0011699999999999905,0.0011699999999999905,0.17315999999999998,0.051770000000000004,0.12138999999999997,3.3447942824029355,0.00014,0.05,102062.795,0
2025-11-08 22:21:07.257354,102062.795,9.589999999996508,0.009396176148219837,0.0,-0.0011699999999999905,0.17315999999999998,0.051770000000000004,0.12138999999999997,3.3447942824029355,0.00014,0.05,102062.795,0
2025-11-08 22:21:09.289727,102062.795,9.589999999996508,0.009396176148219837,0.0,0.0,0.17315999999999998,0.051770000000000004,0.12138999999999997,3.3447942824029355,0.00014,0.05,102062.795,0
2025-11-08 22:21:11.324920,102062.795,9.589999999996508,0.009396176148219837,-0.0011800000000000005,-0.0011800000000000005,0.17198,0.051770000000000004,0.12020999999999998,3.3220011589723777,0.00014,0.05,102062.795,0
2025-11-08 22:21:13.359855,102062.795,9.589999999996508,0.009396176148219837,0.0012999999999999956,0.002479999999999996,0.17328,0.051770000000000004,0.12150999999999998,3.347112227158586,0.00014,0.05,102062.795,0
2025-11-08 22:21:15.395381,102062.795,9.589999999996508,0.009396176148219837,0.0,-0.0012999999999999956,0.17328,0.051770000000000004,0.12150999999999998,3.347112227158586,0.00014,0.05,102062.795,0
2025-11-08 22:21:17.432654,102062.795,9.589999999996508,0.009396176148219837,-0.00011999999999999511,-0.00011999999999999511,0.17315999999999998,0.051770000000000004,0.12138999999999997,3.3447942824029355,0.00014,0.05,102062.795,0
2025-11-08 22:21:19.469672,102062.795,9.589999999996508,0.009396176148219837,0.00014999999999999736,0.00026999999999999247,0.17331,0.051770000000000004,0.12153999999999998,3.347691713347498,0.00014,0.05,102062.795,0
2025-11-08 22:21:21.510524,102062.795,9.589999999996508,0.009396176148219837,0.0,-0.00014999999999999736,0.17331,0.051770000000000004,0.12153999999999998,3.347691713347498,0.00014,0.05,102062.795,0
2025-11-08 22:21:23.540144,102062.795,9.589999999996508,0.009396176148219837,-0.00014999999999999736,-0.00014999999999999736,0.17315999999999998,0.051770000000000004,0.12138999999999997,3.3447942824029355,0.00014,0.05,102062.795,0
2025-11-08 22:21:25.573911,102062.795,9.589999999996508,0.009396176148219837,0.0,0.00014999999999999736,0.17315999999999998,0.051770000000000004,0.12138999999999997,3.3447942824029355,0.00014,0.05,102059.225,0
2025-11-08 22:21:27.611488,102059.225,2.4499999999970896,0.0024005669257209134,-0.0011700000000000044,-0.0011700000000000044,0.17199,0.051770000000000004,0.12022,3.3221943210353486,0.00014,0.05,102058.005,0
2025-11-08 22:21:29.643893,102058.005,0.00999999999476131,9.798349472695757e-06,0.0011700000000000044,0.0023400000000000087,0.17315999999999998,0.051770000000000004,0.12138999999999997,3.3447942824029355,0.00014,0.05,102058.005,0
2025-11-08 22:21:31.672640,102058.005,0.00999999999476131,9.798349472695757e-06,0.0001399999999999943,-0.00103000000000001,0.17329999999999998,0.051770000000000004,0.12152999999999997,3.3474985512845272,0.00014,0.05,102058.005,0
2025-11-08 22:21:33.701530,102058.005,0.00999999999476131,9.798349472695757e-06,0.0,-0.0001399999999999943,0.17329999999999998,0.051770000000000004,0.12152999999999997,3.3474985512845272,0.00014,0.05,102058.005,0
2025-11-08 22:21:35.731661,102058.005,0.00999999999476131,9.798349472695757e-06,0.0,0.0,0.17329999999999998,0.051770000000000004,0.12152999999999997,3.3474985512845272,0.00014,0.05,102058.005,0
2025-11-08 22:21:37.763448,102058.005,0.00999999999476131,9.798349472695757e-06,0.0,0.0,0.17329999999999998,0.051770000000000004,0.12152999999999997,3.3474985512845272,0.00014,0.05,102058.005,0
2025-11-08 22:21:39.801605,102058.005,0.00999999999476131,9.798349472695757e-06,0.0,0.0,0.17329999999999998,0.051770000000000004,0.12152999999999997,3.3474985512845272,0.00014,0.05,102058.005,0
2025-11-08 22:21:41.837187,102058.005,0.00999999999476131,9.798349472695757e-06,0.0,0.0,0.17329999999999998,0.051770000000000004,0.12152999999999997,3.3474985512845272,0.00014,0.05,102058.005,0
2025-11-08 22:21:43.866881,102058.005,0.00999999999476131,9.798349472695757e-06,0.0,0.0,0.17329999999999998,0.051770000000000004,0.12152999999999997,3.3474985512845272,0.00014,0.05,102058.005,0
2025-11-08 22:21:45.903152,102058.005,0.00999999999476131,9.798349472695757e-06,0.0,0.0,0.17329999999999998,0.051770000000000004,0.12152999999999997,3.3474985512845272,0.00014,0.05,102058.005,0
2025-11-08 22:21:47.937243,102058.005,0.00999999999476131,9.798349472695757e-06,0.0,0.0,0.17329999999999998,0.051770000000000004,0.12152999999999997,3.3474985512845272,0.00014,0.05,102058.005,0
2025-11-08 22:21:49.973334,102058.005,0.00999999999476131,9.798349472695757e-06,0.0,0.0,0.17329999999999998,0.051770000000000004,0.12152999999999997,3.3474985512845272,0.00014,0.05,102058.005,0
2025-11-08 22:21:52.009811,102058.005,0.00999999999476131,9.798349472695757e-06,-0.0001399999999999943,-0.0001399999999999943,0.17315999999999998,0.051770000000000004,0.12138999999999997,3.3447942824029355,0.00014,0.05,102058.005,0
2025-11-08 22:21:54.068421,102058.005,0.00999999999476131,9.798349472695757e-06,0.0,0.0001399999999999943,0.17315999999999998,0.051770000000000004,0.12138999999999997,3.3447942824029355,0.00014,0.05,102058.005,0
2025-11-08 22:21:56.103879,102058.005,0.00999999999476131,9.798349472695757e-06,0.0,0.0,0.17315999999999998,0.051770000000000004,0.12138999999999997,3.3447942824029355,0.00014,0.05,102058.005,0
2025-11-08 22:21:58.136495,102058.005,0.00999999999476131,9.798349472695757e-06,0.0,0.0,0.17315999999999998,0.051770000000000004,0.12138999999999997,3.3447942824029355,0.00014,0.05,102058.005,0
2025-11-08 22:22:00.165444,102058.005,0.00999999999476131,9.798349472695757e-06,0.0,0.0,0.17315999999999998,0.051770000000000004,0.12138999999999997,3.3447942824029355,0.00014,0.05,102058.005,0
2025-11-08 22:22:02.196968,102058.005,0.00999999999476131,9.798349472695757e-06,0.0,0.0,0.17315999999999998,0.051770000000000004,0.12138999999999997,3.3447942824029355,0.00014,0.05,102058.005,0
2025-11-08 22:22:04.229524,102058.005,0.00999999999476131,9.798349472695757e-06,0.0,0.0,0.17315999999999998,0.051770000000000004,0.12138999999999997,3.3447942824029355,0.00014,0.05,102058.005,0
2025-11-08 22:22:06.260174,102058.005,0.00999999999476131,9.798349472695757e-06,0.0,0.0,0.17315999999999998,0.051770000000000004,0.12138999999999997,3.3447942824029355,0.00014,0.05,102058.005,0
2025-11-08 22:22:08.291289,102058.005,0.00999999999476131,9.798349472695757e-06,0.0,0.0,0.17316,0.051770000000000004,0.12139,3.344794282402936,0.00014,0.05,102058.005,0
2025-11-08 22:22:10.324194,102058.005,0.00999999999476131,9.798349472695757e-06,0.0,0.0,0.17316,0.051770000000000004,0.12139,3.344794282402936,0.00014,0.05,102058.005,0
2025-11-08 22:22:12.357381,102058.005,0.00999999999476131,9.798349472695757e-06,-0.12085,-0.12085,0.05231,0.051770000000000004,0.0005399999999999988,1.010430751400425,0.00014,0.05,102058.005,0
2025-11-08 22:22:14.388371,102058.005,0.00999999999476131,9.798349472695757e-06,0.0,0.12085,0.05231,0.051770000000000004,0.0005399999999999988,1.010430751400425,0.00014,0.05,102058.005,0
2025-11-08 22:22:16.421473,102058.005,0.00999999999476131,9.798349472695757e-06,0.12085,0.12085,0.17316,0.051770000000000004,0.12139,3.344794282402936,0.00014,0.05,101953.055,0
2025-11-08 22:22:18.453800,101953.055,99.05000000000291,0.09715255712543672,-0.10110999999999999,-0.22196,0.19266,0.17238,0.020279999999999992,1.1176470588235294,0.05,0.04986,101953.06,1
2025-11-08 22:22:20.486026,101953.06,99.04000000000815,0.09714274392549684,-0.019490000000000007,0.08161999999999998,0.17317,0.17238,0.0007899999999999852,1.0045828982480565,0.00015,0.04986,101953.06,0
2025-11-08 22:22:22.523617,101953.06,99.04000000000815,0.09714274392549684,0.0,0.019490000000000007,0.17317,0.17238,0.0007899999999999852,1.0045828982480565,0.00015,0.04986,101940.73,0
2025-11-08 22:22:24.558096,101940.73,100.44000000000233,0.09852784063838108,0.019350000000000003,0.019350000000000003,0.19266,0.17252,0.02013999999999999,1.1167400881057268,0.0007,0.05,101940.73,0
2025-11-08 22:22:26.593952,101940.73,100.44000000000233,0.09852784063838108,0.0,-0.019350000000000003,0.19266,0.17252,0.02013999999999999,1.1167400881057268,0.0007,0.05,101940.73,0
2025-11-08 22:22:28.625660,101940.73,100.44000000000233,0.09852784063838108,0.0,0.0,0.19266,0.17252,0.02013999999999999,1.1167400881057268,0.0007,0.05,101940.73,0
2025-11-08 22:22:30.659739,101940.73,100.44000000000233,0.09852784063838108,0.0,0.0,0.19266,0.17252,0.02013999999999999,1.1167400881057268,0.0007,0.05,101950.23,1
2025-11-08 22:22:32.693029,101950.23,105.16000000000349,0.10314836955248015,-0.12085,-0.12085,0.07181,0.17252,-0.10071000000000001,0.4162415951773707,0.00015,0.05,101958.455,1
2025-11-08 22:22:34.726365,101958.455,88.70999999999185,0.08700602613092936,0.12085,0.2417,0.19266,0.17252,0.02013999999999999,1.1167400881057268,0.05,0.05,101961.925,1
2025-11-08 22:22:36.759246,101961.925,95.63000000000466,0.09378991226382265,0.10124999999999999,-0.019600000000000006,0.17316,0.051770000000000004,0.12139,3.344794282402936,0.00014,0.05,101961.925,0
2025-11-08 22:22:38.796217,101961.925,95.63000000000466,0.09378991226382265,0.0,-0.10124999999999999,0.17316,0.051770000000000004,0.12139,3.344794282402936,0.00014,0.05,101961.925,0
2025-11-08 22:22:40.830673,101961.925,95.63000000000466,0.09378991226382265,0.0,0.0,0.17316,0.051770000000000004,0.12139,3.344794282402936,0.00014,0.05,101961.925,0
2025-11-08 22:22:42.864504,101961.925,95.63000000000466,0.09378991226382265,0.0,0.0,0.17316,0.051770000000000004,0.12139,3.344794282402936,0.00014,0.05,101961.925,0
2025-11-08 22:22:44.897842,101961.925,95.63000000000466,0.09378991226382265,0.0,0.0,0.17316,0.051770000000000004,0.12139,3.344794282402936,0.00014,0.05,101961.925,0
2025-11-08 22:22:46.931131,101961.925,95.63000000000466,0.09378991226382265,0.0,0.0,0.17316,0.051770000000000004,0.12139,3.344794282402936,0.00014,0.05,101961.925,0
2025-11-08 22:22:48.965711,101961.925,95.63000000000466,0.09378991226382265,0.0,0.0,0.17316,0.051770000000000004,0.12139,3.344794282402936,0.00014,0.05,101961.925,0
2025-11-08 22:22:51.004846,101961.925,95.63000000000466,0.09378991226382265,0.0,0.0,0.17316,0.051770000000000004,0.12139,3.344794282402936,0.00014,0.05,101961.925,0
2025-11-08 22:22:53.041127,101961.925,95.63000000000466,0.09378991226382265,0.0,0.0,0.17316,0.051770000000000004,0.12139,3.344794282402936,0.00014,0.05,101961.925,0
2025-11-08 22:22:55.079620,101961.925,95.63000000000466,0.09378991226382265,0.0,0.0,0.17316,0.051770000000000004,0.12139,3.344794282402936,0.00014,0.05,101961.925,0
2025-11-08 22:22:57.115999,101961.925,95.63000000000466,0.09378991226382265,0.0,0.0,0.17316,0.051770000000000004,0.12139,3.344794282402936,0.00014,0.05,101961.925,0
2025-11-08 22:22:59.148869,101961.925,95.63000000000466,0.09378991226382265,0.0,0.0,0.17316,0.051770000000000004,0.12139,3.344794282402936,0.00014,0.05,101961.925,0
2025-11-08 22:23:01.179698,101961.925,95.63000000000466,0.09378991226382265,0.0,0.0,0.17316,0.051770000000000004,0.12139,3.344794282402936,0.00014,0.05,101983.32,1
2025-11-08 22:23:03.215603,101983.32,118.9600000000064,0.11664652611819892,0.019500000000000003,0.019500000000000003,0.19266,0.051770000000000004,0.14089,3.721460305196059,0.05,0.05,101989.235,1
2025-11-08 22:23:05.246779,101989.235,92.45000000001164,0.09064682169643849,0.00011999999999999511,-0.01938000000000001,0.19277999999999998,0.051770000000000004,0.14100999999999997,3.723778249951709,0.05012,0.05,101989.235,0
2025-11-08 22:23:07.281645,101989.235,92.45000000001164,0.09064682169643849,0.0,-0.00011999999999999511,0.19277999999999998,0.051770000000000004,0.14100999999999997,3.723778249951709,0.05012,0.05,101989.235,0
2025-11-08 22:23:09.317408,101989.235,92.45000000001164,0.09064682169643849,-0.019570000000000004,-0.019570000000000004,0.17321,0.051770000000000004,0.12143999999999999,3.34576009271779,0.05,0.05,101994.235,1
2025-11-08 22:23:11.346999,101994.235,82.45000000001164,0.08083790225987934,0.00015000000000000083,0.019720000000000005,0.17336000000000001,0.051770000000000004,0.12159,3.348657523662353,0.00019,0.05,101976.96,0
2025-11-08 22:23:13.375622,101976.96,95.0,0.0931582977174452,-0.00015000000000000083,-0.00030000000000000165,0.17321,0.051770000000000004,0.12143999999999999,3.34576009271779,0.05,0.05,101976.965,1
2025-11-08 22:23:15.407403,101976.965,94.99000000000524,0.09314848701371456,-0.12085,-0.1207,0.052360000000000004,0.051770000000000004,0.0005900000000000002,1.0113965617152791,0.00015,0.05,101976.965,0
2025-11-08 22:23:17.439092,101976.965,94.99000000000524,0.09314848701371456,0.0,0.12085,0.052360000000000004,0.051770000000000004,0.0005900000000000002,1.0113965617152791,0.00015,0.05,101964.235,0
2025-11-08 22:23:19.474516,101964.235,105.08999999999651,0.10306555038636489,0.12085,0.12085,0.17321,0.051770000000000004,0.12143999999999999,3.34576009271779,0.05,0.05,101961.57,0
2025-11-08 22:23:21.507329,101961.57,99.75999999999476,0.09784078452302641,0.0,-0.12085,0.17321,0.051770000000000004,0.12143999999999999,3.34576009271779,0.05,0.05,101961.57,0
2025-11-08 22:23:23.543418,101961.57,99.75999999999476,0.09784078452302641,0.0,0.0,0.17321,0.051770000000000004,0.12143999999999999,3.34576009271779,0.05,0.05,101961.57,0
2025-11-08 22:23:25.578430,101961.57,99.75999999999476,0.09784078452302641,0.0,0.0,0.17321,0.051770000000000004,0.12143999999999999,3.34576009271779,0.05,0.05,101961.57,0
2025-11-08 22:23:27.612101,101961.57,99.75999999999476,0.09784078452302641,0.0,0.0,0.17321,0.051770000000000004,0.12143999999999999,3.34576009271779,0.05,0.05,101958.705,0
2025-11-08 22:23:29.643328,101958.705,94.02999999999884,0.09222361151016858,-0.12075,-0.12075,0.17321,0.17252,0.0006899999999999962,1.003999536285648,0.05,0.05,101958.70999999999,1
2025-11-08 22:23:31.680087,101958.70999999999,94.02000000000407,0.092213799095736,-0.12085,-0.00010000000000000286,0.052360000000000004,0.17252,-0.12016,0.30350104335729194,0.00015,0.05,101958.70999999999,0
2025-11-08 22:23:33.715888,101958.70999999999,94.02000000000407,0.092213799095736,0.0,0.12085,0.052360000000000004,0.17252,-0.12016,0.30350104335729194,0.00015,0.05,101958.70999999999,0
2025-11-08 22:23:35.752440,101958.70999999999,94.02000000000407,0.092213799095736,0.0,0.0,0.052360000000000004,0.17252,-0.12016,0.30350104335729194,0.00015,0.05,101958.70999999999,0
2025-11-08 22:23:37.787844,101958.70999999999,94.02000000000407,0.092213799095736,0.0,0.0,0.052360000000000004,0.17252,-0.12016,0.30350104335729194,0.00015,0.05,101958.70999999999,0
2025-11-08 22:23:39.828081,101958.70999999999,94.02000000000407,0.092213799095736,0.0,0.0,0.052360000000000004,0.17252,-0.12016,0.30350104335729194,0.00015,0.05,101958.70999999999,0
2025-11-08 22:23:41.862775,101958.70999999999,94.02000000000407,0.092213799095736,0.0,0.0,0.052360000000000004,0.17252,-0.12016,0.30350104335729194,0.00015,0.05,101958.70999999999,0
2025-11-08 22:23:43.896775,101958.70999999999,94.02000000000407,0.092213799095736,0.0,0.0,0.052360000000000004,0.17252,-0.12016,0.30350104335729194,0.00015,0.05,101958.70999999999,0
2025-11-08 22:23:45.932791,101958.70999999999,94.02000000000407,0.092213799095736,0.0,0.0,0.052360000000000004,0.17252,-0.12016,0.30350104335729194,0.00015,0.05,101958.70999999999,0
2025-11-08 22:23:47.967044,101958.70999999999,94.02000000000407,0.092213799095736,0.0,0.0,0.052360000000000004,0.17252,-0.12016,0.30350104335729194,0.00015,0.05,101958.70999999999,0
2025-11-08 22:23:50.000516,101958.70999999999,94.02000000000407,0.092213799095736,0.0,0.0,0.052360000000000004,0.17252,-0.12016,0.30350104335729194,0.00015,0.05,101951.73,0
2025-11-08 22:23:52.053083,101951.73,80.05999999999767,0.07852735799578651,0.0,0.0,0.052360000000000004,0.17252,-0.12016,0.30350104335729194,0.00015,0.05,101941.89,0
2025-11-08 22:23:54.089366,101941.89,99.73999999999069,0.09784005377964906,0.019490000000000004,0.019490000000000004,0.07185000000000001,0.17252,-0.10067,0.41647345235335037,0.05,0.05,101941.89,0
2025-11-08 22:23:56.126156,101941.89,99.73999999999069,0.09784005377964906,0.0,-0.019490000000000004,0.07185000000000001,0.17252,-0.10067,0.41647345235335037,0.05,0.05,101941.89,0
2025-11-08 22:23:58.157965,101941.89,99.73999999999069,0.09784005377964906,0.0,0.0,0.07185000000000001,0.17252,-0.10067,0.41647345235335037,0.05,0.05,101941.89,0
2025-11-08 22:24:00.185928,101941.89,99.73999999999069,0.09784005377964906,0.0,0.0,0.07185000000000001,0.17252,-0.10067,0.41647345235335037,0.05,0.05,101938.275,0
2025-11-08 22:24:02.218152,101938.275,92.49000000000524,0.09073137641382027,-0.019490000000000004,-0.019490000000000004,0.052360000000000004,0.17252,-0.12016,0.30350104335729194,0.00015,0.05,101938.275,0
2025-11-08 22:24:04.250661,101938.275,92.49000000000524,0.09073137641382027,0.0,0.019490000000000004,0.052360000000000004,0.17252,-0.12016,0.30350104335729194,0.00015,0.05,101931.64,0
2025-11-08 22:24:06.279648,101931.64,82.26000000000931,0.08070114441404977,0.01949,0.01949,0.07185000000000001,0.17252000000000003,-0.10067000000000002,0.4164734523533503,0.0007,0.05,101927.62,0
2025-11-08 22:24:08.315972,101927.62,74.22000000000116,0.07281637695454987,-0.019490000000000007,-0.03898000000000001,0.052360000000000004,0.17252,-0.12016,0.30350104335729194,0.0007,0.05,101925.055,0
2025-11-08 22:24:10.352715,101925.055,69.09000000001106,0.06778509955183351,0.019490000000000007,0.038980000000000015,0.07185000000000001,0.17252,-0.10067,0.41647345235335037,0.0007,0.05,101915.91500000001,0
2025-11-08 22:24:12.385902,101915.91500000001,50.810000000012224,0.049854823949735644,0.0,-0.019490000000000007,0.07185000000000001,0.17252,-0.10067,0.41647345235335037,0.0007,0.05,101905.565,0
2025-11-08 22:24:14.418371,101905.565,30.110000000000582,0.029546963406758584,0.0,0.0,0.07185000000000001,0.17252,-0.10067,0.41647345235335037,0.0007,0.05,101900.44,0
2025-11-08 22:24:16.449037,101900.44,19.860000000000582,0.01948961162483752,0.0,0.0,0.07185000000000001,0.17252,-0.10067,0.41647345235335037,0.0007,0.05,101900.44,0
2025-11-08 22:24:18.478911,101900.44,19.860000000000582,0.01948961162483752,0.0,0.0,0.07185000000000001,0.17252,-0.10067,0.41647345235335037,0.0007,0.05,101900.44,0
2025-11-08 22:24:20.514959,101900.44,19.860000000000582,0.01948961162483752,-0.019489999999999997,-0.019489999999999997,0.052360000000000004,0.17252,-0.12016,0.30350104335729194,0.0007,0.05,101900.44,0
2025-11-08 22:24:22.551590,101900.44,19.860000000000582,0.01948961162483752,0.019489999999999997,0.038979999999999994,0.07185000000000001,0.17252,-0.10067,0.41647345235335037,0.0007,0.05,101893.76,0
2025-11-08 22:24:24.587931,101893.76,6.5,0.0063791933873085065,0.0,-0.019489999999999997,0.07185000000000001,0.17252,-0.10067,0.41647345235335037,0.0007,0.05,101890.515,0
2025-11-08 22:24:26.624493,101890.515,0.010000000009313226,9.814456241891824e-06,-0.22099,-0.22099,0.07185,0.39350999999999997,-0.32165999999999995,0.1825874818937257,0.0007,0.05,101890.515,0
2025-11-08 22:24:28.653286,101890.515,0.010000000009313226,9.814456241891824e-06,0.0,0.22099,0.07185,0.39350999999999997,-0.32165999999999995,0.1825874818937257,0.0007,0.05,101890.515,0
2025-11-08 22:24:30.682270,101890.515,0.010000000009313226,9.814456241891824e-06,-0.049850000000000005,-0.049850000000000005,0.022000000000000002,0.39351,-0.37151,0.05590709257706285,0.0007,0.05,101890.515,0
2025-11-08 22:24:32.713693,101890.515,0.010000000009313226,9.814456241891824e-06,0.0005499999999999984,0.0504,0.02255,0.39350999999999997,-0.37095999999999996,0.05730476989148942,0.0007,0.05,101890.515,0
2025-11-08 22:24:34.752967,101890.515,0.010000000009313226,9.814456241891824e-06,-0.0009900000000000013,-0.0015399999999999997,0.021560000000000003,0.39351,-0.37195,0.05478895072552159,0.00026,0.05,101890.515,0
2025-11-08 22:24:36.786697,101890.515,0.010000000009313226,9.814456241891824e-06,0.0,0.0009900000000000013,0.021560000000000003,0.39351,-0.37195,0.05478895072552159,0.00026,0.05,101890.515,0
2025-11-08 22:24:38.821490,101890.515,0.010000000009313226,9.814456241891824e-06,-0.01948,-0.01948,0.00208,0.39350999999999997,-0.39142999999999994,0.005285761480013214,0.00026,0.05,101890.515,0
2025-11-08 22:24:40.853592,101890.515,0.010000000009313226,9.814456241891824e-06,0.24047,0.25995,0.021560000000000003,0.17252,-0.15096,0.12497101785300256,0.00026,0.05,101890.515,0
2025-11-08 22:24:42.884375,101890.515,0.010000000009313226,9.814456241891824e-06,-0.22099,-0.46146,0.021560000000000003,0.39350999999999997,-0.37194999999999995,0.0547889507255216,0.00026,0.05,101890.515,0
2025-11-08 22:24:44.921672,101890.515,0.010000000009313226,9.814456241891824e-06,0.0,0.22099,0.021560000000000003,0.39350999999999997,-0.37194999999999995,0.0547889507255216,0.00026,0.05,101890.515,0
2025-11-08 22:24:46.951551,101890.515,0.010000000009313226,9.814456241891824e-06,-0.01948,-0.01948,0.00208,0.39350999999999997,-0.39142999999999994,0.005285761480013214,0.00026,0.05,101890.515,0
2025-11-08 22:24:48.984972,101890.515,0.010000000009313226,9.814456241891824e-06,0.01948,0.03896,0.021560000000000003,0.39351,-0.37195,0.05478895072552159,0.00026,0.05,101833.095,0
2025-11-08 22:24:51.022193,101833.095,7.25,0.007119492931055468,0.052230000000000006,0.03275,0.0719,0.39161999999999997,-0.31971999999999995,0.18359634339410655,0.00019,0.04811,101833.095,0
2025-11-08 22:24:53.057102,101833.095,7.25,0.007119492931055468,0.21905999999999998,0.16682999999999998,0.07066,0.17132,-0.10066,0.4124445482138688,0.00019,0.04811,101833.095,0
2025-11-08 22:24:55.096421,101833.095,7.25,0.007119492931055468,0.0,-0.21905999999999998,0.07066,0.17132,-0.10066,0.4124445482138688,0.00019,0.04811,101833.095,0
2025-11-08 22:24:57.129129,101833.095,7.25,0.007119492931055468,0.0,0.0,0.07066,0.17132,-0.10066,0.4124445482138688,0.00019,0.04811,101829.475,0
2025-11-08 22:24:59.163308,101829.475,0.00999999999476131,9.820339341591725e-06,-0.001940000000000003,-0.001940000000000003,0.07061,0.17321,-0.1026,0.407655447145084,0.00014,0.05,101829.475,0
2025-11-08 22:25:01.196149,101829.475,0.00999999999476131,9.820339341591725e-06,0.0,0.001940000000000003,0.07061,0.17321,-0.1026,0.407655447145084,0.00014,0.05,101829.475,0
2025-11-08 22:25:03.230718,101829.475,0.00999999999476131,9.820339341591725e-06,0.0,0.0,0.07061,0.17321,-0.1026,0.407655447145084,0.00014,0.05,101829.475,0
2025-11-08 22:25:05.268490,101829.475,0.00999999999476131,9.820339341591725e-06,0.0,0.0,0.07061,0.17321,-0.1026,0.407655447145084,0.00014,0.05,101829.475,0
2025-11-08 22:25:07.303857,101829.475,0.00999999999476131,9.820339341591725e-06,-0.04863,-0.04863,0.021980000000000003,0.17321,-0.15123,0.12689798510478612,0.00014,0.05,101829.475,0
2025-11-08 22:25:09.342112,101829.475,0.00999999999476131,9.820339341591725e-06,0.04983,0.09845999999999999,0.07181,0.17321,-0.1014,0.41458345361122334,0.0001,0.05,101829.475,0
2025-11-08 22:25:11.419135,101829.475,0.00999999999476131,9.820339341591725e-06,0.00013000000000000018,-0.0497,0.07194,0.17321,-0.10127,0.41533398764505514,8e-05,0.05,101829.475,0
2025-11-08 22:25:13.448880,101829.475,0.00999999999476131,9.820339341591725e-06,-0.00017000000000000017,-0.00030000000000000035,0.07177,0.17321,-0.10144,0.41435252006235207,6e-05,0.05,101829.475,0
2025-11-08 22:25:15.487457,101829.475,0.00999999999476131,9.820339341591725e-06,0.0,0.00017000000000000017,0.07177,0.17321,-0.10144,0.41435252006235207,6e-05,0.05,101829.475,0
2025-11-08 22:25:17.522437,101829.475,0.00999999999476131,9.820339341591725e-06,0.00014000000000000018,0.00014000000000000018,0.07191,0.17321,-0.1013,0.4151607874834016,5e-05,0.05,101829.475,0
2025-11-08 22:25:19.560535,101829.475,0.00999999999476131,9.820339341591725e-06,0.0,-0.00014000000000000018,0.07191,0.17321,-0.1013,0.4151607874834016,5e-05,0.05,101830.395,1
2025-11-08 22:25:21.598113,101830.395,1.8500000000058208,0.001816746365371381,-0.00016000000000000018,-0.00016000000000000018,0.07175000000000001,0.17321,-0.10146,0.41423705328791643,4e-05,0.05,101830.395,0
2025-11-08 22:25:23.632952,101830.395,1.8500000000058208,0.001816746365371381,0.0,0.00016000000000000018,0.07175,0.17321,-0.10146000000000001,0.4142370532879164,4e-05,0.05,101830.39,0
2025-11-08 22:25:25.665547,101830.39,1.8399999999965075,0.0018069262034609782,-0.0005300000000000158,-0.0005300000000000158,0.07053000000000001,0.17252,-0.10199,0.4088221655460237,4e-05,1e-05,101829.475,0
2025-11-08 22:25:27.699966,101829.475,0.00999999999476131,9.820339341591725e-06,-0.27037,-0.26983999999999997,0.02215,0.39451,-0.37236,0.05614559833717776,4e-05,0.05,101829.475,0
2025-11-08 22:25:29.735598,101829.475,0.00999999999476131,9.820339341591725e-06,0.22199,0.49236,0.02215,0.17252,-0.15037,0.12839091119870158,4e-05,0.05,101829.475,0
2025-11-08 22:25:31.771802,101829.475,0.00999999999476131,9.820339341591725e-06,-0.0005400000000000037,-0.22253,0.0223,0.17321,-0.15091,0.12874545349575658,4e-05,0.05,101829.475,0
2025-11-08 22:25:33.804097,101829.475,0.00999999999476131,9.820339341591725e-06,0.0,0.0005400000000000037,0.0223,0.17321,-0.15091,0.12874545349575658,4e-05,0.05,101829.475,0
2025-11-08 22:25:35.839017,101829.475,0.00999999999476131,9.820339341591725e-06,-0.2213,-0.2213,0.0223,0.39451,-0.37221000000000004,0.056525816836075125,3e-05,0.05,101829.475,0
2025-11-08 22:25:37.866873,101829.475,0.00999999999476131,9.820339341591725e-06,0.22114,0.44244,0.02214,0.17321,-0.15107,0.12782171930027134,3e-05,0.05,101829.475,0
2025-11-08 22:25:39.896884,101829.475,0.00999999999476131,9.820339341591725e-06,0.00015999999999999999,-0.22098,0.0223,0.17321,-0.15091,0.12874545349575658,3e-05,0.05,101829.475,0
2025-11-08 22:25:41.925950,101829.475,0.00999999999476131,9.820339341591725e-06,-0.00015999999999999999,-0.00031999999999999997,0.02214,0.17321,-0.15107,0.12782171930027134,3e-05,0.05,101829.475,0
2025-11-08 22:25:43.956797,101829.475,0.00999999999476131,9.820339341591725e-06,0.0,0.00015999999999999999,0.02214,0.17321,-0.15107,0.12782171930027134,3e-05,0.05,101829.475,0
2025-11-08 22:25:45.985411,101829.475,0.00999999999476131,9.820339341591725e-06,0.0,0.0,0.02214,0.17321,-0.15107,0.12782171930027134,3e-05,0.05,101829.475,0
2025-11-08 22:25:48.016892,101829.475,0.00999999999476131,9.820339341591725e-06,0.0,0.0,0.02214,0.17321,-0.15107,0.12782171930027134,3e-05,0.05,101829.475,0
2025-11-08 22:25:50.050560,101829.475,0.00999999999476131,9.820339341591725e-06,0.0,0.0,0.02214,0.17321,-0.15107,0.12782171930027134,3e-05,0.05,101829.475,0
2025-11-08 22:25:52.084439,101829.475,0.00999999999476131,9.820339341591725e-06,0.00015999999999999999,0.00015999999999999999,0.0223,0.17321,-0.15091,0.12874545349575658,3e-05,0.05,101829.475,0
2025-11-08 22:25:54.119074,101829.475,0.00999999999476131,9.820339341591725e-06,0.0,-0.00015999999999999999,0.0223,0.17321,-0.15091,0.12874545349575658,3e-05,0.05,101829.475,0
2025-11-08 22:25:56.152534,101829.475,0.00999999999476131,9.820339341591725e-06,-0.00015999999999999999,-0.00015999999999999999,0.02214,0.17321,-0.15107,0.12782171930027134,3e-05,0.05,101829.475,0
2025-11-08 22:25:58.183646,101829.475,0.00999999999476131,9.820339341591725e-06,-0.22114,-0.22098,0.0223,0.39451,-0.37221000000000004,0.056525816836075125,3e-05,0.05,101829.475,0
2025-11-08 22:26:00.214035,101829.475,0.00999999999476131,9.820339341591725e-06,0.0,0.22114,0.0223,0.39451,-0.37221000000000004,0.056525816836075125,3e-05,0.05,101829.475,0
2025-11-08 22:26:02.242634,101829.475,0.00999999999476131,9.820339341591725e-06,0.0,0.0,0.0223,0.39451,-0.37221000000000004,0.056525816836075125,3e-05,0.05,101829.475,0
2025-11-08 22:26:04.273365,101829.475,0.00999999999476131,9.820339341591725e-06,-0.00015999999999999999,-0.00015999999999999999,0.02214,0.39451,-0.37237000000000003,0.056120250437251266,3e-05,0.05,101829.475,0
2025-11-08 22:26:06.303480,101829.475,0.00999999999476131,9.820339341591725e-06,0.00015999999999999999,0.00031999999999999997,0.0223,0.39451,-0.37221000000000004,0.056525816836075125,3e-05,0.05,101829.475,0
2025-11-08 22:26:08.335917,101829.475,0.00999999999476131,9.820339341591725e-06,0.22114,0.22098,0.02214,0.17321,-0.15107,0.12782171930027134,3e-05,0.05,101829.475,0
2025-11-08 22:26:10.370113,101829.475,0.00999999999476131,9.820339341591725e-06,0.0,-0.22114,0.02214,0.17321,-0.15107,0.12782171930027134,3e-05,0.05,101829.475,0
2025-11-08 22:26:12.406357,101829.475,0.00999999999476131,9.820339341591725e-06,0.0,0.0,0.02214,0.17321,-0.15107,0.12782171930027134,3e-05,0.05,101829.475,0
2025-11-08 22:26:14.439493,101829.475,0.00999999999476131,9.820339341591725e-06,0.0,0.0,0.02214,0.17321,-0.15107,0.12782171930027134,3e-05,0.05,101829.475,0
2025-11-08 22:26:16.467598,101829.475,0.00999999999476131,9.820339341591725e-06,0.0,0.0,0.02214,0.17321,-0.15107,0.12782171930027134,3e-05,0.05,101829.475,0
2025-11-08 22:26:18.501112,101829.475,0.00999999999476131,9.820339341591725e-06,0.0,0.0,0.02214,0.17321,-0.15107,0.12782171930027134,3e-05,0.05,101829.475,0
2025-11-08 22:26:20.534277,101829.475,0.00999999999476131,9.820339341591725e-06,0.0,0.0,0.02214,0.17321,-0.15107,0.12782171930027134,3e-05,0.05,101829.475,0
2025-11-08 22:26:22.569552,101829.475,0.00999999999476131,9.820339341591725e-06,0.0,0.0,0.02214,0.17321,-0.15107,0.12782171930027134,3e-05,0.05,101829.475,0
2025-11-08 22:26:24.604946,101829.475,0.00999999999476131,9.820339341591725e-06,0.0,0.0,0.02214,0.17321,-0.15107,0.12782171930027134,3e-05,0.05,101829.475,0
2025-11-08 22:26:26.637543,101829.475,0.00999999999476131,9.820339341591725e-06,0.00015999999999999999,0.00015999999999999999,0.0223,0.17321,-0.15091,0.12874545349575658,3e-05,0.05,101829.475,0
2025-11-08 22:26:28.675187,101829.475,0.00999999999476131,9.820339341591725e-06,-0.00015999999999999999,-0.00031999999999999997,0.02214,0.17321,-0.15107,0.12782171930027134,3e-05,0.05,101829.475,0
2025-11-08 22:26:30.708784,101829.475,0.00999999999476131,9.820339341591725e-06,-0.22114,-0.22098,0.0223,0.39451,-0.37221000000000004,0.056525816836075125,3e-05,0.05,101829.475,0
2025-11-08 22:26:32.741347,101829.475,0.00999999999476131,9.820339341591725e-06,0.0,0.22114,0.0223,0.39451,-0.37221000000000004,0.056525816836075125,3e-05,0.05,101829.475,0
2025-11-08 22:26:34.773284,101829.475,0.00999999999476131,9.820339341591725e-06,0.0,0.0,0.0223,0.39451,-0.37221000000000004,0.056525816836075125,3e-05,0.05,101754.57999999999,0
2025-11-08 22:26:36.805716,101754.57999999999,41.13999999999942,0.04043061255817618,0.05009000000000001,0.05009000000000001,0.05257,0.37468999999999997,-0.32211999999999996,0.1403026501908244,0.00137,0.02963,101754.57999999999,0
2025-11-08 22:26:38.841572,101754.57999999999,41.13999999999942,0.04043061255817618,0.00015000000000000083,-0.04994000000000001,0.05257,0.37454,-0.32197,0.14035884017728414,0.00137,0.02948,101812.26,1
2025-11-08 22:26:40.872202,101812.26,156.5,0.15371429727618266,0.02933,0.029179999999999998,0.05257,0.34521,-0.29264,0.152284116914342,0.00137,0.0007,101812.26,0
2025-11-08 22:26:42.908221,101812.26,156.5,0.15371429727618266,0.22204,0.19271,0.05276000000000001,0.12336,-0.0706,0.4276913099870299,0.00156,0.0007,101812.26,0
2025-11-08 22:26:44.947917,101812.26,156.5,0.15371429727618266,-0.00019000000000000267,-0.22222999999999998,0.052570000000000006,0.12336,-0.07078999999999999,0.4261511024643321,0.00137,0.0007,101825.825,1
2025-11-08 22:26:46.979164,101825.825,129.36999999999534,0.12705028414942413,-0.0005099999999999998,-0.00031999999999999715,0.05206000000000001,0.12336,-0.07129999999999999,0.4220168612191959,0.00019,0.0007,101812.26,0
2025-11-08 22:26:49.008600,101812.26,156.5,0.15371429727618266,0.07250999999999999,0.07301999999999999,0.12457,0.12336,0.0012100000000000027,1.0098086900129701,0.00137,0.0007,101814.73,1
2025-11-08 22:26:51.037281,101814.73,151.55999999999767,0.14885861800153835,-0.07250999999999999,-0.14501999999999998,0.05206000000000001,0.12336,-0.07129999999999999,0.4220168612191959,0.00019,0.0007,101814.73,0
2025-11-08 22:26:53.075941,101814.73,151.55999999999767,0.14885861800153835,0.0,0.07250999999999999,0.05206000000000001,0.12336,-0.07129999999999999,0.4220168612191959,0.00019,0.0007,101814.73,0
2025-11-08 22:26:55.112972,101814.73,151.55999999999767,0.14885861800153835,0.0,0.0,0.05206000000000001,0.12336,-0.07129999999999999,0.4220168612191959,0.00019,0.0007,101814.73,0
2025-11-08 22:26:57.146071,101814.73,151.55999999999767,0.14885861800153835,0.0,0.0,0.05206000000000001,0.12336,-0.07129999999999999,0.4220168612191959,0.00019,0.0007,101812.26,0
2025-11-08 22:26:59.176307,101812.26,156.5,0.15371429727618266,0.0005099999999999998,0.0005099999999999998,0.052570000000000006,0.12336,-0.07078999999999999,0.4261511024643321,0.00137,0.0007,101812.26,0
2025-11-08 22:27:01.208388,101812.26,156.5,0.15371429727618266,0.0,-0.0005099999999999998,0.052570000000000006,0.12336,-0.07078999999999999,0.4261511024643321,0.00137,0.0007,101812.26,0
2025-11-08 22:27:03.241622,101812.26,156.5,0.15371429727618266,0.00019000000000000006,0.00019000000000000006,0.05276,0.12336,-0.0706,0.42769130998702987,0.00156,0.0007,101812.26,0
2025-11-08 22:27:05.279442,101812.26,156.5,0.15371429727618266,0.0,-0.00019000000000000006,0.05276,0.12336,-0.0706,0.42769130998702987,0.00156,0.0007,101812.26,0
2025-11-08 22:27:07.316850,101812.26,156.5,0.15371429727618266,-0.00019000000000000267,-0.00019000000000000267,0.052570000000000006,0.12336,-0.07078999999999999,0.4261511024643321,0.00137,0.0007,101812.26,0
2025-11-08 22:27:09.352533,101812.26,156.5,0.15371429727618266,0.0,0.00019000000000000267,0.052570000000000006,0.12336,-0.07078999999999999,0.4261511024643321,0.00137,0.0007,101812.26,0
2025-11-08 22:27:11.385425,101812.26,156.5,0.15371429727618266,0.0,0.0,0.052570000000000006,0.12336,-0.07078999999999999,0.4261511024643321,0.00137,0.0007,101812.26,0
2025-11-08 22:27:13.422930,101812.26,156.5,0.15371429727618266,0.00019000000000000006,0.00019000000000000006,0.05276000000000001,0.12336,-0.0706,0.4276913099870299,0.00156,0.0007,101815.125,1
2025-11-08 22:27:15.454775,101815.125,150.76999999998952,0.14808212434055307,-0.00019000000000000267,-0.00038000000000000273,0.052570000000000006,0.12336,-0.07078999999999999,0.4261511024643321,0.05,0.0007,101815.125,0
2025-11-08 22:27:17.488148,101815.125,150.76999999998952,0.14808212434055307,0.0,0.00019000000000000267,0.052570000000000006,0.12336,-0.07078999999999999,0.4261511024643321,0.05,0.0007,101815.125,0
2025-11-08 22:27:19.519911,101815.125,150.76999999998952,0.14808212434055307,0.0,0.0,0.052570000000000006,0.12336,-0.07078999999999999,0.4261511024643321,0.05,0.0007,101812.26,0
2025-11-08 22:27:21.549766,101812.26,156.5,0.15371429727618266,0.00017000000000000348,0.00017000000000000348,0.05274,0.12336,-0.07061999999999999,0.42752918287937747,0.00154,0.0007,101812.26,0
2025-11-08 22:27:23.586991,101812.26,156.5,0.15371429727618266,-0.00017,-0.0003400000000000035,0.052570000000000006,0.12336,-0.07078999999999999,0.4261511024643321,0.00137,0.0007,101812.26,0
2025-11-08 22:27:25.618326,101812.26,156.5,0.15371429727618266,0.0,0.00017,0.052570000000000006,0.12336,-0.07078999999999999,0.4261511024643321,0.00137,0.0007,101812.26,0
2025-11-08 22:27:27.651028,101812.26,156.5,0.15371429727618266,0.0,0.0,0.052570000000000006,0.12336,-0.07078999999999999,0.4261511024643321,0.00137,0.0007,101812.26,0
2025-11-08 22:27:29.683673,101812.26,156.5,0.15371429727618266,0.0,0.0,0.052570000000000006,0.12336,-0.07078999999999999,0.4261511024643321,0.00137,0.0007,101812.26,0
2025-11-08 22:27:31.714644,101812.26,156.5,0.15371429727618266,0.00019000000000000006,0.00019000000000000006,0.05276000000000001,0.12336,-0.0706,0.4276913099870299,0.00156,0.0007,101812.26,0
2025-11-08 22:27:33.757697,101812.26,156.5,0.15371429727618266,0.0,-0.00019000000000000006,0.05276000000000001,0.12336,-0.0706,0.4276913099870299,0.00156,0.0007,101812.26,0
2025-11-08 22:27:35.793614,101812.26,156.5,0.15371429727618266,0.0,0.0,0.05276000000000001,0.12336,-0.0706,0.4276913099870299,0.00156,0.0007,101812.26,0
2025-11-08 22:27:37.831966,101812.26,156.5,0.15371429727618266,0.0,0.0,0.05276000000000001,0.12336,-0.0706,0.4276913099870299,0.00156,0.0007,101812.26,0
2025-11-08 22:27:39.868277,101812.26,156.5,0.15371429727618266,0.0,0.0,0.05276000000000001,0.12336,-0.0706,0.4276913099870299,0.00156,0.0007,101812.26,0
2025-11-08 22:27:41.902246,101812.26,156.5,0.15371429727618266,-0.00019000000000000006,-0.00019000000000000006,0.052570000000000006,0.12336,-0.07078999999999999,0.4261511024643321,0.00137,0.0007,101812.26,0
2025-11-08 22:27:43.938308,101812.26,156.5,0.15371429727618266,0.0,0.00019000000000000006,0.052570000000000006,0.12336,-0.07078999999999999,0.4261511024643321,0.00137,0.0007,101812.26,0
2025-11-08 22:27:45.969078,101812.26,156.5,0.15371429727618266,0.00019000000000000006,0.00019000000000000006,0.05276000000000001,0.12336,-0.0706,0.4276913099870299,0.00156,0.0007,101812.26,0
2025-11-08 22:27:48.004722,101812.26,156.5,0.15371429727618266,-0.00019000000000000006,-0.00038000000000000013,0.052570000000000006,0.12336,-0.07078999999999999,0.4261511024643321,0.00137,0.0007,101812.26,0
2025-11-08 22:27:50.039499,101812.26,156.5,0.15371429727618266,0.0,0.00019000000000000006,0.052570000000000006,0.12336,-0.07078999999999999,0.4261511024643321,0.00137,0.0007,101812.26,0
2025-11-08 22:27:52.076710,101812.26,156.5,0.15371429727618266,0.00019000000000000006,0.00019000000000000006,0.05276000000000001,0.12336,-0.0706,0.4276913099870299,0.00156,0.0007,101812.26,0
2025-11-08 22:27:54.106571,101812.26,156.5,0.15371429727618266,0.0,-0.00019000000000000006,0.05276000000000001,0.12336,-0.0706,0.4276913099870299,0.00156,0.0007,101812.26,0
2025-11-08 22:27:56.141967,101812.26,156.5,0.15371429727618266,0.0,0.0,0.05276000000000001,0.12336,-0.0706,0.4276913099870299,0.00156,0.0007,101812.26,0
2025-11-08 22:27:58.174709,101812.26,156.5,0.15371429727618266,-0.00019000000000000267,-0.00019000000000000267,0.05257,0.12336,-0.07078999999999999,0.426151102464332,0.00137,0.0007,101810.14499999999,0
2025-11-08 22:28:00.208457,101810.14499999999,152.27000000000407,0.14956269829495292,-0.22166,-0.22147,0.05276,0.34521,-0.29245,0.15283450653225572,0.00156,0.121,101810.14499999999,0
2025-11-08 22:28:02.240122,101810.14499999999,152.27000000000407,0.14956269829495292,0.0,0.22166,0.05276,0.34521,-0.29245,0.15283450653225572,0.00156,0.121,101810.14499999999,0
2025-11-08 22:28:04.270320,101810.14499999999,152.27000000000407,0.14956269829495292,0.0,0.0,0.05276,0.34521,-0.29245,0.15283450653225572,0.00156,0.121,101810.14499999999,0
2025-11-08 22:28:06.307203,101810.14499999999,152.27000000000407,0.14956269829495292,0.0,0.0,0.05276,0.34521,-0.29245,0.15283450653225572,0.00156,0.121,101812.26,1
2025-11-08 22:28:08.344324,101812.26,156.5,0.15371429727618266,0.22166,0.22166,0.05257,0.12336,-0.07078999999999999,0.426151102464332,0.00137,0.0007,101812.26,0
2025-11-08 22:28:10.380619,101812.26,156.5,0.15371429727618266,0.00019000000000000006,-0.22147,0.05276,0.12336,-0.0706,0.42769130998702987,0.00156,0.0007,101812.26,0
2025-11-08 22:28:12.418163,101812.26,156.5,0.15371429727618266,-0.00019000000000000006,-0.00038000000000000013,0.05257,0.12336,-0.07078999999999999,0.426151102464332,0.00137,0.0007,101812.26,0
2025-11-08 22:28:14.454383,101812.26,156.5,0.15371429727618266,0.00019000000000000006,0.00038000000000000013,0.05276,0.12336,-0.0706,0.42769130998702987,0.00156,0.0007,101812.26,0
2025-11-08 22:28:16.483226,101812.26,156.5,0.15371429727618266,0.0,-0.00019000000000000006,0.05276,0.12336,-0.0706,0.42769130998702987,0.00156,0.0007,101812.26,0
2025-11-08 22:28:18.530684,101812.26,156.5,0.15371429727618266,-0.00019000000000000267,-0.00019000000000000267,0.052570000000000006,0.12336,-0.07078999999999999,0.4261511024643321,0.00137,0.0007,101812.26,0
2025-11-08 22:28:20.565702,101812.26,156.5,0.15371429727618266,0.00019000000000000006,0.00038000000000000273,0.05276000000000001,0.12336,-0.0706,0.4276913099870299,0.00156,0.0007,101812.26,0
2025-11-08 22:28:22.598941,101812.26,156.5,0.15371429727618266,0.0,-0.00019000000000000006,0.05276000000000001,0.12336,-0.0706,0.4276913099870299,0.00156,0.0007,101812.26,0
2025-11-08 22:28:24.636444,101812.26,156.5,0.15371429727618266,-0.00019000000000000267,-0.00019000000000000267,0.05257,0.12336,-0.07078999999999999,0.426151102464332,0.00137,0.0007,101812.26,0
2025-11-08 22:28:26.673710,101812.26,156.5,0.15371429727618266,0.00019000000000000267,0.00038000000000000533,0.05276000000000001,0.12336,-0.0706,0.4276913099870299,0.00156,0.0007,101812.26,0
2025-11-08 22:28:28.712570,101812.26,156.5,0.15371429727618266,-0.00019000000000000006,-0.00038000000000000273,0.052570000000000006,0.12336,-0.07078999999999999,0.4261511024643321,0.00137,0.0007,101812.26,0
2025-11-08 22:28:30.746778,101812.26,156.5,0.15371429727618266,0.00019000000000000006,0.00038000000000000013,0.05276000000000001,0.12336,-0.0706,0.4276913099870299,0.00156,0.0007,101812.26,0
2025-11-08 22:28:32.778462,101812.26,156.5,0.15371429727618266,0.0,-0.00019000000000000006,0.05276000000000001,0.12336,-0.0706,0.4276913099870299,0.00156,0.0007,101812.26,0
2025-11-08 22:28:34.810829,101812.26,156.5,0.15371429727618266,-0.00019000000000000006,-0.00019000000000000006,0.052570000000000006,0.12336,-0.07078999999999999,0.4261511024643321,0.00137,0.0007,101812.26,0
2025-11-08 22:28:36.842381,101812.26,156.5,0.15371429727618266,0.0,0.00019000000000000006,0.052570000000000006,0.12336,-0.07078999999999999,0.4261511024643321,0.00137,0.0007,101812.26,0
2025-11-08 22:28:38.878289,101812.26,156.5,0.15371429727618266,0.0,0.0,0.052570000000000006,0.12336,-0.07078999999999999,0.4261511024643321,0.00137,0.0007,101812.26,0
2025-11-08 22:28:40.917181,101812.26,156.5,0.15371429727618266,-0.05436,-0.05436,0.05276000000000001,0.17791,-0.12515,0.2965544376370075,0.00156,0.05525,101812.26,0
2025-11-08 22:28:42.952507,101812.26,156.5,0.15371429727618266,0.0,0.05436,0.05276000000000001,0.17791,-0.12515,0.2965544376370075,0.00156,0.05525,101812.26,0
2025-11-08 22:28:44.983800,101812.26,156.5,0.15371429727618266,0.0,0.0,0.05276000000000001,0.17791,-0.12515,0.2965544376370075,0.00156,0.05525,101812.26,0
2025-11-08 22:28:47.021524,101812.26,156.5,0.15371429727618266,0.0,0.0,0.05276000000000001,0.17791,-0.12515,0.2965544376370075,0.00156,0.05525,101812.26,0
2025-11-08 22:28:49.053376,101812.26,156.5,0.15371429727618266,0.0,0.0,0.05276000000000001,0.17791,-0.12515,0.2965544376370075,0.00156,0.05525,101812.26,0
2025-11-08 22:28:51.084110,101812.26,156.5,0.15371429727618266,-0.00019000000000000267,-0.00019000000000000267,0.05257,0.17791,-0.12534,0.29548648192906524,0.00137,0.05525,101812.26,0
2025-11-08 22:28:53.118609,101812.26,156.5,0.15371429727618266,0.054740000000000004,0.05493000000000001,0.05276,0.12336,-0.0706,0.42769130998702987,0.00156,0.0007,101812.26,0
2025-11-08 22:28:55.152740,101812.26,156.5,0.15371429727618266,0.0,-0.054740000000000004,0.05276,0.12336,-0.0706,0.42769130998702987,0.00156,0.0007,101812.26,0
2025-11-08 22:28:57.189817,101812.26,156.5,0.15371429727618266,-0.00019000000000000267,-0.00019000000000000267,0.052570000000000006,0.12336,-0.07078999999999999,0.4261511024643321,0.00137,0.0007,101812.26,0
2025-11-08 22:28:59.228884,101812.26,156.5,0.15371429727618266,0.0,0.00019000000000000267,0.052570000000000006,0.12336,-0.07078999999999999,0.4261511024643321,0.00137,0.0007,101812.26,0
2025-11-08 22:29:01.261391,101812.26,156.5,0.15371429727618266,0.0,0.0,0.052570000000000006,0.12336,-0.07078999999999999,0.4261511024643321,0.00137,0.0007,101812.26,0
2025-11-08 22:29:03.296186,101812.26,156.5,0.15371429727618266,0.0,0.0,0.052570000000000006,0.12336,-0.07078999999999999,0.4261511024643321,0.00137,0.0007,101812.26,0
2025-11-08 22:29:05.324630,101812.26,156.5,0.15371429727618266,0.0,0.0,0.052570000000000006,0.12336,-0.07078999999999999,0.4261511024643321,0.00137,0.0007,101812.26,0
2025-11-08 22:29:07.355175,101812.26,156.5,0.15371429727618266,0.0,0.0,0.052570000000000006,0.12336,-0.07078999999999999,0.4261511024643321,0.00137,0.0007,101812.26,0
2025-11-08 22:29:09.391828,101812.26,156.5,0.15371429727618266,0.0,0.0,0.052570000000000006,0.12336,-0.07078999999999999,0.4261511024643321,0.00137,0.0007,101812.26,0
2025-11-08 22:29:11.424427,101812.26,156.5,0.15371429727618266,9.000000000000002e-05,9.000000000000002e-05,0.052660000000000005,0.12336,-0.07069999999999999,0.42688067444876787,0.00156,0.0007,101812.26,0
2025-11-08 22:29:13.454327,101812.26,156.5,0.15371429727618266,-0.00019000000000000006,-0.0002800000000000001,0.05247,0.12336,-0.07089,0.4253404669260701,0.00137,0.0007,101812.26,0
2025-11-08 22:29:15.491830,101812.26,156.5,0.15371429727618266,0.0,0.00019000000000000006,0.05247,0.12336,-0.07089,0.4253404669260701,0.00137,0.0007,101812.26,0
2025-11-08 22:29:17.526793,101812.26,156.5,0.15371429727618266,0.00019000000000000006,0.00019000000000000006,0.052660000000000005,0.12336,-0.07069999999999999,0.42688067444876787,0.00156,0.0007,101812.26,0
2025-11-08 22:29:19.562731,101812.26,156.5,0.15371429727618266,0.0,-0.00019000000000000006,0.052660000000000005,0.12336,-0.07069999999999999,0.42688067444876787,0.00156,0.0007,101812.26,0
2025-11-08 22:29:21.597368,101812.26,156.5,0.15371429727618266,-0.05018,-0.05018,0.0024799999999999996,0.12336,-0.12088,0.020103761348897534,1e-05,0.0007,101812.26,0
2025-11-08 22:29:23.630275,101812.26,156.5,0.15371429727618266,0.0,0.05018,0.0024799999999999996,0.12336,-0.12088,0.020103761348897534,1e-05,0.0007,101805.265,0
2025-11-08 22:29:25.664054,101805.265,142.5100000000093,0.13998293703180215,-0.17321999999999999,-0.17321999999999999,0.05111,0.34521,-0.29410000000000003,0.14805480721879435,1e-05,0.121,101805.265,0
2025-11-08 22:29:27.696399,101805.265,142.5100000000093,0.13998293703180215,-0.0005299999999999958,0.17268999999999998,0.05058,0.34521,-0.29463,0.1465195098635613,1e-05,0.121,101807.82999999999,1
2025-11-08 22:29:29.729609,101807.82999999999,147.63999999999942,0.1450183153889042,0.0005299999999999958,0.0010599999999999915,0.05111,0.34521,-0.29410000000000003,0.14805480721879435,1e-05,0.121,101812.26,1
2025-11-08 22:29:31.761730,101812.26,156.5,0.15371429727618266,0.2213,0.22077,0.05056,0.12336,-0.0728,0.4098573281452659,1e-05,0.0007,101812.26,0
2025-11-08 22:29:33.792458,101812.26,156.5,0.15371429727618266,-0.026730000000000004,-0.24803,0.05111,0.15064000000000002,-0.09953000000000002,0.33928571428571425,1e-05,0.02798,101812.26,0
2025-11-08 22:29:35.833240,101812.26,156.5,0.15371429727618266,0.0,0.026730000000000004,0.05111,0.15064000000000002,-0.09953000000000002,0.33928571428571425,1e-05,0.02798,101806.725,0
2025-11-08 22:29:37.891886,101806.725,145.43000000000757,0.14284910942769993,-0.000559999999999998,-0.000559999999999998,0.050550000000000005,0.15064000000000002,-0.10009000000000001,0.3355682421667552,1e-05,0.121,101812.26,1
2025-11-08 22:29:39.925004,101812.26,156.5,0.15371429727618266,0.000559999999999998,0.001119999999999996,0.05111,0.15064000000000002,-0.09953000000000002,0.33928571428571425,1e-05,0.02798,101812.26,0
2025-11-08 22:29:41.958834,101812.26,156.5,0.15371429727618266,-0.0005500000000000019,-0.0011099999999999999,0.05056,0.15064000000000002,-0.10008000000000003,0.33563462559745083,1e-05,0.02798,101812.26,0
2025-11-08 22:29:43.991450,101812.26,156.5,0.15371429727618266,0.0005499999999999949,0.0010999999999999968,0.05111,0.15064000000000002,-0.09953000000000002,0.33928571428571425,1e-05,0.02798,101812.26,0
2025-11-08 22:29:46.025201,101812.26,156.5,0.15371429727618266,0.0,-0.0005499999999999949,0.05111,0.15064000000000002,-0.09953000000000002,0.33928571428571425,1e-05,0.02798,101812.26,0
2025-11-08 22:29:48.056598,101812.26,156.5,0.15371429727618266,0.0,0.0,0.05111,0.15064000000000002,-0.09953000000000002,0.33928571428571425,1e-05,0.02798,101812.26,0
2025-11-08 22:29:50.089217,101812.26,156.5,0.15371429727618266,0.0,0.0,0.05111,0.15064000000000002,-0.09953000000000002,0.33928571428571425,1e-05,0.02798,101812.26,0
2025-11-08 22:29:52.126464,101812.26,156.5,0.15371429727618266,-0.0005600000000000016,-0.0005600000000000016,0.050550000000000005,0.15064000000000002,-0.10009000000000001,0.3355682421667552,1e-05,0.02798,101812.26,0
2025-11-08 22:29:54.158653,101812.26,156.5,0.15371429727618266,0.0,0.0005600000000000016,0.050550000000000005,0.15064000000000002,-0.10009000000000001,0.3355682421667552,1e-05,0.02798,101812.26,0
2025-11-08 22:29:56.192471,101812.26,156.5,0.15371429727618266,0.0,0.0,0.050550000000000005,0.15064000000000002,-0.10009000000000001,0.3355682421667552,1e-05,0.02798,101811.2,0
2025-11-08 22:29:58.229711,101811.2,154.38000000000466,0.15163361201911446,0.00056,0.00056,0.05111,0.15064000000000002,-0.09953000000000002,0.33928571428571425,1e-05,0.121,101811.2,0
2025-11-08 22:30:00.262376,101811.2,154.38000000000466,0.15163361201911446,0.0,-0.00056,0.05111,0.15064000000000002,-0.09953000000000002,0.33928571428571425,1e-05,0.121,101811.2,0
2025-11-08 22:30:02.300647,101811.2,154.38000000000466,0.15163361201911446,0.0,0.0,0.05111,0.15064000000000002,-0.09953000000000002,0.33928571428571425,1e-05,0.121,101811.2,0
2025-11-08 22:30:04.340158,101811.2,154.38000000000466,0.15163361201911446,0.0,0.0,0.05111,0.15064000000000002,-0.09953000000000002,0.33928571428571425,1e-05,0.121,101808.08499999999,0
2025-11-08 22:30:06.370986,101808.08499999999,148.15000000000873,0.1455188946929006,-0.2224,-0.2224,0.05056,0.37249,-0.32193,0.13573518752181268,1e-05,0.121,101808.08499999999,0
2025-11-08 22:30:08.406313,101808.08499999999,148.15000000000873,0.1455188946929006,0.0,0.2224,0.05056,0.37249,-0.32193,0.13573518752181268,1e-05,0.121,101862.35,1
2025-11-08 22:30:10.439345,101862.35,39.620000000009895,0.0388956272852628,0.0027,0.0027,0.05326,0.37249,-0.31923,0.14298370426051707,0.00285,0.121,101866.525,1
2025-11-08 22:30:12.471355,101866.525,47.970000000001164,0.04709103407621019,0.2219,0.21919999999999998,0.05331,0.15064000000000002,-0.09733000000000003,0.3538900690387679,0.003,0.02798,101866.525,0
2025-11-08 22:30:14.501575,101866.525,47.970000000001164,0.04709103407621019,0.0,-0.2219,0.05331,0.15064000000000002,-0.09733000000000003,0.3538900690387679,0.003,0.02798,101866.525,0
2025-11-08 22:30:16.532611,101866.525,47.970000000001164,0.04709103407621019,0.0,0.0,0.05331,0.15064000000000002,-0.09733000000000003,0.3538900690387679,0.003,0.02798,101866.525,0
2025-11-08 22:30:18.564287,101866.525,47.970000000001164,0.04709103407621019,0.0,0.0,0.05331,0.15064000000000002,-0.09733000000000003,0.3538900690387679,0.003,0.02798,101866.525,0
2025-11-08 22:30:20.595206,101866.525,47.970000000001164,0.04709103407621019,0.0,0.0,0.05331,0.15064000000000002,-0.09733000000000003,0.3538900690387679,0.003,0.02798,101866.525,0
2025-11-08 22:30:22.628021,101866.525,47.970000000001164,0.04709103407621019,0.0,0.0,0.05331,0.15064000000000002,-0.09733000000000003,0.3538900690387679,0.003,0.02798,101866.525,0
2025-11-08 22:30:24.659566,101866.525,47.970000000001164,0.04709103407621019,-6.938893903907228e-18,-6.938893903907228e-18,0.05331000000000001,0.15064,-0.09732999999999999,0.353890069038768,0.003,0.02798,101866.525,0
2025-11-08 22:30:26.695381,101866.525,47.970000000001164,0.04709103407621019,0.0,6.938893903907228e-18,0.05331000000000001,0.15064,-0.09732999999999999,0.353890069038768,0.003,0.02798,101866.525,0
2025-11-08 22:30:28.740100,101866.525,47.970000000001164,0.04709103407621019,-0.00014999999999999996,-0.00014999999999999996,0.053160000000000006,0.15064,-0.09747999999999998,0.3528943175783325,0.00285,0.02798,101866.525,0
2025-11-08 22:30:30.771811,101866.525,47.970000000001164,0.04709103407621019,0.0,0.00014999999999999996,0.053160000000000006,0.15064,-0.09747999999999998,0.3528943175783325,0.00285,0.02798,101866.525,0
2025-11-08 22:30:32.805384,101866.525,47.970000000001164,0.04709103407621019,0.00019000000000000006,0.00019000000000000006,0.05335000000000001,0.15064000000000002,-0.09729000000000002,0.3541556027615507,0.00304,0.02798,101866.525,0
2025-11-08 22:30:34.836011,101866.525,47.970000000001164,0.04709103407621019,-0.00019000000000000006,-0.00038000000000000013,0.053160000000000006,0.15064000000000002,-0.09748000000000001,0.35289431757833245,0.00285,0.02798,101866.525,0
2025-11-08 22:30:36.873172,101866.525,47.970000000001164,0.04709103407621019,0.0,0.00019000000000000006,0.053160000000000006,0.15064000000000002,-0.09748000000000001,0.35289431757833245,0.00285,0.02798,101866.525,0
2025-11-08 22:30:38.909326,101866.525,47.970000000001164,0.04709103407621019,0.0,0.0,0.053160000000000006,0.15064000000000002,-0.09748000000000001,0.35289431757833245,0.00285,0.02798,101866.525,0
2025-11-08 22:30:40.942037,101866.525,47.970000000001164,0.04709103407621019,0.0,0.0,0.053160000000000006,0.15064000000000002,-0.09748000000000001,0.35289431757833245,0.00285,0.02798,101866.525,0
2025-11-08 22:30:42.978051,101866.525,47.970000000001164,0.04709103407621019,0.00019000000000000006,0.00019000000000000006,0.05335000000000001,0.15064000000000002,-0.09729000000000002,0.3541556027615507,0.00304,0.02798,101866.525,0
2025-11-08 22:30:45.013762,101866.525,47.970000000001164,0.04709103407621019,0.0,-0.00019000000000000006,0.05335000000000001,0.15064000000000002,-0.09729000000000002,0.3541556027615507,0.00304,0.02798,101866.525,0
2025-11-08 22:30:47.050269,101866.525,47.970000000001164,0.04709103407621019,0.0,0.0,0.05335000000000001,0.15064000000000002,-0.09729000000000002,0.3541556027615507,0.00304,0.02798,101866.525,0
2025-11-08 22:30:49.087760,101866.525,47.970000000001164,0.04709103407621019,0.0,0.0,0.05335000000000001,0.15064000000000002,-0.09729000000000002,0.3541556027615507,0.00304,0.02798,101866.525,0
2025-11-08 22:30:51.123701,101866.525,47.970000000001164,0.04709103407621019,0.0,0.0,0.05335000000000001,0.15064,-0.09728999999999999,0.3541556027615508,0.00304,0.02798,101866.525,0
2025-11-08 22:30:53.154980,101866.525,47.970000000001164,0.04709103407621019,-0.00019000000000000006,-0.00019000000000000006,0.053160000000000006,0.15064,-0.09747999999999998,0.3528943175783325,0.00285,0.02798,101866.525,0
2025-11-08 22:30:55.189178,101866.525,47.970000000001164,0.04709103407621019,0.00019000000000000006,0.00038000000000000013,0.05335000000000001,0.15064000000000002,-0.09729000000000002,0.3541556027615507,0.00304,0.02798,101866.525,0
2025-11-08 22:30:57.229221,101866.525,47.970000000001164,0.04709103407621019,-0.00019000000000000006,-0.00038000000000000013,0.053160000000000006,0.15064000000000002,-0.09748000000000001,0.35289431757833245,0.00285,0.02798,101866.525,0
2025-11-08 22:30:59.261933,101866.525,47.970000000001164,0.04709103407621019,0.00019000000000000006,0.00038000000000000013,0.05335000000000001,0.15064000000000002,-0.09729000000000002,0.3541556027615507,0.00304,0.02798,101866.525,0
2025-11-08 22:31:01.294763,101866.525,47.970000000001164,0.04709103407621019,0.0,-0.00019000000000000006,0.05335000000000001,0.15064000000000002,-0.09729000000000002,0.3541556027615507,0.00304,0.02798,101866.525,0
2025-11-08 22:31:03.326282,101866.525,47.970000000001164,0.04709103407621019,-0.00019000000000000006,-0.00019000000000000006,0.053160000000000006,0.15064000000000002,-0.09748000000000001,0.35289431757833245,0.00285,0.02798,101866.525,0
2025-11-08 22:31:05.362135,101866.525,47.970000000001164,0.04709103407621019,0.00019000000000000006,0.00038000000000000013,0.05335000000000001,0.15064000000000002,-0.09729000000000002,0.3541556027615507,0.00304,0.02798,101866.525,0
2025-11-08 22:31:07.391477,101866.525,47.970000000001164,0.04709103407621019,-0.00019000000000000006,-0.00038000000000000013,0.053160000000000006,0.15064000000000002,-0.09748000000000001,0.35289431757833245,0.00285,0.02798,101866.525,0
2025-11-08 22:31:09.423186,101866.525,47.970000000001164,0.04709103407621019,0.00019000000000000006,0.00038000000000000013,0.05335000000000001,0.15064000000000002,-0.09729000000000002,0.3541556027615507,0.00304,0.02798,101866.525,0
2025-11-08 22:31:11.459839,101866.525,47.970000000001164,0.04709103407621019,-0.00029000000000000006,-0.0004800000000000001,0.05306000000000001,0.15064000000000002,-0.09758000000000001,0.35223048327137546,0.00285,0.02798,101877.235,1
2025-11-08 22:31:13.497273,101877.235,26.54999999998836,0.026060777954945828,0.0,0.00029000000000000006,0.05306000000000001,0.15064000000000002,-0.09758000000000001,0.35223048327137546,0.00285,0.02798,101877.235,0
2025-11-08 22:31:15.534100,101877.235,26.54999999998836,0.026060777954945828,0.0,0.0,0.05306000000000001,0.15064000000000002,-0.09758000000000001,0.35223048327137546,0.00285,0.02798,101877.235,0
2025-11-08 22:31:17.566317,101877.235,26.54999999998836,0.026060777954945828,0.0,0.0,0.05306000000000001,0.15064000000000002,-0.09758000000000001,0.35223048327137546,0.00285,0.02798,101877.235,0
2025-11-08 22:31:19.598825,101877.235,26.54999999998836,0.026060777954945828,0.0,0.0,0.05306000000000001,0.15064,-0.09757999999999999,0.3522304832713755,0.00285,0.02798,101877.235,0
2025-11-08 22:31:21.630308,101877.235,26.54999999998836,0.026060777954945828,-0.0493,-0.0493,0.00376,0.15064000000000002,-0.14688,0.024960169941582577,0.00285,0.02798,101877.235,0
2025-11-08 22:31:23.663191,101877.235,26.54999999998836,0.026060777954945828,0.049300000000000004,0.0986,0.05306,0.15064000000000002,-0.09758000000000003,0.3522304832713754,0.00285,0.02798,101877.235,0
2025-11-08 22:31:25.700555,101877.235,26.54999999998836,0.026060777954945828,0.0,-0.049300000000000004,0.05306,0.15064000000000002,-0.09758000000000003,0.3522304832713754,0.00285,0.02798,101877.235,0
2025-11-08 22:31:27.729494,101877.235,26.54999999998836,0.026060777954945828,0.0,0.0,0.05306,0.15064000000000002,-0.09758000000000003,0.3522304832713754,0.00285,0.02798,101877.235,0
2025-11-08 22:31:29.760291,101877.235,26.54999999998836,0.026060777954945828,0.0,0.0,0.05306,0.15064000000000002,-0.09758000000000003,0.3522304832713754,0.00285,0.02798,101877.235,0
2025-11-08 22:31:31.789348,101877.235,26.54999999998836,0.026060777954945828,0.0,0.0,0.05306,0.15064000000000002,-0.09758000000000003,0.3522304832713754,0.00285,0.02798,101877.235,0
2025-11-08 22:31:33.822778,101877.235,26.54999999998836,0.026060777954945828,0.0,0.0,0.05306,0.15064000000000002,-0.09758000000000003,0.3522304832713754,0.00285,0.02798,101877.235,0
2025-11-08 22:31:35.851248,101877.235,26.54999999998836,0.026060777954945828,0.0,0.0,0.05306,0.15064000000000002,-0.09758000000000003,0.3522304832713754,0.00285,0.02798,101877.235,0
2025-11-08 22:31:37.880918,101877.235,26.54999999998836,0.026060777954945828,0.0,0.0,0.05306000000000001,0.15064000000000002,-0.09758000000000001,0.35223048327137546,0.00285,0.02798,101877.235,0
2025-11-08 22:31:39.912773,101877.235,26.54999999998836,0.026060777954945828,0.0,0.0,0.05306000000000001,0.15064000000000002,-0.09758000000000001,0.35223048327137546,0.00285,0.02798,101877.235,0
2025-11-08 22:31:41.944865,101877.235,26.54999999998836,0.026060777954945828,0.0,0.0,0.05306000000000001,0.15064000000000002,-0.09758000000000001,0.35223048327137546,0.00285,0.02798,101877.235,0
2025-11-08 22:31:43.979012,101877.235,26.54999999998836,0.026060777954945828,0.0,0.0,0.05306000000000001,0.15064000000000002,-0.09758000000000001,0.35223048327137546,0.00285,0.02798,101877.235,0
2025-11-08 22:31:46.012708,101877.235,26.54999999998836,0.026060777954945828,0.0,0.0,0.05306000000000001,0.15064000000000002,-0.09758000000000001,0.35223048327137546,0.00285,0.02798,101877.235,0
2025-11-08 22:31:48.043843,101877.235,26.54999999998836,0.026060777954945828,0.0,0.0,0.05306000000000001,0.15064000000000002,-0.09758000000000001,0.35223048327137546,0.00285,0.02798,101877.235,0
2025-11-08 22:31:50.087609,101877.235,26.54999999998836,0.026060777954945828,0.0,0.0,0.05306000000000001,0.15064000000000002,-0.09758000000000001,0.35223048327137546,0.00285,0.02798,101877.235,0
2025-11-08 22:31:52.119854,101877.235,26.54999999998836,0.026060777954945828,0.0,0.0,0.05306000000000001,0.15064,-0.09757999999999999,0.3522304832713755,0.00285,0.02798,101877.235,0
2025-11-08 22:31:54.149307,101877.235,26.54999999998836,0.026060777954945828,0.0,0.0,0.05306000000000001,0.15064,-0.09757999999999999,0.3522304832713755,0.00285,0.02798,101877.235,0
2025-11-08 22:31:56.180781,101877.235,26.54999999998836,0.026060777954945828,0.0,0.0,0.05306000000000001,0.15064,-0.09757999999999999,0.3522304832713755,0.00285,0.02798,101877.23999999999,1
2025-11-08 22:31:58.219391,101877.23999999999,26.539999999993597,0.026050960940828,0.027369999999999995,0.027369999999999995,0.05315000000000001,0.12336,-0.07021,0.4308527885862517,0.00019,0.0007,101877.23999999999,0
2025-11-08 22:32:00.254842,101877.23999999999,26.539999999993597,0.026050960940828,0.0,-0.027369999999999995,0.05315000000000001,0.12336,-0.07021,0.4308527885862517,0.00019,0.0007,101877.23999999999,0
2025-11-08 22:32:02.284198,101877.23999999999,26.539999999993597,0.026050960940828,-0.013640000000000001,-0.013640000000000001,0.05315000000000001,0.137,-0.08385000000000001,0.3879562043795621,0.00019,0.01434,101877.23999999999,0
2025-11-08 22:32:04.318027,101877.23999999999,26.539999999993597,0.026050960940828,0.0,0.013640000000000001,0.05315000000000001,0.137,-0.08385000000000001,0.3879562043795621,0.00019,0.01434,101877.23999999999,0
2025-11-08 22:32:06.352158,101877.23999999999,26.539999999993597,0.026050960940828,0.0,0.0,0.05315000000000001,0.137,-0.08385000000000001,0.3879562043795621,0.00019,0.01434,101877.23999999999,0
2025-11-08 22:32:08.380283,101877.23999999999,26.539999999993597,0.026050960940828,0.0,0.0,0.05315000000000001,0.137,-0.08385000000000001,0.3879562043795621,0.00019,0.01434,101877.23999999999,0
2025-11-08 22:32:10.417428,101877.23999999999,26.539999999993597,0.026050960940828,0.0,0.0,0.05315000000000001,0.137,-0.08385000000000001,0.3879562043795621,0.00019,0.01434,101877.23999999999,0
2025-11-08 22:32:12.453561,101877.23999999999,26.539999999993597,0.026050960940828,0.0,0.0,0.05315000000000001,0.137,-0.08385000000000001,0.3879562043795621,0.00019,0.01434,101877.23999999999,0
2025-11-08 22:32:14.488173,101877.23999999999,26.539999999993597,0.026050960940828,0.0,0.0,0.05315000000000001,0.137,-0.08385000000000001,0.3879562043795621,0.00019,0.01434,101877.23999999999,0
2025-11-08 22:32:16.527031,101877.23999999999,26.539999999993597,0.026050960940828,-0.0021499999999999957,-0.0021499999999999957,0.05100000000000001,0.137,-0.086,0.3722627737226278,0.00019,0.01434,101884.225,1
2025-11-08 22:32:18.560146,101884.225,12.569999999992433,0.012337533116625691,0.00266,0.004809999999999996,0.053660000000000006,0.137,-0.08334,0.39167883211678833,0.00285,0.01434,101884.225,0
2025-11-08 22:32:20.590659,101884.225,12.569999999992433,0.012337533116625691,0.0,-0.00266,0.053660000000000006,0.137,-0.08334,0.39167883211678833,0.00285,0.01434,101884.225,0
2025-11-08 22:32:22.625982,101884.225,12.569999999992433,0.012337533116625691,0.0,0.0,0.053660000000000006,0.137,-0.08334,0.39167883211678833,0.00285,0.01434,101884.225,0
2025-11-08 22:32:24.655154,101884.225,12.569999999992433,0.012337533116625691,0.0,0.0,0.053660000000000006,0.137,-0.08334,0.39167883211678833,0.00285,0.01434,101884.225,0
2025-11-08 22:32:26.696029,101884.225,12.569999999992433,0.012337533116625691,0.0,0.0,0.053660000000000006,0.137,-0.08334,0.39167883211678833,0.00285,0.01434,101884.225,0
2025-11-08 22:32:28.725143,101884.225,12.569999999992433,0.012337533116625691,0.0,0.0,0.053660000000000006,0.137,-0.08334,0.39167883211678833,0.00285,0.01434,101884.225,0
2025-11-08 22:32:30.751425,101884.225,12.569999999992433,0.012337533116625691,0.0,0.0,0.053660000000000006,0.137,-0.08334,0.39167883211678833,0.00285,0.01434,101884.225,0
2025-11-08 22:32:32.784392,101884.225,12.569999999992433,0.012337533116625691,0.0,0.0,0.053660000000000006,0.137,-0.08334,0.39167883211678833,0.00285,0.01434,101884.225,0
2025-11-08 22:32:34.819394,101884.225,12.569999999992433,0.012337533116625691,0.0,0.0,0.053660000000000006,0.137,-0.08334,0.39167883211678833,0.00285,0.01434,101884.225,0
2025-11-08 22:32:36.855074,101884.225,12.569999999992433,0.012337533116625691,0.0,0.0,0.053660000000000006,0.137,-0.08334,0.39167883211678833,0.00285,0.01434,101884.225,0
2025-11-08 22:32:38.892263,101884.225,12.569999999992433,0.012337533116625691,0.0,0.0,0.053660000000000006,0.137,-0.08334,0.39167883211678833,0.00285,0.01434,101884.225,0
2025-11-08 22:32:40.923652,101884.225,12.569999999992433,0.012337533116625691,0.0,0.0,0.053660000000000006,0.137,-0.08334,0.39167883211678833,0.00285,0.01434,101884.225,0
2025-11-08 22:32:42.960104,101884.225,12.569999999992433,0.012337533116625691,0.12029999999999999,0.12029999999999999,0.17396,0.137,0.03695999999999999,1.26978102189781,0.00285,0.01434,101884.225,0
2025-11-08 22:32:44.994550,101884.225,12.569999999992433,0.012337533116625691,0.0,-0.12029999999999999,0.17396,0.137,0.03695999999999999,1.26978102189781,0.00285,0.01434,101884.225,0
2025-11-08 22:32:47.042637,101884.225,12.569999999992433,0.012337533116625691,0.0,0.0,0.17396,0.137,0.03695999999999999,1.26978102189781,0.00285,0.01434,101884.225,0
2025-11-08 22:32:49.078135,101884.225,12.569999999992433,0.012337533116625691,0.0,0.0,0.17396,0.137,0.03695999999999999,1.26978102189781,0.00285,0.01434,101884.225,0
2025-11-08 22:32:51.120040,101884.225,12.569999999992433,0.012337533116625691,0.0,0.0,0.17396,0.137,0.03695999999999999,1.26978102189781,0.00285,0.01434,101884.225,0
2025-11-08 22:32:53.151794,101884.225,12.569999999992433,0.012337533116625691,0.0,0.0,0.17396,0.137,0.03695999999999999,1.26978102189781,0.00285,0.01434,101884.225,0
2025-11-08 22:32:55.184810,101884.225,12.569999999992433,0.012337533116625691,0.0,0.0,0.17396,0.137,0.03695999999999999,1.26978102189781,0.00285,0.01434,101884.225,0
2025-11-08 22:32:57.231012,101884.225,12.569999999992433,0.012337533116625691,0.0,0.0,0.17396,0.137,0.03695999999999999,1.26978102189781,0.00285,0.01434,101884.225,0
2025-11-08 22:32:59.267627,101884.225,12.569999999992433,0.012337533116625691,0.0,0.0,0.17396,0.137,0.03695999999999999,1.26978102189781,0.00285,0.01434,101884.225,0
2025-11-08 22:33:01.301985,101884.225,12.569999999992433,0.012337533116625691,0.0,0.0,0.17396,0.137,0.03695999999999999,1.26978102189781,0.00285,0.01434,101884.225,0
2025-11-08 22:33:03.333352,101884.225,12.569999999992433,0.012337533116625691,0.0,0.0,0.17396,0.137,0.03695999999999999,1.26978102189781,0.00285,0.01434,101884.225,0
2025-11-08 22:33:05.365212,101884.225,12.569999999992433,0.012337533116625691,0.0,0.0,0.17396,0.137,0.03695999999999999,1.26978102189781,0.00285,0.01434,101884.225,0
2025-11-08 22:33:07.398140,101884.225,12.569999999992433,0.012337533116625691,0.0,0.0,0.17396,0.137,0.03695999999999999,1.26978102189781,0.00285,0.01434,101884.225,0
2025-11-08 22:33:09.428966,101884.225,12.569999999992433,0.012337533116625691,0.0,0.0,0.17396,0.137,0.03695999999999999,1.26978102189781,0.00285,0.01434,101884.225,0
2025-11-08 22:33:11.464680,101884.225,12.569999999992433,0.012337533116625691,0.0,0.0,0.17396,0.137,0.03695999999999999,1.26978102189781,0.00285,0.01434,101884.225,0
2025-11-08 22:33:13.497015,101884.225,12.569999999992433,0.012337533116625691,0.0,0.0,0.17396,0.137,0.03695999999999999,1.26978102189781,0.00285,0.01434,101884.225,0
2025-11-08 22:33:15.529894,101884.225,12.569999999992433,0.012337533116625691,0.0,0.0,0.17396,0.137,0.03695999999999999,1.26978102189781,0.00285,0.01434,101884.225,0
2025-11-08 22:33:17.562285,101884.225,12.569999999992433,0.012337533116625691,0.0,0.0,0.17396,0.137,0.03695999999999999,1.26978102189781,0.00285,0.01434,101884.225,0
2025-11-08 22:33:19.596512,101884.225,12.569999999992433,0.012337533116625691,0.0,0.0,0.17396,0.137,0.03695999999999999,1.26978102189781,0.00285,0.01434,101836.01,0
2025-11-08 22:33:21.628746,101836.01,109.0,0.1070348298210034,-0.0019599999999999895,-0.0019599999999999895,0.17200000000000001,0.137,0.035,1.2554744525547445,0.05019,0.01434,101887.435,1
2025-11-08 22:33:23.659680,101887.435,6.149999999994179,0.00603607304472252,0.0019599999999999895,0.003919999999999979,0.17396,0.137,0.03695999999999999,1.26978102189781,0.00285,0.01434,101887.435,0
2025-11-08 22:33:25.691729,101887.435,6.149999999994179,0.00603607304472252,0.0,-0.0019599999999999895,0.17396,0.137,0.03695999999999999,1.26978102189781,0.00285,0.01434,101887.435,0
2025-11-08 22:33:27.721561,101887.435,6.149999999994179,0.00603607304472252,-0.12029999999999999,-0.12029999999999999,0.053660000000000006,0.137,-0.08334,0.39167883211678833,0.00285,0.01434,101887.435,0
2025-11-08 22:33:29.754058,101887.435,6.149999999994179,0.00603607304472252,0.0,0.12029999999999999,0.053660000000000006,0.137,-0.08334,0.39167883211678833,0.00285,0.01434,101887.435,0
2025-11-08 22:33:31.785514,101887.435,6.149999999994179,0.00603607304472252,0.0,0.0,0.053660000000000006,0.137,-0.08334,0.39167883211678833,0.00285,0.01434,101887.435,0
2025-11-08 22:33:33.818649,101887.435,6.149999999994179,0.00603607304472252,0.0,0.0,0.053660000000000006,0.137,-0.08334,0.39167883211678833,0.00285,0.01434,101749.155,0
2025-11-08 22:33:35.848236,101749.155,30.29000000000815,0.029769288993120535,-0.018909999999999993,-0.018909999999999993,0.050940000000000006,0.15319,-0.10224999999999998,0.3325282329133756,1e-05,0.01634,101822.155,1
2025-11-08 22:33:37.886335,101822.155,136.70999999999185,0.1342635107261203,0.12105999999999999,0.13996999999999998,0.15581,0.137,0.018809999999999993,1.1372992700729927,0.034,0.01434,101822.155,0
2025-11-08 22:33:39.914342,101822.155,136.70999999999185,0.1342635107261203,0.0,-0.12105999999999999,0.15581,0.137,0.018809999999999993,1.1372992700729927,0.034,0.01434,101822.155,0
2025-11-08 22:33:41.948177,101822.155,136.70999999999185,0.1342635107261203,0.0,0.0,0.15581,0.137,0.018809999999999993,1.1372992700729927,0.034,0.01434,101822.155,0
2025-11-08 22:33:43.982499,101822.155,136.70999999999185,0.1342635107261203,0.0,0.0,0.15581,0.137,0.018809999999999993,1.1372992700729927,0.034,0.01434,101822.155,0
2025-11-08 22:33:46.010544,101822.155,136.70999999999185,0.1342635107261203,0.0,0.0,0.15581,0.137,0.018809999999999993,1.1372992700729927,0.034,0.01434,101815.01999999999,0
2025-11-08 22:33:48.044244,101815.01999999999,150.9600000000064,0.14826888999285803,0.017230000000000006,0.017230000000000006,0.1729,0.13686,0.03603999999999999,1.2633347946806954,0.05009,1e-05,101815.01999999999,0
2025-11-08 22:33:50.085374,101815.01999999999,150.9600000000064,0.14826888999285803,-8.99999999999998e-05,-0.017320000000000006,0.17281000000000002,0.13686,0.03595000000000001,1.262677188367675,0.05,1e-05,101815.01999999999,0
2025-11-08 22:33:52.124132,101815.01999999999,150.9600000000064,0.14826888999285803,9.999999999999593e-05,0.00018999999999999573,0.17291,0.13686,0.03605,1.263407862048809,0.0501,1e-05,101815.01999999999,0
2025-11-08 22:33:54.156589,101815.01999999999,150.9600000000064,0.14826888999285803,0.0,-9.999999999999593e-05,0.17291,0.13686,0.03605,1.263407862048809,0.0501,1e-05,101815.01999999999,0
2025-11-08 22:33:56.189191,101815.01999999999,150.9600000000064,0.14826888999285803,-9.999999999999593e-05,-9.999999999999593e-05,0.17281000000000002,0.13686,0.03595000000000001,1.262677188367675,0.05,1e-05,101815.01999999999,0
2025-11-08 22:33:58.223399,101815.01999999999,150.9600000000064,0.14826888999285803,0.0,9.999999999999593e-05,0.17281000000000002,0.13686,0.03595000000000001,1.262677188367675,0.05,1e-05,101815.01999999999,0
2025-11-08 22:34:00.259075,101815.01999999999,150.9600000000064,0.14826888999285803,9.999999999999593e-05,9.999999999999593e-05,0.17291,0.13686,0.03605,1.263407862048809,0.0501,1e-05,101815.01999999999,0
2025-11-08 22:34:02.287151,101815.01999999999,150.9600000000064,0.14826888999285803,0.0,-9.999999999999593e-05,0.17291,0.13686,0.03605,1.263407862048809,0.0501,1e-05,101815.01999999999,0
2025-11-08 22:34:04.320355,101815.01999999999,150.9600000000064,0.14826888999285803,0.0,0.0,0.17291,0.13686,0.03605,1.263407862048809,0.0501,1e-05,101815.01999999999,0
2025-11-08 22:34:06.353028,101815.01999999999,150.9600000000064,0.14826888999285803,0.0,0.0,0.17291,0.13686,0.03605,1.263407862048809,0.0501,1e-05,101815.01999999999,0
2025-11-08 22:34:08.390461,101815.01999999999,150.9600000000064,0.14826888999285803,0.0,0.0,0.17291,0.13686,0.03605,1.263407862048809,0.0501,1e-05,101815.01999999999,0
2025-11-08 22:34:10.426849,101815.01999999999,150.9600000000064,0.14826888999285803,-9.999999999999593e-05,-9.999999999999593e-05,0.17281000000000002,0.13686,0.03595000000000001,1.262677188367675,0.05,1e-05,101815.01999999999,0
2025-11-08 22:34:12.463895,101815.01999999999,150.9600000000064,0.14826888999285803,-0.1219,-0.12179999999999999,0.050910000000000004,0.13686,-0.08595,0.3719859710653222,0.0001,1e-05,101812.255,0
2025-11-08 22:34:14.496393,101812.255,156.49000000000524,0.15370448282478885,0.1219,0.2438,0.17281000000000002,0.13686,0.03595000000000001,1.262677188367675,1e-05,1e-05,101812.255,0
2025-11-08 22:34:16.531933,101812.255,156.49000000000524,0.15370448282478885,0.0,-0.1219,0.17281000000000002,0.13686,0.03595000000000001,1.262677188367675,1e-05,1e-05,101812.255,0
2025-11-08 22:34:18.563735,101812.255,156.49000000000524,0.15370448282478885,-0.1219,-0.1219,0.050910000000000004,0.13686,-0.08595,0.3719859710653222,1e-05,1e-05,101812.255,0
2025-11-08 22:34:20.598950,101812.255,156.49000000000524,0.15370448282478885,0.0012699999999999999,0.12316999999999999,0.05218000000000001,0.13686,-0.08468,0.3812655268157242,1e-05,1e-05,101812.255,0
2025-11-08 22:34:22.627065,101812.255,156.49000000000524,0.15370448282478885,-0.0012699999999999999,-0.0025399999999999997,0.050910000000000004,0.13686,-0.08595,0.3719859710653222,1e-05,1e-05,101812.255,0
2025-11-08 22:34:24.660135,101812.255,156.49000000000524,0.15370448282478885,0.0,0.0012699999999999999,0.050910000000000004,0.13686,-0.08595,0.3719859710653222,1e-05,1e-05,101812.255,0
2025-11-08 22:34:26.695889,101812.255,156.49000000000524,0.15370448282478885,0.0,0.0,0.050910000000000004,0.13686,-0.08595,0.3719859710653222,1e-05,1e-05,101812.255,0
2025-11-08 22:34:28.732551,101812.255,156.49000000000524,0.15370448282478885,0.0,0.0,0.050910000000000004,0.13686,-0.08595,0.3719859710653222,1e-05,1e-05,101812.255,0
2025-11-08 22:34:30.775624,101812.255,156.49000000000524,0.15370448282478885,0.0012699999999999999,0.0012699999999999999,0.05218000000000001,0.13686,-0.08468,0.3812655268157242,1e-05,1e-05,101812.255,0
2025-11-08 22:34:32.806387,101812.255,156.49000000000524,0.15370448282478885,-0.0012699999999999999,-0.0025399999999999997,0.050910000000000004,0.13686,-0.08595,0.3719859710653222,1e-05,1e-05,101804.905,0
2025-11-08 22:34:34.839115,101804.905,141.79000000000815,0.13927619695731572,-0.22072,-0.21945,0.052180000000000004,0.35885,-0.30667,0.14540894524174447,1e-05,0.121,101804.905,0
2025-11-08 22:34:36.874756,101804.905,141.79000000000815,0.13927619695731572,0.0,0.22072,0.052180000000000004,0.35885,-0.30667,0.14540894524174447,1e-05,0.121,101804.905,0
2025-11-08 22:34:38.906173,101804.905,141.79000000000815,0.13927619695731572,0.0,0.0,0.052180000000000004,0.35885,-0.30667,0.14540894524174447,1e-05,0.121,101811.14,1
2025-11-08 22:34:40.938832,101811.14,154.2600000000093,0.1515158360863156,0.22072000000000003,0.22072000000000003,0.050910000000000004,0.13686,-0.08595,0.3719859710653222,1e-05,1e-05,101811.14,0
2025-11-08 22:34:42.973354,101811.14,154.2600000000093,0.1515158360863156,0.0,-0.22072000000000003,0.050910000000000004,0.13686,-0.08595,0.3719859710653222,1e-05,1e-05,101811.14,0
2025-11-08 22:34:45.009465,101811.14,154.2600000000093,0.1515158360863156,0.0,0.0,0.050910000000000004,0.13686,-0.08595,0.3719859710653222,1e-05,1e-05,101811.14,0
2025-11-08 22:34:47.040565,101811.14,154.2600000000093,0.1515158360863156,0.0,0.0,0.050910000000000004,0.13686,-0.08595,0.3719859710653222,1e-05,1e-05,101811.14,0
2025-11-08 22:34:49.073035,101811.14,154.2600000000093,0.1515158360863156,0.0,0.0,0.050910000000000004,0.13686,-0.08595,0.3719859710653222,1e-05,1e-05,101811.14,0
2025-11-08 22:34:51.104954,101811.14,154.2600000000093,0.1515158360863156,0.0,0.0,0.050910000000000004,0.13686,-0.08595,0.3719859710653222,1e-05,1e-05,101811.14,0
2025-11-08 22:34:53.141994,101811.14,154.2600000000093,0.1515158360863156,-9.999999999999999e-06,-9.999999999999999e-06,0.0509,0.13686,-0.08596000000000001,0.3719129036972088,1e-05,1e-05,101812.26,1
2025-11-08 22:34:55.177807,101812.26,156.5,0.15371429727618266,0.0011399999999999987,0.0011499999999999987,0.052180000000000004,0.137,-0.08482,0.3808759124087591,1e-05,0.01434,101812.26,0
2025-11-08 22:34:57.209330,101812.26,156.5,0.15371429727618266,0.0,-0.0011399999999999987,0.052180000000000004,0.137,-0.08482,0.3808759124087591,1e-05,0.01434,101812.255,0
2025-11-08 22:34:59.244617,101812.255,156.49000000000524,0.15370448282478885,0.00013999999999998736,0.00013999999999998736,0.05218000000000001,0.13686,-0.08468,0.3812655268157242,1e-05,1e-05,101812.255,0
2025-11-08 22:35:01.273047,101812.255,156.49000000000524,0.15370448282478885,0.0,-0.00013999999999998736,0.05218000000000001,0.13686,-0.08468,0.3812655268157242,1e-05,1e-05,101812.255,0
2025-11-08 22:35:03.305173,101812.255,156.49000000000524,0.15370448282478885,-0.0013,-0.0013,0.05088000000000001,0.13686,-0.08598,0.37176676896098204,1e-05,1e-05,101812.255,0
2025-11-08 22:35:05.338978,101812.255,156.49000000000524,0.15370448282478885,0.0,0.0013,0.05088000000000001,0.13686,-0.08598,0.37176676896098204,1e-05,1e-05,101812.255,0
2025-11-08 22:35:07.376848,101812.255,156.49000000000524,0.15370448282478885,0.0,0.0,0.05088000000000001,0.13686,-0.08598,0.37176676896098204,1e-05,1e-05,101812.255,0
2025-11-08 22:35:09.412842,101812.255,156.49000000000524,0.15370448282478885,0.0013,0.0013,0.05218000000000001,0.13686,-0.08468,0.3812655268157242,1e-05,1e-05,101812.255,0
2025-11-08 22:35:11.445345,101812.255,156.49000000000524,0.15370448282478885,-0.0013000000000000021,-0.002600000000000002,0.05088,0.13686,-0.08598,0.371766768960982,1e-05,1e-05,101812.255,0
2025-11-08 22:35:13.479234,101812.255,156.49000000000524,0.15370448282478885,0.0,0.0013000000000000021,0.05088,0.13686,-0.08598,0.371766768960982,1e-05,1e-05,101812.255,0
2025-11-08 22:35:15.512828,101812.255,156.49000000000524,0.15370448282478885,0.0,0.0,0.05088,0.13686,-0.08598,0.371766768960982,1e-05,1e-05,101812.255,0
2025-11-08 22:35:17.542631,101812.255,156.49000000000524,0.15370448282478885,0.0,0.0,0.05088,0.13686,-0.08598,0.371766768960982,1e-05,1e-05,101812.255,0
2025-11-08 22:35:19.577250,101812.255,156.49000000000524,0.15370448282478885,0.0,0.0,0.05088,0.13686,-0.08598,0.371766768960982,1e-05,1e-05,101812.255,0
2025-11-08 22:35:21.612248,101812.255,156.49000000000524,0.15370448282478885,0.0,0.0,0.05088,0.13686,-0.08598,0.371766768960982,1e-05,1e-05,101812.255,0
2025-11-08 22:35:23.645628,101812.255,156.49000000000524,0.15370448282478885,0.0013000000000000021,0.0013000000000000021,0.05218000000000001,0.13686,-0.08468,0.3812655268157242,1e-05,1e-05,101812.255,0
2025-11-08 22:35:25.678972,101812.255,156.49000000000524,0.15370448282478885,0.0,-0.0013000000000000021,0.05218000000000001,0.13686,-0.08468,0.3812655268157242,1e-05,1e-05,101812.255,0
2025-11-08 22:35:27.716337,101812.255,156.49000000000524,0.15370448282478885,0.0,0.0,0.05218000000000001,0.13686,-0.08468,0.3812655268157242,1e-05,1e-05,101809.435,0
2025-11-08 22:35:29.748023,101809.435,150.85000000000582,0.14816897864132714,-1.3877787807814457e-17,-1.3877787807814457e-17,0.052180000000000004,0.13686,-0.08468,0.3812655268157241,1e-05,0.121,101806.87,0
2025-11-08 22:35:31.779693,101806.87,145.72000000000116,0.1431337590478925,-0.22199,-0.22198999999999997,0.052180000000000004,0.35885,-0.30667,0.14540894524174447,1e-05,0.121,101806.87,0
2025-11-08 22:35:33.816116,101806.87,145.72000000000116,0.1431337590478925,0.0,0.22199,0.052180000000000004,0.35885,-0.30667,0.14540894524174447,1e-05,0.121,101806.87,0
2025-11-08 22:35:35.854008,101806.87,145.72000000000116,0.1431337590478925,0.0,0.0,0.052180000000000004,0.35885,-0.30667,0.14540894524174447,1e-05,0.121,101806.87,0
2025-11-08 22:35:37.890329,101806.87,145.72000000000116,0.1431337590478925,0.0,0.0,0.052180000000000004,0.35885,-0.30667,0.14540894524174447,1e-05,0.121,101803.89499999999,0
2025-11-08 22:35:39.918867,101803.89499999999,139.77000000000407,0.13729337173199913,0.2207,0.2207,0.050890000000000005,0.13686,-0.08597,0.37183983632909545,1e-05,1e-05,101803.89499999999,0
2025-11-08 22:35:41.950247,101803.89499999999,139.77000000000407,0.13729337173199913,0.0,-0.2207,0.050890000000000005,0.13686,-0.08597,0.37183983632909545,1e-05,1e-05,101803.89499999999,0
2025-11-08 22:35:43.981111,101803.89499999999,139.77000000000407,0.13729337173199913,0.0,0.0,0.050890000000000005,0.13686,-0.08597,0.37183983632909545,1e-05,1e-05,101803.89499999999,0
2025-11-08 22:35:46.016542,101803.89499999999,139.77000000000407,0.13729337173199913,0.0,0.0,0.050890000000000005,0.13686,-0.08597,0.37183983632909545,1e-05,1e-05,101803.89499999999,0
2025-11-08 22:35:48.051179,101803.89499999999,139.77000000000407,0.13729337173199913,0.0012900000000000025,0.0012900000000000025,0.052180000000000004,0.13686,-0.08468,0.3812655268157241,1e-05,1e-05,101803.89499999999,0
2025-11-08 22:35:50.083468,101803.89499999999,139.77000000000407,0.13729337173199913,0.0,-0.0012900000000000025,0.052180000000000004,0.13686,-0.08468,0.3812655268157241,1e-05,1e-05,101803.89499999999,0
2025-11-08 22:35:52.119071,101803.89499999999,139.77000000000407,0.13729337173199913,-0.0012999999999999986,-0.0012999999999999986,0.05088,0.13686,-0.08598,0.371766768960982,1e-05,1e-05,101803.89499999999,0
2025-11-08 22:35:54.148232,101803.89499999999,139.77000000000407,0.13729337173199913,0.0,0.0012999999999999986,0.05088,0.13686,-0.08598,0.371766768960982,1e-05,1e-05,101803.89499999999,0
2025-11-08 22:35:56.183622,101803.89499999999,139.77000000000407,0.13729337173199913,0.0,0.0,0.05088,0.13686,-0.08598,0.371766768960982,1e-05,1e-05,101803.89499999999,0
2025-11-08 22:35:58.216810,101803.89499999999,139.77000000000407,0.13729337173199913,0.0,0.0,0.05088,0.13686,-0.08598,0.371766768960982,1e-05,1e-05,101803.89499999999,0
2025-11-08 22:36:00.245253,101803.89499999999,139.77000000000407,0.13729337173199913,0.0,0.0,0.05088,0.13686,-0.08598,0.371766768960982,1e-05,1e-05,101803.89499999999,0
2025-11-08 22:36:02.276771,101803.89499999999,139.77000000000407,0.13729337173199913,0.0,0.0,0.05088,0.13686,-0.08598,0.371766768960982,1e-05,1e-05,101803.89499999999,0
2025-11-08 22:36:04.306677,101803.89499999999,139.77000000000407,0.13729337173199913,0.0,0.0,0.05088,0.13686,-0.08598,0.371766768960982,1e-05,1e-05,101803.89499999999,0
2025-11-08 22:36:06.340793,101803.89499999999,139.77000000000407,0.13729337173199913,0.0,0.0,0.05088,0.13686,-0.08598,0.371766768960982,1e-05,1e-05,101795.555,0
2025-11-08 22:36:08.383324,101795.555,123.09000000001106,0.12091883579790008,-0.22069000000000003,-0.22069000000000003,0.052180000000000004,0.35885,-0.30667,0.14540894524174447,1e-05,0.121,101795.555,0
2025-11-08 22:36:10.435068,101795.555,123.09000000001106,0.12091883579790008,-0.0012900000000000064,0.2194,0.050890000000000005,0.35885,-0.30796,0.14181412846593286,1e-05,0.121,101795.555,0
2025-11-08 22:36:12.494117,101795.555,123.09000000001106,0.12091883579790008,0.0,0.0012900000000000064,0.050890000000000005,0.35885,-0.30796,0.14181412846593286,1e-05,0.121,101795.54999999999,0
2025-11-08 22:36:14.524701,101795.54999999999,123.08000000000175,0.1209090181250573,0.22328000000000003,0.22328000000000003,0.052180000000000004,0.13686,-0.08468,0.3812655268157241,1e-05,1e-05,101800.38,1
2025-11-08 22:36:16.558875,101800.38,132.74000000000524,0.13039244057832125,-0.22192,-0.44520000000000004,0.052250000000000005,0.35885,-0.3066,0.1456040128187265,1e-05,0.121,101795.855,0
2025-11-08 22:36:18.590138,101795.855,123.69000000000233,0.12150789440297184,0.22192,0.44384,0.052180000000000004,0.13686,-0.08468,0.3812655268157241,1e-05,0.121,101703.2,0
2025-11-08 22:36:20.620129,101703.2,93.05999999999767,0.0915015456740768,-0.045520000000000005,-0.26744,0.055990000000000005,0.18619,-0.13019999999999998,0.3007143240775552,9e-05,0.05,101703.2,0
2025-11-08 22:36:22.656937,101703.2,93.05999999999767,0.0915015456740768,-0.0012199999999999902,0.04430000000000001,0.055990000000000005,0.18741,-0.13141999999999998,0.29875673656688545,9e-05,0.05,101703.2,0
2025-11-08 22:36:24.692885,101703.2,93.05999999999767,0.0915015456740768,0.0001500000000000043,0.0013699999999999945,0.05614000000000001,0.18741,-0.13127,0.29955712075129404,9e-05,0.05,101699.98000000001,0
2025-11-08 22:36:26.729402,101699.98000000001,86.63999999999942,0.08519175716652,0.01976,0.019609999999999995,0.06157000000000001,0.17308,-0.11151,0.355731453663046,0.00015,0.05,101699.98000000001,0
2025-11-08 22:36:28.761065,101699.98000000001,86.63999999999942,0.08519175716652,-0.024240000000000005,-0.044000000000000004,0.051660000000000005,0.18741,-0.13574999999999998,0.275652313110293,0.00015,0.05,101699.98000000001,0
2025-11-08 22:36:30.797146,101699.98000000001,86.63999999999942,0.08519175716652,0.0,0.024240000000000005,0.051660000000000005,0.18741,-0.13574999999999998,0.275652313110293,0.00015,0.05,101699.98000000001,0
2025-11-08 22:36:32.829922,101699.98000000001,86.63999999999942,0.08519175716652,0.009910000000000004,0.009910000000000004,0.06157000000000001,0.18741,-0.12583999999999998,0.3285310282268823,0.00015,0.05,101699.975,0
2025-11-08 22:36:34.860012,101699.975,86.6299999999901,0.08518192851078882,0.004419999999999983,-0.005490000000000021,0.051660000000000005,0.17308,-0.12142,0.2984746937832216,0.00015,1e-05,101702.74,1
2025-11-08 22:36:36.895312,101702.74,92.16000000000349,0.09061702762384129,-0.014329999999999997,-0.018749999999999982,0.051660000000000005,0.18741,-0.13574999999999998,0.275652313110293,0.00015,0.05,101702.74,0
2025-11-08 22:36:38.933549,101702.74,92.16000000000349,0.09061702762384129,0.0,0.014329999999999997,0.051660000000000005,0.18741,-0.13574999999999998,0.275652313110293,0.00015,0.05,101708.625,1
2025-11-08 22:36:40.969705,101708.625,80.36999999999534,0.07901984713685328,0.02424000000000001,0.02424000000000001,0.06157000000000001,0.17308,-0.11151,0.355731453663046,0.05,1e-05,101708.625,0
2025-11-08 22:36:43.004564,101708.625,80.36999999999534,0.07901984713685328,0.0,-0.02424000000000001,0.06157000000000001,0.17308,-0.11151,0.355731453663046,0.05,1e-05,101741.98999999999,1
2025-11-08 22:36:45.038902,101741.98999999999,76.5399999999936,0.07522950946801178,0.09770000000000001,0.09770000000000001,0.1736,0.18741000000000002,-0.013810000000000017,0.9263112960887893,0.05,0.0007,101745.25,1
2025-11-08 22:36:47.073537,101745.25,70.01999999998952,0.0688189374933862,0.12095999999999998,0.023259999999999975,0.17357,0.06642,0.10715,2.6132189099668772,0.05,0.0007,101751.4,1
2025-11-08 22:36:49.103636,101751.4,57.720000000001164,0.05672649221534167,-0.12096999999999998,-0.24192999999999998,0.17359,0.18741000000000002,-0.013820000000000027,0.926257937143162,0.05,0.0007,101751.4,0
2025-11-08 22:36:51.136675,101751.4,57.720000000001164,0.05672649221534167,0.0,0.12096999999999998,0.17359,0.18741000000000002,-0.013820000000000027,0.926257937143162,0.05,0.0007,101754.185,1
2025-11-08 22:36:53.167780,101754.185,52.14999999999418,0.051250963289612296,0.12096999999999998,0.12096999999999998,0.17357,0.06642,0.10715,2.6132189099668772,0.05,0.0007,101757.65,1
2025-11-08 22:36:55.205558,101757.65,45.220000000001164,0.04443891933432147,7.000000000000062e-05,-0.12089999999999998,0.17364,0.06642,0.10721999999999998,2.6142728093947603,0.05007,0.0007,101757.65,0
2025-11-08 22:36:57.242239,101757.65,45.220000000001164,0.04443891933432147,-7.000000000000062e-05,-0.00014000000000000123,0.17357,0.06642,0.10715,2.6132189099668772,0.05,0.0007,101757.65,0
2025-11-08 22:36:59.278872,101757.65,45.220000000001164,0.04443891933432147,8.99999999999998e-05,0.00016000000000000042,0.17366,0.06642,0.10724,2.6145739235170127,0.05009,0.0007,101757.65,0
2025-11-08 22:37:01.315385,101757.65,45.220000000001164,0.04443891933432147,0.0,-8.99999999999998e-05,0.17366,0.06642,0.10724,2.6145739235170127,0.05009,0.0007,101757.65,0
2025-11-08 22:37:03.404390,101757.65,45.220000000001164,0.04443891933432147,0.0,0.0,0.17366,0.06642,0.10724,2.6145739235170127,0.05009,0.0007,101757.65,0
2025-11-08 22:37:05.434420,101757.65,45.220000000001164,0.04443891933432147,0.0,0.0,0.17366,0.06642,0.10724,2.6145739235170127,0.05009,0.0007,101757.65,0
2025-11-08 22:37:07.466813,101757.65,45.220000000001164,0.04443891933432147,0.0,0.0,0.17366,0.06642,0.10724,2.6145739235170127,0.05009,0.0007,101757.65,0
2025-11-08 22:37:09.497879,101757.65,45.220000000001164,0.04443891933432147,0.0,0.0,0.17366,0.06642,0.10724,2.6145739235170127,0.05009,0.0007,101757.65,0
2025-11-08 22:37:11.528865,101757.65,45.220000000001164,0.04443891933432147,-8.99999999999998e-05,-8.99999999999998e-05,0.17357,0.06642,0.10715,2.6132189099668772,0.05,0.0007,101760.20999999999,1
2025-11-08 22:37:13.558946,101760.20999999999,40.09999999999127,0.039406365218773894,-0.0001000000000000046,-1.0000000000004797e-05,0.17361000000000001,0.06656000000000001,0.10705,2.608323317307692,0.05,0.0007,101762.82,1
2025-11-08 22:37:15.590353,101762.82,34.879999999990105,0.03427577970027767,-0.0008999999999999963,-0.0007999999999999917,0.17257,0.06642,0.10615,2.5981632038542606,0.05,0.0007,101762.82,0
2025-11-08 22:37:17.624293,101762.82,34.879999999990105,0.03427577970027767,0.0,0.0008999999999999963,0.17257,0.06642,0.10615,2.5981632038542606,0.05,0.0007,101762.82,0
2025-11-08 22:37:19.656544,101762.82,34.879999999990105,0.03427577970027767,0.0,0.0,0.17257,0.06642,0.10615,2.5981632038542606,0.05,0.0007,101762.82,0
2025-11-08 22:37:21.689887,101762.82,34.879999999990105,0.03427577970027767,0.0,0.0,0.17257,0.06642,0.10615,2.5981632038542606,0.05,0.0007,101765.985,1
2025-11-08 22:37:23.719501,101765.985,28.54999999998836,0.028054560666796825,-0.00011000000000000072,-0.00011000000000000072,0.1726,0.06656000000000001,0.10604,2.5931490384615383,8e-05,0.0007,101765.98,0
2025-11-08 22:37:25.751182,101765.98,28.55999999999767,0.028064388511757733,0.00010999999999999552,0.00021999999999999624,0.17257,0.06642,0.10615,2.5981632038542606,0.05,0.0007,101765.98,0
2025-11-08 22:37:27.784658,101765.98,28.55999999999767,0.028064388511757733,0.0,-0.00010999999999999552,0.17257,0.06642,0.10615,2.5981632038542606,0.05,0.0007,101775.765,1
2025-11-08 22:37:29.817283,101775.765,8.989999999990687,0.008833144118337688,4.0000000000000105e-05,4.0000000000000105e-05,0.17261,0.06642,0.10619,2.5987654320987654,0.05,0.0007,101775.765,0
2025-11-08 22:37:31.848454,101775.765,8.989999999990687,0.008833144118337688,0.0,-4.0000000000000105e-05,0.17261,0.06642,0.10619,2.5987654320987654,0.05,0.0007,101775.765,0
2025-11-08 22:37:33.884276,101775.765,8.989999999990687,0.008833144118337688,0.0,0.0,0.17261,0.06642,0.10619,2.5987654320987654,0.05,0.0007,101775.765,0
2025-11-08 22:37:35.915036,101775.765,8.989999999990687,0.008833144118337688,0.0,0.0,0.17261,0.06642,0.10619,2.5987654320987654,0.05,0.0007,101775.765,0
2025-11-08 22:37:37.949405,101775.765,8.989999999990687,0.008833144118337688,-4.000000000000943e-05,-4.000000000000943e-05,0.17257,0.06642,0.10615,2.5981632038542606,0.05,0.0007,101767.635,0
2025-11-08 22:37:39.976981,101767.635,25.25,0.02481142457520999,0.0,4.000000000000943e-05,0.17257,0.06642,0.10615,2.5981632038542606,0.05,0.0007,101767.635,0
2025-11-08 22:37:42.013418,101767.635,25.25,0.02481142457520999,7.999999999999674e-05,7.999999999999674e-05,0.17265,0.06642,0.10622999999999999,2.59936766034327,0.05008,0.0007,101767.635,0
2025-11-08 22:37:44.042886,101767.635,25.25,0.02481142457520999,-0.005080000000000001,-0.005159999999999998,0.16757,0.06642,0.10114999999999999,2.522884673291177,0.045,0.0007,101767.635,0
2025-11-08 22:37:46.079479,101767.635,25.25,0.02481142457520999,0.0,0.005080000000000001,0.16757,0.06642,0.10114999999999999,2.522884673291177,0.045,0.0007,101770.345,1
2025-11-08 22:37:48.113602,101770.345,19.830000000001746,0.019485047436954003,0.005089999999999997,0.005089999999999997,0.17266,0.06642,0.10624,2.599518217404396,0.05009,0.0007,101770.345,0
2025-11-08 22:37:50.146555,101770.345,19.830000000001746,0.019485047436954003,0.0,-0.005089999999999997,0.17266,0.06642,0.10624,2.599518217404396,0.05009,0.0007,101770.345,0
2025-11-08 22:37:52.180726,101770.345,19.830000000001746,0.019485047436954003,-8.99999999999998e-05,-8.99999999999998e-05,0.17257,0.06642,0.10615,2.5981632038542606,0.05,0.0007,101770.345,0
2025-11-08 22:37:54.212641,101770.345,19.830000000001746,0.019485047436954003,0.0,8.99999999999998e-05,0.17257,0.06642,0.10615,2.5981632038542606,0.05,0.0007,101770.345,0
2025-11-08 22:37:56.241555,101770.345,19.830000000001746,0.019485047436954003,0.0,0.0,0.17257,0.06642,0.10615,2.5981632038542606,0.05,0.0007,101770.345,0
2025-11-08 22:37:58.277076,101770.345,19.830000000001746,0.019485047436954003,0.0,0.0,0.17257,0.06642,0.10615,2.5981632038542606,0.05,0.0007,101770.345,0
2025-11-08 22:38:00.314669,101770.345,19.830000000001746,0.019485047436954003,0.0,0.0,0.17257,0.06642,0.10615,2.5981632038542606,0.05,0.0007,101770.345,0
2025-11-08 22:38:02.349528,101770.345,19.830000000001746,0.019485047436954003,0.0,0.0,0.17257,0.06642,0.10615,2.5981632038542606,0.05,0.0007,101770.345,0
2025-11-08 22:38:04.389629,101770.345,19.830000000001746,0.019485047436954003,0.0,0.0,0.17257,0.06642,0.10615,2.5981632038542606,0.05,0.0007,101770.345,0
2025-11-08 22:38:06.423241,101770.345,19.830000000001746,0.019485047436954003,8.99999999999998e-05,8.99999999999998e-05,0.17266,0.06642,0.10624,2.599518217404396,0.05009,0.0007,101776.845,1
2025-11-08 22:38:08.454541,101776.845,6.830000000001746,0.006710760193049555,0.013349999999999997,0.013259999999999997,0.17261,0.053020000000000005,0.11959,3.2555639381365524,0.05,0.0007,101776.845,0
2025-11-08 22:38:10.488002,101776.845,6.830000000001746,0.006710760193049555,3.999999999998731e-05,-0.01331000000000001,0.17265000000000003,0.053020000000000005,0.11963000000000001,3.2563183704262544,0.05008,0.0007,101780.255,1
2025-11-08 22:38:12.524582,101780.255,0.00999999999476131,9.825088367838447e-06,-7.999999999999674e-05,-0.00011999999999998405,0.17257,0.053020000000000005,0.11954999999999999,3.25480950584685,0.05,0.0007,101780.255,0
2025-11-08 22:38:14.561705,101780.255,0.00999999999476131,9.825088367838447e-06,0.0,7.999999999999674e-05,0.17257,0.053020000000000005,0.11954999999999999,3.25480950584685,0.05,0.0007,101780.255,0
2025-11-08 22:38:16.597379,101780.255,0.00999999999476131,9.825088367838447e-06,0.0,0.0,0.17257,0.053020000000000005,0.11954999999999999,3.25480950584685,0.05,0.0007,101780.255,0
2025-11-08 22:38:18.630015,101780.255,0.00999999999476131,9.825088367838447e-06,0.0,0.0,0.17257,0.053020000000000005,0.11954999999999999,3.25480950584685,0.05,0.0007,101780.255,0
2025-11-08 22:38:20.667161,101780.255,0.00999999999476131,9.825088367838447e-06,0.0,0.0,0.17257,0.053020000000000005,0.11954999999999999,3.25480950584685,0.05,0.0007,101780.255,0
2025-11-08 22:38:22.696892,101780.255,0.00999999999476131,9.825088367838447e-06,0.035660000000000004,0.035660000000000004,0.17257,0.01736,0.15521000000000001,9.940668202764977,0.05,0.0007,101780.255,0
2025-11-08 22:38:24.724186,101780.255,0.00999999999476131,9.825088367838447e-06,0.0,-0.035660000000000004,0.17257,0.01736,0.15521000000000001,9.940668202764977,0.05,0.0007,101780.255,0
2025-11-08 22:38:26.760032,101780.255,0.00999999999476131,9.825088367838447e-06,0.22195,0.22195,0.39452,0.01736,0.37716,22.7258064516129,0.05,0.0007,101780.255,0
2025-11-08 22:38:28.792414,101780.255,0.00999999999476131,9.825088367838447e-06,0.0,-0.22195,0.39452,0.01736,0.37716,22.7258064516129,0.05,0.0007,101780.255,0
2025-11-08 22:38:30.821958,101780.255,0.00999999999476131,9.825088367838447e-06,0.0,0.0,0.39452,0.01736,0.37716,22.7258064516129,0.05,0.0007,101780.255,0
2025-11-08 22:38:32.854743,101780.255,0.00999999999476131,9.825088367838447e-06,0.0,0.0,0.39452,0.01736,0.37716,22.7258064516129,0.05,0.0007,101780.255,0
2025-11-08 22:38:34.887922,101780.255,0.00999999999476131,9.825088367838447e-06,0.0,0.0,0.39452,0.01736,0.37716,22.7258064516129,0.05,0.0007,101780.255,0
2025-11-08 22:38:36.917807,101780.255,0.00999999999476131,9.825088367838447e-06,0.0,0.0,0.39452,0.01736,0.37716,22.7258064516129,0.05,0.0007,101780.255,0
2025-11-08 22:38:38.953299,101780.255,0.00999999999476131,9.825088367838447e-06,0.0,0.0,0.39452,0.01736,0.37716,22.7258064516129,0.05,0.0007,101780.255,0
2025-11-08 22:38:40.990285,101780.255,0.00999999999476131,9.825088367838447e-06,0.0,0.0,0.39452,0.01736,0.37716,22.7258064516129,0.05,0.0007,101780.255,0
2025-11-08 22:38:43.024259,101780.255,0.00999999999476131,9.825088367838447e-06,0.0,0.0,0.39452,0.01736,0.37716,22.7258064516129,0.05,0.0007,101780.255,0
2025-11-08 22:38:45.057941,101780.255,0.00999999999476131,9.825088367838447e-06,0.0,0.0,0.39452,0.01736,0.37716,22.7258064516129,0.05,0.0007,101780.255,0
2025-11-08 22:38:47.090534,101780.255,0.00999999999476131,9.825088367838447e-06,0.0,0.0,0.39452,0.01736,0.37716,22.7258064516129,0.05,0.0007,101780.255,0
2025-11-08 22:38:49.119609,101780.255,0.00999999999476131,9.825088367838447e-06,0.0,0.0,0.39452,0.01736,0.37716,22.7258064516129,0.05,0.0007,101780.255,0
2025-11-08 22:38:51.151356,101780.255,0.00999999999476131,9.825088367838447e-06,0.0,0.0,0.39452,0.01736,0.37716,22.7258064516129,0.05,0.0007,101780.255,0
2025-11-08 22:38:53.182243,101780.255,0.00999999999476131,9.825088367838447e-06,0.0,0.0,0.39452,0.01736,0.37716,22.7258064516129,0.05,0.0007,101780.255,0
2025-11-08 22:38:55.214811,101780.255,0.00999999999476131,9.825088367838447e-06,0.0,0.0,0.39452,0.01736,0.37716,22.7258064516129,0.05,0.0007,101780.255,0
2025-11-08 22:38:57.248700,101780.255,0.00999999999476131,9.825088367838447e-06,0.0,0.0,0.39452,0.01736,0.37716,22.7258064516129,0.05,0.0007,101780.255,0
2025-11-08 22:38:59.283302,101780.255,0.00999999999476131,9.825088367838447e-06,0.0,0.0,0.39452,0.01736,0.37716,22.7258064516129,0.05,0.0007,101779.905,0
2025-11-08 22:39:01.315418,101779.905,0.7099999999918509,0.0006975836733113977,1.70766,1.70766,2.1378399999999997,0.053020000000000005,2.0848199999999997,40.32138815541305,0.05,0.0007,101771.125,0
2025-11-08 22:39:03.344572,101771.125,18.269999999989523,0.017952046810909797,-1.9652599999999998,-3.6729199999999995,0.17258,0.053020000000000005,0.11956,3.254998113919276,6e-05,0.0007,101771.125,0
2025-11-08 22:39:05.376490,101771.125,18.269999999989523,0.017952046810909797,0.0,1.9652599999999998,0.17258,0.053020000000000005,0.11956,3.254998113919276,6e-05,0.0007,101771.125,0
2025-11-08 22:39:07.410195,101771.125,18.269999999989523,0.017952046810909797,0.0,0.0,0.17258,0.053020000000000005,0.11956,3.254998113919276,6e-05,0.0007,101771.125,0
2025-11-08 22:39:09.437937,101771.125,18.269999999989523,0.017952046810909797,0.0,0.0,0.17258,0.053020000000000005,0.11956,3.254998113919276,6e-05,0.0007,101771.12,0
2025-11-08 22:39:11.469637,101771.12,18.279999999998836,0.0179618736631756,1.9652599999999998,1.9652599999999998,2.1378399999999997,0.053020000000000005,2.0848199999999997,40.32138815541305,0.05,0.0007,101771.125,1
2025-11-08 22:39:13.501206,101771.125,18.269999999989523,0.017952046810909797,-1.96525,-3.93051,0.17259000000000002,0.053020000000000005,0.11957000000000001,3.2551867219917012,7e-05,0.0007,101771.12,0
2025-11-08 22:39:15.532785,101771.12,18.279999999998836,0.0179618736631756,-2.0000000000003305e-05,1.96523,0.17257,0.053020000000000005,0.11954999999999999,3.25480950584685,0.05,0.0007,101778.75,1
2025-11-08 22:39:17.565055,101778.75,3.0199999999895226,0.0029672205642037484,2.9999999999999428e-05,5.000000000000273e-05,0.17260000000000003,0.053020000000000005,0.11958000000000002,3.255375330064127,0.05,0.0007,101778.75,0
2025-11-08 22:39:19.598053,101778.75,3.0199999999895226,0.0029672205642037484,-2.9999999999999428e-05,-5.9999999999998856e-05,0.17257,0.053020000000000005,0.11954999999999999,3.25480950584685,0.05,0.0007,101778.755,1
2025-11-08 22:39:21.629628,101778.755,3.0099999999947613,0.002957395185267064,2.0000000000003305e-05,5.000000000000273e-05,0.17259000000000002,0.053020000000000005,0.11957000000000001,3.2551867219917012,7e-05,0.0007,101778.755,0
2025-11-08 22:39:23.661468,101778.755,3.0099999999947613,0.002957395185267064,0.0,-2.0000000000003305e-05,0.17259000000000002,0.053020000000000005,0.11957000000000001,3.2551867219917012,7e-05,0.0007,101778.755,0
2025-11-08 22:39:25.694632,101778.755,3.0099999999947613,0.002957395185267064,0.0,0.0,0.17259000000000002,0.053020000000000005,0.11957000000000001,3.2551867219917012,7e-05,0.0007,101778.755,0
2025-11-08 22:39:27.731116,101778.755,3.0099999999947613,0.002957395185267064,0.0,0.0,0.17259000000000002,0.053020000000000005,0.11957000000000001,3.2551867219917012,7e-05,0.0007,101778.755,0
2025-11-08 22:39:29.760246,101778.755,3.0099999999947613,0.002957395185267064,0.0,0.0,0.17259000000000002,0.053020000000000005,0.11957000000000001,3.2551867219917012,7e-05,0.0007,101770.87,0
2025-11-08 22:39:31.797952,101770.87,18.779999999998836,0.018453217507130318,-2.0000000000003305e-05,-2.0000000000003305e-05,0.17257,0.053020000000000005,0.11954999999999999,3.25480950584685,0.05,0.0007,101770.87,0
2025-11-08 22:39:33.892519,101770.87,18.779999999998836,0.018453217507130318,0.0,2.0000000000003305e-05,0.17257,0.053020000000000005,0.11954999999999999,3.25480950584685,0.05,0.0007,101770.87,0
2025-11-08 22:39:35.922475,101770.87,18.779999999998836,0.018453217507130318,0.0,0.0,0.17257,0.053020000000000005,0.11954999999999999,3.25480950584685,0.05,0.0007,101770.87,0
2025-11-08 22:39:37.964423,101770.87,18.779999999998836,0.018453217507130318,0.0,0.0,0.17257,0.053020000000000005,0.11954999999999999,3.25480950584685,0.05,0.0007,101773.43,1
2025-11-08 22:39:39.994910,101773.43,13.65999999998894,0.013421970744219726,3.000000000000008e-05,3.000000000000008e-05,0.1726,0.053020000000000005,0.11957999999999999,3.2553753300641266,0.05,0.0007,101773.43,0
2025-11-08 22:39:42.029567,101773.43,13.65999999998894,0.013421970744219726,0.0,-3.000000000000008e-05,0.1726,0.053020000000000005,0.11957999999999999,3.2553753300641266,0.05,0.0007,101773.43,0
2025-11-08 22:39:44.059993,101773.43,13.65999999998894,0.013421970744219726,-3.000000000000008e-05,-3.000000000000008e-05,0.17257,0.053020000000000005,0.11954999999999999,3.25480950584685,0.05,0.0007,101773.43,0
2025-11-08 22:39:46.096471,101773.43,13.65999999998894,0.013421970744219726,0.0,3.000000000000008e-05,0.17257,0.053020000000000005,0.11954999999999999,3.25480950584685,0.05,0.0007,101773.43,0
2025-11-08 22:39:48.139452,101773.43,13.65999999998894,0.013421970744219726,0.0,0.0,0.17257,0.053020000000000005,0.11954999999999999,3.25480950584685,0.05,0.0007,101776.045,1
2025-11-08 22:39:50.171199,101776.045,8.429999999993015,0.008282892108838593,2.0000000000003305e-05,2.0000000000003305e-05,0.17259000000000002,0.053020000000000005,0.11957000000000001,3.2551867219917012,7e-05,0.0007,101776.045,0
2025-11-08 22:39:52.202910,101776.045,8.429999999993015,0.008282892108838593,0.0,-2.0000000000003305e-05,0.17259000000000002,0.053020000000000005,0.11957000000000001,3.2551867219917012,7e-05,0.0007,101778.75,1
2025-11-08 22:39:54.237328,101778.75,3.0199999999895226,0.0029672205642037484,-2.0000000000003305e-05,-2.0000000000003305e-05,0.17257,0.053020000000000005,0.11954999999999999,3.25480950584685,0.05,0.0007,101778.75,0
2025-11-08 22:39:56.265214,101778.75,3.0199999999895226,0.0029672205642037484,0.0,2.0000000000003305e-05,0.17257,0.053020000000000005,0.11954999999999999,3.25480950584685,0.05,0.0007,101778.75,0
2025-11-08 22:39:58.294783,101778.75,3.0199999999895226,0.0029672205642037484,0.0,0.0,0.17257,0.053020000000000005,0.11954999999999999,3.25480950584685,0.05,0.0007,101778.755,1
2025-11-08 22:40:00.326315,101778.755,3.0099999999947613,0.002957395185267064,1.0000000000007182e-05,1.0000000000007182e-05,0.17258,0.053020000000000005,0.11956,3.254998113919276,6e-05,0.0007,101771.875,0
2025-11-08 22:40:02.355492,101771.875,16.769999999989523,0.01647802990756486,-1.0000000000007182e-05,-2.0000000000014364e-05,0.17257,0.053020000000000005,0.11954999999999999,3.25480950584685,0.05,0.0007,101771.875,0
2025-11-08 22:40:04.387547,101771.875,16.769999999989523,0.01647802990756486,0.0,1.0000000000007182e-05,0.17257,0.053020000000000005,0.11954999999999999,3.25480950584685,0.05,0.0007,101771.875,0
2025-11-08 22:40:06.416816,101771.875,16.769999999989523,0.01647802990756486,0.0,0.0,0.17257,0.053020000000000005,0.11954999999999999,3.25480950584685,0.05,0.0007,101771.875,0
2025-11-08 22:40:08.455565,101771.875,16.769999999989523,0.01647802990756486,0.0,0.0,0.17257,0.053020000000000005,0.11954999999999999,3.25480950584685,0.05,0.0007,101771.88,1
2025-11-08 22:40:10.489313,101771.88,16.75999999999476,0.016468203201114844,2.0000000000003305e-05,2.0000000000003305e-05,0.17259000000000002,0.053020000000000005,0.11957000000000001,3.2551867219917012,7e-05,0.0007,101771.88,0
2025-11-08 22:40:12.517811,101771.88,16.75999999999476,0.016468203201114844,0.0,-2.0000000000003305e-05,0.17259000000000002,0.053020000000000005,0.11957000000000001,3.2551867219917012,7e-05,0.0007,101765.35,0
2025-11-08 22:40:14.550977,101765.35,29.819999999992433,0.02930270470252638,-2.0000000000003305e-05,-2.0000000000003305e-05,0.17257,0.053020000000000005,0.11954999999999999,3.25480950584685,0.05,0.0007,101770.22,1
2025-11-08 22:40:16.583430,101770.22,20.080000000001746,0.019730722798871562,7.999999999999674e-05,0.00010000000000000005,0.17265000000000003,0.053020000000000005,0.11963000000000001,3.2563183704262544,0.05008,0.0007,101776.845,1
2025-11-08 22:40:18.648670,101776.845,6.830000000001746,0.006710760193049555,1.0000000000003062e-05,-6.999999999999368e-05,0.17266,0.053020000000000005,0.11964,3.2565069784986798,0.05009,0.0007,101776.845,0
2025-11-08 22:40:20.682213,101776.845,6.830000000001746,0.006710760193049555,-8.99999999999998e-05,-0.00010000000000000286,0.17257,0.053020000000000005,0.11954999999999999,3.25480950584685,0.05,0.0007,101776.845,0
2025-11-08 22:40:22.737152,101776.845,6.830000000001746,0.006710760193049555,0.0,8.99999999999998e-05,0.17257,0.053020000000000005,0.11954999999999999,3.25480950584685,0.05,0.0007,101776.845,0
2025-11-08 22:40:24.771420,101776.845,6.830000000001746,0.006710760193049555,0.0,0.0,0.17257,0.053020000000000005,0.11954999999999999,3.25480950584685,0.05,0.0007,101776.845,0
2025-11-08 22:40:26.800776,101776.845,6.830000000001746,0.006710760193049555,0.0,0.0,0.17257,0.053020000000000005,0.11954999999999999,3.25480950584685,0.05,0.0007,101776.845,0
2025-11-08 22:40:28.836486,101776.845,6.830000000001746,0.006710760193049555,8.99999999999998e-05,8.99999999999998e-05,0.17266,0.053020000000000005,0.11964,3.2565069784986798,0.05009,0.0007,101776.845,0
2025-11-08 22:40:30.867744,101776.845,6.830000000001746,0.006710760193049555,0.0,-8.99999999999998e-05,0.17266,0.053020000000000005,0.11964,3.2565069784986798,0.05009,0.0007,101776.845,0
2025-11-08 22:40:32.914618,101776.845,6.830000000001746,0.006710760193049555,-8.99999999999998e-05,-8.99999999999998e-05,0.17257,0.053020000000000005,0.11954999999999999,3.25480950584685,0.05,0.0007,101776.845,0
2025-11-08 22:40:34.951015,101776.845,6.830000000001746,0.006710760193049555,8.99999999999998e-05,0.0001799999999999996,0.17266,0.053020000000000005,0.11964,3.2565069784986798,0.05009,0.0007,101776.845,0
2025-11-08 22:40:36.994432,101776.845,6.830000000001746,0.006710760193049555,-8.99999999999998e-05,-0.0001799999999999996,0.17257,0.053020000000000005,0.11954999999999999,3.25480950584685,0.05,0.0007,101776.845,0
2025-11-08 22:40:39.059609,101776.845,6.830000000001746,0.006710760193049555,0.0,8.99999999999998e-05,0.17257,0.053020000000000005,0.11954999999999999,3.25480950584685,0.05,0.0007,101776.845,0
2025-11-08 22:40:41.091796,101776.845,6.830000000001746,0.006710760193049555,0.0,0.0,0.17257,0.053020000000000005,0.11954999999999999,3.25480950584685,0.05,0.0007,101776.845,0
2025-11-08 22:40:43.128311,101776.845,6.830000000001746,0.006710760193049555,0.0,0.0,0.17257,0.053020000000000005,0.11954999999999999,3.25480950584685,0.05,0.0007,101776.845,0
2025-11-08 22:40:45.156988,101776.845,6.830000000001746,0.006710760193049555,0.0,0.0,0.17257,0.053020000000000005,0.11954999999999999,3.25480950584685,0.05,0.0007,101776.845,0
2025-11-08 22:40:47.193738,101776.845,6.830000000001746,0.006710760193049555,8.99999999999998e-05,8.99999999999998e-05,0.17266,0.053020000000000005,0.11964,3.2565069784986798,0.05009,0.0007,101776.845,0
2025-11-08 22:40:49.283094,101776.845,6.830000000001746,0.006710760193049555,-8.99999999999998e-05,-0.0001799999999999996,0.17257,0.053020000000000005,0.11954999999999999,3.25480950584685,0.05,0.0007,101776.845,0
2025-11-08 22:40:51.316713,101776.845,6.830000000001746,0.006710760193049555,8.99999999999998e-05,0.0001799999999999996,0.17266,0.053020000000000005,0.11964,3.2565069784986798,0.05009,0.0007,101776.845,0
2025-11-08 22:40:53.349302,101776.845,6.830000000001746,0.006710760193049555,0.0,-8.99999999999998e-05,0.17266,0.053020000000000005,0.11964,3.2565069784986798,0.05009,0.0007,101776.845,0
2025-11-08 22:40:55.380839,101776.845,6.830000000001746,0.006710760193049555,0.0,0.0,0.17266,0.053020000000000005,0.11964,3.2565069784986798,0.05009,0.0007,101776.845,0
2025-11-08 22:40:57.413150,101776.845,6.830000000001746,0.006710760193049555,0.0,0.0,0.17266,0.053020000000000005,0.11964,3.2565069784986798,0.05009,0.0007,101776.845,0
2025-11-08 22:40:59.452588,101776.845,6.830000000001746,0.006710760193049555,0.0,0.0,0.17266,0.053020000000000005,0.11964,3.2565069784986798,0.05009,0.0007,101776.845,0
2025-11-08 22:41:01.487829,101776.845,6.830000000001746,0.006710760193049555,0.0,0.0,0.17266,0.053020000000000005,0.11964,3.2565069784986798,0.05009,0.0007,101776.845,0
2025-11-08 22:41:03.519018,101776.845,6.830000000001746,0.006710760193049555,0.0,0.0,0.17266,0.053020000000000005,0.11964,3.2565069784986798,0.05009,0.0007,101776.845,0
2025-11-08 22:41:05.552318,101776.845,6.830000000001746,0.006710760193049555,0.0,0.0,0.17266,0.053020000000000005,0.11964,3.2565069784986798,0.05009,0.0007,101776.845,0
2025-11-08 22:41:07.582310,101776.845,6.830000000001746,0.006710760193049555,0.0,0.0,0.17266,0.053020000000000005,0.11964,3.2565069784986798,0.05009,0.0007,101780.255,1
2025-11-08 22:41:09.623898,101780.255,0.00999999999476131,9.825088367838447e-06,-8.99999999999998e-05,-8.99999999999998e-05,0.17257,0.053020000000000005,0.11954999999999999,3.25480950584685,0.05,0.0007,101780.255,0
2025-11-08 22:41:11.662401,101780.255,0.00999999999476131,9.825088367838447e-06,7.999999999999999e-05,0.0001699999999999998,0.17257,0.05294,0.11963,3.2597279939554213,0.05,0.00062,101780.255,0
2025-11-08 22:41:13.716037,101780.255,0.00999999999476131,9.825088367838447e-06,0.0,-7.999999999999999e-05,0.17257,0.05294,0.11963,3.2597279939554213,0.05,0.00062,101780.255,0
2025-11-08 22:41:15.749978,101780.255,0.00999999999476131,9.825088367838447e-06,0.0,0.0,0.17257,0.05294,0.11963,3.2597279939554213,0.05,0.00062,101736.94,0
2025-11-08 22:41:17.791457,101736.94,86.63999999999942,0.0851608078638884,0.2213,0.2213,0.34457,0.00364,0.34093,94.66208791208791,0.121,0.00062,101780.255,1
2025-11-08 22:41:19.825382,101780.255,0.00999999999476131,9.825088367838447e-06,0.9221100000000001,0.7008100000000002,1.26668,0.00364,1.26304,347.989010989011,0.05,0.00062,101780.255,0
2025-11-08 22:41:21.871018,101780.255,0.00999999999476131,9.825088367838447e-06,0.0,-0.9221100000000001,1.26668,0.00364,1.26304,347.989010989011,0.05,0.00062,101780.255,0
2025-11-08 22:41:23.915428,101780.255,0.00999999999476131,9.825088367838447e-06,-0.87216,-0.87216,0.39452,0.00364,0.39088,108.38461538461537,0.05,0.00062,101780.255,0
2025-11-08 22:41:25.949448,101780.255,0.00999999999476131,9.825088367838447e-06,1.09279,1.96495,1.48731,0.00364,1.4836699999999998,408.60164835164835,0.05,0.00062,101842.65,1
2025-11-08 22:41:27.979171,101842.65,5.360000000000582,0.005263020944565546,-1.1433699999999998,-2.23616,0.39253000000000005,0.052230000000000006,0.34030000000000005,7.5154125981236835,0.04844,1e-05,101842.66,1
2025-11-08 22:41:30.033737,101842.66,5.360000000000582,0.005263020427785941,-0.22259,0.9207799999999997,0.17036,0.05265,0.11771000000000001,3.235707502374169,7e-05,0.00044,101845.16500000001,1
2025-11-08 22:41:32.089003,101845.16500000001,0.34999999999126885,0.00034365892577351985,0.27385,0.49644,0.39385000000000003,0.00229,0.39156,171.9868995633188,0.05,0.00044,101845.16500000001,0
2025-11-08 22:41:34.118623,101845.16500000001,0.34999999999126885,0.00034365892577351985,0.87216,0.5983100000000001,1.26601,0.00229,1.2637200000000002,552.8427947598253,0.05,0.00044,101845.16500000001,0
2025-11-08 22:41:36.151966,101845.16500000001,0.34999999999126885,0.00034365892577351985,0.0,-0.87216,1.26601,0.00229,1.2637200000000002,552.8427947598253,0.05,0.00044,101845.16500000001,0
2025-11-08 22:41:38.202471,101845.16500000001,0.34999999999126885,0.00034365892577351985,0.0,0.0,1.26601,0.00229,1.2637200000000002,552.8427947598253,0.05,0.00044,101845.33499999999,1
2025-11-08 22:41:40.236436,101845.33499999999,0.00999999999476131,9.818810056210538e-06,-1.14403,-1.14403,0.17192000000000002,0.052230000000000006,0.11969000000000002,3.2915948688493204,0.05,0.00044,101845.33499999999,0
2025-11-08 22:41:42.271128,101845.33499999999,0.00999999999476131,9.818810056210538e-06,0.0,1.14403,0.17192000000000002,0.052230000000000006,0.11969000000000002,3.2915948688493204,0.05,0.00044,101845.33499999999,0
2025-11-08 22:41:44.305898,101845.33499999999,0.00999999999476131,9.818810056210538e-06,0.0,0.0,0.17192000000000002,0.052230000000000006,0.11969000000000002,3.2915948688493204,0.05,0.00044,101845.33499999999,0
2025-11-08 22:41:46.336196,101845.33499999999,0.00999999999476131,9.818810056210538e-06,0.0,0.0,0.17192000000000002,0.052230000000000006,0.11969000000000002,3.2915948688493204,0.05,0.00044,101845.33499999999,0
2025-11-08 22:41:48.370393,101845.33499999999,0.00999999999476131,9.818810056210538e-06,1.14403,1.14403,1.26601,0.00229,1.2637200000000002,552.8427947598253,0.05,0.00044,101845.33499999999,0
2025-11-08 22:41:50.399594,101845.33499999999,0.00999999999476131,9.818810056210538e-06,0.0,-1.14403,1.26601,0.00229,1.2637200000000002,552.8427947598253,0.05,0.00044,101845.33499999999,0
2025-11-08 22:41:52.434422,101845.33499999999,0.00999999999476131,9.818810056210538e-06,0.77208,0.77208,2.08797,0.05217,2.0358,40.02242668200115,0.05,0.00038,101845.33499999999,0
2025-11-08 22:41:54.470963,101845.33499999999,0.00999999999476131,9.818810056210538e-06,0.0,-0.77208,2.08797,0.05217,2.0358,40.02242668200115,0.05,0.00038,101845.33499999999,0
2025-11-08 22:41:56.504247,101845.33499999999,0.00999999999476131,9.818810056210538e-06,0.0,0.0,2.08797,0.05217,2.0358,40.02242668200115,0.05,0.00038,101845.33499999999,0
2025-11-08 22:41:58.537864,101845.33499999999,0.00999999999476131,9.818810056210538e-06,0.0,0.0,2.08797,0.05217,2.0358,40.02242668200115,0.05,0.00038,101845.33499999999,0
2025-11-08 22:42:00.570684,101845.33499999999,0.00999999999476131,9.818810056210538e-06,0.04991,0.04991,2.08797,0.00226,2.0857099999999997,923.8805309734513,0.05,0.00038,101845.33499999999,0
2025-11-08 22:42:02.600574,101845.33499999999,0.00999999999476131,9.818810056210538e-06,-0.06355,-0.11346,2.08797,0.06581000000000001,2.02216,31.727245099528943,0.05,0.00038,101845.33499999999,0
2025-11-08 22:42:04.636948,101845.33499999999,0.00999999999476131,9.818810056210538e-06,0.0,0.06355,2.08797,0.06581000000000001,2.02216,31.727245099528943,0.05,0.00038,101845.33499999999,0
2025-11-08 22:42:06.668331,101845.33499999999,0.00999999999476131,9.818810056210538e-06,0.0,0.0,2.08797,0.06581000000000001,2.02216,31.727245099528943,0.05,0.00038,101845.33499999999,0
2025-11-08 22:42:08.704223,101845.33499999999,0.00999999999476131,9.818810056210538e-06,-0.7594799999999999,-0.7594799999999999,1.2649400000000002,0.00226,1.2626800000000002,559.7079646017701,0.05,0.00038,101845.33499999999,0
2025-11-08 22:42:10.736022,101845.33499999999,0.00999999999476131,9.818810056210538e-06,0.20840000000000009,0.9678800000000001,1.48689,0.015809999999999998,1.47108,94.04743833017079,0.05,0.00038,101845.33499999999,0
2025-11-08 22:42:12.770333,101845.33499999999,0.00999999999476131,9.818810056210538e-06,0.01355,-0.19485000000000008,1.48689,0.00226,1.4846300000000001,657.9159292035399,0.05,0.00038,101845.33499999999,0
2025-11-08 22:42:14.802998,101845.33499999999,0.00999999999476131,9.818810056210538e-06,0.0,-0.01355,1.48689,0.00226,1.4846300000000001,657.9159292035399,0.05,0.00038,101845.33499999999,0
2025-11-08 22:42:16.830472,101845.33499999999,0.00999999999476131,9.818810056210538e-06,0.0,0.0,1.48689,0.00226,1.4846300000000001,657.9159292035399,0.05,0.00038,101845.33499999999,0
2025-11-08 22:42:18.864453,101845.33499999999,0.00999999999476131,9.818810056210538e-06,-0.01355,-0.01355,1.48689,0.015809999999999998,1.47108,94.04743833017079,0.05,0.00038,101844.255,0
2025-11-08 22:42:20.895955,101844.255,2.1699999999982538,0.002130704377972281,-1.3014400000000004,-1.2878900000000004,0.17190000000000003,0.00226,0.16964,76.06194690265488,5e-05,0.00038,101844.255,0
2025-11-08 22:42:22.940929,101844.255,2.1699999999982538,0.002130704377972281,-0.04991,1.2515300000000005,0.17190000000000003,0.05217,0.11973000000000003,3.2949971247843592,5e-05,0.00038,101844.255,0
2025-11-08 22:42:24.971446,101844.255,2.1699999999982538,0.002130704377972281,0.0,0.04991,0.17190000000000003,0.05217,0.11973000000000003,3.2949971247843592,5e-05,0.00038,101844.255,0
2025-11-08 22:42:27.016249,101844.255,2.1699999999982538,0.002130704377972281,0.0,0.0,0.17190000000000003,0.05217,0.11973000000000003,3.2949971247843592,5e-05,0.00038,101844.255,0
2025-11-08 22:42:29.050632,101844.255,2.1699999999982538,0.002130704377972281,0.049920000000000006,0.049920000000000006,0.17190000000000003,0.0022500000000000003,0.16965000000000002,76.4,5e-05,0.00038,101844.255,0
2025-11-08 22:42:31.082572,101844.255,2.1699999999982538,0.002130704377972281,-0.049920000000000006,-0.09984000000000001,0.17190000000000003,0.05217,0.11973000000000003,3.2949971247843592,5e-05,0.00038,101844.255,0
2025-11-08 22:42:33.116163,101844.255,2.1699999999982538,0.002130704377972281,0.0,0.049920000000000006,0.17190000000000003,0.05217,0.11973000000000003,3.2949971247843592,5e-05,0.00038,101844.255,0
2025-11-08 22:42:35.149726,101844.255,2.1699999999982538,0.002130704377972281,0.04991,0.04991,0.17190000000000003,0.00226,0.16964,76.06194690265488,5e-05,0.00038,101844.255,0
2025-11-08 22:42:37.182892,101844.255,2.1699999999982538,0.002130704377972281,0.0,-0.04991,0.17190000000000003,0.00226,0.16964,76.06194690265488,5e-05,0.00038,101844.255,0
2025-11-08 22:42:39.212412,101844.255,2.1699999999982538,0.002130704377972281,0.0,0.0,0.17190000000000003,0.00226,0.16964,76.06194690265488,5e-05,0.00038,101844.255,0
2025-11-08 22:42:41.243378,101844.255,2.1699999999982538,0.002130704377972281,0.0,0.0,0.17190000000000003,0.00226,0.16964,76.06194690265488,5e-05,0.00038,101836.67,0
2025-11-08 22:42:43.274045,101836.67,17.339999999996508,0.017027265325934664,0.17204,0.17204,0.39385000000000003,0.05217,0.34168000000000004,7.549357868506805,0.05,0.00038,101836.67499999999,1
2025-11-08 22:42:45.306715,101836.67499999999,17.330000000001746,0.01701744484489674,-0.22189,-0.39393,0.17190000000000003,0.052110000000000004,0.11979000000000002,3.298791018998273,5e-05,0.00038,101827.64,0
2025-11-08 22:42:47.338632,101827.64,35.39999999999418,0.03476462775725155,1.91856,2.14045,2.09052,0.05217,2.0383500000000003,40.071305347901095,0.05,0.00038,101827.64499999999,1
2025-11-08 22:42:49.371207,101827.64499999999,35.38999999999942,0.034754805534390414,-1.91854,-3.8371,0.17191,0.0521,0.11981,3.2996161228406913,6e-05,0.00038,101827.64499999999,0
2025-11-08 22:42:51.403641,101827.64499999999,35.38999999999942,0.034754805534390414,0.0,1.91854,0.17191,0.0521,0.11981,3.2996161228406913,6e-05,0.00038,101827.64499999999,0
2025-11-08 22:42:53.436605,101827.64499999999,35.38999999999942,0.034754805534390414,0.0,0.0,0.17191,0.0521,0.11981,3.2996161228406913,6e-05,0.00038,101827.64499999999,0
2025-11-08 22:42:55.468641,101827.64499999999,35.38999999999942,0.034754805534390414,-7.000000000000062e-05,-7.000000000000062e-05,0.17191,0.05217,0.11974000000000001,3.2951888058271037,6e-05,0.00038,101827.64499999999,0
2025-11-08 22:42:57.498516,101827.64499999999,35.38999999999942,0.034754805534390414,0.0,7.000000000000062e-05,0.17191,0.05217,0.11974000000000001,3.2951888058271037,6e-05,0.00038,101827.64499999999,0
2025-11-08 22:42:59.535156,101827.64499999999,35.38999999999942,0.034754805534390414,0.0,0.0,0.17191,0.05217,0.11974000000000001,3.2951888058271037,6e-05,0.00038,101831.555,1
2025-11-08 22:43:01.568373,101831.555,27.569999999992433,0.027074122554636853,1.9186699999999999,1.9186699999999999,2.09052,0.052110000000000004,2.0384100000000003,40.11744386873921,0.05,0.00038,101831.56,1
2025-11-08 22:43:03.603068,101831.56,27.55999999999767,0.027064301087008462,-1.91868,-3.83735,0.17190000000000003,0.05217,0.11973000000000003,3.2949971247843592,5e-05,0.00038,101831.56,0
2025-11-08 22:43:05.635921,101831.56,27.55999999999767,0.027064301087008462,0.0,1.91868,0.17190000000000003,0.05217,0.11973000000000003,3.2949971247843592,5e-05,0.00038,101831.56,0
2025-11-08 22:43:07.671819,101831.56,27.55999999999767,0.027064301087008462,0.0,0.0,0.17190000000000003,0.05217,0.11973000000000003,3.2949971247843592,5e-05,0.00038,101831.56,0
2025-11-08 22:43:09.706059,101831.56,27.55999999999767,0.027064301087008462,0.0,0.0,0.17190000000000003,0.05217,0.11973000000000003,3.2949971247843592,5e-05,0.00038,101831.56,0
2025-11-08 22:43:11.741717,101831.56,27.55999999999767,0.027064301087008462,5.9999999999997555e-05,5.9999999999997555e-05,0.17190000000000003,0.052110000000000004,0.11979000000000002,3.298791018998273,5e-05,0.00038,101831.56,0
2025-11-08 22:43:13.776284,101831.56,27.55999999999767,0.027064301087008462,-5.9999999999997555e-05,-0.00011999999999999511,0.17190000000000003,0.05217,0.11973000000000003,3.2949971247843592,5e-05,0.00038,101831.56,0
2025-11-08 22:43:15.808322,101831.56,27.55999999999767,0.027064301087008462,0.0,5.9999999999997555e-05,0.17190000000000003,0.05217,0.11973000000000003,3.2949971247843592,5e-05,0.00038,101831.56,0
2025-11-08 22:43:17.838768,101831.56,27.55999999999767,0.027064301087008462,5.9999999999997555e-05,5.9999999999997555e-05,0.17190000000000003,0.052110000000000004,0.11979000000000002,3.298791018998273,5e-05,0.00038,101831.56,0
2025-11-08 22:43:19.887273,101831.56,27.55999999999767,0.027064301087008462,0.0,-5.9999999999997555e-05,0.17190000000000003,0.052110000000000004,0.11979000000000002,3.298791018998273,5e-05,0.00038,101831.56,0
2025-11-08 22:43:21.918719,101831.56,27.55999999999767,0.027064301087008462,-5.9999999999997555e-05,-5.9999999999997555e-05,0.17190000000000003,0.05217,0.11973000000000003,3.2949971247843592,5e-05,0.00038,101831.56,0
2025-11-08 22:43:23.950238,101831.56,27.55999999999767,0.027064301087008462,0.0,5.9999999999997555e-05,0.17190000000000003,0.05217,0.11973000000000003,3.2949971247843592,5e-05,0.00038,101835.76999999999,1
2025-11-08 22:43:25.997253,101835.76999999999,19.139999999999418,0.01879496762286908,0.97219,0.97219,1.14409,0.05217,1.09192,21.93003641939812,0.05,0.00038,101838.53,1
2025-11-08 22:43:28.029204,101838.53,13.619999999995343,0.013374112921696085,0.17086,-0.80133,1.2650400000000002,0.00226,1.2627800000000002,559.7522123893806,0.05,0.00038,101838.53,0
2025-11-08 22:43:30.057396,101838.53,13.619999999995343,0.013374112921696085,0.0,-0.17086,1.2650400000000002,0.00226,1.2627800000000002,559.7522123893806,0.05,0.00038,101838.53,0
2025-11-08 22:43:32.089449,101838.53,13.619999999995343,0.013374112921696085,0.0,0.0,1.2650400000000002,0.00226,1.2627800000000002,559.7522123893806,0.05,0.00038,101838.53,0
2025-11-08 22:43:34.121737,101838.53,13.619999999995343,0.013374112921696085,0.0,0.0,1.2650400000000002,0.00226,1.2627800000000002,559.7522123893806,0.05,0.00038,101838.53,0
2025-11-08 22:43:36.155166,101838.53,13.619999999995343,0.013374112921696085,0.0,0.0,1.2650400000000002,0.00226,1.2627800000000002,559.7522123893806,0.05,0.00038,101841.295,1
2025-11-08 22:43:38.184430,101841.295,8.089999999996508,0.007943732451552691,-1.1430399999999998,-1.1430399999999998,0.17191,0.05217,0.11974000000000001,3.2951888058271037,6e-05,0.00038,101845.33499999999,1
2025-11-08 22:43:40.239921,101845.33499999999,0.00999999999476131,9.818810056210538e-06,1.1430399999999998,2.2860799999999997,1.2650400000000002,0.00226,1.2627800000000002,559.7522123893806,0.05,0.00038,101845.33499999999,0
2025-11-08 22:43:42.282575,101845.33499999999,0.00999999999476131,9.818810056210538e-06,0.20829999999999987,-0.9347399999999999,1.48689,0.015809999999999998,1.47108,94.04743833017079,0.05,0.00038,101845.33499999999,0
2025-11-08 22:43:44.345332,101845.33499999999,0.00999999999476131,9.818810056210538e-06,-1.0794900000000003,-1.2877900000000002,0.39385,0.00226,0.39159,174.26991150442478,0.05,0.00038,101919.16,1
2025-11-08 22:43:46.377198,101919.16,17.30000000000291,0.016974237228802622,-0.23490000000000003,0.8445900000000003,0.17269,0.016,0.15669,10.793125,0.05,0.00015,101919.16,0
2025-11-08 22:43:48.407788,101919.16,17.30000000000291,0.016974237228802622,0.0019300000000000003,0.23683,0.17401000000000003,0.015390000000000001,0.15862000000000004,11.306692657569851,0.05,0.00015,101919.16,0
2025-11-08 22:43:50.437600,101919.16,17.30000000000291,0.016974237228802622,-0.0006100000000000002,-0.0025400000000000006,0.17401000000000003,0.016,0.15801000000000004,10.875625000000001,0.05,0.00015,101919.16,0
2025-11-08 22:43:52.469121,101919.16,17.30000000000291,0.016974237228802622,0.0006100000000000002,0.0012200000000000004,0.17401000000000003,0.015390000000000001,0.15862000000000004,11.306692657569851,0.05,0.00015,101919.16,0
2025-11-08 22:43:54.497904,101919.16,17.30000000000291,0.016974237228802622,0.0,-0.0006100000000000002,0.17401000000000003,0.015390000000000001,0.15862000000000004,11.306692657569851,0.05,0.00015,101919.16,0
2025-11-08 22:43:56.530472,101919.16,17.30000000000291,0.016974237228802622,0.0,0.0,0.17401000000000003,0.015390000000000001,0.15862000000000004,11.306692657569851,0.05,0.00015,101919.16,0
2025-11-08 22:43:58.574180,101919.16,17.30000000000291,0.016974237228802622,-0.03692000000000001,-0.03692000000000001,0.17406000000000002,0.052360000000000004,0.12170000000000002,3.3242933537051185,0.05005,0.00015,101919.16,0
2025-11-08 22:44:00.604027,101919.16,17.30000000000291,0.016974237228802622,0.0005600000000000055,0.03748000000000001,0.17401000000000003,0.051750000000000004,0.12226000000000002,3.3625120772946864,0.05,0.00015,101919.16,0
2025-11-08 22:44:02.637310,101919.16,17.30000000000291,0.016974237228802622,-0.0005399999999999988,-0.0011000000000000042,0.17408,0.052360000000000004,0.12172000000000001,3.324675324675325,0.05007,0.00015,101919.16,0
2025-11-08 22:44:04.671250,101919.16,17.30000000000291,0.016974237228802622,0.0,0.0005399999999999988,0.17408,0.052360000000000004,0.12172000000000001,3.324675324675325,0.05007,0.00015,101919.16,0
2025-11-08 22:44:06.711288,101919.16,17.30000000000291,0.016974237228802622,0.0,0.0,0.17408,0.052360000000000004,0.12172000000000001,3.324675324675325,0.05007,0.00015,101919.16,0
2025-11-08 22:44:08.745394,101919.16,17.30000000000291,0.016974237228802622,0.0,0.0,0.17408,0.052360000000000004,0.12172000000000001,3.324675324675325,0.05007,0.00015,101919.16,0
2025-11-08 22:44:10.777846,101919.16,17.30000000000291,0.016974237228802622,0.0005399999999999988,0.0005399999999999988,0.17401000000000003,0.051750000000000004,0.12226000000000002,3.3625120772946864,0.05,0.00015,101908.775,0
2025-11-08 22:44:12.812248,101908.775,38.06999999999243,0.03735694006722427,-0.0019100000000000189,-0.0024500000000000177,0.17271,0.052360000000000004,0.12035,3.2985103132161955,7e-05,0.00015,101926.45,1
2025-11-08 22:44:14.843097,101926.45,60.679999999993015,0.05953312413018703,0.0013600000000000055,0.0032700000000000246,0.17401,0.0523,0.12171,3.327151051625239,0.05,9e-05,101926.45999999999,1
2025-11-08 22:44:16.877038,101926.45999999999,60.68000000000757,0.05953311828940941,-0.002569999999999995,-0.00393,0.17271,0.05357,0.11914,3.2240059734926265,7e-05,0.00136,101926.45499999999,0
2025-11-08 22:44:18.911699,101926.45499999999,60.669999999998254,0.059523310214211075,0.0012699999999999994,0.0038399999999999945,0.17271,0.0523,0.12041,3.3022944550669218,7e-05,9e-05,101926.45499999999,0
2025-11-08 22:44:20.946381,101926.45499999999,60.669999999998254,0.059523310214211075,0.0,-0.0012699999999999994,0.17271,0.0523,0.12041,3.3022944550669218,7e-05,9e-05,101926.45499999999,0
2025-11-08 22:44:22.979892,101926.45499999999,60.669999999998254,0.059523310214211075,0.0,0.0,0.17271,0.0523,0.12041,3.3022944550669218,7e-05,9e-05,101926.45499999999,0
2025-11-08 22:44:25.013402,101926.45499999999,60.669999999998254,0.059523310214211075,-0.01355,-0.01355,0.17271,0.06585,0.10686,2.622779043280182,7e-05,0.01364,101926.45499999999,0
2025-11-08 22:44:27.044746,101926.45499999999,60.669999999998254,0.059523310214211075,0.0,0.01355,0.17271,0.06585,0.10686,2.622779043280182,7e-05,0.01364,101921.125,0
2025-11-08 22:44:29.078843,101921.125,71.30999999999767,0.06996586821426634,0.0019100000000000198,0.0019100000000000198,0.17401000000000003,0.06524,0.10877000000000002,2.6672286940527283,0.05,9e-05,101926.13,1
2025-11-08 22:44:31.113915,101926.13,61.30000000000291,0.06014159470196986,0.0,-0.0019100000000000198,0.17401000000000003,0.06524,0.10877000000000002,2.6672286940527283,0.00094,9e-05,101898.795,0
2025-11-08 22:44:33.155153,101898.795,89.25,0.0875869042416056,-0.0019099999999999933,-0.0019099999999999933,0.17271,0.06585,0.10686,2.622779043280182,7e-05,0.05,101891.95999999999,0
2025-11-08 22:44:35.190639,101891.95999999999,102.90000000000873,0.10098932241563391,0.001919999999999999,0.0038299999999999923,0.17401000000000003,0.06523,0.10878000000000003,2.667637590065921,0.05,8e-05,101891.95999999999,0
2025-11-08 22:44:37.219019,101891.95999999999,102.90000000000873,0.10098932241563391,0.0,-0.001919999999999999,0.17401000000000003,0.06523,0.10878000000000003,2.667637590065921,0.05,8e-05,101891.95999999999,0
2025-11-08 22:44:39.274496,101891.95999999999,102.90000000000873,0.10098932241563391,0.0,0.0,0.17401000000000003,0.06523,0.10878000000000003,2.667637590065921,0.05,8e-05,101891.95999999999,0
2025-11-08 22:44:41.307574,101891.95999999999,102.90000000000873,0.10098932241563391,0.0,0.0,0.17401000000000003,0.06523,0.10878000000000003,2.667637590065921,0.05,8e-05,101891.95999999999,0
2025-11-08 22:44:43.346247,101891.95999999999,102.90000000000873,0.10098932241563391,0.0,0.0,0.17401000000000003,0.06523,0.10878000000000003,2.667637590065921,0.05,8e-05,101891.95999999999,0
2025-11-08 22:44:45.379726,101891.95999999999,102.90000000000873,0.10098932241563391,0.0,0.0,0.17401000000000003,0.06523,0.10878000000000003,2.667637590065921,0.05,8e-05,101891.95999999999,0
2025-11-08 22:44:47.413585,101891.95999999999,102.90000000000873,0.10098932241563391,0.0,0.0,0.17401000000000003,0.06523,0.10878000000000003,2.667637590065921,0.05,8e-05,101891.95999999999,0
2025-11-08 22:44:49.446500,101891.95999999999,102.90000000000873,0.10098932241563391,0.0,0.0,0.17401000000000003,0.06523,0.10878000000000003,2.667637590065921,0.05,8e-05,101885.83499999999,0
2025-11-08 22:44:51.478752,101885.83499999999,90.65000000000873,0.0889721323872045,-0.0005500000000000026,-0.0005500000000000026,0.17408,0.06585,0.10823,2.6435839028094152,0.05007,0.05,101885.83499999999,0
2025-11-08 22:44:53.512693,101885.83499999999,90.65000000000873,0.0889721323872045,0.0,0.0005500000000000026,0.17408,0.06585,0.10823,2.6435839028094152,0.05007,0.05,101885.83499999999,0
2025-11-08 22:44:55.549846,101885.83499999999,90.65000000000873,0.0889721323872045,0.0,0.0,0.17408,0.06585,0.10823,2.6435839028094152,0.05007,0.05,101871.875,0
2025-11-08 22:44:57.580869,101871.875,99.26999999998952,0.09744593392434321,0.0005599999999999988,0.0005599999999999988,0.17401,0.06522,0.10879,2.6680466114688746,0.05,7e-05,101871.875,0
2025-11-08 22:44:59.610571,101871.875,99.26999999998952,0.09744593392434321,0.0,-0.0005599999999999988,0.17401,0.06522,0.10879,2.6680466114688746,0.05,7e-05,101866.45999999999,0
2025-11-08 22:45:01.644893,101866.45999999999,88.41999999999825,0.08679991431919619,-0.12156,-0.12156,0.05308000000000001,0.06585,-0.012769999999999997,0.806074411541382,7e-05,0.05,101858.07,0
2025-11-08 22:45:03.678584,101858.07,105.18000000000757,0.10326133216544114,0.12156,0.24312,0.17401,0.06522,0.10879,2.6680466114688746,0.05,7e-05,101855.315,0
2025-11-08 22:45:05.711763,101855.315,99.64999999999418,0.09783485525521587,-0.12156,-0.24312,0.05308000000000001,0.06585,-0.012769999999999997,0.806074411541382,7e-05,0.05,101860.305,1
2025-11-08 22:45:07.748696,101860.305,89.65000000000873,0.08801269542635744,0.12157,0.24313,0.17401,0.06521,0.1088,2.668455758319276,0.00094,6e-05,101860.305,0
2025-11-08 22:45:09.779453,101860.305,89.65000000000873,0.08801269542635744,0.0,-0.12157,0.17401,0.06521,0.1088,2.668455758319276,0.00094,6e-05,101855.31,0
2025-11-08 22:45:11.809530,101855.31,99.63999999999942,0.09782504220938448,-0.12093,-0.12093,0.05308000000000001,0.06521,-0.012129999999999995,0.8139855850329705,7e-05,6e-05,101817.535,0
2025-11-08 22:45:13.849406,101817.535,74.55000000000291,0.07321921513814188,-0.12093999999999999,-9.999999999996123e-06,0.05308000000000001,0.18614999999999998,-0.13306999999999997,0.28514638732205216,0.0007,0.05,101817.535,0
2025-11-08 22:45:15.897209,101817.535,74.55000000000291,0.07321921513814188,7.999999999999934e-05,0.12101999999999999,0.05308000000000001,0.18606999999999999,-0.13298999999999997,0.28526898479067025,0.0007,0.05,101817.535,0
2025-11-08 22:45:17.936849,101817.535,74.55000000000291,0.07321921513814188,0.0,-7.999999999999934e-05,0.05308000000000001,0.18606999999999999,-0.13298999999999997,0.28526898479067025,0.0007,0.05,101817.535,0
2025-11-08 22:45:20.011844,101817.535,74.55000000000291,0.07321921513814188,0.0,0.0,0.05308000000000001,0.18606999999999999,-0.13298999999999997,0.28526898479067025,0.0007,0.05,101817.535,0
2025-11-08 22:45:22.046139,101817.535,74.55000000000291,0.07321921513814188,0.0,0.0,0.05308000000000001,0.18606999999999999,-0.13298999999999997,0.28526898479067025,0.0007,0.05,101817.535,0
2025-11-08 22:45:24.078670,101817.535,74.55000000000291,0.07321921513814188,0.0,0.0,0.05308000000000001,0.18606999999999999,-0.13298999999999997,0.28526898479067025,0.0007,0.05,101817.535,0
2025-11-08 22:45:26.166527,101817.535,74.55000000000291,0.07321921513814188,0.0,0.0,0.05308000000000001,0.18606999999999999,-0.13298999999999997,0.28526898479067025,0.0007,0.05,101817.535,0
2025-11-08 22:45:28.196046,101817.535,74.55000000000291,0.07321921513814188,0.0006300000000000026,0.0006300000000000026,0.05371000000000001,0.18606999999999999,-0.13235999999999998,0.2886548073305746,0.0007,0.05,101817.535,0
2025-11-08 22:45:30.226052,101817.535,74.55000000000291,0.07321921513814188,-7.999999999999934e-05,-0.000710000000000002,0.05371000000000001,0.18614999999999998,-0.13243999999999997,0.28853075476766055,0.0007,0.05,101817.535,0
2025-11-08 22:45:32.258583,101817.535,74.55000000000291,0.07321921513814188,0.0,7.999999999999934e-05,0.05371000000000001,0.18614999999999998,-0.13243999999999997,0.28853075476766055,0.0007,0.05,101817.535,0
2025-11-08 22:45:34.289513,101817.535,74.55000000000291,0.07321921513814188,0.0,0.0,0.05371000000000001,0.18614999999999998,-0.13243999999999997,0.28853075476766055,0.0007,0.05,101817.535,0
2025-11-08 22:45:36.320770,101817.535,74.55000000000291,0.07321921513814188,0.0,0.0,0.05371000000000001,0.18614999999999998,-0.13243999999999997,0.28853075476766055,0.0007,0.05,101817.535,0
2025-11-08 22:45:38.403925,101817.535,74.55000000000291,0.07321921513814188,0.0,0.0,0.05371000000000001,0.18614999999999998,-0.13243999999999997,0.28853075476766055,0.0007,0.05,101812.31,0
2025-11-08 22:45:40.437042,101812.31,64.10000000000582,0.06295898796521346,0.0,0.0,0.05371000000000001,0.18614999999999998,-0.13243999999999997,0.28853075476766055,0.0007,0.05,101808.945,0
2025-11-08 22:45:42.469336,101808.945,57.370000000009895,0.05635064777462323,0.012720000000000002,0.012720000000000002,0.052840000000000005,0.17256000000000002,-0.11972000000000002,0.30621233194251274,0.0007,0.05,101808.945,0
2025-11-08 22:45:44.500745,101808.945,57.370000000009895,0.05635064777462323,0.0002199999999999971,-0.012500000000000004,0.05371000000000001,0.17321,-0.1195,0.3100860227469546,0.0007,0.05,101808.945,0
2025-11-08 22:45:46.530153,101808.945,57.370000000009895,0.05635064777462323,0.0,-0.0002199999999999971,0.05371000000000001,0.17321,-0.1195,0.3100860227469546,0.0007,0.05,101788.33499999999,0
2025-11-08 22:45:48.561545,101788.33499999999,98.59000000001106,0.09685785704227412,-0.013489999999999997,-0.013489999999999997,0.040220000000000006,0.17321,-0.13299,0.23220368339010453,0.03706,0.05,101793.33499999999,1
2025-11-08 22:45:50.594405,101793.33499999999,88.59000000001106,0.08702927357671411,-6.071532165918825e-18,0.013489999999999992,0.040220000000000006,0.17321,-0.13299,0.23220368339010453,0.00094,0.05,101788.33499999999,0
2025-11-08 22:45:52.629723,101788.33499999999,98.59000000001106,0.09685785704227412,-5.9631119486702744e-18,1.0842021724855044e-19,0.040220000000000006,0.17321,-0.13299,0.23220368339010453,0.03706,0.05,101788.33499999999,0
2025-11-08 22:45:54.683716,101788.33499999999,98.59000000001106,0.09685785704227412,0.0,5.9631119486702744e-18,0.040220000000000006,0.17321,-0.13299,0.23220368339010453,0.03706,0.05,101788.32999999999,0
2025-11-08 22:45:56.717915,101788.32999999999,98.58000000000175,0.09684803749113652,0.00012999999999997996,0.00012999999999997996,0.04027,0.17313,-0.13286,0.23259978051175417,0.03711,7e-05,101785.65,0
2025-11-08 22:45:58.756008,101785.65,93.22000000000116,0.09158461924642733,0.0,-0.00012999999999997996,0.04027,0.17313,-0.13286,0.23259978051175417,0.03711,0.05,101785.65,0
2025-11-08 22:46:00.785684,101785.65,93.22000000000116,0.09158461924642733,0.0,0.0,0.04027,0.17313,-0.13286,0.23259978051175417,0.03711,0.05,101785.65,0
2025-11-08 22:46:02.820156,101785.65,93.22000000000116,0.09158461924642733,0.0,0.0,0.04027,0.17313,-0.13286,0.23259978051175417,0.03711,0.05,101785.65,0
2025-11-08 22:46:04.930216,101785.65,93.22000000000116,0.09158461924642733,0.0,0.0,0.04027,0.17313,-0.13286,0.23259978051175417,0.03711,0.05,101785.65,0
2025-11-08 22:46:06.961079,101785.65,93.22000000000116,0.09158461924642733,0.0,0.0,0.04027,0.17313,-0.13286,0.23259978051175417,0.03711,0.05,101785.65,0
2025-11-08 22:46:08.997939,101785.65,93.22000000000116,0.09158461924642733,-7.999999999999934e-05,-7.999999999999934e-05,0.04027,0.17321,-0.13294,0.23249235032619364,0.03711,0.05,101785.64499999999,0
2025-11-08 22:46:11.105295,101785.64499999999,93.2100000000064,0.09157479917723803,7.999999999998546e-05,0.0001599999999999848,0.04027,0.17313,-0.13286,0.23259978051175417,0.03711,7e-05,101785.64499999999,0
2025-11-08 22:46:13.137723,101785.64499999999,93.2100000000064,0.09157479917723803,0.0,-7.999999999998546e-05,0.04027,0.17313,-0.13286,0.23259978051175417,0.03711,7e-05,101785.545,0
2025-11-08 22:46:15.178340,101785.545,73.02999999999884,0.07174889125955836,0.012810000000000023,0.012810000000000023,0.05316,0.17321,-0.12005,0.306910686449974,0.00094,0.05,101780.545,0
2025-11-08 22:46:17.212720,101780.545,83.02999999999884,0.08157747632418243,-4.119968255444917e-18,-0.012810000000000026,0.053160000000000006,0.17321,-0.12004999999999999,0.30691068644997405,0.00015,0.05,101779.305,0
2025-11-08 22:46:19.248235,101779.305,80.55000000000291,0.07914182554105957,0.0,4.119968255444917e-18,0.053160000000000006,0.17321,-0.12004999999999999,0.30691068644997405,0.00015,0.05,101779.305,0
2025-11-08 22:46:21.280427,101779.305,80.55000000000291,0.07914182554105957,0.0,0.0,0.053160000000000006,0.17321,-0.12004999999999999,0.30691068644997405,0.00015,0.05,101785.985,1
2025-11-08 22:46:23.313702,101785.985,93.91000000000349,0.0922622107552464,0.0,0.0,0.053160000000000006,0.17321,-0.12004999999999999,0.30691068644997405,0.00015,0.05,101785.985,0
2025-11-08 22:46:25.345891,101785.985,93.91000000000349,0.0922622107552464,0.0,0.0,0.053160000000000006,0.17321,-0.12004999999999999,0.30691068644997405,0.00015,0.05,101782.015,0
2025-11-08 22:46:27.380696,101782.015,85.97000000000116,0.08446482416368074,-0.0009000000000000049,-0.0009000000000000049,0.05226000000000001,0.17321,-0.12095,0.3017146816003695,0.00015,0.05,101782.015,0
2025-11-08 22:46:29.413979,101782.015,85.97000000000116,0.08446482416368074,0.0,0.0009000000000000049,0.05226000000000001,0.17321,-0.12095,0.3017146816003695,0.00015,0.05,101782.015,0
2025-11-08 22:46:31.448510,101782.015,85.97000000000116,0.08446482416368074,0.0,0.0,0.05226000000000001,0.17321,-0.12095,0.3017146816003695,0.00015,0.05,101782.015,0
2025-11-08 22:46:33.483818,101782.015,85.97000000000116,0.08446482416368074,0.0,0.0,0.05226000000000001,0.17321,-0.12095,0.3017146816003695,0.00015,0.05,101782.015,0
2025-11-08 22:46:35.514174,101782.015,85.97000000000116,0.08446482416368074,0.0,0.0,0.05226000000000001,0.17321,-0.12095,0.3017146816003695,0.00015,0.05,101782.015,0
2025-11-08 22:46:37.550721,101782.015,85.97000000000116,0.08446482416368074,0.0,0.0,0.05226000000000001,0.17321,-0.12095,0.3017146816003695,0.00015,0.05,101782.015,0
2025-11-08 22:46:39.581654,101782.015,85.97000000000116,0.08446482416368074,0.0,0.0,0.05226000000000001,0.17321,-0.12095,0.3017146816003695,0.00015,0.05,101782.015,0
2025-11-08 22:46:41.616539,101782.015,85.97000000000116,0.08446482416368074,0.0,0.0,0.05226000000000001,0.17321,-0.12095,0.3017146816003695,0.00015,0.05,101782.015,0
2025-11-08 22:46:43.650978,101782.015,85.97000000000116,0.08446482416368074,0.0,0.0,0.05226000000000001,0.17321,-0.12095,0.3017146816003695,0.00015,0.05,101782.015,0
2025-11-08 22:46:45.683901,101782.015,85.97000000000116,0.08446482416368074,0.0,0.0,0.05226000000000001,0.17321,-0.12095,0.3017146816003695,0.00015,0.05,101782.015,0
2025-11-08 22:46:47.717551,101782.015,85.97000000000116,0.08446482416368074,0.0,0.0,0.05226000000000001,0.17321,-0.12095,0.3017146816003695,0.00015,0.05,101782.015,0
2025-11-08 22:46:49.749522,101782.015,85.97000000000116,0.08446482416368074,0.0,0.0,0.05226000000000001,0.17321,-0.12095,0.3017146816003695,0.00015,0.05,101782.015,0
2025-11-08 22:46:51.781731,101782.015,85.97000000000116,0.08446482416368074,0.0,0.0,0.05226000000000001,0.17321,-0.12095,0.3017146816003695,0.00015,0.05,101782.015,0
2025-11-08 22:46:53.817173,101782.015,85.97000000000116,0.08446482416368074,0.0,0.0,0.05226000000000001,0.17321,-0.12095,0.3017146816003695,0.00015,0.05,101782.015,0
2025-11-08 22:46:55.850668,101782.015,85.97000000000116,0.08446482416368074,0.0,0.0,0.05226000000000001,0.17321,-0.12095,0.3017146816003695,0.00015,0.05,101782.015,0
2025-11-08 22:46:57.886665,101782.015,85.97000000000116,0.08446482416368074,0.0,0.0,0.05226,0.17321,-0.12095,0.3017146816003695,0.00015,0.05,101773.48,0
2025-11-08 22:46:59.919733,101773.48,68.89999999999418,0.0676993652963367,0.0,0.0,0.05226,0.17321,-0.12095,0.3017146816003695,0.00015,0.05,101768.405,0
2025-11-08 22:47:01.963860,101768.405,58.75,0.05772911543617098,0.0,0.0,0.05226,0.17321,-0.12095,0.3017146816003695,0.00015,0.05,101763.38,0
2025-11-08 22:47:03.995439,101763.38,48.69999999999709,0.04785611484209456,0.0009799999999999924,0.0009799999999999924,0.053160000000000006,0.17313,-0.11997,0.3070525038988044,0.00015,7e-05,101760.57,0
2025-11-08 22:47:06.031756,101760.57,43.080000000001746,0.04233466852632777,-0.22188000000000002,-0.22286,0.05321000000000001,0.39505999999999997,-0.34185,0.13468840176175773,0.00015,0.05,101760.565,0
2025-11-08 22:47:08.065870,101760.565,43.070000000006985,0.042324843616981675,0.2234,0.44528,0.053450000000000004,0.1719,-0.11845,0.3109365910413031,1e-05,6e-05,101760.565,0
2025-11-08 22:47:10.099965,101760.565,43.070000000006985,0.042324843616981675,-0.00074999999999999,-0.22415,0.053500000000000006,0.1727,-0.11919999999999999,0.3097857556456283,1e-05,6e-05,101760.565,0
2025-11-08 22:47:12.133795,101760.565,43.070000000006985,0.042324843616981675,0.0,0.00074999999999999,0.053500000000000006,0.1727,-0.11919999999999999,0.3097857556456283,1e-05,6e-05,101760.565,0
2025-11-08 22:47:14.221843,101760.565,43.070000000006985,0.042324843616981675,-5.000000000000013e-05,-5.000000000000013e-05,0.053450000000000004,0.1727,-0.11925,0.3094962362478286,1e-05,6e-05,101760.565,0
2025-11-08 22:47:16.250267,101760.565,43.070000000006985,0.042324843616981675,0.0,5.000000000000013e-05,0.053450000000000004,0.1727,-0.11925,0.3094962362478286,1e-05,6e-05,101760.565,0
2025-11-08 22:47:18.293897,101760.565,43.070000000006985,0.042324843616981675,0.0,0.0,0.053450000000000004,0.1727,-0.11925,0.3094962362478286,1e-05,6e-05,101760.565,0
2025-11-08 22:47:20.325798,101760.565,43.070000000006985,0.042324843616981675,0.0,0.0,0.053450000000000004,0.1727,-0.11925,0.3094962362478286,1e-05,6e-05,101760.565,0
2025-11-08 22:47:22.358576,101760.565,43.070000000006985,0.042324843616981675,0.0,0.0,0.053450000000000004,0.1727,-0.11925,0.3094962362478286,1e-05,6e-05,101760.565,0
2025-11-08 22:47:24.395692,101760.565,43.070000000006985,0.042324843616981675,5.000000000000013e-05,5.000000000000013e-05,0.053500000000000006,0.1727,-0.11919999999999999,0.3097857556456283,1e-05,6e-05,101765.64499999999,1
2025-11-08 22:47:26.431958,101765.64499999999,53.229999999995925,0.05230645371529452,-7.999999999999674e-05,-0.00012999999999999687,0.053500000000000006,0.17278,-0.11927999999999998,0.30964231971292977,1e-05,0.05,101765.64,0
2025-11-08 22:47:28.497210,101765.64,53.220000000001164,0.05229662978585028,0.12088,0.12096,0.053450000000000004,0.05185000000000001,0.0015999999999999973,1.0308582449373191,1e-05,7e-05,101765.64,0
2025-11-08 22:47:30.530314,101765.64,53.220000000001164,0.05229662978585028,5.000000000000013e-05,-0.12083,0.053500000000000006,0.05185000000000001,0.0016499999999999987,1.0318225650916104,1e-05,7e-05,101765.64,0
2025-11-08 22:47:32.567480,101765.64,53.220000000001164,0.05229662978585028,0.0,-5.000000000000013e-05,0.053500000000000006,0.05185000000000001,0.0016499999999999987,1.0318225650916104,1e-05,7e-05,101765.64,0
2025-11-08 22:47:34.597051,101765.64,53.220000000001164,0.05229662978585028,0.0,0.0,0.053500000000000006,0.05185000000000001,0.0016499999999999987,1.0318225650916104,1e-05,7e-05,101765.64,0
2025-11-08 22:47:36.632200,101765.64,53.220000000001164,0.05229662978585028,-5.000000000000013e-05,-5.000000000000013e-05,0.053450000000000004,0.05185000000000001,0.0015999999999999973,1.0308582449373191,1e-05,7e-05,101781.815,1
2025-11-08 22:47:38.672218,101781.815,85.57000000000698,0.08407199262462256,-0.0002500000000000002,-0.0002000000000000001,0.17413,0.17278,0.0013500000000000179,1.0078134043292049,1e-05,0.05,101781.81,0
2025-11-08 22:47:40.714516,101781.81,85.55999999999767,0.08406217181635665,0.12088,0.12113,0.17408,0.05185000000000001,0.12223,3.357377049180328,1e-05,7e-05,101786.89,1
2025-11-08 22:47:42.750905,101786.89,77.4200000000128,0.07606087581614175,-0.12188,-0.24276,0.17313,0.17278,0.00035000000000001696,1.0020256974186827,0.05,0.00094,101806.42,1
2025-11-08 22:47:44.781524,101806.42,99.01999999998952,0.09726302133007872,0.12087,0.24275000000000002,0.17308,0.05186,0.12122000000000001,3.3374469726185887,0.05,8e-05,101794.725,0
2025-11-08 22:47:46.821441,101794.725,75.61000000000058,0.07427693330867643,-0.24187999999999998,-0.36275,0.05212000000000001,0.17278,-0.12065999999999999,0.30165528417640936,4e-05,0.05,101782.565,0
2025-11-08 22:47:48.855091,101782.565,87.07000000000698,0.08554510293585839,0.24289,0.48477,0.17408,0.05185000000000001,0.12223,3.357377049180328,1e-05,7e-05,101782.565,0
2025-11-08 22:47:50.890034,101782.565,87.07000000000698,0.08554510293585839,-0.12063,-0.36352,0.053450000000000004,0.05185000000000001,0.0015999999999999973,1.0308582449373191,1e-05,7e-05,101782.565,0
2025-11-08 22:47:52.924952,101782.565,87.07000000000698,0.08554510293585839,0.12068,0.24131,0.17413,0.05185000000000001,0.12228,3.3583413693346187,1e-05,7e-05,101782.565,0
2025-11-08 22:47:54.974779,101782.565,87.07000000000698,0.08554510293585839,0.0,-0.12068,0.17413,0.05185000000000001,0.12228,3.3583413693346187,1e-05,7e-05,101782.565,0
2025-11-08 22:47:57.008851,101782.565,87.07000000000698,0.08554510293585839,0.0,0.0,0.17413,0.05185000000000001,0.12228,3.3583413693346187,1e-05,7e-05,101782.565,0
2025-11-08 22:47:59.042814,101782.565,87.07000000000698,0.08554510293585839,0.0,0.0,0.17413,0.05185000000000001,0.12228,3.3583413693346187,1e-05,7e-05,101782.565,0
2025-11-08 22:48:01.078010,101782.565,87.07000000000698,0.08554510293585839,0.0,0.0,0.17413,0.05185000000000001,0.12228,3.3583413693346187,1e-05,7e-05,101782.565,0
2025-11-08 22:48:03.112554,101782.565,87.07000000000698,0.08554510293585839,0.0,0.0,0.17413,0.05185000000000001,0.12228,3.3583413693346187,1e-05,7e-05,101782.565,0
2025-11-08 22:48:05.141875,101782.565,87.07000000000698,0.08554510293585839,0.0,0.0,0.17413,0.05185000000000001,0.12228,3.3583413693346187,1e-05,7e-05,101782.565,0
2025-11-08 22:48:07.170046,101782.565,87.07000000000698,0.08554510293585839,0.0,0.0,0.17413,0.05185000000000001,0.12228,3.3583413693346187,1e-05,7e-05,101782.565,0
2025-11-08 22:48:09.204341,101782.565,87.07000000000698,0.08554510293585839,-5.000000000000013e-05,-5.000000000000013e-05,0.17408,0.05185000000000001,0.12223,3.357377049180328,1e-05,7e-05,101782.565,0
2025-11-08 22:48:11.236321,101782.565,87.07000000000698,0.08554510293585839,5.000000000000013e-05,0.00010000000000000026,0.17413,0.05185000000000001,0.12228,3.3583413693346187,1e-05,7e-05,101789.505,1
2025-11-08 22:48:13.266510,101789.505,89.86999999999534,0.08829004522617075,-0.12198,-0.12203,0.17308,0.17278,0.00030000000000002247,1.0017363120731568,0.05,0.05,101789.505,0
2025-11-08 22:48:15.296951,101789.505,89.84999999999127,0.08827039683510718,-2.999999999998837e-05,0.12195000000000002,0.05213000000000001,0.05186,0.00027000000000000635,1.0052063247204013,5e-05,8e-05,101789.505,0
2025-11-08 22:48:17.330310,101789.505,89.84999999999127,0.08827039683510718,0.0,2.999999999998837e-05,0.05213000000000001,0.05186,0.00027000000000000635,1.0052063247204013,5e-05,8e-05,101789.505,0
2025-11-08 22:48:19.415867,101789.505,89.84999999999127,0.08827039683510718,0.0,0.0,0.05213000000000001,0.05186,0.00027000000000000635,1.0052063247204013,5e-05,8e-05,101789.505,0
2025-11-08 22:48:21.447394,101789.505,89.84999999999127,0.08827039683510718,0.0,0.0,0.05213000000000001,0.05186,0.00027000000000000635,1.0052063247204013,5e-05,8e-05,101789.505,0
2025-11-08 22:48:23.481477,101789.505,89.84999999999127,0.08827039683510718,0.0,0.0,0.05213000000000001,0.05186,0.00027000000000000635,1.0052063247204013,5e-05,8e-05,101789.505,0
2025-11-08 22:48:25.513967,101789.505,89.84999999999127,0.08827039683510718,0.0,0.0,0.05213000000000001,0.05186,0.00027000000000000635,1.0052063247204013,5e-05,8e-05,101789.505,0
2025-11-08 22:48:27.547113,101789.505,89.84999999999127,0.08827039683510718,0.0,0.0,0.05213000000000001,0.05186,0.00027000000000000635,1.0052063247204013,5e-05,8e-05,101789.505,0
2025-11-08 22:48:29.577517,101789.505,89.84999999999127,0.08827039683510718,0.0,0.0,0.05213000000000001,0.05186,0.00027000000000000635,1.0052063247204013,5e-05,8e-05,101807.12,1
2025-11-08 22:48:31.608345,101807.12,89.38000000000466,0.08779346670449441,0.12093999999999999,0.12093999999999999,0.17308,0.051870000000000006,0.12121000000000001,3.336803547329863,0.05,9e-05,101818.87,1
2025-11-08 22:48:33.639227,101818.87,99.63999999999942,0.09786005285660647,-0.12222999999999999,-0.24317,0.05212000000000001,0.05314000000000001,-0.00102,0.9808054196462176,0.05,0.05,101818.87,0
2025-11-08 22:48:35.671812,101818.87,99.63999999999942,0.09786005285660647,0.0,0.12222999999999999,0.05212000000000001,0.05314000000000001,-0.00102,0.9808054196462176,0.05,0.05,101818.86499999999,0
2025-11-08 22:48:37.701543,101818.86499999999,99.6299999999901,0.09785023629952083,0.12221999999999998,0.12221999999999998,0.17308,0.05188000000000001,0.1212,3.336160370084811,0.05,0.0001,101815.70999999999,0
2025-11-08 22:48:39.736277,101815.70999999999,93.30000000000291,0.09163615320268642,-0.12222,-0.24444,0.05212000000000001,0.05314000000000001,-0.00102,0.9808054196462176,4e-05,0.05,101815.70999999999,0
2025-11-08 22:48:41.771078,101815.70999999999,93.30000000000291,0.09163615320268642,0.0,0.12222,0.05212000000000001,0.05314000000000001,-0.00102,0.9808054196462176,4e-05,0.05,101815.70999999999,0
2025-11-08 22:48:43.803888,101815.70999999999,93.30000000000291,0.09163615320268642,0.0,0.0,0.05212000000000001,0.05314000000000001,-0.00102,0.9808054196462176,4e-05,0.05,101815.70999999999,0
2025-11-08 22:48:45.835891,101815.70999999999,93.30000000000291,0.09163615320268642,0.0,0.0,0.05212000000000001,0.05314000000000001,-0.00102,0.9808054196462176,4e-05,0.05,101819.975,1
2025-11-08 22:48:47.867757,101819.975,101.83000000000175,0.10000984580874404,0.0012500000000000046,0.0012500000000000046,0.05212000000000001,0.051890000000000006,0.00023000000000000104,1.0044324532665254,4e-05,0.00011,101822.83,1
2025-11-08 22:48:49.900771,101822.83,96.11999999999534,0.09439926193368947,0.12096,0.11971,0.17308,0.051890000000000006,0.12119,3.335517440740027,0.05,0.00011,101822.83,0
2025-11-08 22:48:51.949583,101822.83,96.11999999999534,0.09439926193368947,0.0,-0.12096,0.17308,0.051890000000000006,0.12119,3.335517440740027,0.05,0.00011,101822.83,0
2025-11-08 22:48:53.982437,101822.83,96.11999999999534,0.09439926193368947,0.0,0.0,0.17308,0.051890000000000006,0.12119,3.335517440740027,0.05,0.00011,101826.39499999999,1
2025-11-08 22:48:56.060754,101826.39499999999,88.99000000000524,0.08739384321717886,3.000000000000008e-05,3.000000000000008e-05,0.17311,0.051890000000000006,0.12122000000000001,3.3360955868182693,0.05,0.00011,101826.39499999999,0
2025-11-08 22:48:58.096630,101826.39499999999,88.99000000000524,0.08739384321717886,0.048639999999999996,0.048609999999999993,0.17311,0.00325,0.16986,53.26461538461539,0.05,0.00011,101842.225,1
2025-11-08 22:49:00.129169,101842.225,96.56999999999243,0.09482314432937068,-0.04992,-0.09856,0.17308,0.05314000000000001,0.11994,3.2570568310124197,0.05,0.0007,101842.23,1
2025-11-08 22:49:02.160524,101842.23,96.55999999999767,0.09481332056456117,0.0005800000000000007,0.0505,0.17241,0.051890000000000006,0.12052,3.322605511659279,3e-05,0.0007,101846.08499999999,1
2025-11-08 22:49:04.193961,101846.08499999999,88.84999999999127,0.087239484954175,0.0,-0.0005800000000000007,0.17241,0.051890000000000006,0.12052,3.322605511659279,0.05,0.0007,101849.4,1
2025-11-08 22:49:06.222595,101849.4,82.22000000000116,0.08072703422897058,0.0007000000000000062,0.0007000000000000062,0.17311,0.051890000000000006,0.12122000000000001,3.3360955868182693,0.05003,0.0007,101849.4,0
2025-11-08 22:49:08.254665,101849.4,82.22000000000116,0.08072703422897058,0.0,-0.0007000000000000062,0.17311,0.051890000000000006,0.12122000000000001,3.3360955868182693,0.05003,0.0007,101852.56,1
2025-11-08 22:49:10.289371,101852.56,75.89999999999418,0.07451948188636023,-2.9999999999995308e-05,-2.9999999999995308e-05,0.17308,0.051890000000000006,0.12119,3.335517440740027,0.05,0.0007,101852.565,1
2025-11-08 22:49:12.320562,101852.565,75.88999999999942,0.07450966011508833,-0.0006800000000000139,-0.0006500000000000186,0.1724,0.051890000000000006,0.12050999999999999,3.3224127962998646,2e-05,0.0007,101864.54999999999,1
2025-11-08 22:49:14.353730,101864.54999999999,51.919999999998254,0.05096964547528876,0.0007100000000000139,0.001390000000000028,0.17308,0.05186,0.12122000000000001,3.3374469726185887,0.05,0.00067,101864.54999999999,0
2025-11-08 22:49:16.390270,101864.54999999999,51.919999999998254,0.05096964547528876,0.0,-0.0007100000000000139,0.17308,0.05186,0.12122000000000001,3.3374469726185887,0.05,0.00067,101857.575,0
2025-11-08 22:49:18.429054,101857.575,65.86999999999534,0.0646687298416395,0.0,0.0,0.17308,0.05186,0.12122000000000001,3.3374469726185887,0.05,0.00067,101850.45,0
2025-11-08 22:49:20.484111,101850.45,80.11999999999534,0.07866435543485113,0.0,0.0,0.17308,0.05186,0.12122000000000001,3.3374469726185887,0.05,0.00067,101843.275,0
2025-11-08 22:49:22.517527,101843.275,94.47000000000116,0.09276017488636454,-0.001230000000000002,-0.001230000000000002,0.1731,0.053110000000000004,0.11999,3.259273206552438,0.05002,0.00067,101843.275,0
2025-11-08 22:49:24.550099,101843.275,94.47000000000116,0.09276017488636454,0.001239999999999998,0.00247,0.17308,0.05185,0.12123,3.3380906460945035,0.05,0.00067,101843.275,0
2025-11-08 22:49:26.581694,101843.275,94.47000000000116,0.09276017488636454,0.0,-0.001239999999999998,0.17308,0.05185,0.12123,3.3380906460945035,0.05,0.00067,101843.275,0
2025-11-08 22:49:28.609945,101843.275,94.47000000000116,0.09276017488636454,0.0,0.0,0.17308,0.05185,0.12123,3.3380906460945035,0.05,0.00067,101843.275,0
2025-11-08 22:49:30.650403,101843.275,94.47000000000116,0.09276017488636454,4.999999999999449e-05,4.999999999999449e-05,0.17313,0.05185,0.12128,3.3390549662487947,0.05005,0.00067,101843.275,0
2025-11-08 22:49:32.680012,101843.275,94.47000000000116,0.09276017488636454,0.0,-4.999999999999449e-05,0.17313,0.05185,0.12128,3.3390549662487947,0.05005,0.00067,101843.275,0
2025-11-08 22:49:34.713582,101843.275,94.47000000000116,0.09276017488636454,-4.999999999999449e-05,-4.999999999999449e-05,0.17308,0.05185,0.12123,3.3380906460945035,0.05,0.00067,101843.275,0
2025-11-08 22:49:36.747577,101843.275,94.47000000000116,0.09276017488636454,0.0,4.999999999999449e-05,0.17308,0.05185,0.12123,3.3380906460945035,0.05,0.00067,101851.305,1
2025-11-08 22:49:38.777090,101851.305,78.40999999998894,0.07698477697461897,-0.0012599999999999972,-0.0012599999999999972,0.17308,0.053110000000000004,0.11997000000000001,3.2588966296366033,0.05,0.00067,101851.305,0
2025-11-08 22:49:40.809890,101851.305,78.40999999998894,0.07698477697461897,0.0,0.0012599999999999972,0.17308,0.053110000000000004,0.11997000000000001,3.2588966296366033,0.05,0.00067,101851.305,0
2025-11-08 22:49:42.843662,101851.305,78.40999999998894,0.07698477697461897,0.0,0.0,0.17308,0.053110000000000004,0.11997000000000001,3.2588966296366033,0.05,0.00067,101851.305,0
2025-11-08 22:49:44.954940,101851.305,78.40999999998894,0.07698477697461897,0.0,0.0,0.17308,0.053110000000000004,0.11997000000000001,3.2588966296366033,0.05,0.00067,101851.31,1
2025-11-08 22:49:46.993417,101851.31,78.39999999999418,0.07697495496130013,0.0005999999999999894,0.0005999999999999894,0.17243,0.05186,0.12057,3.3249132279213263,5e-05,0.00067,101833.325,0
2025-11-08 22:49:49.026865,101833.325,99.25,0.09746318309846015,-0.0005999999999999964,-0.0011999999999999858,0.17308,0.053110000000000004,0.11997000000000001,3.2588966296366033,0.05,0.05,101827.60500000001,0
2025-11-08 22:49:51.060067,101827.60500000001,87.7899999999936,0.08621434236815606,0.0005999999999999886,0.001199999999999985,0.17243,0.05186,0.12057,3.3249132279213263,5e-05,0.05,101820.57,0
2025-11-08 22:49:53.093322,101820.57,101.84000000001106,0.10001908258813622,-0.0005999999999999986,-0.001199999999999987,0.17308,0.053110000000000004,0.11997000000000001,3.2588966296366033,0.05,0.00094,101797.09,0
2025-11-08 22:49:55.127778,101797.09,98.19999999999709,0.09646641176088343,-0.11968999999999999,-0.11908999999999999,0.05213000000000001,0.05185000000000001,0.00028000000000000247,1.0054001928640308,5e-05,0.05,101797.09,0
2025-11-08 22:49:57.161029,101797.09,98.19999999999709,0.09646641176088343,0.0,0.11968999999999999,0.05213000000000001,0.05185000000000001,0.00028000000000000247,1.0054001928640308,5e-05,0.05,101797.09,0
2025-11-08 22:49:59.195070,101797.09,98.19999999999709,0.09646641176088343,0.0,0.0,0.05213000000000001,0.05185000000000001,0.00028000000000000247,1.0054001928640308,5e-05,0.05,101797.09,0
2025-11-08 22:50:01.226559,101797.09,98.19999999999709,0.09646641176088343,0.0,0.0,0.05213000000000001,0.05185000000000001,0.00028000000000000247,1.0054001928640308,5e-05,0.05,101797.09,0
2025-11-08 22:50:03.259992,101797.09,98.19999999999709,0.09646641176088343,0.0,0.0,0.05213000000000001,0.05185000000000001,0.00028000000000000247,1.0054001928640308,5e-05,0.05,101797.09,0
2025-11-08 22:50:05.303103,101797.09,98.19999999999709,0.09646641176088343,0.0,0.0,0.05213000000000001,0.05185000000000001,0.00028000000000000247,1.0054001928640308,5e-05,0.05,101797.09,0
2025-11-08 22:50:07.339069,101797.09,98.19999999999709,0.09646641176088343,0.0,0.0,0.05213000000000001,0.05185000000000001,0.00028000000000000247,1.0054001928640308,5e-05,0.05,101797.09,0
2025-11-08 22:50:09.373486,101797.09,98.19999999999709,0.09646641176088343,0.0,0.0,0.05213000000000001,0.05185000000000001,0.00028000000000000247,1.0054001928640308,5e-05,0.05,101797.08499999999,0
2025-11-08 22:50:11.404504,101797.08499999999,98.2100000000064,0.09647623996306615,4.999999999999449e-05,4.999999999999449e-05,0.17308,0.17275000000000001,0.00032999999999999696,1.0019102749638205,0.05,0.05,101790.075,0
2025-11-08 22:50:13.437272,101790.075,102.08999999999651,0.1002946505344421,0.0010000000000000009,0.0009500000000000064,0.17408,0.17275000000000001,0.0013299999999999979,1.007698986975398,1e-05,0.05,101782.515,0
2025-11-08 22:50:15.476241,101782.515,86.97000000000116,0.08544689625718245,-0.0010299999999999893,-0.00202999999999999,0.05213,0.05183,0.00030000000000000165,1.0057881535790083,1e-05,8e-05,101793.32500000001,1
2025-11-08 22:50:17.506962,101793.32500000001,92.88999999999942,0.09125352767482486,2.999999999998837e-05,0.0010599999999999776,0.17308,0.17275000000000001,0.00032999999999999696,1.0019102749638205,0.05,0.05,101793.32500000001,0
2025-11-08 22:50:19.538608,101793.32500000001,92.88999999999942,0.09125352767482486,0.0,-2.999999999998837e-05,0.17308,0.17275000000000001,0.00032999999999999696,1.0019102749638205,0.05,0.05,101793.32500000001,0
2025-11-08 22:50:21.573537,101793.32500000001,92.88999999999942,0.09125352767482486,0.0,0.0,0.17308,0.17275000000000001,0.00032999999999999696,1.0019102749638205,0.05,0.05,101793.325,0
2025-11-08 22:50:23.606965,101793.325,92.86999999999534,0.09123388002110684,-4.999999999999449e-05,-4.999999999999449e-05,0.05212000000000001,0.051840000000000004,0.00028000000000000247,1.0054012345679013,4e-05,9e-05,101802.66,1
2025-11-08 22:50:25.640818,101802.66,100.72000000000116,0.09893651108920057,4.999999999999449e-05,9.999999999998899e-05,0.17308,0.17275000000000001,0.00032999999999999696,1.0019102749638205,0.05,0.05,101802.66,0
2025-11-08 22:50:27.676663,101802.66,100.72000000000116,0.09893651108920057,0.0,-4.999999999999449e-05,0.17308,0.17275000000000001,0.00032999999999999696,1.0019102749638205,0.05,0.05,101802.66,0
2025-11-08 22:50:29.715555,101802.66,100.72000000000116,0.09893651108920057,0.0,0.0,0.17308,0.17275000000000001,0.00032999999999999696,1.0019102749638205,0.05,0.05,101802.66,0
2025-11-08 22:50:31.751817,101802.66,100.72000000000116,0.09893651108920057,0.0,0.0,0.17308,0.17275000000000001,0.00032999999999999696,1.0019102749638205,0.05,0.05,101802.66,0
2025-11-08 22:50:33.787407,101802.66,100.72000000000116,0.09893651108920057,0.0,0.0,0.17308,0.17275000000000001,0.00032999999999999696,1.0019102749638205,0.05,0.05,101802.66,0
2025-11-08 22:50:35.816363,101802.66,100.72000000000116,0.09893651108920057,0.0,0.0,0.17308,0.17275000000000001,0.00032999999999999696,1.0019102749638205,0.05,0.05,101802.66,0
2025-11-08 22:50:37.848125,101802.66,100.69999999999709,0.09891686523711372,-6.0000000000004494e-05,-6.0000000000004494e-05,0.05212000000000001,0.05185000000000001,0.0002699999999999994,1.0052073288331727,4e-05,0.0001,101802.66,0
2025-11-08 22:50:39.881492,101802.66,100.69999999999709,0.09891686523711372,0.0,6.0000000000004494e-05,0.05212000000000001,0.05185000000000001,0.0002699999999999994,1.0052073288331727,4e-05,0.0001,101800.155,0
2025-11-08 22:50:41.914153,101800.155,95.69000000000233,0.0939978922428972,-0.1209,-0.1209,0.05212000000000001,0.17275000000000001,-0.12063000000000001,0.30170767004341537,4e-05,0.05,101800.155,0
2025-11-08 22:50:43.948433,101800.155,95.69000000000233,0.0939978922428972,0.0,0.1209,0.05212000000000001,0.17275000000000001,-0.12063000000000001,0.30170767004341537,4e-05,0.05,101800.155,0
2025-11-08 22:50:45.985388,101800.155,95.69000000000233,0.0939978922428972,0.0,0.0,0.05212000000000001,0.17275000000000001,-0.12063000000000001,0.30170767004341537,4e-05,0.05,101800.155,0
2025-11-08 22:50:48.017973,101800.155,95.69000000000233,0.0939978922428972,0.0,0.0,0.05212000000000001,0.17275000000000001,-0.12063000000000001,0.30170767004341537,4e-05,0.05,101800.155,0
2025-11-08 22:50:50.049565,101800.155,95.69000000000233,0.0939978922428972,0.0,0.0,0.05212000000000001,0.17275000000000001,-0.12063000000000001,0.30170767004341537,4e-05,0.05,101800.155,0
2025-11-08 22:50:52.084160,101800.155,95.69000000000233,0.0939978922428972,0.0,0.0,0.05212000000000001,0.17275000000000001,-0.12063000000000001,0.30170767004341537,4e-05,0.05,101800.155,0
2025-11-08 22:50:54.115492,101800.155,95.69000000000233,0.0939978922428972,0.0,0.0,0.05212000000000001,0.17275000000000001,-0.12063000000000001,0.30170767004341537,4e-05,0.05,101800.155,0
2025-11-08 22:50:56.183557,101800.155,95.69000000000233,0.0939978922428972,0.0,0.0,0.05212000000000001,0.17275000000000001,-0.12063000000000001,0.30170767004341537,4e-05,0.05,101800.155,0
2025-11-08 22:50:58.215392,101800.155,95.69000000000233,0.0939978922428972,0.0,0.0,0.05212000000000001,0.17275000000000001,-0.12063000000000001,0.30170767004341537,4e-05,0.05,101800.155,0
2025-11-08 22:51:00.251291,101800.155,95.69000000000233,0.0939978922428972,0.0,0.0,0.05212000000000001,0.17275000000000001,-0.12063000000000001,0.30170767004341537,4e-05,0.05,101800.155,0
2025-11-08 22:51:02.285149,101800.155,95.69000000000233,0.0939978922428972,0.0,0.0,0.05212000000000001,0.17275000000000001,-0.12063000000000001,0.30170767004341537,4e-05,0.05,101800.155,0
2025-11-08 22:51:04.315716,101800.155,95.69000000000233,0.0939978922428972,0.0,0.0,0.05212000000000001,0.17275000000000001,-0.12063000000000001,0.30170767004341537,4e-05,0.05,101809.86499999999,1
2025-11-08 22:51:06.352732,101809.86499999999,103.7899999999936,0.10194493431456136,0.12054,0.12054,0.17308,0.17317,-8.999999999997899e-05,0.9994802794941389,0.05,0.05,101809.86499999999,0
2025-11-08 22:51:08.431078,101809.86499999999,103.77000000000407,0.10192528985280952,0.0003399999999999931,-0.1202,0.05211000000000001,0.05186,0.00025000000000000716,1.0048206710374086,3e-05,0.00011,101809.86499999999,0
2025-11-08 22:51:10.463749,101809.86499999999,103.77000000000407,0.10192528985280952,0.0,-0.0003399999999999931,0.05211000000000001,0.05186,0.00025000000000000716,1.0048206710374086,3e-05,0.00011,101817.815,1
2025-11-08 22:51:12.495136,101817.815,89.88999999999942,0.08828513949155108,0.11975,0.11975,0.17311,0.053110000000000004,0.12000000000000001,3.2594614950103558,0.05003,0.00094,101828.04999999999,1
2025-11-08 22:51:14.528685,101828.04999999999,93.91999999999825,0.0922339178644767,0.001220000000000005,-0.11853,0.17308,0.05186,0.12122000000000001,3.3374469726185887,0.05,0.00011,101832.11499999999,1
2025-11-08 22:51:16.562628,101832.11499999999,85.7899999999936,0.0842465071063226,-0.0006700000000000039,-0.0018900000000000089,0.17241,0.05186,0.12055,3.324527574238334,0.05,0.00011,101835.935,1
2025-11-08 22:51:18.591723,101835.935,93.42999999999302,0.09174561023080215,-0.0005799999999999941,9.000000000000978e-05,0.17308,0.053110000000000004,0.11997000000000001,3.2588966296366033,0.05,0.05,101835.935,0
2025-11-08 22:51:20.627823,101835.935,93.42999999999302,0.09174561023080215,0.0,0.0005799999999999941,0.17308,0.053110000000000004,0.11997000000000001,3.2588966296366033,0.05,0.05,101835.935,0
2025-11-08 22:51:22.658200,101835.935,93.41000000000349,0.09172597079803263,0.0005699999999999872,0.0005699999999999872,0.1724,0.05186,0.12054,3.324334747396837,2e-05,0.00011,101844.985,1
2025-11-08 22:51:24.691396,101844.985,91.04999999998836,0.08940057284115498,-0.0005699999999999872,-0.0011399999999999744,0.17308,0.053110000000000004,0.11997000000000001,3.2588966296366033,0.05,0.00067,101849.07,1
2025-11-08 22:51:26.723585,101849.07,82.8799999999901,0.08137531349082529,0.0012700000000000012,0.0018399999999999883,0.1731,0.05186,0.12124,3.337832626301581,0.05,0.00067,101849.07,0
2025-11-08 22:51:28.756324,101849.07,82.8799999999901,0.08137531349082529,0.0,-0.0012700000000000012,0.1731,0.05186,0.12124,3.337832626301581,0.05,0.00067,101849.07,0
2025-11-08 22:51:30.788028,101849.07,82.8799999999901,0.08137531349082529,-0.0012700000000000012,-0.0012700000000000012,0.17308,0.053110000000000004,0.11997000000000001,3.2588966296366033,0.05,0.00067,101849.07,0
2025-11-08 22:51:32.816742,101849.07,82.8799999999901,0.08137531349082529,0.0,0.0012700000000000012,0.17308,0.053110000000000004,0.11997000000000001,3.2588966296366033,0.05,0.00067,101849.07,0
2025-11-08 22:51:34.850347,101849.07,82.8799999999901,0.08137531349082529,0.0,0.0,0.17308,0.053110000000000004,0.11997000000000001,3.2588966296366033,0.05,0.00067,101849.07,0
2025-11-08 22:51:36.882016,101849.07,82.8799999999901,0.08137531349082529,0.0,0.0,0.17308,0.053110000000000004,0.11997000000000001,3.2588966296366033,0.05,0.00067,101849.07,0
2025-11-08 22:51:38.916819,101849.07,82.8799999999901,0.08137531349082529,0.0,0.0,0.17308,0.053110000000000004,0.11997000000000001,3.2588966296366033,0.05,0.00067,101849.075,1
2025-11-08 22:51:40.950513,101849.075,82.86999999999534,0.0813654910464286,0.0005699999999999872,0.0005699999999999872,0.1724,0.05186,0.12054,3.324334747396837,2e-05,0.00067,101849.075,0
2025-11-08 22:51:42.984473,101849.075,82.86999999999534,0.0813654910464286,0.0,-0.0005699999999999872,0.1724,0.05186,0.12054,3.324334747396837,2e-05,0.00067,101849.075,0
2025-11-08 22:51:45.017690,101849.075,82.86999999999534,0.0813654910464286,0.0,0.0,0.1724,0.05186,0.12054,3.324334747396837,2e-05,0.00067,101849.075,0
2025-11-08 22:51:47.047777,101849.075,82.86999999999534,0.0813654910464286,0.0,0.0,0.1724,0.05186,0.12054,3.324334747396837,2e-05,0.00067,101854.11499999999,1
2025-11-08 22:51:49.075284,101854.11499999999,72.7899999999936,0.07146495750318346,-0.0005699999999999872,-0.0005699999999999872,0.17308,0.053110000000000004,0.11997000000000001,3.2588966296366033,0.05,0.00067,101854.11499999999,0
2025-11-08 22:51:51.106650,101854.11499999999,72.7899999999936,0.07146495750318346,0.0,0.0005699999999999872,0.17308,0.053110000000000004,0.11997000000000001,3.2588966296366033,0.05,0.00067,101854.12,1
2025-11-08 22:51:53.140712,101854.12,72.77999999999884,0.07145513603180592,0.0005699999999999872,0.0005699999999999872,0.1724,0.05186,0.12054,3.324334747396837,2e-05,0.00067,101854.12,0
2025-11-08 22:51:55.174132,101854.12,72.77999999999884,0.07145513603180592,0.0,-0.0005699999999999872,0.1724,0.05186,0.12054,3.324334747396837,2e-05,0.00067,101854.12,0
2025-11-08 22:51:57.209599,101854.12,72.77999999999884,0.07145513603180592,0.0,0.0,0.1724,0.05186,0.12054,3.324334747396837,2e-05,0.00067,101854.12,0
2025-11-08 22:51:59.241843,101854.12,72.77999999999884,0.07145513603180592,0.0,0.0,0.1724,0.05186,0.12054,3.324334747396837,2e-05,0.00067,101854.12,0
2025-11-08 22:52:01.274341,101854.12,72.77999999999884,0.07145513603180592,0.0,0.0,0.1724,0.05186,0.12054,3.324334747396837,2e-05,0.00067,101854.12,0
2025-11-08 22:52:03.313100,101854.12,72.77999999999884,0.07145513603180592,0.0,0.0,0.1724,0.05186,0.12054,3.324334747396837,2e-05,0.00067,101854.12,0
2025-11-08 22:52:05.349300,101854.12,72.77999999999884,0.07145513603180592,0.0,0.0,0.1724,0.05186,0.12054,3.324334747396837,2e-05,0.00067,101854.12,0
2025-11-08 22:52:07.382457,101854.12,72.77999999999884,0.07145513603180592,-0.0012500000000000011,-0.0012500000000000011,0.1724,0.053110000000000004,0.11929,3.2460930144982107,2e-05,0.00067,101859.285,1
2025-11-08 22:52:09.415797,101859.285,62.44999999999709,0.06131007104555768,0.0012500000000000011,0.0025000000000000022,0.1724,0.05186,0.12054,3.324334747396837,2e-05,0.00067,101859.285,0
2025-11-08 22:52:11.451662,101859.285,62.44999999999709,0.06131007104555768,0.0,-0.0012500000000000011,0.1724,0.05186,0.12054,3.324334747396837,2e-05,0.00067,101862.04000000001,1
2025-11-08 22:52:13.482621,101862.04000000001,56.939999999987776,0.055899135732985286,-0.0005699999999999872,-0.0005699999999999872,0.17308,0.053110000000000004,0.11997000000000001,3.2588966296366033,0.05,0.00067,101862.045,1
2025-11-08 22:52:15.515997,101862.045,56.929999999993015,0.055889315789794926,0.0005699999999999872,0.0011399999999999744,0.1724,0.05186,0.12054,3.324334747396837,2e-05,0.00067,101862.045,0
2025-11-08 22:52:17.548368,101862.045,56.929999999993015,0.055889315789794926,0.0,-0.0005699999999999872,0.1724,0.05186,0.12054,3.324334747396837,2e-05,0.00067,101862.045,0
2025-11-08 22:52:19.580369,101862.045,56.929999999993015,0.055889315789794926,0.0,0.0,0.1724,0.05186,0.12054,3.324334747396837,2e-05,0.00067,101862.045,0
2025-11-08 22:52:21.613837,101862.045,56.929999999993015,0.055889315789794926,0.0,0.0,0.1724,0.05186,0.12054,3.324334747396837,2e-05,0.00067,101862.045,0
2025-11-08 22:52:23.649168,101862.045,56.929999999993015,0.055889315789794926,0.0,0.0,0.1724,0.05186,0.12054,3.324334747396837,2e-05,0.00067,101862.045,0
2025-11-08 22:52:25.683135,101862.045,56.929999999993015,0.055889315789794926,0.0,0.0,0.1724,0.05186,0.12054,3.324334747396837,2e-05,0.00067,101862.045,0
2025-11-08 22:52:27.715144,101862.045,56.929999999993015,0.055889315789794926,0.0,0.0,0.1724,0.05186,0.12054,3.324334747396837,2e-05,0.00067,101862.045,0
2025-11-08 22:52:29.747501,101862.045,56.929999999993015,0.055889315789794926,0.0,0.0,0.1724,0.05186,0.12054,3.324334747396837,2e-05,0.00067,101862.045,0
2025-11-08 22:52:31.779928,101862.045,56.929999999993015,0.055889315789794926,0.0,0.0,0.1724,0.05186,0.12054,3.324334747396837,2e-05,0.00067,101862.045,0
2025-11-08 22:52:33.816265,101862.045,56.929999999993015,0.055889315789794926,0.0,0.0,0.1724,0.05186,0.12054,3.324334747396837,2e-05,0.00067,101862.045,0
2025-11-08 22:52:35.848336,101862.045,56.929999999993015,0.055889315789794926,-0.0012500000000000011,-0.0012500000000000011,0.1724,0.053110000000000004,0.11929,3.2460930144982107,2e-05,0.00067,101865.35,1
2025-11-08 22:52:37.880375,101865.35,50.31999999999243,0.0493985442547367,0.0006800000000000139,0.001930000000000015,0.17308,0.053110000000000004,0.11997000000000001,3.2588966296366033,0.05,0.00067,101868.01,1
2025-11-08 22:52:39.916211,101868.01,45.0,0.0441748101293036,0.0012599999999999972,0.0005799999999999833,0.17309000000000002,0.05186,0.12123000000000002,3.337639799460085,0.05001,0.00067,101868.01,0
2025-11-08 22:52:41.956127,101868.01,45.0,0.0441748101293036,0.0,-0.0012599999999999972,0.17309000000000002,0.05186,0.12123000000000002,3.337639799460085,0.05001,0.00067,101868.01,0
2025-11-08 22:52:44.000010,101868.01,45.0,0.0441748101293036,0.0,0.0,0.17309000000000002,0.05186,0.12123000000000002,3.337639799460085,0.05001,0.00067,101868.01,0
2025-11-08 22:52:46.032777,101868.01,45.0,0.0441748101293036,0.0,0.0,0.17309000000000002,0.05186,0.12123000000000002,3.337639799460085,0.05001,0.00067,101868.01,0
2025-11-08 22:52:48.064854,101868.01,45.0,0.0441748101293036,0.0,0.0,0.17309000000000002,0.05186,0.12123000000000002,3.337639799460085,0.05001,0.00067,101868.01,0
2025-11-08 22:52:50.097712,101868.01,45.0,0.0441748101293036,0.0,0.0,0.17309000000000002,0.05186,0.12123000000000002,3.337639799460085,0.05001,0.00067,101868.01,0
2025-11-08 22:52:52.131317,101868.01,45.0,0.0441748101293036,0.0,0.0,0.17309000000000002,0.05186,0.12123000000000002,3.337639799460085,0.05001,0.00067,101868.01,0
2025-11-08 22:52:54.165840,101868.01,45.0,0.0441748101293036,0.0,0.0,0.17309000000000002,0.05186,0.12123000000000002,3.337639799460085,0.05001,0.00067,101868.01,0
2025-11-08 22:52:56.198290,101868.01,45.0,0.0441748101293036,0.0,0.0,0.17309000000000002,0.05186,0.12123000000000002,3.337639799460085,0.05001,0.00067,101868.01,0
2025-11-08 22:52:58.233128,101868.01,45.0,0.0441748101293036,-0.0012599999999999972,-0.0012599999999999972,0.17308,0.053110000000000004,0.11997000000000001,3.2588966296366033,0.05,0.00067,101868.01,0
2025-11-08 22:53:00.264464,101868.01,45.0,0.0441748101293036,0.0,0.0012599999999999972,0.17308,0.053110000000000004,0.11997000000000001,3.2588966296366033,0.05,0.00067,101868.01,0
2025-11-08 22:53:02.310539,101868.01,45.0,0.0441748101293036,0.0012999999999999956,0.0012999999999999956,0.17313,0.05186,0.12127,3.33841110682607,0.05005,0.00067,101868.01,0
2025-11-08 22:53:04.344201,101868.01,45.0,0.0441748101293036,0.0,-0.0012999999999999956,0.17313,0.05186,0.12127,3.33841110682607,0.05005,0.00067,101868.01,0
2025-11-08 22:53:06.378919,101868.01,45.0,0.0441748101293036,0.0,0.0,0.17313,0.05186,0.12127,3.33841110682607,0.05005,0.00067,101868.01,0
2025-11-08 22:53:08.410083,101868.01,45.0,0.0441748101293036,1.9138500000000003,1.9138500000000003,2.0882300000000003,0.053110000000000004,2.03512,39.318960647712295,0.05,0.00067,101868.01,0
2025-11-08 22:53:10.441245,101868.01,45.0,0.0441748101293036,4.999999999999449e-05,-1.9138000000000002,2.08828,0.053110000000000004,2.03517,39.31990209000188,0.05005,0.00067,101868.01,0
2025-11-08 22:53:12.477049,101868.01,45.0,0.0441748101293036,-4.999999999999449e-05,-9.999999999998899e-05,2.0882300000000003,0.053110000000000004,2.03512,39.318960647712295,0.05,0.00067,101868.01,0
2025-11-08 22:53:14.515830,101868.01,45.0,0.0441748101293036,0.0012999999999999956,0.00134999999999999,2.08828,0.05186,2.03642,40.26764365599691,0.05005,0.00067,101868.01,0
2025-11-08 22:53:16.545938,101868.01,45.0,0.0441748101293036,0.0,-0.0012999999999999956,2.08828,0.05186,2.03642,40.26764365599691,0.05005,0.00067,101868.01,0
2025-11-08 22:53:18.582129,101868.01,45.0,0.0441748101293036,0.0,0.0,2.08828,0.05186,2.03642,40.26764365599691,0.05005,0.00067,101868.01,0
2025-11-08 22:53:20.613538,101868.01,45.0,0.0441748101293036,0.0,0.0,2.08828,0.05186,2.03642,40.26764365599691,0.05005,0.00067,101868.01,0
2025-11-08 22:53:22.648772,101868.01,45.0,0.0441748101293036,0.0,0.0,2.08828,0.05186,2.03642,40.26764365599691,0.05005,0.00067,101868.01,0
2025-11-08 22:53:24.682060,101868.01,45.0,0.0441748101293036,0.0,0.0,2.08828,0.05186,2.03642,40.26764365599691,0.05005,0.00067,101868.01,0
2025-11-08 22:53:26.716250,101868.01,45.0,0.0441748101293036,0.0,0.0,2.08828,0.05186,2.03642,40.26764365599691,0.05005,0.00067,101868.01,0
2025-11-08 22:53:28.749209,101868.01,45.0,0.0441748101293036,0.0,0.0,2.08828,0.05186,2.03642,40.26764365599691,0.05005,0.00067,101868.01,0
2025-11-08 22:53:30.781569,101868.01,45.0,0.0441748101293036,0.0,0.0,2.08828,0.05186,2.03642,40.26764365599691,0.05005,0.00067,101868.01,0
2025-11-08 22:53:32.814103,101868.01,45.0,0.0441748101293036,0.0,0.0,2.08828,0.05186,2.03642,40.26764365599691,0.05005,0.00067,101868.01,0
2025-11-08 22:53:34.848865,101868.01,45.0,0.0441748101293036,0.0,0.0,2.08828,0.05186,2.03642,40.26764365599691,0.05005,0.00067,101868.01,0
2025-11-08 22:53:36.890850,101868.01,45.0,0.0441748101293036,0.0,0.0,2.08828,0.05186,2.03642,40.26764365599691,0.05005,0.00067,101868.01,0
2025-11-08 22:53:38.922785,101868.01,45.0,0.0441748101293036,0.0,0.0,2.08828,0.05186,2.03642,40.26764365599691,0.05005,0.00067,101868.01,0
2025-11-08 22:53:40.958070,101868.01,45.0,0.0441748101293036,-0.82444,-0.82444,1.26509,0.053110000000000004,1.21198,23.82018452268876,0.05,0.00067,101883.515,1
2025-11-08 22:53:42.990908,101883.515,13.989999999990687,0.013731367630956476,-1.04277,-0.21833000000000002,0.17243000000000003,0.0032199999999999998,0.16921000000000003,53.5496894409938,0.05,0.00067,101883.515,0
2025-11-08 22:53:45.022560,101883.515,13.989999999990687,0.013731367630956476,0.0,1.04277,0.17243000000000003,0.0032199999999999998,0.16921000000000003,53.5496894409938,0.05,0.00067,101887.275,1
2025-11-08 22:53:47.057095,101887.275,6.470000000001164,0.006350155110146153,1.04277,1.04277,1.26509,0.053110000000000004,1.21198,23.82018452268876,0.05,0.00067,101887.275,0
2025-11-08 22:53:49.089128,101887.275,6.470000000001164,0.006350155110146153,0.04993,-0.99284,1.26513,0.0032199999999999998,1.26191,392.89751552795036,0.05004,0.00067,101887.275,0
2025-11-08 22:53:51.128265,101887.275,6.470000000001164,0.006350155110146153,0.0,-0.04993,1.26513,0.0032199999999999998,1.26191,392.89751552795036,0.05004,0.00067,101887.275,0
2025-11-08 22:53:53.157370,101887.275,6.470000000001164,0.006350155110146153,-0.8707500000000001,-0.8707500000000001,0.39438,0.0032199999999999998,0.39116,122.47826086956523,0.05,0.00067,101887.275,0
2025-11-08 22:53:55.189342,101887.275,6.470000000001164,0.006350155110146153,-0.049890000000000004,0.8208600000000001,0.39438,0.053110000000000004,0.34127,7.425720203351534,0.05,0.00067,101887.275,0
2025-11-08 22:53:57.222542,101887.275,6.470000000001164,0.006350155110146153,0.0,0.049890000000000004,0.39438,0.053110000000000004,0.34127,7.425720203351534,0.05,0.00067,101887.275,0
2025-11-08 22:53:59.256450,101887.275,6.470000000001164,0.006350155110146153,-0.17206,-0.17206,0.17243000000000003,0.0032199999999999998,0.16921000000000003,53.5496894409938,5e-05,0.00067,101878.795,0
2025-11-08 22:54:01.290372,101878.795,23.429999999993015,0.022997916298473118,1.8657199999999998,2.0377799999999997,2.08804,0.053110000000000004,2.0349299999999997,39.31538316701186,0.05,0.00067,101878.795,0
2025-11-08 22:54:03.323663,101878.795,23.429999999993015,0.022997916298473118,0.0,-1.8657199999999998,2.08804,0.053110000000000004,2.0349299999999997,39.31538316701186,0.05,0.00067,101878.795,0
2025-11-08 22:54:05.357603,101878.795,23.429999999993015,0.022997916298473118,0.0,0.0,2.08804,0.053110000000000004,2.0349299999999997,39.31538316701186,0.05,0.00067,101878.795,0
2025-11-08 22:54:07.388017,101878.795,23.429999999993015,0.022997916298473118,0.0,0.0,2.08804,0.053110000000000004,2.0349299999999997,39.31538316701186,0.05,0.00067,101878.795,0
2025-11-08 22:54:09.416241,101878.795,23.429999999993015,0.022997916298473118,0.0,0.0,2.08804,0.053110000000000004,2.0349299999999997,39.31538316701186,0.05,0.00067,101878.79999999999,1
2025-11-08 22:54:11.448835,101878.79999999999,23.419999999998254,0.022988099584995366,-1.8657199999999998,-1.8657199999999998,0.17243000000000003,0.0032199999999999998,0.16921000000000003,53.5496894409938,5e-05,0.00067,101871.82999999999,0
2025-11-08 22:54:13.481159,101871.82999999999,37.36000000000058,0.03667353379241404,-0.04864,1.8170799999999998,0.17243000000000003,0.05186,0.12057000000000002,3.324913227921327,5e-05,0.00067,101871.82999999999,0
2025-11-08 22:54:15.514875,101871.82999999999,37.36000000000058,0.03667353379241404,0.0,0.04864,0.17243000000000003,0.05186,0.12057000000000002,3.324913227921327,5e-05,0.00067,101871.82999999999,0
2025-11-08 22:54:17.549745,101871.82999999999,37.36000000000058,0.03667353379241404,0.0,0.0,0.17243000000000003,0.05186,0.12057000000000002,3.324913227921327,5e-05,0.00067,101871.82999999999,0
2025-11-08 22:54:19.581953,101871.82999999999,37.36000000000058,0.03667353379241404,0.0,0.0,0.17243000000000003,0.05186,0.12057000000000002,3.324913227921327,5e-05,0.00067,101882.83499999999,1
2025-11-08 22:54:21.615173,101882.83499999999,15.349999999991269,0.0150663259419423,1.1413,1.1413,1.26509,0.0032199999999999998,1.26187,392.8850931677019,0.05,0.00067,101882.83499999999,0
2025-11-08 22:54:23.650585,101882.83499999999,15.349999999991269,0.0150663259419423,-0.049890000000000004,-1.19119,1.26509,0.053110000000000004,1.21198,23.82018452268876,0.05,0.00067,101888.57999999999,1
2025-11-08 22:54:25.682334,101888.57999999999,3.860000000000582,0.0037884520522325294,0.04993,0.09982,1.26513,0.0032199999999999998,1.26191,392.89751552795036,0.05004,0.00067,101867.76,0
2025-11-08 22:54:27.716265,101867.76,45.5,0.04466575096968855,0.7743199999999998,0.7243899999999998,2.08809,0.05186,2.0362299999999998,40.263979946008476,0.05005,0.00067,101859.885,0
2025-11-08 22:54:29.750680,101859.885,61.25,0.0601316210007502,-0.0012999999999999945,-0.7756199999999998,2.08804,0.053110000000000004,2.0349299999999997,39.31538316701186,0.05,0.00067,101863.095,1
2025-11-08 22:54:31.783027,101863.095,54.830000000001746,0.05382714907690734,-1.91415,-1.91285,0.17243,0.05165,0.12078,3.338431752178122,0.05,0.00046,101863.095,0
2025-11-08 22:54:33.818214,101863.095,54.830000000001746,0.05382714907690734,1.91561,3.8297600000000003,2.08804,0.05165,2.03639,40.426718296224585,0.05,0.00046,101863.095,0
2025-11-08 22:54:35.850526,101863.095,54.830000000001746,0.05382714907690734,-0.0012100000000000027,-1.91682,2.0880799999999997,0.0529,2.0351799999999995,39.47221172022684,0.05004,0.00046,101863.095,0
2025-11-08 22:54:37.883074,101863.095,54.830000000001746,0.05382714907690734,0.0,0.0012100000000000027,2.0880799999999997,0.0529,2.0351799999999995,39.47221172022684,0.05004,0.00046,101863.095,0
2025-11-08 22:54:39.918666,101863.095,54.830000000001746,0.05382714907690734,0.0012199999999999989,0.0012199999999999989,2.08804,0.051640000000000005,2.0364,40.43454686289697,0.05,0.00046,101867.61499999999,1
2025-11-08 22:54:41.949925,101867.61499999999,45.7899999999936,0.0449504977612302,-1.9168699999999999,-1.9180899999999999,0.17243000000000003,0.0529,0.11953000000000003,3.259546313799622,5e-05,0.00046,101867.61499999999,0
2025-11-08 22:54:43.981686,101867.61499999999,45.7899999999936,0.0449504977612302,-0.1203,1.7965699999999998,0.05213000000000001,0.0529,-0.0007699999999999929,0.985444234404537,5e-05,0.00046,101856.875,0
2025-11-08 22:54:46.015302,101856.875,67.26999999998952,0.06604365193806458,0.12222,0.24252,0.17308,0.05163,0.12145,3.3523145458067014,0.05,0.00046,101856.875,0
2025-11-08 22:54:48.050431,101856.875,67.26999999998952,0.06604365193806458,0.0,-0.12222,0.17308,0.05163,0.12145,3.3523145458067014,0.05,0.00046,101856.88,1
2025-11-08 22:54:50.082323,101856.88,67.25999999999476,0.06603383099894161,-0.0019200000000000118,-0.0019200000000000118,0.17243,0.0529,0.11953,3.2595463137996217,5e-05,0.00046,101856.88,0
2025-11-08 22:54:52.116395,101856.88,67.25999999999476,0.06603383099894161,0.0,0.0019200000000000118,0.17243,0.0529,0.11953,3.2595463137996217,5e-05,0.00046,101856.88,0
2025-11-08 22:54:54.146044,101856.88,67.25999999999476,0.06603383099894161,0.0012800000000000034,0.0012800000000000034,0.17243,0.05162,0.12081,3.3403719488570323,5e-05,0.00046,101856.88,0
2025-11-08 22:54:56.175132,101856.88,67.25999999999476,0.06603383099894161,0.0,-0.0012800000000000034,0.17243,0.05162,0.12081,3.3403719488570323,5e-05,0.00046,101856.88,0
2025-11-08 22:54:58.209700,101856.88,67.25999999999476,0.06603383099894161,0.0,0.0,0.17243,0.05162,0.12081,3.3403719488570323,5e-05,0.00046,101856.88,0
2025-11-08 22:55:00.241539,101856.88,67.25999999999476,0.06603383099894161,0.0,0.0,0.17243,0.05162,0.12081,3.3403719488570323,5e-05,0.00046,101856.88,0
2025-11-08 22:55:02.277421,101856.88,67.25999999999476,0.06603383099894161,0.0,0.0,0.17243,0.05162,0.12081,3.3403719488570323,5e-05,0.00046,101856.88,0
2025-11-08 22:55:04.306070,101856.88,67.25999999999476,0.06603383099894161,0.0,0.0,0.17243,0.05162,0.12081,3.3403719488570323,5e-05,0.00046,101856.88,0
2025-11-08 22:55:06.337826,101856.88,67.25999999999476,0.06603383099894161,0.0,0.0,0.17243,0.05162,0.12081,3.3403719488570323,5e-05,0.00046,101849.95,0
2025-11-08 22:55:08.415315,101849.95,81.11999999999534,0.07964657812791792,-0.0006299999999999917,-0.0006299999999999917,0.17308,0.0529,0.12018000000000001,3.2718336483931947,0.05,0.00046,101849.95,0
2025-11-08 22:55:10.447138,101849.95,81.11999999999534,0.07964657812791792,0.0,0.0006299999999999917,0.17308,0.0529,0.12018000000000001,3.2718336483931947,0.05,0.00046,101849.95499999999,1
2025-11-08 22:55:12.479928,101849.95499999999,81.11000000000058,0.0796367558532555,0.0006399999999999878,0.0006399999999999878,0.17243,0.05161,0.12082,3.341019182329006,5e-05,0.00046,101844.48,0
2025-11-08 22:55:14.515093,101844.48,92.05999999999767,0.09039272427921247,-0.0006399999999999878,-0.0012799999999999756,0.17308,0.0529,0.12018000000000001,3.2718336483931947,0.05,0.00046,101844.48,0
2025-11-08 22:55:16.548017,101844.48,92.05999999999767,0.09039272427921247,0.0,0.0006399999999999878,0.17308,0.0529,0.12018000000000001,3.2718336483931947,0.05,0.00046,101844.485,1
2025-11-08 22:55:18.588112,101844.485,92.04999999998836,0.0903829009494116,0.0006399999999999878,0.0006399999999999878,0.17243,0.05161,0.12082,3.341019182329006,5e-05,0.00046,101847.465,1
2025-11-08 22:55:20.625980,101847.465,86.08999999999651,0.084528367986377,-0.0006399999999999878,-0.0012799999999999756,0.17308,0.0529,0.12018000000000001,3.2718336483931947,0.05,0.00046,101847.47,1
2025-11-08 22:55:22.657380,101847.47,86.08000000000175,0.08451854523239678,0.0006299999999999917,0.0012699999999999795,0.17242000000000002,0.05161,0.12081000000000001,3.3408254214299555,4e-05,0.00046,101847.47,0
2025-11-08 22:55:24.690201,101847.47,86.08000000000175,0.08451854523239678,0.0,-0.0006299999999999917,0.17242000000000002,0.05161,0.12081000000000001,3.3408254214299555,4e-05,0.00046,101852.005,1
2025-11-08 22:55:26.722240,101852.005,77.00999999999476,0.07560970449231193,-0.0006299999999999917,-0.0006299999999999917,0.17308,0.0529,0.12018000000000001,3.2718336483931947,0.05,0.00046,101854.92,1
2025-11-08 22:55:28.794647,101854.92,71.17999999999302,0.06988371303025226,0.0006199999999999956,0.0012499999999999872,0.17242000000000002,0.05162,0.12080000000000002,3.340178225493995,4e-05,0.00046,101854.92,0
2025-11-08 22:55:30.830810,101854.92,71.17999999999302,0.06988371303025226,0.0,-0.0006199999999999956,0.17242000000000002,0.05162,0.12080000000000002,3.340178225493995,4e-05,0.00046,101854.92,0
2025-11-08 22:55:32.862045,101854.92,71.17999999999302,0.06988371303025226,0.0,0.0,0.17242000000000002,0.05162,0.12080000000000002,3.340178225493995,4e-05,0.00046,101854.92,0
2025-11-08 22:55:34.895914,101854.92,71.17999999999302,0.06988371303025226,0.0,0.0,0.17242000000000002,0.05162,0.12080000000000002,3.340178225493995,4e-05,0.00046,101854.92,0
2025-11-08 22:55:36.928808,101854.92,71.17999999999302,0.06988371303025226,0.0,0.0,0.17242000000000002,0.05162,0.12080000000000002,3.340178225493995,4e-05,0.00046,101858.32999999999,1
2025-11-08 22:55:38.959891,101858.32999999999,64.36000000000058,0.0631857993352145,-0.0006199999999999956,-0.0006199999999999956,0.17308,0.0529,0.12018000000000001,3.2718336483931947,0.05,0.00046,101858.32999999999,0
2025-11-08 22:55:40.991190,101858.32999999999,64.36000000000058,0.0631857993352145,0.0,0.0006199999999999956,0.17308,0.0529,0.12018000000000001,3.2718336483931947,0.05,0.00046,101858.32999999999,0
2025-11-08 22:55:43.024324,101858.32999999999,64.36000000000058,0.0631857993352145,0.0,0.0,0.17308,0.0529,0.12018000000000001,3.2718336483931947,0.05,0.00046,101858.32999999999,0
2025-11-08 22:55:45.053625,101858.32999999999,64.36000000000058,0.0631857993352145,0.0013099999999999987,0.0013099999999999987,0.17312000000000002,0.05163,0.12149000000000001,3.353089289172962,0.05004,0.00046,101858.32999999999,0
2025-11-08 22:55:47.086382,101858.32999999999,64.36000000000058,0.0631857993352145,0.0,-0.0013099999999999987,0.17312000000000002,0.05163,0.12149000000000001,3.353089289172962,0.05004,0.00046,101858.32999999999,0
2025-11-08 22:55:49.118494,101858.32999999999,64.36000000000058,0.0631857993352145,-3.999999999999837e-05,-3.999999999999837e-05,0.17308,0.05163,0.12145,3.3523145458067014,0.05,0.00046,101850.505,0
2025-11-08 22:55:51.158879,101850.505,80.00999999999476,0.0785563115273653,-0.001920000000000012,-0.0018800000000000136,0.17243,0.0529,0.11953,3.2595463137996217,5e-05,0.00046,101843.93,0
2025-11-08 22:55:53.206932,101843.93,93.15999999998894,0.09147329644485336,0.0019300000000000094,0.0038500000000000214,0.17308,0.051620000000000006,0.12146000000000001,3.3529639674544747,0.05,0.00046,101843.93,0
2025-11-08 22:55:55.236663,101843.93,93.15999999998894,0.09147329644485336,0.0,-0.0019300000000000094,0.17308,0.051620000000000006,0.12146000000000001,3.3529639674544747,0.05,0.00046,101843.93,0
2025-11-08 22:55:57.268827,101843.93,93.15999999998894,0.09147329644485336,0.0,0.0,0.17308,0.051620000000000006,0.12146000000000001,3.3529639674544747,0.05,0.00046,101843.935,1
2025-11-08 22:55:59.301684,101843.935,93.14999999999418,0.0914634730089663,-0.0019300000000000185,-0.0019300000000000185,0.17243,0.05290000000000001,0.11953,3.2595463137996212,5e-05,0.00046,101843.935,0
2025-11-08 22:56:01.333326,101843.935,93.14999999999418,0.0914634730089663,0.0,0.0019300000000000185,0.17243,0.05290000000000001,0.11953,3.2595463137996212,5e-05,0.00046,101843.935,0
2025-11-08 22:56:03.362917,101843.935,93.14999999999418,0.0914634730089663,0.0012700000000000038,0.0012700000000000038,0.17243,0.05163000000000001,0.12079999999999999,3.3397249661049773,5e-05,0.00046,101843.935,0
2025-11-08 22:56:05.395851,101843.935,93.14999999999418,0.0914634730089663,0.0,-0.0012700000000000038,0.17243,0.05163000000000001,0.12079999999999999,3.3397249661049773,5e-05,0.00046,101843.935,0
2025-11-08 22:56:07.429936,101843.935,93.14999999999418,0.0914634730089663,0.0,0.0,0.17243,0.05163000000000001,0.12079999999999999,3.3397249661049773,5e-05,0.00046,101843.935,0
2025-11-08 22:56:09.465584,101843.935,93.14999999999418,0.0914634730089663,0.0,0.0,0.17243,0.05163000000000001,0.12079999999999999,3.3397249661049773,5e-05,0.00046,101843.935,0
2025-11-08 22:56:11.497928,101843.935,93.14999999999418,0.0914634730089663,-0.0012700000000000038,-0.0012700000000000038,0.17243,0.05290000000000001,0.11953,3.2595463137996212,5e-05,0.00046,101843.935,0
2025-11-08 22:56:13.526811,101843.935,93.14999999999418,0.0914634730089663,0.0012600000000000007,0.0025300000000000045,0.17243,0.051640000000000005,0.12079,3.339078233927188,5e-05,0.00046,101852.45999999999,1
2025-11-08 22:56:15.580287,101852.45999999999,76.09999999999127,0.07471591751440396,-0.0006099999999999869,-0.0018699999999999876,0.17308,0.0529,0.12018000000000001,3.2718336483931947,0.05,0.00046,101856.93,1
2025-11-08 22:56:17.612542,101856.93,67.15999999998894,0.06593562166068519,0.0005999999999999883,0.0012099999999999752,0.17243,0.05165,0.12078,3.338431752178122,5e-05,0.00046,101856.93,0
2025-11-08 22:56:19.642646,101856.93,67.15999999998894,0.06593562166068519,0.0,-0.0005999999999999883,0.17243,0.05165,0.12078,3.338431752178122,5e-05,0.00046,101847.79000000001,0
2025-11-08 22:56:21.677448,101847.79000000001,85.43999999998778,0.08388989098338587,-0.0005999999999999883,-0.0005999999999999883,0.17308,0.0529,0.12018000000000001,3.2718336483931947,0.05,0.00046,101847.79000000001,0
2025-11-08 22:56:23.711086,101847.79000000001,85.43999999998778,0.08388989098338587,0.0,0.0005999999999999883,0.17308,0.0529,0.12018000000000001,3.2718336483931947,0.05,0.00046,101851.655,1
2025-11-08 22:56:25.740138,101851.655,77.70999999999185,0.07629723837083634,0.0006099999999999856,0.0006099999999999856,0.17243,0.051640000000000005,0.12079,3.339078233927188,0.05,0.00046,101851.655,0
2025-11-08 22:56:27.773183,101851.655,77.70999999999185,0.07629723837083634,0.0006500000000000117,4.0000000000026126e-05,0.17308,0.051640000000000005,0.12144,3.351665375677769,0.05,0.00046,101851.655,0
2025-11-08 22:56:29.801811,101851.655,77.70999999999185,0.07629723837083634,0.0,-0.0006500000000000117,0.17308,0.051640000000000005,0.12144,3.351665375677769,0.05,0.00046,101851.655,0
2025-11-08 22:56:31.834367,101851.655,77.70999999999185,0.07629723837083634,0.0,0.0,0.17308,0.051640000000000005,0.12144,3.351665375677769,0.05,0.00046,101851.655,0
2025-11-08 22:56:33.867470,101851.655,77.70999999999185,0.07629723837083634,0.0,0.0,0.17308,0.051640000000000005,0.12144,3.351665375677769,0.05,0.00046,101851.655,0
2025-11-08 22:56:35.895897,101851.655,77.70999999999185,0.07629723837083634,0.0,0.0,0.17308,0.051640000000000005,0.12144,3.351665375677769,0.05,0.00046,101851.655,0
2025-11-08 22:56:37.924581,101851.655,77.70999999999185,0.07629723837083634,0.0,0.0,0.17308,0.051640000000000005,0.12144,3.351665375677769,0.05,0.00046,101855.51999999999,1
2025-11-08 22:56:39.955841,101855.51999999999,69.97999999999593,0.06870516197845333,4.0000000000000105e-05,4.0000000000000105e-05,0.17312000000000002,0.051640000000000005,0.12148000000000002,3.3524399690162667,0.05,0.00046,101855.51999999999,0
2025-11-08 22:56:41.988224,101855.51999999999,69.97999999999593,0.06870516197845333,0.0,-4.0000000000000105e-05,0.17312000000000002,0.051640000000000005,0.12148000000000002,3.3524399690162667,0.05,0.00046,101856.08,1
2025-11-08 22:56:44.018612,101856.08,71.10000000000582,0.0698043749572984,-0.0007499999999999955,-0.0007499999999999955,0.17308,0.05235,0.12073,3.3062082139446036,0.05,0.00014,101856.08499999999,1
2025-11-08 22:56:46.050862,101856.08499999999,71.09000000001106,0.06979455375691208,-0.12090999999999999,-0.12015999999999999,0.05158000000000001,0.05176,-0.00017999999999999267,0.9965224111282845,4e-05,0.00014,101862.525,1
2025-11-08 22:56:48.084614,101862.525,58.2100000000064,0.05714564801923613,0.12037,0.24128,0.17254,0.05235,0.12018999999999999,3.295893027698185,0.05,0.00014,101862.525,0
2025-11-08 22:56:50.118528,101862.525,58.2100000000064,0.05714564801923613,0.0,-0.12037,0.17254,0.05235,0.12018999999999999,3.295893027698185,0.05,0.00014,101862.525,0
2025-11-08 22:56:52.154816,101862.525,58.2100000000064,0.05714564801923613,0.0,0.0,0.17254,0.05235,0.12018999999999999,3.295893027698185,0.05,0.00014,101862.525,0
2025-11-08 22:56:54.186762,101862.525,58.2100000000064,0.05714564801923613,0.0,0.0,0.17254,0.05235,0.12018999999999999,3.295893027698185,0.05,0.00014,101862.525,0
2025-11-08 22:56:56.218015,101862.525,58.2100000000064,0.05714564801923613,0.0,0.0,0.17254,0.05235,0.12018999999999999,3.295893027698185,0.05,0.00014,101862.53,1
2025-11-08 22:56:58.253281,101862.53,58.20000000001164,0.05713582806161563,-0.12038,-0.12038,0.05157000000000001,0.05176,-0.0001899999999999888,0.9963292117465227,3e-05,0.00014,101862.53,0
2025-11-08 22:57:00.297097,101862.53,58.20000000001164,0.05713582806161563,0.0,0.12038,0.05157000000000001,0.05176,-0.0001899999999999888,0.9963292117465227,3e-05,0.00014,101862.53,0
2025-11-08 22:57:02.333070,101862.53,58.20000000001164,0.05713582806161563,0.0,0.0,0.05157000000000001,0.05176,-0.0001899999999999888,0.9963292117465227,3e-05,0.00014,101862.53,0
2025-11-08 22:57:04.361439,101862.53,58.20000000001164,0.05713582806161563,0.0,0.0,0.05157000000000001,0.05176,-0.0001899999999999888,0.9963292117465227,3e-05,0.00014,101862.53,0
2025-11-08 22:57:06.394583,101862.53,58.20000000001164,0.05713582806161563,0.0,0.0,0.05157000000000001,0.05176,-0.0001899999999999888,0.9963292117465227,3e-05,0.00014,101862.53,0
2025-11-08 22:57:08.426156,101862.53,58.20000000001164,0.05713582806161563,0.0,0.0,0.05157000000000001,0.05176,-0.0001899999999999888,0.9963292117465227,3e-05,0.00014,101862.53,0
2025-11-08 22:57:10.457806,101862.53,58.20000000001164,0.05713582806161563,0.0,0.0,0.05157000000000001,0.05176,-0.0001899999999999888,0.9963292117465227,3e-05,0.00014,101862.53,0
2025-11-08 22:57:12.493972,101862.53,58.20000000001164,0.05713582806161563,0.0,0.0,0.05157000000000001,0.05176,-0.0001899999999999888,0.9963292117465227,3e-05,0.00014,101862.53,0
2025-11-08 22:57:14.526783,101862.53,58.20000000001164,0.05713582806161563,0.0,0.0,0.05157000000000001,0.05176,-0.0001899999999999888,0.9963292117465227,3e-05,0.00014,101862.53,0
2025-11-08 22:57:16.560960,101862.53,58.20000000001164,0.05713582806161563,0.0,0.0,0.05157000000000001,0.05176,-0.0001899999999999888,0.9963292117465227,3e-05,0.00014,101862.53,0
2025-11-08 22:57:18.595598,101862.53,58.20000000001164,0.05713582806161563,0.0,0.0,0.05157000000000001,0.05176,-0.0001899999999999888,0.9963292117465227,3e-05,0.00014,101862.53,0
2025-11-08 22:57:20.631501,101862.53,58.20000000001164,0.05713582806161563,0.0,0.0,0.05157000000000001,0.05176,-0.0001899999999999888,0.9963292117465227,3e-05,0.00014,101862.53,0
2025-11-08 22:57:22.662705,101862.53,58.20000000001164,0.05713582806161563,0.0,0.0,0.05157000000000001,0.05176,-0.0001899999999999888,0.9963292117465227,3e-05,0.00014,101862.53,0
2025-11-08 22:57:24.695687,101862.53,58.20000000001164,0.05713582806161563,0.0,0.0,0.05157000000000001,0.05176,-0.0001899999999999888,0.9963292117465227,3e-05,0.00014,101862.53,0
2025-11-08 22:57:26.726166,101862.53,58.20000000001164,0.05713582806161563,0.0,0.0,0.05157000000000001,0.05176,-0.0001899999999999888,0.9963292117465227,3e-05,0.00014,101862.53,0
2025-11-08 22:57:28.758032,101862.53,58.20000000001164,0.05713582806161563,0.0,0.0,0.05157000000000001,0.05176,-0.0001899999999999888,0.9963292117465227,3e-05,0.00014,101862.53,0
2025-11-08 22:57:30.794618,101862.53,58.20000000001164,0.05713582806161563,0.0,0.0,0.05157000000000001,0.05176,-0.0001899999999999888,0.9963292117465227,3e-05,0.00014,101862.53,0
2025-11-08 22:57:32.823074,101862.53,58.20000000001164,0.05713582806161563,0.0,0.0,0.05157000000000001,0.05176,-0.0001899999999999888,0.9963292117465227,3e-05,0.00014,101862.53,0
2025-11-08 22:57:34.856438,101862.53,58.20000000001164,0.05713582806161563,0.0,0.0,0.05157000000000001,0.05176,-0.0001899999999999888,0.9963292117465227,3e-05,0.00014,101862.53,0
2025-11-08 22:57:36.888933,101862.53,58.20000000001164,0.05713582806161563,0.0,0.0,0.05157000000000001,0.05176,-0.0001899999999999888,0.9963292117465227,3e-05,0.00014,101862.53,0
2025-11-08 22:57:38.918704,101862.53,58.20000000001164,0.05713582806161563,0.0,0.0,0.05157000000000001,0.05176,-0.0001899999999999888,0.9963292117465227,3e-05,0.00014,101867.065,1
2025-11-08 22:57:40.950916,101867.065,49.13000000000466,0.04822952344803952,0.12097,0.12097,0.17254,0.05176,0.12078,3.3334621329211744,0.05,0.00014,101872.07,1
2025-11-08 22:57:42.983310,101872.07,39.120000000009895,0.03840110444404427,-0.0019299999999999977,-0.1229,0.17120000000000002,0.05235,0.11885000000000001,3.270296084049666,0.00016,0.00014,101872.935,1
2025-11-08 22:57:45.013820,101872.935,37.38999999999942,0.03670258444993208,0.0019299999999999947,0.0038599999999999923,0.17254000000000003,0.05176,0.12078000000000003,3.3334621329211753,0.05,0.00014,101872.935,0
2025-11-08 22:57:47.044372,101872.935,37.38999999999942,0.03670258444993208,0.0,-0.0019299999999999947,0.17254000000000003,0.05176,0.12078000000000003,3.3334621329211753,0.05,0.00014,101872.94,1
2025-11-08 22:57:49.076313,101872.94,37.38000000000466,0.03669276649913574,-0.0019299999999999938,-0.0019299999999999938,0.17120000000000002,0.05235,0.11885000000000001,3.270296084049666,3e-05,0.00014,101872.94,0
2025-11-08 22:57:51.111200,101872.94,37.38000000000466,0.03669276649913574,0.0,0.0019299999999999938,0.17120000000000002,0.05235,0.11885000000000001,3.270296084049666,3e-05,0.00014,101872.94,0
2025-11-08 22:57:53.143312,101872.94,37.38000000000466,0.03669276649913574,0.0,0.0,0.17120000000000002,0.05235,0.11885000000000001,3.270296084049666,3e-05,0.00014,101872.94,0
2025-11-08 22:57:55.177476,101872.94,37.38000000000466,0.03669276649913574,0.0005899999999999984,0.0005899999999999984,0.17120000000000002,0.05176,0.11944000000000002,3.30757341576507,3e-05,0.00014,101872.94,0
2025-11-08 22:57:57.211697,101872.94,37.38000000000466,0.03669276649913574,0.0,-0.0005899999999999984,0.17120000000000002,0.05176,0.11944000000000002,3.30757341576507,3e-05,0.00014,101880.97,1
2025-11-08 22:57:59.245109,101880.97,21.320000000006985,0.020926381050363953,-0.0005999999999999945,-0.0005999999999999945,0.17119,0.05235,0.11884,3.2701050620821395,2e-05,0.00014,101885.97,1
2025-11-08 22:58:01.278298,101885.97,11.320000000006985,0.011110460056479792,0.0005899999999999984,0.001189999999999993,0.17119,0.05176,0.11943000000000001,3.307380216383308,0.00016,0.00014,101885.97,0
2025-11-08 22:58:03.312204,101885.97,11.320000000006985,0.011110460056479792,0.0,-0.0005899999999999984,0.17119,0.05176,0.11943000000000001,3.307380216383308,0.00016,0.00014,101885.97,0
2025-11-08 22:58:05.344317,101885.97,11.320000000006985,0.011110460056479792,0.0,0.0,0.17119,0.05176,0.11943000000000001,3.307380216383308,0.00016,0.00014,101885.97,0
2025-11-08 22:58:07.377497,101885.97,11.320000000006985,0.011110460056479792,0.0,0.0,0.17119,0.05176,0.11943000000000001,3.307380216383308,0.00016,0.00014,101885.97,0
2025-11-08 22:58:09.408430,101885.97,11.320000000006985,0.011110460056479792,0.0,0.0,0.17119,0.05176,0.11943000000000001,3.307380216383308,0.00016,0.00014,101880.97,0
2025-11-08 22:58:11.445796,101880.97,21.320000000006985,0.020926381050363953,-0.0005899999999999984,-0.0005899999999999984,0.17119,0.05235,0.11884,3.2701050620821395,2e-05,0.00014,101880.97,0
2025-11-08 22:58:13.474347,101880.97,21.320000000006985,0.020926381050363953,0.0005899999999999984,0.0011799999999999968,0.17119,0.05176,0.11943000000000001,3.307380216383308,2e-05,0.00014,101880.97,0
2025-11-08 22:58:15.540546,101880.97,21.320000000006985,0.020926381050363953,0.0,-0.0005899999999999984,0.17119,0.05176,0.11943000000000001,3.307380216383308,2e-05,0.00014,101880.97,0
2025-11-08 22:58:17.572884,101880.97,21.320000000006985,0.020926381050363953,0.0,0.0,0.17119,0.05176,0.11943000000000001,3.307380216383308,2e-05,0.00014,101880.97,0
2025-11-08 22:58:19.601333,101880.97,21.320000000006985,0.020926381050363953,0.0,0.0,0.17119,0.05176,0.11943000000000001,3.307380216383308,2e-05,0.00014,101878.185,0
2025-11-08 22:58:21.636051,101878.185,26.889999999999418,0.026394266839362537,0.0013500000000000038,0.0013500000000000038,0.17254000000000003,0.05176,0.12078000000000003,3.3334621329211753,0.00016,0.00014,101878.185,0
2025-11-08 22:58:23.666168,101878.185,26.889999999999418,0.026394266839362537,0.0,-0.0013500000000000038,0.17254000000000003,0.05176,0.12078000000000003,3.3334621329211753,0.00016,0.00014,101868.455,0
2025-11-08 22:58:25.704638,101868.455,46.35000000000582,0.045499855671714884,-0.12156,-0.12156,0.05157000000000001,0.05235,-0.000779999999999989,0.9851002865329515,0.00016,0.00014,101857.03,0
2025-11-08 22:58:27.740642,101857.03,69.20000000001164,0.06793836419539392,0.12157000000000001,0.24313,0.17254,0.051750000000000004,0.12079,3.3341062801932364,0.05,0.00014,101859.89,1
2025-11-08 22:58:29.779588,101859.89,63.48000000001048,0.06232089981641496,2.30917,2.1875999999999998,2.48231,0.05235,2.42996,47.41757402101241,0.05002,0.00014,101859.89,0
2025-11-08 22:58:31.816526,101859.89,63.48000000001048,0.06232089981641496,-2.30911,-4.61828,0.17259,0.05174,0.12084999999999999,3.3357170467723227,0.05005,0.00014,101855.57500000001,0
2025-11-08 22:58:33.853423,101855.57500000001,72.11000000000058,0.07079632116356967,-3.999999999999143e-05,2.30907,0.17254,0.05173,0.12081,3.335395321863522,0.05,0.00014,101855.58,1
2025-11-08 22:58:35.884091,101855.58,72.10000000000582,0.07078649986579608,-0.12157000000000001,-0.12153000000000003,0.05159000000000001,0.05235,-0.0007599999999999899,0.985482330468004,5e-05,0.00014,101855.58,0
2025-11-08 22:58:37.921275,101855.58,72.10000000000582,0.07078649986579608,0.0006299999999999994,0.12220000000000002,0.05159000000000001,0.05172,-0.00012999999999999123,0.9974864655839135,5e-05,0.00014,101855.58,0
2025-11-08 22:58:39.960356,101855.58,72.10000000000582,0.07078649986579608,0.0,-0.0006299999999999994,0.05159000000000001,0.05172,-0.00012999999999999123,0.9974864655839135,5e-05,0.00014,101855.58,0
2025-11-08 22:58:41.994096,101855.58,72.10000000000582,0.07078649986579608,0.0,0.0,0.05159000000000001,0.05172,-0.00012999999999999123,0.9974864655839135,5e-05,0.00014,101855.58,0
2025-11-08 22:58:44.028404,101855.58,72.10000000000582,0.07078649986579608,0.0,0.0,0.05159000000000001,0.05172,-0.00012999999999999123,0.9974864655839135,5e-05,0.00014,101855.58,0
2025-11-08 22:58:46.059679,101855.58,72.10000000000582,0.07078649986579608,0.0,0.0,0.05159000000000001,0.05172,-0.00012999999999999123,0.9974864655839135,5e-05,0.00014,101855.58,0
2025-11-08 22:58:48.094887,101855.58,72.10000000000582,0.07078649986579608,0.0,0.0,0.05159000000000001,0.05172,-0.00012999999999999123,0.9974864655839135,5e-05,0.00014,101855.58,0
2025-11-08 22:58:50.126269,101855.58,72.10000000000582,0.07078649986579608,0.0,0.0,0.05159000000000001,0.05172,-0.00012999999999999123,0.9974864655839135,5e-05,0.00014,101855.58,0
2025-11-08 22:58:52.160941,101855.58,72.10000000000582,0.07078649986579608,0.0,0.0,0.05159000000000001,0.05172,-0.00012999999999999123,0.9974864655839135,5e-05,0.00014,101862.15,1
2025-11-08 22:58:54.194076,101862.15,58.9600000000064,0.05788214758868373,0.12021,0.12021,0.17243,0.05235,0.12007999999999999,3.2937917860553965,0.05,0.00014,101862.15,0
2025-11-08 22:58:56.220273,101862.15,58.9600000000064,0.05788214758868373,0.00010999999999999899,-0.1201,0.17254,0.05235,0.12018999999999999,3.295893027698185,0.05,0.00014,101862.15,0
2025-11-08 22:58:58.252139,101862.15,58.9600000000064,0.05788214758868373,0.0,-0.00010999999999999899,0.17254,0.05235,0.12018999999999999,3.295893027698185,0.05,0.00014,101862.15,0
2025-11-08 22:59:00.285006,101862.15,58.9600000000064,0.05788214758868373,0.0,0.0,0.17254,0.05235,0.12018999999999999,3.295893027698185,0.05,0.00014,101862.15,0
2025-11-08 22:59:02.330281,101862.15,58.9600000000064,0.05788214758868373,0.0,0.0,0.17254,0.05235,0.12018999999999999,3.295893027698185,0.05,0.00014,101862.15,0
2025-11-08 22:59:04.359670,101862.15,58.9600000000064,0.05788214758868373,0.0,0.0,0.17254,0.05235,0.12018999999999999,3.295893027698185,0.05,0.00014,101862.15,0
2025-11-08 22:59:06.392547,101862.15,58.9600000000064,0.05788214758868373,0.0,0.0,0.17254,0.05235,0.12018999999999999,3.295893027698185,0.05,0.00014,101862.15,0
2025-11-08 22:59:08.429749,101862.15,58.9600000000064,0.05788214758868373,0.0,0.0,0.17254,0.05235,0.12018999999999999,3.295893027698185,0.05,0.00014,101862.155,1
2025-11-08 22:59:10.461821,101862.155,58.95000000001164,0.05787232755875982,0.0005000000000000081,0.0005000000000000081,0.17242000000000002,0.05173,0.12069000000000002,3.33307558476706,4e-05,0.00014,101862.155,0
2025-11-08 22:59:12.493368,101862.155,58.95000000001164,0.05787232755875982,0.0,-0.0005000000000000081,0.17242000000000002,0.05173,0.12069000000000002,3.33307558476706,4e-05,0.00014,101855.125,0
2025-11-08 22:59:14.531208,101855.125,73.01000000000931,0.07168024191223497,-0.0004999999999999986,-0.0004999999999999986,0.17254,0.05235,0.12018999999999999,3.295893027698185,0.05,0.00014,101855.125,0
2025-11-08 22:59:16.561905,101855.125,73.01000000000931,0.07168024191223497,0.0,0.0004999999999999986,0.17254,0.05235,0.12018999999999999,3.295893027698185,0.05,0.00014,101855.125,0
2025-11-08 22:59:18.590668,101855.125,73.01000000000931,0.07168024191223497,0.0006799999999999939,0.0006799999999999939,0.17259,0.05172,0.12086999999999999,3.3370069605568444,0.05005,0.00014,101855.125,0
2025-11-08 22:59:20.624147,101855.125,73.01000000000931,0.07168024191223497,0.0,-0.0006799999999999939,0.17259,0.05172,0.12086999999999999,3.3370069605568444,0.05005,0.00014,101855.125,0
2025-11-08 22:59:22.661798,101855.125,73.01000000000931,0.07168024191223497,-4.999999999999449e-05,-4.999999999999449e-05,0.17254,0.05172,0.12082,3.336040216550657,0.05,0.00014,101855.125,0
2025-11-08 22:59:24.743499,101855.125,73.01000000000931,0.07168024191223497,-0.0006299999999999994,-0.0005800000000000049,0.17254,0.05235,0.12018999999999999,3.295893027698185,0.05,0.00014,101855.125,0
2025-11-08 22:59:26.780346,101855.125,73.01000000000931,0.07168024191223497,0.0006699999999999977,0.0012999999999999971,0.17259,0.05173,0.12086,3.336361878987048,0.05005,0.00014,101855.125,0
2025-11-08 22:59:28.814018,101855.125,73.01000000000931,0.07168024191223497,0.0,-0.0006699999999999977,0.17259,0.05173,0.12086,3.336361878987048,0.05005,0.00014,101855.125,0
2025-11-08 22:59:30.842381,101855.125,73.01000000000931,0.07168024191223497,-0.0006699999999999977,-0.0006699999999999977,0.17254,0.05235,0.12018999999999999,3.295893027698185,0.05,0.00014,101855.125,0
2025-11-08 22:59:32.876333,101855.125,73.01000000000931,0.07168024191223497,0.0,0.0006699999999999977,0.17254,0.05235,0.12018999999999999,3.295893027698185,0.05,0.00014,101855.125,0
2025-11-08 22:59:34.913370,101855.125,73.01000000000931,0.07168024191223497,0.0,0.0,0.17254,0.05235,0.12018999999999999,3.295893027698185,0.05,0.00014,101855.125,0
2025-11-08 22:59:36.948145,101855.125,73.01000000000931,0.07168024191223497,0.0006599999999999947,0.0006599999999999947,0.17259,0.05174,0.12084999999999999,3.3357170467723227,0.05005,0.00014,101855.125,0
2025-11-08 22:59:38.979382,101855.125,73.01000000000931,0.07168024191223497,0.0,-0.0006599999999999947,0.17259,0.05174,0.12084999999999999,3.3357170467723227,0.05005,0.00014,101855.125,0
2025-11-08 22:59:41.012368,101855.125,73.01000000000931,0.07168024191223497,0.0,0.0,0.17259,0.05174,0.12084999999999999,3.3357170467723227,0.05005,0.00014,101855.125,0
2025-11-08 22:59:43.070975,101855.125,73.01000000000931,0.07168024191223497,0.0,0.0,0.17259,0.05174,0.12084999999999999,3.3357170467723227,0.05005,0.00014,101855.125,0
2025-11-08 22:59:45.102568,101855.125,73.01000000000931,0.07168024191223497,0.0,0.0,0.17259,0.05174,0.12084999999999999,3.3357170467723227,0.05005,0.00014,101855.125,0
2025-11-08 22:59:47.139119,101855.125,73.01000000000931,0.07168024191223497,0.0,0.0,0.17259,0.05174,0.12084999999999999,3.3357170467723227,0.05005,0.00014,101834.38,0
2025-11-08 22:59:49.171396,101834.38,91.11999999999534,0.0894786220527835,-0.12041999999999997,-0.12041999999999997,0.17308,0.17265,0.0004300000000000137,1.0024905878945845,0.05,0.05,101834.38,0
2025-11-08 22:59:51.211793,101834.38,91.11999999999534,0.0894786220527835,0.0,0.12041999999999997,0.17308,0.17265,0.0004300000000000137,1.0024905878945845,0.05,0.05,101834.38,0
2025-11-08 22:59:53.245494,101834.38,91.11999999999534,0.0894786220527835,0.0,0.0,0.17308,0.17265,0.0004300000000000137,1.0024905878945845,0.05,0.05,101834.38,0
2025-11-08 22:59:55.280713,101834.38,91.09999999999127,0.08945898232010767,-0.12144,-0.12144,0.05159000000000001,0.1726,-0.12100999999999999,0.29889918887601397,5e-05,0.0001,101834.38,0
2025-11-08 22:59:57.314121,101834.38,91.09999999999127,0.08945898232010767,0.0,0.12144,0.05159000000000001,0.1726,-0.12100999999999999,0.29889918887601397,5e-05,0.0001,101834.38,0
2025-11-08 22:59:59.346045,101834.38,91.09999999999127,0.08945898232010767,0.0,0.0,0.05159000000000001,0.1726,-0.12100999999999999,0.29889918887601397,5e-05,0.0001,101834.38,0
2025-11-08 23:00:01.375633,101834.38,91.09999999999127,0.08945898232010767,0.0,0.0,0.05159000000000001,0.1726,-0.12100999999999999,0.29889918887601397,5e-05,0.0001,101834.38,0
2025-11-08 23:00:03.417802,101834.38,91.09999999999127,0.08945898232010767,0.0,0.0,0.05159000000000001,0.1726,-0.12100999999999999,0.29889918887601397,5e-05,0.0001,101834.38,0
2025-11-08 23:00:05.450941,101834.38,91.09999999999127,0.08945898232010767,0.0,0.0,0.05159000000000001,0.1726,-0.12100999999999999,0.29889918887601397,5e-05,0.0001,101834.38,0
2025-11-08 23:00:07.482570,101834.38,91.09999999999127,0.08945898232010767,0.0,0.0,0.05159000000000001,0.1726,-0.12100999999999999,0.29889918887601397,5e-05,0.0001,101849.205,1
2025-11-08 23:00:09.516263,101849.205,84.85000000000582,0.08330943771235702,0.12090000000000001,0.12090000000000001,0.17254,0.17265,-0.00010999999999999899,0.9993628728641761,0.05,0.00014,101851.1,1
2025-11-08 23:00:11.548558,101851.1,88.6200000000099,0.08700936956008319,-0.12115000000000002,-0.24205000000000004,0.05158000000000001,0.17284,-0.12125999999999998,0.29842629021059947,4e-05,0.04963,101851.095,0
2025-11-08 23:00:13.592201,101851.095,88.61000000000058,0.0869995555766981,0.1206,0.24175000000000002,0.05158000000000001,0.05224,-0.0006599999999999939,0.9873660030627872,4e-05,3e-05,101864.615,1
2025-11-08 23:00:15.624512,101864.615,87.08999999999651,0.08549583189412388,0.0005300000000000027,-0.12007,0.17308,0.17321,-0.00012999999999999123,0.9992494659661683,0.05,0.05,101854.495,0
2025-11-08 23:00:17.669359,101854.495,91.94999999999709,0.09027583907808594,-0.0005400000000000127,-0.0010700000000000154,0.17254,0.17321,-0.0006700000000000039,0.9961318630564054,0.05,0.05,101854.495,0
2025-11-08 23:00:19.698301,101854.495,91.94999999999709,0.09027583907808594,0.0,0.0005400000000000127,0.17254,0.17321,-0.0006700000000000039,0.9961318630564054,0.05,0.05,101854.495,0
2025-11-08 23:00:21.734544,101854.495,91.94999999999709,0.09027583907808594,0.0,0.0,0.17254,0.17321,-0.0006700000000000039,0.9961318630564054,0.05,0.05,101854.49,0
2025-11-08 23:00:23.765221,101854.49,91.94000000000233,0.09026602558218329,9.999999999996123e-06,9.999999999996123e-06,0.05158000000000001,0.05224,-0.0006599999999999939,0.9873660030627872,0.05,3e-05,101854.49,0
2025-11-08 23:00:25.819186,101854.49,91.94000000000233,0.09026602558218329,0.0,-9.999999999996123e-06,0.05158000000000001,0.05224,-0.0006599999999999939,0.9873660030627872,0.05,3e-05,101854.49,0
2025-11-08 23:00:27.853048,101854.49,91.94000000000233,0.09026602558218329,0.0,0.0,0.05158000000000001,0.05224,-0.0006599999999999939,0.9873660030627872,0.05,3e-05,101854.49,0
2025-11-08 23:00:29.900088,101854.49,91.94000000000233,0.09026602558218329,0.0,0.0,0.05158000000000001,0.05224,-0.0006599999999999939,0.9873660030627872,0.05,3e-05,101854.49,0
2025-11-08 23:00:31.931317,101854.49,91.94000000000233,0.09026602558218329,0.0,0.0,0.05158000000000001,0.05224,-0.0006599999999999939,0.9873660030627872,0.05,3e-05,101864.715,1
2025-11-08 23:00:33.963959,101864.715,92.38999999999942,0.09069872722855939,-9.999999999982245e-06,-9.999999999982245e-06,0.17254,0.17321,-0.0006700000000000039,0.9961318630564054,0.00016,0.05,101862.375,0
2025-11-08 23:00:35.996637,101862.375,97.04999999998836,0.09527561084255924,0.12085,0.12085999999999998,0.17242000000000002,0.05224,0.12018000000000001,3.3005359877488516,4e-05,3e-05,101862.375,0
2025-11-08 23:00:38.029990,101862.375,97.04999999998836,0.09527561084255924,0.0,-0.12085,0.17242000000000002,0.05224,0.12018000000000001,3.3005359877488516,4e-05,3e-05,101862.375,0
2025-11-08 23:00:40.063537,101862.375,97.04999999998836,0.09527561084255924,0.0,0.0,0.17242000000000002,0.05224,0.12018000000000001,3.3005359877488516,4e-05,3e-05,101862.375,0
2025-11-08 23:00:42.095227,101862.375,97.04999999998836,0.09527561084255924,0.0,0.0,0.17242000000000002,0.05224,0.12018000000000001,3.3005359877488516,4e-05,3e-05,101865.13500000001,1
2025-11-08 23:00:44.126378,101865.13500000001,91.55000000000291,0.08987373353994269,-0.12085,-0.12085,0.17254,0.17321,-0.0006700000000000039,0.9961318630564054,0.05,0.05,101871.76999999999,1
2025-11-08 23:00:46.159806,101871.76999999999,104.80000000000291,0.10287442733153936,-0.00012999999999999123,0.12072000000000001,0.17241,0.17321,-0.0007999999999999952,0.9953813290225738,3e-05,0.05,101875.02,1
2025-11-08 23:00:48.188500,101875.02,98.27999999999884,0.0964711467050498,0.12109999999999999,0.12122999999999998,0.17254,0.05224,0.12029999999999999,3.302833078101072,0.05,3e-05,101878.235,1
2025-11-08 23:00:50.219776,101878.235,91.85000000000582,0.09015664631410802,-0.12097,-0.24206999999999998,0.05157000000000001,0.05224,-0.00066999999999999,0.987174578866769,3e-05,3e-05,101888.13,1
2025-11-08 23:00:52.259232,101888.13,97.77999999999884,0.09596799941268805,0.11963,0.24059999999999998,0.17120000000000002,0.05224,0.11896000000000001,3.27718223583461,3e-05,3e-05,101888.125,0
2025-11-08 23:00:54.291199,101888.125,97.79000000000815,0.09597781880862774,0.001339999999999994,-0.11829,0.17254,0.05224,0.12029999999999999,3.302833078101072,0.05,3e-05,101888.125,0
2025-11-08 23:00:56.322676,101888.125,97.79000000000815,0.09597781880862774,0.0,-0.001339999999999994,0.17254,0.05224,0.12029999999999999,3.302833078101072,0.05,3e-05,101888.13,1
2025-11-08 23:00:58.350462,101888.13,97.77999999999884,0.09596799941268805,-0.001339999999999994,-0.001339999999999994,0.17120000000000002,0.05224,0.11896000000000001,3.27718223583461,3e-05,3e-05,101888.13,0
2025-11-08 23:01:00.382181,101888.13,97.77999999999884,0.09596799941268805,0.0,0.001339999999999994,0.17120000000000002,0.05224,0.11896000000000001,3.27718223583461,3e-05,3e-05,101888.13,0
2025-11-08 23:01:02.412680,101888.13,97.77999999999884,0.09596799941268805,0.0,0.0,0.17120000000000002,0.05224,0.11896000000000001,3.27718223583461,3e-05,3e-05,101891.08499999999,1
2025-11-08 23:01:04.446741,101891.08499999999,91.8700000000099,0.0901649050061739,0.001339999999999994,0.001339999999999994,0.17254,0.05224,0.12029999999999999,3.302833078101072,0.05,3e-05,101891.08499999999,0
2025-11-08 23:01:06.478533,101891.08499999999,91.8700000000099,0.0901649050061739,0.0,-0.001339999999999994,0.17254,0.05224,0.12029999999999999,3.302833078101072,0.05,3e-05,101891.08499999999,0
2025-11-08 23:01:08.509531,101891.08499999999,91.8700000000099,0.0901649050061739,0.0,0.0,0.17254,0.05224,0.12029999999999999,3.302833078101072,0.05,3e-05,101891.08499999999,0
2025-11-08 23:01:10.541021,101891.08499999999,91.8700000000099,0.0901649050061739,0.0,0.0,0.17254,0.05224,0.12029999999999999,3.302833078101072,0.05,3e-05,101891.08499999999,0
2025-11-08 23:01:12.573533,101891.08499999999,91.8700000000099,0.0901649050061739,0.0,0.0,0.17254000000000003,0.05224,0.12030000000000002,3.3028330781010724,0.05,3e-05,101891.08499999999,0
2025-11-08 23:01:14.606500,101891.08499999999,91.8700000000099,0.0901649050061739,0.0,0.0,0.17254000000000003,0.05224,0.12030000000000002,3.3028330781010724,0.05,3e-05,101891.08499999999,0
2025-11-08 23:01:16.637226,101891.08499999999,91.8700000000099,0.0901649050061739,0.0,0.0,0.17254000000000003,0.05224,0.12030000000000002,3.3028330781010724,0.05,3e-05,101891.08499999999,0
2025-11-08 23:01:18.671319,101891.08499999999,91.8700000000099,0.0901649050061739,0.0,0.0,0.17254000000000003,0.05224,0.12030000000000002,3.3028330781010724,0.05,3e-05,101891.08499999999,0
2025-11-08 23:01:20.704805,101891.08499999999,91.8700000000099,0.0901649050061739,0.0,0.0,0.17254000000000003,0.05224,0.12030000000000002,3.3028330781010724,0.05,3e-05,101891.09,1
2025-11-08 23:01:22.738004,101891.09,91.88000000000466,0.09017471498244317,-0.12084999999999999,-0.12084999999999999,0.17254000000000003,0.17309,-0.0005499999999999672,0.9968224623028484,0.05,0.04988,101891.09,0
2025-11-08 23:01:24.770975,101891.09,91.88000000000466,0.09017471498244317,0.0,0.12084999999999999,0.17254000000000003,0.17309,-0.0005499999999999672,0.9968224623028484,0.05,0.04988,101891.09,0
2025-11-08 23:01:26.802817,101891.09,91.88000000000466,0.09017471498244317,0.0,0.0,0.17254000000000003,0.17309,-0.0005499999999999672,0.9968224623028484,0.05,0.04988,101891.08499999999,0
2025-11-08 23:01:28.856810,101891.08499999999,91.8700000000099,0.0901649050061739,0.12098999999999999,0.12098999999999999,0.17254000000000003,0.0521,0.12044000000000002,3.3117082533589257,0.05,1e-05,101902.56,1
2025-11-08 23:01:30.885942,101902.56,94.23999999999069,0.09248050294319465,-0.12244,-0.24342999999999998,0.17121,0.17321,-0.0020000000000000018,0.9884533225564344,0.05,0.05,101902.56,0
2025-11-08 23:01:32.918616,101902.56,94.23999999999069,0.09248050294319465,0.0,0.12244,0.17121,0.17321,-0.0020000000000000018,0.9884533225564344,0.05,0.05,101902.56,0
2025-11-08 23:01:34.947242,101902.56,94.23999999999069,0.09248050294319465,0.0,0.0,0.17121,0.17321,-0.0020000000000000018,0.9884533225564344,0.05,0.05,101902.56,0
2025-11-08 23:01:36.980231,101902.56,94.23999999999069,0.09248050294319465,0.0,0.0,0.17121,0.17321,-0.0020000000000000018,0.9884533225564344,0.05,0.05,101902.555,0
2025-11-08 23:01:39.015169,101902.555,94.22999999999593,0.09247069418425861,0.12231999999999998,0.12231999999999998,0.17254,0.05222,0.12032,3.304098046725392,0.05,1e-05,101902.56,1
2025-11-08 23:01:41.044930,101902.56,94.22000000000116,0.09246087635089949,-0.0013399999999999938,-0.12365999999999998,0.17120000000000002,0.05222,0.11898000000000002,3.278437380314056,3e-05,1e-05,101893.79000000001,0
2025-11-08 23:01:43.075333,101893.79000000001,77.06000000001222,0.07562776887581885,-0.11964999999999998,-0.11830999999999998,0.17254000000000003,0.17321,-0.0006699999999999762,0.9961318630564057,0.00016,0.05,101888.79000000001,0
2025-11-08 23:01:45.101998,101888.79000000001,87.06000000001222,0.08544610255947903,0.0,0.11964999999999998,0.17254000000000003,0.17321,-0.0006699999999999762,0.9961318630564057,0.05,0.05,101888.79000000001,0
2025-11-08 23:01:47.138147,101888.79000000001,87.06000000001222,0.08544610255947903,0.0,0.0,0.17254000000000003,0.17321,-0.0006699999999999762,0.9961318630564057,0.05,0.05,101888.79000000001,0
2025-11-08 23:01:49.170785,101888.79000000001,87.06000000001222,0.08544610255947903,0.0,0.0,0.17254000000000003,0.17321,-0.0006699999999999762,0.9961318630564057,0.05,0.05,101879.85,0
2025-11-08 23:01:51.201461,101879.85,94.86000000000058,0.09310967772331877,2.999999999997449e-05,2.999999999997449e-05,0.05158000000000001,0.05222,-0.0006399999999999947,0.9877441593259288,4e-05,1e-05,101877.245,0
2025-11-08 23:01:53.233127,101877.245,89.65000000000873,0.08799806080347848,-0.12098999999999999,-0.12101999999999996,0.05158000000000001,0.17321,-0.12162999999999999,0.29778881126955725,4e-05,0.05,101870.565,0
2025-11-08 23:01:55.265302,101870.565,102.98999999999069,0.10109887974017881,0.24195,0.36294,0.17254,0.05222,0.12032,3.304098046725392,0.05,1e-05,101870.565,0
2025-11-08 23:01:57.298261,101870.565,102.98999999999069,0.10109887974017881,0.0,-0.24195,0.17254,0.05222,0.12032,3.304098046725392,0.05,1e-05,101870.565,0
2025-11-08 23:01:59.331092,101870.565,102.98999999999069,0.10109887974017881,0.0,0.0,0.17254,0.05222,0.12032,3.304098046725392,0.05,1e-05,101865.05,0
2025-11-08 23:02:01.362449,101865.05,91.94000000000233,0.09025666801322173,-0.24195,-0.24195,0.05158000000000001,0.17321,-0.12162999999999999,0.29778881126955725,4e-05,0.05,101841.61499999999,0
2025-11-08 23:02:03.394662,101841.61499999999,99.65000000000873,0.09784801625544601,0.0,0.24195,0.05158000000000001,0.17321,-0.12162999999999999,0.29778881126955725,4e-05,0.05,101841.61499999999,0
2025-11-08 23:02:05.439145,101841.61499999999,99.65000000000873,0.09784801625544601,0.00054,0.00054,0.05212000000000001,0.17321,-0.12109,0.30090641417931996,4e-05,0.05,101841.61499999999,0
2025-11-08 23:02:07.472388,101841.61499999999,99.65000000000873,0.09784801625544601,0.0,-0.00054,0.05212000000000001,0.17321,-0.12109,0.30090641417931996,4e-05,0.05,101841.61499999999,0
2025-11-08 23:02:09.500229,101841.61499999999,99.65000000000873,0.09784801625544601,0.0,0.0,0.05212000000000001,0.17321,-0.12109,0.30090641417931996,4e-05,0.05,101841.60999999999,0
2025-11-08 23:02:11.563086,101841.60999999999,99.63999999999942,0.09783820189016987,0.00069000000000001,0.00069000000000001,0.05212000000000001,0.17252,-0.12040000000000001,0.3021099003014144,4e-05,1e-05,101841.60999999999,0
2025-11-08 23:02:13.593329,101841.60999999999,99.63999999999942,0.09783820189016987,0.0,-0.00069000000000001,0.05212000000000001,0.17252,-0.12040000000000001,0.3021099003014144,4e-05,1e-05,101844.105,1
2025-11-08 23:02:15.628109,101844.105,84.63000000000466,0.08309759313021078,-0.0019000000000000089,-0.0019000000000000089,0.050910000000000004,0.17321,-0.12229999999999999,0.2939206743259627,0.00016,0.05,101839.105,0
2025-11-08 23:02:17.657745,101839.105,94.63000000000466,0.09292108370355832,0.0012099999999999988,0.0031100000000000077,0.05212000000000001,0.17321,-0.12109,0.30090641417931996,4e-05,0.05,101839.105,0
2025-11-08 23:02:19.693219,101839.105,94.63000000000466,0.09292108370355832,0.0,-0.0012099999999999988,0.05212000000000001,0.17321,-0.12109,0.30090641417931996,4e-05,0.05,101839.105,0
2025-11-08 23:02:21.725405,101839.105,94.63000000000466,0.09292108370355832,0.0,0.0,0.05212000000000001,0.17321,-0.12109,0.30090641417931996,4e-05,0.05,101839.1,0
2025-11-08 23:02:23.757506,101839.1,94.6200000000099,0.09291126885450667,0.00069000000000001,0.00069000000000001,0.05212000000000001,0.17252,-0.12040000000000001,0.3021099003014144,4e-05,1e-05,101839.1,0
2025-11-08 23:02:25.789711,101839.1,94.6200000000099,0.09291126885450667,0.0,-0.00069000000000001,0.05212000000000001,0.17252,-0.12040000000000001,0.3021099003014144,4e-05,1e-05,101850.14,1
2025-11-08 23:02:27.821521,101850.14,99.66000000000349,0.09784964458566625,0.12027,0.12027,0.17308,0.17321,-0.00012999999999999123,0.9992494659661683,0.05,0.05,101853.0,1
2025-11-08 23:02:29.855513,101853.0,93.9200000000128,0.09221132416326747,2.999999999998837e-05,-0.12024000000000001,0.05212000000000001,0.05222,-9.999999999999593e-05,0.9980850248946764,4e-05,1e-05,101853.0,0
2025-11-08 23:02:31.888641,101853.0,93.9200000000128,0.09221132416326747,0.0,-2.999999999998837e-05,0.05212000000000001,0.05222,-9.999999999999593e-05,0.9980850248946764,4e-05,1e-05,101853.0,0
2025-11-08 23:02:33.921145,101853.0,93.9200000000128,0.09221132416326747,0.0,0.0,0.05212000000000001,0.05222,-9.999999999999593e-05,0.9980850248946764,4e-05,1e-05,101853.0,0
2025-11-08 23:02:35.953188,101853.0,93.9200000000128,0.09221132416326747,0.0,0.0,0.05212000000000001,0.05222,-9.999999999999593e-05,0.9980850248946764,4e-05,1e-05,101853.0,0
2025-11-08 23:02:37.980238,101853.0,93.9200000000128,0.09221132416326747,0.0,0.0,0.05212000000000001,0.05222,-9.999999999999593e-05,0.9980850248946764,4e-05,1e-05,101864.19,1
2025-11-08 23:02:40.010291,101864.19,99.67999999999302,0.09785578229208225,0.12096,0.12096,0.17308,0.05222,0.12086000000000001,3.3144389122941402,0.05,1e-05,101864.19,0
2025-11-08 23:02:42.043325,101864.19,99.67999999999302,0.09785578229208225,0.0,-0.12096,0.17308,0.05222,0.12086000000000001,3.3144389122941402,0.05,1e-05,101864.19,0
2025-11-08 23:02:44.074088,101864.19,99.67999999999302,0.09785578229208225,0.0,0.0,0.17308,0.05222,0.12086000000000001,3.3144389122941402,0.05,1e-05,101864.19,0
2025-11-08 23:02:46.106661,101864.19,99.67999999999302,0.09785578229208225,0.0,0.0,0.17308,0.05222,0.12086000000000001,3.3144389122941402,0.05,1e-05,101864.19,0
2025-11-08 23:02:48.138245,101864.19,99.67999999999302,0.09785578229208225,0.0,0.0,0.17308,0.05222,0.12086000000000001,3.3144389122941402,0.05,1e-05,101864.19,0
2025-11-08 23:02:50.172348,101864.19,99.67999999999302,0.09785578229208225,0.0,0.0,0.17308,0.05222,0.12086000000000001,3.3144389122941402,0.05,1e-05,101860.43,0
2025-11-08 23:02:52.206310,101860.43,92.13999999999942,0.09045710881055521,-0.24195,-0.24195,0.05212000000000001,0.17321,-0.12109,0.30090641417931996,4e-05,0.05,101845.565,0
2025-11-08 23:02:54.236596,101845.565,91.72999999999593,0.09006774129044885,0.0008099999999999979,0.24276,0.05224000000000001,0.17252,-0.12028,0.30280547182935313,0.05,1e-05,101845.565,0
2025-11-08 23:02:56.272165,101845.565,91.72999999999593,0.09006774129044885,0.0,-0.0008099999999999979,0.05224000000000001,0.17252,-0.12028,0.30280547182935313,0.05,1e-05,101845.57500000001,1
2025-11-08 23:02:58.304890,101845.57500000001,91.72999999999593,0.09006773244688925,-0.000810000000000011,-0.000810000000000011,0.05212000000000001,0.17321,-0.12109,0.30090641417931996,4e-05,0.05,101854.86,1
2025-11-08 23:03:00.337396,101854.86,99.67999999999302,0.09786474597284119,0.12096,0.12177,0.17308,0.17321,-0.00012999999999999123,0.9992494659661683,0.05,0.05,101854.85500000001,0
2025-11-08 23:03:02.374315,101854.85500000001,99.66999999999825,0.09785493288464084,0.12098999999999999,2.999999999998837e-05,0.17308,0.05222,0.12086000000000001,3.3144389122941402,0.05,1e-05,101854.85500000001,0
2025-11-08 23:03:04.403983,101854.85500000001,99.66999999999825,0.09785493288464084,0.0,-0.12098999999999999,0.17308,0.05222,0.12086000000000001,3.3144389122941402,0.05,1e-05,101854.85500000001,0
2025-11-08 23:03:06.438093,101854.85500000001,99.66999999999825,0.09785493288464084,0.0,0.0,0.17308,0.05222,0.12086000000000001,3.3144389122941402,0.05,1e-05,101854.86,1
2025-11-08 23:03:08.474372,101854.86,99.66000000000349,0.09784511018914904,-0.12096,-0.12096,0.05212000000000001,0.05222,-9.999999999999593e-05,0.9980850248946764,4e-05,1e-05,101854.86,0
2025-11-08 23:03:10.520959,101854.86,99.66000000000349,0.09784511018914904,0.0,0.12096,0.05212000000000001,0.05222,-9.999999999999593e-05,0.9980850248946764,4e-05,1e-05,101854.86,0
2025-11-08 23:03:12.551374,101854.86,99.66000000000349,0.09784511018914904,0.0,0.0,0.05212000000000001,0.05222,-9.999999999999593e-05,0.9980850248946764,4e-05,1e-05,101854.86,0
2025-11-08 23:03:14.585586,101854.86,99.66000000000349,0.09784511018914904,0.0,0.0,0.05212000000000001,0.05222,-9.999999999999593e-05,0.9980850248946764,4e-05,1e-05,101854.86,0
2025-11-08 23:03:16.641367,101854.86,99.66000000000349,0.09784511018914904,0.0,0.0,0.05212000000000001,0.05222,-9.999999999999593e-05,0.9980850248946764,4e-05,1e-05,101860.725,1
2025-11-08 23:03:18.672783,101860.725,87.93000000000757,0.08632375235892692,0.12096,0.12096,0.17308,0.05222,0.12086000000000001,3.3144389122941402,0.05,1e-05,101860.725,0
2025-11-08 23:03:20.706294,101860.725,87.93000000000757,0.08632375235892692,0.0,-0.12096,0.17308,0.05222,0.12086000000000001,3.3144389122941402,0.05,1e-05,101860.725,0
2025-11-08 23:03:22.736894,101860.725,87.93000000000757,0.08632375235892692,0.0,0.0,0.17308,0.05222,0.12086000000000001,3.3144389122941402,0.05,1e-05,101867.66,1
2025-11-08 23:03:24.770527,101867.66,101.80000000000291,0.09993358049061195,-0.12098999999999999,-0.12098999999999999,0.17308,0.17321,-0.00012999999999999123,0.9992494659661683,0.05,0.05,101867.66,0
2025-11-08 23:03:26.818956,101867.66,101.80000000000291,0.09993358049061195,0.0,0.12098999999999999,0.17308,0.17321,-0.00012999999999999123,0.9992494659661683,0.05,0.05,101867.66,0
2025-11-08 23:03:28.853416,101867.66,101.80000000000291,0.09993358049061195,0.0,0.0,0.17308,0.17321,-0.00012999999999999123,0.9992494659661683,0.05,0.05,101867.66,0
2025-11-08 23:03:30.886771,101867.66,101.80000000000291,0.09993358049061195,0.0,0.0,0.17308,0.17321,-0.00012999999999999123,0.9992494659661683,0.05,0.05,101867.66,0
2025-11-08 23:03:32.918600,101867.66,101.80000000000291,0.09993358049061195,0.0,0.0,0.17308,0.17321,-0.00012999999999999123,0.9992494659661683,0.05,0.05,101867.66,0
2025-11-08 23:03:34.955005,101867.66,101.80000000000291,0.09993358049061195,0.0,0.0,0.17308,0.17321,-0.00012999999999999123,0.9992494659661683,0.05,0.05,101867.66,0
2025-11-08 23:03:36.989710,101867.66,101.80000000000291,0.09993358049061195,0.0,0.0,0.17308,0.17321,-0.00012999999999999123,0.9992494659661683,0.05,0.05,101867.66,0
2025-11-08 23:03:39.022696,101867.66,101.80000000000291,0.09993358049061195,0.0,0.0,0.17308,0.17321,-0.00012999999999999123,0.9992494659661683,0.05,0.05,101866.82999999999,0
2025-11-08 23:03:41.088358,101866.82999999999,80.13999999999942,0.07867133982671241,-0.0011800000000000144,-0.0011800000000000144,0.050910000000000004,0.05222,-0.0013099999999999987,0.9749138261202605,0.00016,0.05,101844.04999999999,0
2025-11-08 23:03:43.119237,101844.04999999999,113.25999999999476,0.11120924590095815,-0.11977999999999998,-0.11859999999999997,0.05212000000000001,0.17321,-0.12109,0.30090641417931996,4e-05,0.05,101844.045,0
2025-11-08 23:03:45.153203,101844.045,113.25,0.11119943242631418,0.12098999999999999,0.24076999999999998,0.05212000000000001,0.05222,-9.999999999999593e-05,0.9980850248946764,4e-05,1e-05,101836.265,0
2025-11-08 23:03:47.185703,101836.265,97.69000000000233,0.09592849855599313,-0.12098999999999999,-0.24197999999999997,0.05212000000000001,0.17321000000000003,-0.12109000000000003,0.3009064141793199,4e-05,0.05,101839.19,1
2025-11-08 23:03:49.214760,101839.19,91.82000000000698,0.09016175403595314,0.05011,0.17109999999999997,0.05224000000000001,0.12322,-0.07097999999999999,0.4239571498133421,0.05,1e-05,101853.695,1
2025-11-08 23:03:51.247208,101853.695,89.53000000001339,0.08790059113713389,-0.0493,-0.09941,0.05224000000000001,0.17252,-0.12028,0.30280547182935313,0.05,1e-05,101865.905,1
2025-11-08 23:03:53.276860,101865.905,99.66999999999825,0.0978443179786193,-0.0008099999999999979,0.04849,0.05212000000000001,0.17321,-0.12109,0.30090641417931996,4e-05,0.05,101865.905,0
2025-11-08 23:03:55.308190,101865.905,99.66999999999825,0.0978443179786193,0.0,0.0008099999999999979,0.05212000000000001,0.17321,-0.12109,0.30090641417931996,4e-05,0.05,101865.89499999999,0
2025-11-08 23:03:57.339121,101865.89499999999,99.66999999999825,0.097844327583828,0.12110999999999998,0.12110999999999998,0.05224000000000001,0.05222,2.0000000000006124e-05,1.0003829950210648,0.05,1e-05,101869.66,1
2025-11-08 23:03:59.373165,101869.66,92.16000000000349,0.09046854578684516,-0.12110999999999998,-0.24221999999999996,0.05212000000000001,0.17321,-0.12109,0.30090641417931996,0.05,0.05,101869.66,0
2025-11-08 23:04:01.410709,101869.66,92.16000000000349,0.09046854578684516,0.0001200000000000001,0.12122999999999998,0.05224000000000001,0.17321,-0.12097,0.3015992148259339,0.05,0.05,101869.66,0
2025-11-08 23:04:03.442387,101869.66,92.16000000000349,0.09046854578684516,0.0,-0.0001200000000000001,0.05224000000000001,0.17321,-0.12097,0.3015992148259339,0.05,0.05,101869.66,0
2025-11-08 23:04:05.475907,101869.66,92.16000000000349,0.09046854578684516,0.0,0.0,0.05224000000000001,0.17321,-0.12097,0.3015992148259339,0.05,0.05,101877.495,1
2025-11-08 23:04:07.511463,101877.495,107.80999999999767,0.10582317517720444,0.12086999999999999,0.12086999999999999,0.05212000000000001,0.05222,-9.999999999999593e-05,0.9980850248946764,4e-05,1e-05,101881.855,1
2025-11-08 23:04:09.548912,101881.855,99.08999999999651,0.09725971322371046,0.0,-0.12086999999999999,0.05212000000000001,0.05222,-9.999999999999593e-05,0.9980850248946764,0.05,1e-05,101881.86,1
2025-11-08 23:04:11.582252,101881.86,99.0799999999872,0.09724989316055595,-9.999999999996123e-06,-9.999999999996123e-06,0.05211000000000001,0.05222,-0.00010999999999999205,0.9978935273841442,3e-05,1e-05,101886.86,1
2025-11-08 23:04:13.634018,101886.86,89.10000000000582,0.08744994202393304,-0.12085999999999998,-0.12084999999999999,0.05224000000000001,0.17321,-0.12097,0.3015992148259339,0.00016,0.05,101890.235,1
2025-11-08 23:04:15.664385,101890.235,82.3299999999872,0.08080264021374295,0.24064999999999998,0.36150999999999994,0.1719,0.05222,0.11968,3.2918422060513213,0.05,1e-05,101890.235,0
2025-11-08 23:04:17.697069,101890.235,82.3299999999872,0.08080264021374295,0.0,-0.24064999999999998,0.1719,0.05222,0.11968,3.2918422060513213,0.05,1e-05,101890.235,0
2025-11-08 23:04:19.726606,101890.235,82.3299999999872,0.08080264021374295,0.0,0.0,0.1719,0.05222,0.11968,3.2918422060513213,0.05,1e-05,101898.525,1
2025-11-08 23:04:21.757527,101898.525,98.90999999998894,0.09706715578070335,-0.12101999999999999,-0.12101999999999999,0.17187000000000002,0.17321,-0.00133999999999998,0.9922637261128111,0.05,0.05,101898.525,0
2025-11-08 23:04:23.839603,101898.525,98.90999999998894,0.09706715578070335,0.0,0.12101999999999999,0.17187000000000002,0.17321,-0.00133999999999998,0.9922637261128111,0.05,0.05,101898.525,0
2025-11-08 23:04:25.873010,101898.525,98.90999999998894,0.09706715578070335,0.0,0.0,0.17187000000000002,0.17321,-0.00133999999999998,0.9922637261128111,0.05,0.05,101898.525,0
2025-11-08 23:04:27.906503,101898.525,98.90999999998894,0.09706715578070335,0.0,0.0,0.17187000000000002,0.17321,-0.00133999999999998,0.9922637261128111,0.05,0.05,101898.525,0
2025-11-08 23:04:29.936607,101898.525,98.90999999998894,0.09706715578070335,0.0,0.0,0.17187000000000002,0.17321,-0.00133999999999998,0.9922637261128111,0.05,0.05,101898.525,0
2025-11-08 23:04:31.971669,101898.525,98.90999999998894,0.09706715578070335,0.0,0.0,0.17187000000000002,0.17321,-0.00133999999999998,0.9922637261128111,0.05,0.05,101898.525,0
2025-11-08 23:04:34.004074,101898.525,98.90999999998894,0.09706715578070335,0.0,0.0,0.17187000000000002,0.17321,-0.00133999999999998,0.9922637261128111,0.05,0.05,101898.525,0
2025-11-08 23:04:36.035636,101898.525,98.90999999998894,0.09706715578070335,0.0,0.0,0.17187000000000002,0.17321,-0.00133999999999998,0.9922637261128111,0.05,0.05,101898.525,0
2025-11-08 23:04:38.065697,101898.525,98.90999999998894,0.09706715578070335,0.0,0.0,0.17187000000000002,0.17321,-0.00133999999999998,0.9922637261128111,0.05,0.05,101898.525,0
2025-11-08 23:04:40.095473,101898.525,98.90999999998894,0.09706715578070335,0.0,0.0,0.17187000000000002,0.17321,-0.00133999999999998,0.9922637261128111,0.05,0.05,101898.525,0
2025-11-08 23:04:42.127971,101898.525,98.88999999999942,0.09704752841123011,0.12086999999999999,0.12086999999999999,0.17175,0.05222,0.11953000000000001,3.288969743393336,4e-05,1e-05,101898.535,1
2025-11-08 23:04:44.160364,101898.535,98.86999999999534,0.09702789151973121,0.002479999999999996,-0.11839,0.17423,0.05222,0.12201,3.3364611260053616,0.00237,1e-05,101898.535,0
2025-11-08 23:04:46.192635,101898.535,98.86999999999534,0.09702789151973121,0.0,-0.002479999999999996,0.17423,0.05222,0.12201,3.3364611260053616,0.00237,1e-05,101898.535,0
2025-11-08 23:04:48.226825,101898.535,98.86999999999534,0.09702789151973121,0.0,0.0,0.17423,0.05222,0.12201,3.3364611260053616,0.00237,1e-05,101898.535,0
2025-11-08 23:04:50.256350,101898.535,98.86999999999534,0.09702789151973121,0.0,0.0,0.17423,0.05222,0.12201,3.3364611260053616,0.00237,1e-05,101898.52,0
2025-11-08 23:04:52.287620,101898.52,98.89999999999418,0.09705734685841774,-0.002360000000000001,-0.002360000000000001,0.17187000000000002,0.05222,0.11965000000000002,3.2912677135197246,0.05,1e-05,101898.545,1
2025-11-08 23:04:54.319923,101898.545,98.85000000000582,0.0970082546321008,-0.1186,-0.11624,0.053270000000000005,0.05222,0.0010500000000000023,1.0201072386058982,0.00237,1e-05,101898.545,0
2025-11-08 23:04:56.351869,101898.545,98.85000000000582,0.0970082546321008,0.0,0.1186,0.053270000000000005,0.05222,0.0010500000000000023,1.0201072386058982,0.00237,1e-05,101898.525,0
2025-11-08 23:04:58.384887,101898.525,98.88999999999942,0.09704752841123011,0.11863,0.11863,0.1719,0.05222,0.11968,3.2918422060513213,4e-05,1e-05,101898.555,1
2025-11-08 23:05:00.416488,101898.555,98.83000000000175,0.09698861774831032,0.00233,-0.1163,0.17423,0.05222,0.12201,3.3364611260053616,0.00237,1e-05,101898.555,0
2025-11-08 23:05:02.450813,101898.555,98.83000000000175,0.09698861774831032,0.0,-0.00233,0.17423,0.05222,0.12201,3.3364611260053616,0.00237,1e-05,101898.565,1
2025-11-08 23:05:04.478833,101898.565,98.80999999999767,0.09696898086837402,-0.12096,-0.12096,0.053270000000000005,0.05222,0.0010500000000000023,1.0201072386058982,0.00237,1e-05,101898.565,0
2025-11-08 23:05:06.512183,101898.565,98.80999999999767,0.09696898086837402,0.0,0.12096,0.053270000000000005,0.05222,0.0010500000000000023,1.0201072386058982,0.00237,1e-05,101898.565,0
2025-11-08 23:05:08.548727,101898.565,98.80999999999767,0.09696898086837402,0.0,0.0,0.053270000000000005,0.05222,0.0010500000000000023,1.0201072386058982,0.00237,1e-05,101898.575,1
2025-11-08 23:05:10.578845,101898.575,98.79000000000815,0.09694934399230623,0.12096,0.12096,0.17423,0.05222,0.12201,3.3364611260053616,0.00237,1e-05,101898.575,0
2025-11-08 23:05:12.612413,101898.575,98.79000000000815,0.09694934399230623,3.999999999999967e-05,-0.12092,0.17427,0.05222,0.12205,3.3372271160474916,0.00241,1e-05,101885.725,0
2025-11-08 23:05:14.647668,101885.725,73.09000000001106,0.07173723306185538,-0.12103,-0.12107,0.05324,0.05222,0.00102,1.019532746074301,0.00237,0.05,101863.29000000001,0
2025-11-08 23:05:16.756872,101863.29000000001,99.68000000000757,0.0978566468842775,-0.000999999999999998,0.12003,0.05224000000000001,0.05222,2.0000000000006124e-05,1.0003829950210648,0.05,0.05,101869.16500000001,1
2025-11-08 23:05:18.789975,101869.16500000001,96.16999999999825,0.0944054071710495,0.0010000000000000002,0.0019999999999999983,0.05324,0.05222,0.00102,1.019532746074301,0.05,0.05,101856.07500000001,0
2025-11-08 23:05:20.815762,101856.07500000001,84.99000000000524,0.0834412674943593,-0.12029999999999999,-0.12129999999999999,0.05324,0.17252,-0.11928,0.308601901228843,0.00237,0.05,101854.755,0
2025-11-08 23:05:22.847509,101854.755,87.63000000000466,0.08603427498304292,-0.000999999999999998,0.11929999999999999,0.05224000000000001,0.17252,-0.12028,0.30280547182935313,0.05,0.05,101861.205,1
2025-11-08 23:05:24.875275,101861.205,100.23000000001048,0.09839860033072502,0.12129999999999999,0.12229999999999999,0.05324,0.05222,0.00102,1.019532746074301,0.00237,0.05,101861.205,0
2025-11-08 23:05:26.909770,101861.205,100.23000000001048,0.09839860033072502,0.0,-0.12129999999999999,0.05324,0.05222,0.00102,1.019532746074301,0.00237,0.05,101849.86499999999,0
2025-11-08 23:05:28.941554,101849.86499999999,101.72999999999593,0.09988231206786177,-0.000999999999999998,-0.000999999999999998,0.05224000000000001,0.05222,2.0000000000006124e-05,1.0003829950210648,0.05,0.05,101849.95,1
2025-11-08 23:05:30.974163,101849.95,101.55999999999767,0.09971531650236223,-0.11998999999999999,-0.11898999999999998,0.05324,0.17321,-0.11997,0.30737255354771664,0.00237,0.05,101849.95,0
2025-11-08 23:05:33.008368,101849.95,101.55999999999767,0.09971531650236223,0.0,0.11998999999999999,0.05324,0.17321,-0.11997,0.30737255354771664,0.00237,0.05,101849.955,1
2025-11-08 23:05:35.037822,101849.955,101.52999999999884,0.09968585651314114,0.12103999999999998,0.12103999999999998,0.053290000000000004,0.05222,0.0010700000000000015,1.0204902336269628,0.00237,1e-05,101849.955,0
2025-11-08 23:05:37.072029,101849.955,101.52999999999884,0.09968585651314114,0.0,-0.12103999999999998,0.053290000000000004,0.05222,0.0010700000000000015,1.0204902336269628,0.00237,1e-05,101879.45999999999,1
2025-11-08 23:05:39.103208,101879.45999999999,99.68000000000757,0.09784111537301786,-0.121,-0.121,0.05328,0.17321,-0.11993000000000001,0.30760348709658797,5e-05,0.05,101875.59,0
2025-11-08 23:05:41.137169,101875.59,91.5399999999936,0.08985469433845104,0.12094999999999999,0.24195,0.05324,0.05222,0.00102,1.019532746074301,0.00237,1e-05,101869.57500000001,0
2025-11-08 23:05:43.170619,101869.57500000001,79.49000000000524,0.07803114914340736,-0.12094999999999999,-0.24189999999999998,0.05328,0.17321,-0.11993000000000001,0.30760348709658797,5e-05,0.05,101869.57500000001,0
2025-11-08 23:05:45.204248,101869.57500000001,79.49000000000524,0.07803114914340736,0.0,0.12094999999999999,0.05328,0.17321,-0.11993000000000001,0.30760348709658797,5e-05,0.05,101863.1,0
2025-11-08 23:05:47.236914,101863.1,92.41999999999825,0.09072961651471263,0.12094999999999999,0.12094999999999999,0.05324,0.05222,0.00102,1.019532746074301,0.00237,1e-05,101863.1,0
2025-11-08 23:05:49.270777,101863.1,92.41999999999825,0.09072961651471263,0.0,-0.12094999999999999,0.05324,0.05222,0.00102,1.019532746074301,0.00237,1e-05,101863.1,0
2025-11-08 23:05:51.303192,101863.1,92.41999999999825,0.09072961651471263,0.0,0.0,0.05324,0.05222,0.00102,1.019532746074301,0.00237,1e-05,101863.115,1
2025-11-08 23:05:53.332537,101863.115,92.41000000000349,0.09071978605798918,-0.12093999999999999,-0.12093999999999999,0.053290000000000004,0.17321,-0.11992,0.3076612204838058,0.00237,0.05,101863.11,0
2025-11-08 23:05:55.368294,101863.11,92.39999999999418,0.09070997341431473,0.12093999999999999,0.24187999999999998,0.05324,0.05222,0.00102,1.019532746074301,0.00237,1e-05,101873.28,1
2025-11-08 23:05:57.399695,101873.28,98.58000000000175,0.09676727793588441,-0.12093999999999999,-0.24187999999999998,0.05329,0.17321,-0.11992,0.3076612204838058,0.05,0.05,101873.41,1
2025-11-08 23:05:59.457202,101873.41,98.30000000000291,0.09649230353632308,0.12093999999999999,0.24187999999999998,0.05324,0.05222,0.00102,1.019532746074301,0.00237,1e-05,101873.41,0
2025-11-08 23:06:01.491997,101873.41,98.30000000000291,0.09649230353632308,0.0,-0.12093999999999999,0.05324,0.05222,0.00102,1.019532746074301,0.00237,1e-05,101873.28,0
2025-11-08 23:06:03.555646,101873.28,98.58000000000175,0.09676727793588441,-0.12198999999999999,-0.12198999999999999,0.05224000000000001,0.17321,-0.12097,0.3015992148259339,0.05,0.05,101873.42499999999,1
2025-11-08 23:06:05.634972,101873.42499999999,98.27000000000407,0.09646284102061366,0.12198999999999999,0.24397999999999997,0.05324,0.05222,0.00102,1.019532746074301,0.00237,1e-05,101873.42499999999,0
2025-11-08 23:06:07.667248,101873.42499999999,98.27000000000407,0.09646284102061366,0.0,-0.12198999999999999,0.05324,0.05222,0.00102,1.019532746074301,0.00237,1e-05,101873.285,0
2025-11-08 23:06:09.698197,101873.285,98.57000000000698,0.0967574570703271,-0.12329999999999999,-0.12329999999999999,0.05093,0.17321,-0.12228,0.2940361411003984,6e-05,0.05,101873.435,1
2025-11-08 23:06:11.754642,101873.435,98.25,0.09644319934828938,0.12329999999999999,0.24659999999999999,0.05324,0.05222,0.00102,1.019532746074301,0.00237,1e-05,101893.765,1
2025-11-08 23:06:13.852900,101893.765,118.29000000000815,0.11609149980865675,-0.12093999999999999,-0.24423999999999998,0.05329,0.17321,-0.11992,0.3076612204838058,0.05,0.05,101903.86499999999,1
2025-11-08 23:06:15.887026,101903.86499999999,98.06999999999243,0.09623776291506946,0.24192999999999998,0.36286999999999997,0.17423,0.05222,0.12201,3.3364611260053616,0.00237,1e-05,101903.875,1
2025-11-08 23:06:17.916956,101903.875,98.07000000000698,0.09623775347110891,-0.12109999999999999,-0.36302999999999996,0.17412,0.17321,0.0009099999999999941,1.0052537382368223,5e-05,0.05,101903.875,0
2025-11-08 23:06:19.948578,101903.875,98.07000000000698,0.09623775347110891,0.0,0.12109999999999999,0.17412,0.17321,0.0009099999999999941,1.0052537382368223,5e-05,0.05,101903.875,0
2025-11-08 23:06:21.981396,101903.875,98.04999999998836,0.09621812713205298,0.12109999999999999,0.12109999999999999,0.17423,0.05222,0.12201,3.3364611260053616,0.00237,1e-05,101903.875,0
2025-11-08 23:06:24.019174,101903.875,98.04999999998836,0.09621812713205298,0.0,-0.12109999999999999,0.17423,0.05222,0.12201,3.3364611260053616,0.00237,1e-05,101903.875,0
2025-11-08 23:06:26.049133,101903.875,98.04999999998836,0.09621812713205298,0.0,0.0,0.17423,0.05222,0.12201,3.3364611260053616,0.00237,1e-05,101903.705,0
2025-11-08 23:06:28.081977,101903.705,98.41000000000349,0.09657156233917451,-0.12329999999999999,-0.12329999999999999,0.17192,0.17321,-0.0012900000000000134,0.9925523930489001,6e-05,0.05,101914.18,1
2025-11-08 23:06:30.115721,101914.18,77.43999999998778,0.07598550074188673,0.12093999999999998,0.24423999999999996,0.17187,0.05222,0.11964999999999999,3.291267713519724,0.05,1e-05,101910.97,0
2025-11-08 23:06:32.150876,101910.97,91.66000000000349,0.08994124970059994,-0.12094999999999997,-0.24188999999999994,0.17191,0.17321,-0.0012999999999999956,0.9924946596616824,5e-05,0.00136,101913.97,1
2025-11-08 23:06:34.194376,101913.97,85.63999999999942,0.08403165925142492,0.12098999999999997,0.24193999999999993,0.17191,0.05222,0.11969,3.2920337035618537,0.05004,1e-05,101922.55,1
2025-11-08 23:06:36.228625,101922.55,68.5,0.06720789462194578,-0.0013899999999999928,-0.12237999999999996,0.17187,0.05357,0.11829999999999999,3.2083255553481425,0.05,0.00136,101922.545,0
2025-11-08 23:06:38.260001,101922.545,68.48999999999069,0.06719808654698593,0.0013499999999999944,0.0027399999999999872,0.17187,0.05222,0.11964999999999999,3.291267713519724,0.05,1e-05,101922.545,0
2025-11-08 23:06:40.299164,101922.545,68.48999999999069,0.06719808654698593,0.0,-0.0013499999999999944,0.17187,0.05222,0.11964999999999999,3.291267713519724,0.05,1e-05,101926.16500000001,1
2025-11-08 23:06:42.331728,101926.16500000001,61.270000000004075,0.06011214097970238,-0.0013200000000000078,-0.0013200000000000078,0.1719,0.05357,0.11832999999999999,3.208885570281874,0.05,0.00136,101928.72,1
2025-11-08 23:06:44.416385,101928.72,56.13999999999942,0.05507770528267148,0.0013200000000000108,0.0026400000000000186,0.17187,0.05222,0.11964999999999999,3.291267713519724,0.05,1e-05,101928.72,0
2025-11-08 23:06:46.447751,101928.72,56.13999999999942,0.05507770528267148,0.0,-0.0013200000000000108,0.17187,0.05222,0.11964999999999999,3.291267713519724,0.05,1e-05,101928.72,0
2025-11-08 23:06:48.481647,101928.72,56.13999999999942,0.05507770528267148,0.0,0.0,0.17187,0.05222,0.11964999999999999,3.291267713519724,0.05,1e-05,101928.72,0
2025-11-08 23:06:50.513978,101928.72,56.13999999999942,0.05507770528267148,0.0,0.0,0.17187,0.05222,0.11964999999999999,3.291267713519724,0.05,1e-05,101932.04000000001,1
2025-11-08 23:06:52.547161,101932.04000000001,49.520000000004075,0.04858138814842131,-0.0013200000000000108,-0.0013200000000000108,0.1719,0.05357,0.11832999999999999,3.208885570281874,4e-05,0.00136,101925.055,0
2025-11-08 23:06:54.579456,101925.055,63.46999999998661,0.06227124429806451,0.0013200000000000108,0.0026400000000000217,0.17187,0.05222,0.11964999999999999,3.291267713519724,0.05,1e-05,101925.065,1
2025-11-08 23:06:56.607267,101925.065,63.470000000001164,0.06227123818856643,-0.001320000000000004,-0.0026400000000000147,0.1719,0.05357,0.11832999999999999,3.208885570281874,4e-05,0.00136,101925.065,0
2025-11-08 23:06:58.640132,101925.065,63.470000000001164,0.06227123818856643,0.0,0.001320000000000004,0.1719,0.05357,0.11832999999999999,3.208885570281874,4e-05,0.00136,101925.065,0
2025-11-08 23:07:00.673164,101925.065,63.470000000001164,0.06227123818856643,0.0,0.0,0.1719,0.05357,0.11832999999999999,3.208885570281874,4e-05,0.00136,101918.03,0
2025-11-08 23:07:02.734760,101918.03,77.51999999998952,0.07606112480783775,0.0013199999999999952,0.0013199999999999952,0.17187,0.05222,0.11964999999999999,3.291267713519724,0.05,1e-05,101918.03,0
2025-11-08 23:07:04.771538,101918.03,77.51999999998952,0.07606112480783775,0.0,-0.0013199999999999952,0.17187,0.05222,0.11964999999999999,3.291267713519724,0.05,1e-05,101918.03,0
2025-11-08 23:07:06.803384,101918.03,77.51999999998952,0.07606112480783775,0.0,0.0,0.17187,0.05222,0.11964999999999999,3.291267713519724,0.05,1e-05,101918.03,0
2025-11-08 23:07:08.837634,101918.03,77.51999999998952,0.07606112480783775,0.0,0.0,0.17187,0.05222,0.11964999999999999,3.291267713519724,0.05,1e-05,101918.04000000001,1
2025-11-08 23:07:10.871427,101918.04000000001,77.52000000000407,0.07606111734488229,-0.0013199999999999757,-0.0013199999999999757,0.1719,0.05357,0.11832999999999999,3.208885570281874,4e-05,0.00136,101918.035,0
2025-11-08 23:07:12.909742,101918.035,77.50999999999476,0.07605130927023344,0.0013499999999999944,0.00266999999999997,0.1719,0.05222,0.11968,3.2918422060513213,4e-05,1e-05,101880.66,0
2025-11-08 23:07:14.940493,101880.66,99.69999999999709,0.0978595937639166,-0.24064999999999998,-0.24199999999999997,0.05224000000000001,0.17321,-0.12097,0.3015992148259339,0.05,0.05,101897.865,1
2025-11-08 23:07:16.971657,101897.865,90.97000000000116,0.08927566833711496,0.24065999999999999,0.48130999999999996,0.17191,0.05222,0.11969,3.2920337035618537,0.05,1e-05,101897.865,0
2025-11-08 23:07:19.005949,101897.865,90.97000000000116,0.08927566833711496,0.0,-0.24065999999999999,0.17191,0.05222,0.11969,3.2920337035618537,0.05,1e-05,101911.86499999999,1
2025-11-08 23:07:21.042032,101911.86499999999,89.8700000000099,0.08818404019984316,-0.12103,-0.12103,0.17187,0.17321,-0.0013400000000000079,0.992263726112811,0.05,0.00136,101911.86499999999,0
2025-11-08 23:07:23.077197,101911.86499999999,89.8700000000099,0.08818404019984316,0.0,0.12103,0.17187,0.17321,-0.0013400000000000079,0.992263726112811,0.05,0.00136,101911.86499999999,0
2025-11-08 23:07:25.106867,101911.86499999999,89.8700000000099,0.08818404019984316,0.0,0.0,0.17187,0.17321,-0.0013400000000000079,0.992263726112811,0.05,0.00136,101911.86499999999,0
2025-11-08 23:07:27.139078,101911.86499999999,89.8700000000099,0.08818404019984316,0.0,0.0,0.17187,0.17321,-0.0013400000000000079,0.992263726112811,0.05,0.00136,101911.86499999999,0
2025-11-08 23:07:29.174687,101911.86499999999,89.8700000000099,0.08818404019984316,0.0,0.0,0.17187,0.17321,-0.0013400000000000079,0.992263726112811,0.05,0.00136,101911.86499999999,0
2025-11-08 23:07:31.210266,101911.86499999999,89.8700000000099,0.08818404019984316,0.0,0.0,0.17187,0.17321,-0.0013400000000000079,0.992263726112811,0.05,0.00136,101911.86499999999,0
2025-11-08 23:07:33.252086,101911.86499999999,89.8700000000099,0.08818404019984316,0.0,0.0,0.17187,0.17321,-0.0013400000000000079,0.992263726112811,0.05,0.00136,101908.31,0
2025-11-08 23:07:35.286639,101908.31,82.76000000000931,0.08121025655317933,0.12102,0.12102,0.1719,0.05222,0.11968,3.2918422060513213,4e-05,0.05,101905.4,0
2025-11-08 23:07:37.317157,101905.4,76.94000000000233,0.07550139639312768,0.0,-0.12102,0.1719,0.05222,0.11968,3.2918422060513213,4e-05,0.05,101905.4,0
2025-11-08 23:07:39.353598,101905.4,76.94000000000233,0.07550139639312768,0.0,0.0,0.1719,0.05222,0.11968,3.2918422060513213,4e-05,0.05,101875.435,0
2025-11-08 23:07:41.390289,101875.435,98.29000000000815,0.09648056962898677,-0.24064999999999998,-0.24064999999999998,0.05224000000000001,0.17321,-0.12097,0.3015992148259339,0.05,0.05,101875.435,0
2025-11-08 23:07:43.431571,101875.435,98.29000000000815,0.09648056962898677,0.0,0.24064999999999998,0.05224000000000001,0.17321,-0.12097,0.3015992148259339,0.05,0.05,101875.435,0
2025-11-08 23:07:45.465981,101875.435,98.29000000000815,0.09648056962898677,0.0,0.0,0.05224000000000001,0.17321,-0.12097,0.3015992148259339,0.05,0.05,101875.435,0
2025-11-08 23:07:47.504439,101875.435,98.29000000000815,0.09648056962898677,0.0,0.0,0.05224000000000001,0.17321,-0.12097,0.3015992148259339,0.05,0.05,101875.435,0
2025-11-08 23:07:49.531910,101875.435,98.29000000000815,0.09648056962898677,0.0,0.0,0.05224000000000001,0.17321,-0.12097,0.3015992148259339,0.05,0.05,101875.435,0
2025-11-08 23:07:51.569656,101875.435,98.29000000000815,0.09648056962898677,0.0,0.0,0.05224000000000001,0.17321,-0.12097,0.3015992148259339,0.05,0.05,101875.435,0
2025-11-08 23:07:53.607671,101875.435,98.29000000000815,0.09648056962898677,0.0,0.0,0.05224000000000001,0.17321,-0.12097,0.3015992148259339,0.05,0.05,101878.14000000001,1
2025-11-08 23:07:55.647944,101878.14000000001,92.86000000000058,0.0911481108704974,0.11966999999999998,0.11966999999999998,0.05092000000000001,0.05222,-0.0012999999999999956,0.9751053236307928,0.05,1e-05,101878.14000000001,0
2025-11-08 23:07:57.681760,101878.14000000001,92.86000000000058,0.0911481108704974,0.0,-0.11966999999999998,0.05092000000000001,0.05222,-0.0012999999999999956,0.9751053236307928,0.05,1e-05,101883.37,1
2025-11-08 23:07:59.711640,101883.37,103.31999999999243,0.10141007310613345,-0.11477999999999998,-0.11477999999999998,0.05224000000000001,0.16832,-0.11607999999999999,0.3103612167300381,0.05,0.04511,101883.37,0
2025-11-08 23:08:01.739138,101883.37,103.31999999999243,0.10141007310613345,0.0,0.11477999999999998,0.05224000000000001,0.16832,-0.11607999999999999,0.3103612167300381,0.05,0.04511,101883.37,0
2025-11-08 23:08:03.772921,101883.37,103.31999999999243,0.10141007310613345,0.0,0.0,0.05224000000000001,0.16832,-0.11607999999999999,0.3103612167300381,0.05,0.04511,101883.37,0
2025-11-08 23:08:05.806500,101883.37,103.31999999999243,0.10141007310613345,0.0,0.0,0.05224000000000001,0.16832,-0.11607999999999999,0.3103612167300381,0.05,0.04511,101883.37,0
2025-11-08 23:08:07.846557,101883.37,103.31999999999243,0.10141007310613345,0.0,0.0,0.05224000000000001,0.16832,-0.11607999999999999,0.3103612167300381,0.05,0.04511,101880.26000000001,0
2025-11-08 23:08:09.883681,101880.26000000001,97.08000000000175,0.0952883316159595,-0.006210000000000003,-0.006210000000000003,0.05092000000000001,0.17321,-0.12229,0.29397840771318057,5e-05,0.05,101880.26000000001,0
2025-11-08 23:08:11.920007,101880.26000000001,97.08000000000175,0.0952883316159595,0.0,0.006210000000000003,0.05092000000000001,0.17321,-0.12229,0.29397840771318057,5e-05,0.05,101873.36499999999,0
2025-11-08 23:08:13.956383,101873.36499999999,110.8700000000099,0.10883119449329066,0.0013199999999999976,0.0013199999999999976,0.05224000000000001,0.17321,-0.12097,0.3015992148259339,0.05,0.05,101859.43,0
2025-11-08 23:08:15.992082,101859.43,83.0,0.0814848463220342,-0.0013100000000000015,-0.002629999999999999,0.05093,0.17321,-0.12228,0.2940361411003984,6e-05,0.05,101859.43,0
2025-11-08 23:08:18.027974,101859.43,83.0,0.0814848463220342,0.0,0.0013100000000000015,0.05093,0.17321,-0.12228,0.2940361411003984,6e-05,0.05,101854.965,0
2025-11-08 23:08:20.057328,101854.965,91.92999999999302,0.09025578674539138,0.0013100000000000015,0.0013100000000000015,0.05224000000000001,0.17321,-0.12097,0.3015992148259339,0.05,0.05,101854.965,0
2025-11-08 23:08:22.095718,101854.965,91.92999999999302,0.09025578674539138,0.0,-0.0013100000000000015,0.05224000000000001,0.17321,-0.12097,0.3015992148259339,0.05,0.05,101854.965,0
2025-11-08 23:08:24.129957,101854.965,91.92999999999302,0.09025578674539138,0.0,0.0,0.05224000000000001,0.17321,-0.12097,0.3015992148259339,0.05,0.05,101854.965,0
2025-11-08 23:08:26.168047,101854.965,91.92999999999302,0.09025578674539138,0.0,0.0,0.05224000000000001,0.17321,-0.12097,0.3015992148259339,0.05,0.05,101854.965,0
2025-11-08 23:08:28.197021,101854.965,91.92999999999302,0.09025578674539138,0.0,0.0,0.05224000000000001,0.17321,-0.12097,0.3015992148259339,0.05,0.05,101861.7,1
2025-11-08 23:08:30.229955,101861.7,105.38000000000466,0.10345399693899146,-0.0013100000000000015,-0.0013100000000000015,0.05093,0.17321,-0.12228,0.2940361411003984,6e-05,0.05,101864.905,1
2025-11-08 23:08:32.258237,101864.905,98.97000000000116,0.09715809384988988,0.0,0.0013100000000000015,0.05093,0.17321,-0.12228,0.2940361411003984,0.05,0.05,101870.475,1
2025-11-08 23:08:34.288195,101870.475,87.83000000000175,0.08621732646284583,0.0013099999999999997,0.0013099999999999997,0.05224000000000001,0.17321,-0.12097,0.3015992148259339,0.05,0.05,101878.16,1
2025-11-08 23:08:36.323136,101878.16,103.19999999999709,0.10129747141094528,0.0,-0.0013099999999999997,0.05224000000000001,0.17321,-0.12097,0.3015992148259339,0.05,0.05,101883.275,1
2025-11-08 23:08:38.351685,101883.275,92.97000000000116,0.0912514836218223,-0.0013099999999999997,-0.0013099999999999997,0.05093,0.17321,-0.12228,0.2940361411003984,0.05,0.05,101892.69,1
2025-11-08 23:08:40.386421,101892.69,100.05999999999767,0.09820135281539595,0.12094,0.12225000000000001,0.17187000000000002,0.17321,-0.00133999999999998,0.9922637261128111,0.05,0.05,101892.695,1
2025-11-08 23:08:42.419153,101892.695,100.05000000000291,0.09819153375028788,3.999999999999837e-05,-0.12090000000000001,0.17191,0.17321,-0.0012999999999999956,0.9924946596616824,5e-05,0.05,101886.57,0
2025-11-08 23:08:44.448705,101886.57,87.80000000000291,0.08617426222121612,0.0,-3.999999999999837e-05,0.17191,0.17321,-0.0012999999999999956,0.9924946596616824,5e-05,0.05,101886.57,0
2025-11-08 23:08:46.480538,101886.57,87.80000000000291,0.08617426222121612,0.0,0.0,0.17191,0.17321,-0.0012999999999999956,0.9924946596616824,5e-05,0.05,101886.57,0
2025-11-08 23:08:48.511645,101886.57,87.80000000000291,0.08617426222121612,0.0,0.0,0.17191,0.17321,-0.0012999999999999956,0.9924946596616824,5e-05,0.05,101886.57,0
2025-11-08 23:08:50.653388,101886.57,87.80000000000291,0.08617426222121612,0.0,0.0,0.17191,0.17321,-0.0012999999999999956,0.9924946596616824,5e-05,0.05,101886.57,0
2025-11-08 23:08:52.685936,101886.57,87.80000000000291,0.08617426222121612,0.0,0.0,0.17191,0.17321,-0.0012999999999999956,0.9924946596616824,5e-05,0.05,101886.57,0
2025-11-08 23:08:54.722574,101886.57,87.80000000000291,0.08617426222121612,0.0,0.0,0.17191,0.17321,-0.0012999999999999956,0.9924946596616824,5e-05,0.05,101886.57,0
2025-11-08 23:08:56.755631,101886.57,87.80000000000291,0.08617426222121612,0.0,0.0,0.17191,0.17321,-0.0012999999999999956,0.9924946596616824,5e-05,0.05,101886.57,0
2025-11-08 23:08:58.786746,101886.57,87.80000000000291,0.08617426222121612,0.0,0.0,0.17191,0.17321,-0.0012999999999999956,0.9924946596616824,5e-05,0.05,101886.57,0
2025-11-08 23:09:00.817263,101886.57,87.80000000000291,0.08617426222121612,0.0,0.0,0.17191,0.17321,-0.0012999999999999956,0.9924946596616824,5e-05,0.05,101886.57,0
2025-11-08 23:09:02.848134,101886.57,87.80000000000291,0.08617426222121612,0.0,0.0,0.17191,0.17321,-0.0012999999999999956,0.9924946596616824,5e-05,0.05,101886.57,0
2025-11-08 23:09:04.883585,101886.57,87.80000000000291,0.08617426222121612,0.0,0.0,0.17191,0.17321,-0.0012999999999999956,0.9924946596616824,5e-05,0.05,101886.57,0
2025-11-08 23:09:06.913032,101886.57,87.80000000000291,0.08617426222121612,0.0,0.0,0.17191,0.17321,-0.0012999999999999956,0.9924946596616824,5e-05,0.05,101886.57,0
2025-11-08 23:09:08.943167,101886.57,87.80000000000291,0.08617426222121612,0.0,0.0,0.17191,0.17321,-0.0012999999999999956,0.9924946596616824,5e-05,0.05,101886.57,0
2025-11-08 23:09:10.973257,101886.57,87.80000000000291,0.08617426222121612,0.0,0.0,0.17191,0.17321,-0.0012999999999999956,0.9924946596616824,5e-05,0.05,101886.57,0
2025-11-08 23:09:13.005179,101886.57,87.80000000000291,0.08617426222121612,0.0,0.0,0.17191,0.17321,-0.0012999999999999956,0.9924946596616824,5e-05,0.05,101886.57,0
2025-11-08 23:09:15.037881,101886.57,87.80000000000291,0.08617426222121612,0.0,0.0,0.17191,0.17321,-0.0012999999999999956,0.9924946596616824,5e-05,0.05,101886.57,0
2025-11-08 23:09:17.068094,101886.57,87.80000000000291,0.08617426222121612,0.0,0.0,0.17191,0.17321,-0.0012999999999999956,0.9924946596616824,5e-05,0.05,101896.78,1
2025-11-08 23:09:19.096928,101896.78,92.88000000000466,0.09115106483247523,-3.999999999999837e-05,-3.999999999999837e-05,0.17187000000000002,0.17321,-0.00133999999999998,0.9922637261128111,0.05,0.05,101906.87,1
2025-11-08 23:09:21.130351,101906.87,99.22000000000116,0.0973634064121498,4.000000000000005e-05,7.999999999999842e-05,0.17191,0.17321,-0.0012999999999999956,0.9924946596616824,0.05,0.05,101906.87,0
2025-11-08 23:09:23.160367,101906.87,99.22000000000116,0.0973634064121498,0.0,-4.000000000000005e-05,0.17191,0.17321,-0.0012999999999999956,0.9924946596616824,0.05,0.05,101906.87,0
2025-11-08 23:09:25.189307,101906.87,99.22000000000116,0.0973634064121498,0.0,0.0,0.17191,0.17321,-0.0012999999999999956,0.9924946596616824,0.05,0.05,101913.61,1
2025-11-08 23:09:27.225038,101913.61,86.38000000000466,0.08475806126385343,0.11962999999999999,0.11962999999999999,0.1719,0.05357,0.11832999999999999,3.208885570281874,4e-05,0.00136,101913.61,0
2025-11-08 23:09:29.253539,101913.61,86.38000000000466,0.08475806126385343,0.0,-0.11962999999999999,0.1719,0.05357,0.11832999999999999,3.208885570281874,4e-05,0.00136,101913.61,0
2025-11-08 23:09:31.286019,101913.61,86.38000000000466,0.08475806126385343,0.0,0.0,0.1719,0.05357,0.11832999999999999,3.208885570281874,4e-05,0.00136,101913.61,0
2025-11-08 23:09:33.317073,101913.61,86.38000000000466,0.08475806126385343,0.0,0.0,0.1719,0.05357,0.11832999999999999,3.208885570281874,4e-05,0.00136,101913.61,0
2025-11-08 23:09:35.349665,101913.61,86.38000000000466,0.08475806126385343,0.0,0.0,0.1719,0.05357,0.11832999999999999,3.208885570281874,4e-05,0.00136,101913.61,0
2025-11-08 23:09:37.381378,101913.61,86.38000000000466,0.08475806126385343,0.0,0.0,0.1719,0.05357,0.11832999999999999,3.208885570281874,4e-05,0.00136,101913.61,0
2025-11-08 23:09:39.412799,101913.61,86.38000000000466,0.08475806126385343,0.0,0.0,0.1719,0.05357,0.11832999999999999,3.208885570281874,4e-05,0.00136,101916.19,1
2025-11-08 23:09:41.444381,101916.19,81.22000000000116,0.07969293200619172,0.0,0.0,0.1719,0.05357,0.11832999999999999,3.208885570281874,0.05,0.00136,101916.19,0
2025-11-08 23:09:43.474953,101916.19,81.22000000000116,0.07969293200619172,-3.000000000001878e-05,-3.000000000001878e-05,0.17187,0.05357,0.11829999999999999,3.2083255553481425,0.05,0.00136,101916.19,0
2025-11-08 23:09:45.548750,101916.19,81.22000000000116,0.07969293200619172,0.0,3.000000000001878e-05,0.17187,0.05357,0.11829999999999999,3.2083255553481425,0.05,0.00136,101916.19,0
2025-11-08 23:09:47.581270,101916.19,81.22000000000116,0.07969293200619172,0.0,0.0,0.17187,0.05357,0.11829999999999999,3.2083255553481425,0.05,0.00136,101916.195,1
2025-11-08 23:09:49.610888,101916.195,81.2100000000064,0.07968311611320104,3.000000000001878e-05,3.000000000001878e-05,0.1719,0.05357,0.11832999999999999,3.208885570281874,4e-05,0.00136,101923.34,1
2025-11-08 23:09:51.645521,101923.34,66.91999999999825,0.06565718902068776,0.0,-3.000000000001878e-05,0.1719,0.05357,0.11832999999999999,3.208885570281874,0.05,0.00136,101923.34,0
2025-11-08 23:09:53.679938,101923.34,66.91999999999825,0.06565718902068776,-2.9999999999992218e-05,-2.9999999999992218e-05,0.17187,0.05357,0.11829999999999999,3.2083255553481425,0.05,0.00136,101923.345,1
2025-11-08 23:09:55.709930,101923.345,66.91000000000349,0.0656473745048335,1.9999999999996095e-05,4.999999999998831e-05,0.17189000000000002,0.05357,0.11832000000000001,3.2086988986372975,3e-05,0.00136,101923.345,0
2025-11-08 23:09:57.746596,101923.345,66.91000000000349,0.0656473745048335,0.0,-1.9999999999996095e-05,0.17189000000000002,0.05357,0.11832000000000001,3.2086988986372975,3e-05,0.00136,101926.175,1
2025-11-08 23:09:59.780172,101926.175,61.25,0.06009251303700938,-1.9999999999996095e-05,-1.9999999999996095e-05,0.17187,0.05357,0.11829999999999999,3.2083255553481425,0.05,0.00136,101926.175,0
2025-11-08 23:10:01.812234,101926.175,61.25,0.06009251303700938,0.0,1.9999999999996095e-05,0.17187,0.05357,0.11829999999999999,3.2083255553481425,0.05,0.00136,101926.175,0
2025-11-08 23:10:03.844766,101926.175,61.25,0.06009251303700938,0.0,0.0,0.17187,0.05357,0.11829999999999999,3.2083255553481425,0.05,0.00136,101926.175,0
2025-11-08 23:10:05.876474,101926.175,61.25,0.06009251303700938,0.0,0.0,0.17187,0.05357,0.11829999999999999,3.2083255553481425,0.05,0.00136,101926.175,0
2025-11-08 23:10:07.909674,101926.175,61.25,0.06009251303700938,0.0,0.0,0.17187,0.05357,0.11829999999999999,3.2083255553481425,0.05,0.00136,101926.175,0
2025-11-08 23:10:09.939253,101926.175,61.25,0.06009251303700938,0.0,0.0,0.17187,0.05357,0.11829999999999999,3.2083255553481425,0.05,0.00136,101926.18,1
2025-11-08 23:10:11.977085,101926.18,61.24000000000524,0.060082699067114304,1.9999999999996095e-05,1.9999999999996095e-05,0.17189000000000002,0.05357,0.11832000000000001,3.2086988986372975,3e-05,0.00136,101926.18,0
2025-11-08 23:10:14.007150,101926.18,61.24000000000524,0.060082699067114304,0.0,-1.9999999999996095e-05,0.17189000000000002,0.05357,0.11832000000000001,3.2086988986372975,3e-05,0.00136,101926.18,0
2025-11-08 23:10:16.034662,101926.18,61.24000000000524,0.060082699067114304,0.0,0.0,0.17189000000000002,0.05357,0.11832000000000001,3.2086988986372975,3e-05,0.00136,101926.18,0
2025-11-08 23:10:18.067340,101926.18,61.24000000000524,0.060082699067114304,0.0,0.0,0.17189000000000002,0.05357,0.11832000000000001,3.2086988986372975,3e-05,0.00136,101926.18,0
2025-11-08 23:10:20.101566,101926.18,61.24000000000524,0.060082699067114304,0.0,0.0,0.17189000000000002,0.05357,0.11832000000000001,3.2086988986372975,3e-05,0.00136,101926.18,0
2025-11-08 23:10:22.132451,101926.18,61.24000000000524,0.060082699067114304,0.0,0.0,0.17189000000000002,0.05357,0.11832000000000001,3.2086988986372975,3e-05,0.00136,101926.18,0
2025-11-08 23:10:24.179408,101926.18,61.24000000000524,0.060082699067114304,0.0,0.0,0.17189000000000002,0.05357,0.11832000000000001,3.2086988986372975,3e-05,0.00136,101926.18,0
2025-11-08 23:10:26.206031,101926.18,61.24000000000524,0.060082699067114304,0.0,0.0,0.17189000000000002,0.05357,0.11832000000000001,3.2086988986372975,3e-05,0.00136,101926.18,0
2025-11-08 23:10:28.237207,101926.18,61.24000000000524,0.060082699067114304,0.0,0.0,0.17189000000000002,0.05357,0.11832000000000001,3.2086988986372975,3e-05,0.00136,101926.18,0
2025-11-08 23:10:30.269967,101926.18,61.24000000000524,0.060082699067114304,0.0,0.0,0.17189000000000002,0.05357,0.11832000000000001,3.2086988986372975,3e-05,0.00136,101926.18,0
2025-11-08 23:10:32.302135,101926.18,61.24000000000524,0.060082699067114304,0.0,0.0,0.17189000000000002,0.05357,0.11832000000000001,3.2086988986372975,3e-05,0.00136,101926.18,0
2025-11-08 23:10:34.360741,101926.18,61.24000000000524,0.060082699067114304,0.0,0.0,0.17189000000000002,0.05357,0.11832000000000001,3.2086988986372975,3e-05,0.00136,101926.18,0
2025-11-08 23:10:36.391895,101926.18,61.24000000000524,0.060082699067114304,0.0,0.0,0.17189000000000002,0.05357,0.11832000000000001,3.2086988986372975,3e-05,0.00136,101926.18,0
2025-11-08 23:10:38.424243,101926.18,61.24000000000524,0.060082699067114304,0.0,0.0,0.17189000000000002,0.05357,0.11832000000000001,3.2086988986372975,3e-05,0.00136,101929.11,1
2025-11-08 23:10:40.459609,101929.11,55.38000000000466,0.054331878302483615,-1.9999999999996095e-05,-1.9999999999996095e-05,0.17187,0.053570000000000007,0.11829999999999999,3.208325555348142,0.05,0.00136,101929.11,0
2025-11-08 23:10:42.490487,101929.11,55.38000000000466,0.054331878302483615,0.0,1.9999999999996095e-05,0.17187,0.053570000000000007,0.11829999999999999,3.208325555348142,0.05,0.00136,101929.11,0
2025-11-08 23:10:44.523872,101929.11,55.38000000000466,0.054331878302483615,0.0,0.0,0.17187,0.053570000000000007,0.11829999999999999,3.208325555348142,0.05,0.00136,101931.92,1
2025-11-08 23:10:46.553944,101931.92,49.76000000000931,0.04881689661100204,1.9999999999996095e-05,1.9999999999996095e-05,0.17189000000000002,0.053570000000000007,0.11832000000000001,3.208698898637297,0.05,0.00136,101931.92,0
2025-11-08 23:10:48.584246,101931.92,49.76000000000931,0.04881689661100204,-1.9999999999996095e-05,-3.999999999999219e-05,0.17187,0.053570000000000007,0.11829999999999999,3.208325555348142,0.05,0.00136,101931.92,0
2025-11-08 23:10:50.614772,101931.92,49.76000000000931,0.04881689661100204,0.0,1.9999999999996095e-05,0.17187,0.053570000000000007,0.11829999999999999,3.208325555348142,0.05,0.00136,101931.92,0
2025-11-08 23:10:52.646616,101931.92,49.76000000000931,0.04881689661100204,0.0,0.0,0.17187,0.053570000000000007,0.11829999999999999,3.208325555348142,0.05,0.00136,101931.92,0
2025-11-08 23:10:54.681413,101931.92,49.76000000000931,0.04881689661100204,0.0,0.0,0.17187,0.053570000000000007,0.11829999999999999,3.208325555348142,0.05,0.00136,101931.92,0
2025-11-08 23:10:56.711723,101931.92,49.76000000000931,0.04881689661100204,0.0,0.0,0.17187,0.053570000000000007,0.11829999999999999,3.208325555348142,0.05,0.00136,101931.92,0
2025-11-08 23:10:58.746656,101931.92,49.76000000000931,0.04881689661100204,1.9999999999999185e-05,1.9999999999999185e-05,0.17189000000000002,0.053570000000000007,0.11832000000000001,3.208698898637297,0.05002,0.00136,101945.36499999999,1
2025-11-08 23:11:00.779603,101945.36499999999,22.870000000009895,0.022433584891289465,-1.9999999999999185e-05,-3.999999999999837e-05,0.17187,0.053570000000000007,0.11829999999999999,3.208325555348142,0.05,0.00136,101945.36499999999,0
2025-11-08 23:11:02.812529,101945.36499999999,22.870000000009895,0.022433584891289465,5.9999999999997555e-05,7.999999999999674e-05,0.17193,0.053570000000000007,0.11835999999999999,3.2094455852156054,0.05006,0.00136,101945.36499999999,0
2025-11-08 23:11:04.845692,101945.36499999999,22.870000000009895,0.022433584891289465,0.0,-5.9999999999997555e-05,0.17193,0.053570000000000007,0.11835999999999999,3.2094455852156054,0.05006,0.00136,101945.36499999999,0
2025-11-08 23:11:06.874578,101945.36499999999,22.870000000009895,0.022433584891289465,0.0,0.0,0.17193,0.053570000000000007,0.11835999999999999,3.2094455852156054,0.05006,0.00136,101945.36499999999,0
2025-11-08 23:11:08.904448,101945.36499999999,22.870000000009895,0.022433584891289465,0.0,0.0,0.17193,0.053570000000000007,0.11835999999999999,3.2094455852156054,0.05006,0.00136,101945.36499999999,0
2025-11-08 23:11:10.934546,101945.36499999999,22.870000000009895,0.022433584891289465,-5.9999999999997555e-05,-5.9999999999997555e-05,0.17187,0.053570000000000007,0.11829999999999999,3.208325555348142,0.05,0.00136,101945.36499999999,0
2025-11-08 23:11:12.963334,101945.36499999999,22.870000000009895,0.022433584891289465,5.9999999999997555e-05,0.00011999999999999511,0.17193,0.053570000000000007,0.11835999999999999,3.2094455852156054,0.05006,0.00136,101945.36499999999,0
2025-11-08 23:11:14.993688,101945.36499999999,22.870000000009895,0.022433584891289465,-5.9999999999997555e-05,-0.00011999999999999511,0.17187,0.053570000000000007,0.11829999999999999,3.208325555348142,0.05,0.00136,101945.36499999999,0
2025-11-08 23:11:17.026178,101945.36499999999,22.870000000009895,0.022433584891289465,0.0,5.9999999999997555e-05,0.17187,0.053570000000000007,0.11829999999999999,3.208325555348142,0.05,0.00136,101945.36499999999,0
2025-11-08 23:11:19.060838,101945.36499999999,22.870000000009895,0.022433584891289465,0.0,0.0,0.17187,0.053570000000000007,0.11829999999999999,3.208325555348142,0.05,0.00136,101945.36499999999,0
2025-11-08 23:11:21.098643,101945.36499999999,22.870000000009895,0.022433584891289465,1.74921,1.74921,1.92108,0.053570000000000007,1.8675099999999998,35.86111629643457,0.05006,0.00136,101945.36499999999,0
2025-11-08 23:11:23.128231,101945.36499999999,22.870000000009895,0.022433584891289465,0.0,-1.74921,1.92108,0.053570000000000007,1.8675099999999998,35.86111629643457,0.05006,0.00136,101945.36499999999,0
2025-11-08 23:11:25.161601,101945.36499999999,22.870000000009895,0.022433584891289465,0.0,0.0,1.92108,0.053570000000000007,1.8675099999999998,35.86111629643457,0.05006,0.00136,101945.36499999999,0
2025-11-08 23:11:27.193016,101945.36499999999,22.870000000009895,0.022433584891289465,0.0,0.0,1.92108,0.053570000000000007,1.8675099999999998,35.86111629643457,0.05006,0.00136,101945.36499999999,0
2025-11-08 23:11:29.229521,101945.36499999999,22.870000000009895,0.022433584891289465,0.0,0.0,1.92108,0.053570000000000007,1.8675099999999998,35.86111629643457,0.05006,0.00136,101945.36499999999,0
2025-11-08 23:11:31.263326,101945.36499999999,22.870000000009895,0.022433584891289465,0.0,0.0,1.92108,0.053570000000000007,1.8675099999999998,35.86111629643457,0.05006,0.00136,101945.36499999999,0
2025-11-08 23:11:33.295750,101945.36499999999,22.870000000009895,0.022433584891289465,0.0,0.0,1.92108,0.053570000000000007,1.8675099999999998,35.86111629643457,0.05006,0.00136,101945.36499999999,0
2025-11-08 23:11:35.327211,101945.36499999999,22.870000000009895,0.022433584891289465,0.0,0.0,1.92108,0.053570000000000007,1.8675099999999998,35.86111629643457,0.05006,0.00136,101945.36499999999,0
2025-11-08 23:11:37.359878,101945.36499999999,22.870000000009895,0.022433584891289465,-5.9999999999997555e-05,-5.9999999999997555e-05,1.92102,0.053570000000000007,1.8674499999999998,35.8599962665671,0.05,0.00136,101945.36499999999,0
2025-11-08 23:11:39.390947,101945.36499999999,22.870000000009895,0.022433584891289465,5.9999999999997555e-05,0.00011999999999999511,1.92108,0.053570000000000007,1.8675099999999998,35.86111629643457,0.05006,0.00136,101945.36499999999,0
2025-11-08 23:11:41.427318,101945.36499999999,22.870000000009895,0.022433584891289465,0.0,-5.9999999999997555e-05,1.92108,0.053570000000000007,1.8675099999999998,35.86111629643457,0.05006,0.00136,101945.36499999999,0
2025-11-08 23:11:43.463165,101945.36499999999,22.870000000009895,0.022433584891289465,-5.9999999999997555e-05,-5.9999999999997555e-05,1.92102,0.053570000000000007,1.8674499999999998,35.8599962665671,0.05,0.00136,101949.43,1
2025-11-08 23:11:45.493579,101949.43,14.740000000005239,0.01445814851540145,0.0,5.9999999999997555e-05,1.92102,0.053570000000000007,1.8674499999999998,35.8599962665671,0.05,0.00136,101955.35,1
2025-11-08 23:11:47.525242,101955.35,2.900000000008731,0.0028443823693496528,-0.43508999999999987,-0.43508999999999987,1.48593,0.053570000000000007,1.43236,27.738099682658202,0.05,0.00136,101955.35,0
2025-11-08 23:11:49.587514,101955.35,2.900000000008731,0.0028443823693496528,0.0,0.43508999999999987,1.48593,0.053570000000000007,1.43236,27.738099682658202,0.05,0.00136,101955.35,0
2025-11-08 23:11:51.617638,101955.35,2.900000000008731,0.0028443823693496528,0.0,0.0,1.48593,0.053570000000000007,1.43236,27.738099682658202,0.05,0.00136,101955.35,0
2025-11-08 23:11:53.647651,101955.35,2.900000000008731,0.0028443823693496528,0.0,0.0,1.48593,0.053570000000000007,1.43236,27.738099682658202,0.05,0.00136,101955.35,0
2025-11-08 23:11:55.675285,101955.35,2.900000000008731,0.0028443823693496528,0.6570799999999999,0.6570799999999999,2.14301,0.053570000000000007,2.0894399999999997,40.003920104536114,0.05,0.00136,101955.35,0
2025-11-08 23:11:57.707788,101955.35,2.900000000008731,0.0028443823693496528,0.0,-0.6570799999999999,2.14301,0.053570000000000007,2.0894399999999997,40.003920104536114,0.05,0.00136,101944.505,0
2025-11-08 23:11:59.754037,101944.505,24.589999999996508,0.02412096659844148,-0.8792,-0.8792,1.26381,0.053570000000000007,1.2102400000000002,23.59174911330969,2e-05,0.00136,101944.505,0
2025-11-08 23:12:01.785416,101944.505,24.589999999996508,0.02412096659844148,0.0,0.8792,1.26381,0.053570000000000007,1.2102400000000002,23.59174911330969,2e-05,0.00136,101944.505,0
2025-11-08 23:12:03.820671,101944.505,24.589999999996508,0.02412096659844148,0.0,0.0,1.26381,0.053570000000000007,1.2102400000000002,23.59174911330969,2e-05,0.00136,101944.5,0
2025-11-08 23:12:05.852925,101944.5,24.60000000000582,0.02413077704045419,1.74929,1.74929,3.0130999999999997,0.053570000000000007,2.9595299999999995,56.24603322755272,0.05,0.00136,101944.5,0
2025-11-08 23:12:07.882756,101944.5,24.60000000000582,0.02413077704045419,0.0,-1.74929,3.0130999999999997,0.053570000000000007,2.9595299999999995,56.24603322755272,0.05,0.00136,101947.36499999999,1
2025-11-08 23:12:09.914058,101947.36499999999,18.870000000009895,0.018509551472968327,-1.74929,-1.74929,1.26381,0.053570000000000007,1.2102400000000002,23.59174911330969,2e-05,0.00136,101947.36499999999,0
2025-11-08 23:12:11.949854,101947.36499999999,18.870000000009895,0.018509551472968327,0.0,1.74929,1.26381,0.053570000000000007,1.2102400000000002,23.59174911330969,2e-05,0.00136,101947.36499999999,0
2025-11-08 23:12:13.984319,101947.36499999999,18.870000000009895,0.018509551472968327,0.0,0.0,1.26381,0.053570000000000007,1.2102400000000002,23.59174911330969,2e-05,0.00136,101947.36499999999,0
2025-11-08 23:12:16.013822,101947.36499999999,18.870000000009895,0.018509551472968327,0.0,0.0,1.26381,0.053570000000000007,1.2102400000000002,23.59174911330969,2e-05,0.00136,101947.36499999999,0
2025-11-08 23:12:18.045092,101947.36499999999,18.870000000009895,0.018509551472968327,0.0,0.0,1.26381,0.053570000000000007,1.2102400000000002,23.59174911330969,2e-05,0.00136,101947.36499999999,0
2025-11-08 23:12:20.078966,101947.36499999999,18.870000000009895,0.018509551472968327,0.0,0.0,1.26381,0.053570000000000007,1.2102400000000002,23.59174911330969,2e-05,0.00136,101947.36499999999,0
2025-11-08 23:12:22.106405,101947.36499999999,18.870000000009895,0.018509551472968327,0.0,0.0,1.26381,0.053570000000000007,1.2102400000000002,23.59174911330969,2e-05,0.00136,101947.36499999999,0
2025-11-08 23:12:24.132587,101947.36499999999,18.870000000009895,0.018509551472968327,0.0,0.0,1.26381,0.053570000000000007,1.2102400000000002,23.59174911330969,2e-05,0.00136,101947.36499999999,0
2025-11-08 23:12:26.165722,101947.36499999999,18.870000000009895,0.018509551472968327,0.0,0.0,1.26381,0.053570000000000007,1.2102400000000002,23.59174911330969,2e-05,0.00136,101947.36499999999,0
2025-11-08 23:12:28.198310,101947.36499999999,18.870000000009895,0.018509551472968327,0.0,0.0,1.26381,0.053570000000000007,1.2102400000000002,23.59174911330969,2e-05,0.00136,101947.36499999999,0
2025-11-08 23:12:30.229996,101947.36499999999,18.870000000009895,0.018509551472968327,0.66326,0.66326,1.9270699999999998,0.053570000000000007,1.8735,35.9729326115363,2e-05,0.00136,101952.5,1
2025-11-08 23:12:32.261015,101952.5,8.60000000000582,0.008435300752807259,1.09207,0.42881000000000014,3.01914,0.053570000000000007,2.96557,56.35878290087735,0.05,0.00136,101952.5,0
2025-11-08 23:12:34.289514,101952.5,8.60000000000582,0.008435300752807259,0.0,-1.09207,3.01914,0.053570000000000007,2.96557,56.35878290087735,0.05,0.00136,101952.5,0
2025-11-08 23:12:36.319078,101952.5,8.60000000000582,0.008435300752807259,0.0,0.0,3.01914,0.053570000000000007,2.96557,56.35878290087735,0.05,0.00136,101956.795,1
2025-11-08 23:12:38.351338,101956.795,0.010000000009313226,9.808076067233406e-06,0.22184,0.22184,3.24098,0.053570000000000007,3.18741,60.4999066641777,0.05,0.00136,101956.795,0
2025-11-08 23:12:40.384389,101956.795,0.010000000009313226,9.808076067233406e-06,0.0,-0.22184,3.24098,0.053570000000000007,3.18741,60.4999066641777,0.05,0.00136,101956.795,0
2025-11-08 23:12:42.413363,101956.795,0.010000000009313226,9.808076067233406e-06,0.0,0.0,3.24098,0.053570000000000007,3.18741,60.4999066641777,0.05,0.00136,101956.795,0
2025-11-08 23:12:44.446023,101956.795,0.010000000009313226,9.808076067233406e-06,0.0,0.0,3.24098,0.053570000000000007,3.18741,60.4999066641777,0.05,0.00136,101956.795,0
2025-11-08 23:12:46.478170,101956.795,0.010000000009313226,9.808076067233406e-06,0.0,0.0,3.24098,0.053570000000000007,3.18741,60.4999066641777,0.05,0.00136,101956.795,0
2025-11-08 23:12:48.508789,101956.795,0.010000000009313226,9.808076067233406e-06,0.0,0.0,3.24098,0.053570000000000007,3.18741,60.4999066641777,0.05,0.00136,101956.795,0
2025-11-08 23:12:50.541497,101956.795,0.010000000009313226,9.808076067233406e-06,0.0,0.0,3.24098,0.053570000000000007,3.18741,60.4999066641777,0.05,0.00136,101956.795,0
2025-11-08 23:12:52.570084,101956.795,0.010000000009313226,9.808076067233406e-06,0.0,0.0,3.24098,0.053570000000000007,3.18741,60.4999066641777,0.05,0.00136,101956.795,0
2025-11-08 23:12:54.605885,101956.795,0.010000000009313226,9.808076067233406e-06,0.0,0.0,3.24098,0.053570000000000007,3.18741,60.4999066641777,0.05,0.00136,101956.795,0
2025-11-08 23:12:56.642252,101956.795,0.010000000009313226,9.808076067233406e-06,0.0,0.0,3.24098,0.053570000000000007,3.18741,60.4999066641777,0.05,0.00136,101956.795,0
2025-11-08 23:12:58.673973,101956.795,0.010000000009313226,9.808076067233406e-06,0.0,0.0,3.24098,0.053570000000000007,3.18741,60.4999066641777,0.05,0.00136,101956.795,0
2025-11-08 23:13:00.708437,101956.795,0.010000000009313226,9.808076067233406e-06,0.0,0.0,3.24098,0.053570000000000007,3.18741,60.4999066641777,0.05,0.00136,101956.795,0
2025-11-08 23:13:02.742021,101956.795,0.010000000009313226,9.808076067233406e-06,0.0,0.0,3.24098,0.053570000000000007,3.18741,60.4999066641777,0.05,0.00136,101956.795,0
2025-11-08 23:13:04.777148,101956.795,0.010000000009313226,9.808076067233406e-06,0.0,0.0,3.24098,0.053570000000000007,3.18741,60.4999066641777,0.05,0.00136,101956.795,0
2025-11-08 23:13:06.810748,101956.795,0.010000000009313226,9.808076067233406e-06,0.0,0.0,3.24098,0.053570000000000007,3.18741,60.4999066641777,0.05,0.00136,101956.795,0
2025-11-08 23:13:08.845576,101956.795,0.010000000009313226,9.808076067233406e-06,0.0,0.0,3.24098,0.053570000000000007,3.18741,60.4999066641777,0.05,0.00136,101956.795,0
2025-11-08 23:13:10.879175,101956.795,0.010000000009313226,9.808076067233406e-06,0.0,0.0,3.24098,0.053570000000000007,3.18741,60.4999066641777,0.05,0.00136,101953.03,0
2025-11-08 23:13:12.911396,101953.03,7.540000000008149,0.007395562446754303,-1.3139100000000001,-1.3139100000000001,1.9270699999999998,0.053570000000000007,1.8735,35.9729326115363,2e-05,0.00136,101953.03,0
2025-11-08 23:13:14.946545,101953.03,7.540000000008149,0.007395562446754303,0.0,1.3139100000000001,1.9270699999999998,0.053570000000000007,1.8735,35.9729326115363,2e-05,0.00136,101946.48999999999,0
2025-11-08 23:13:16.975332,101946.48999999999,20.620000000009895,0.02022629714864131,0.0,0.0,1.9270699999999998,0.053570000000000007,1.8735,35.9729326115363,2e-05,0.00136,101950.42,1
2025-11-08 23:13:19.007712,101950.42,12.760000000009313,0.01251588762460156,1.09207,1.09207,3.01914,0.053570000000000007,2.96557,56.35878290087735,0.05,0.00136,101950.42,0
2025-11-08 23:13:21.042199,101950.42,12.760000000009313,0.01251588762460156,0.0,-1.09207,3.01914,0.053570000000000007,2.96557,56.35878290087735,0.05,0.00136,101950.42,0
2025-11-08 23:13:23.076505,101950.42,12.760000000009313,0.01251588762460156,0.0,0.0,3.01914,0.053570000000000007,2.96557,56.35878290087735,0.05,0.00136,101950.42,0
2025-11-08 23:13:25.108895,101950.42,12.760000000009313,0.01251588762460156,0.0,0.0,3.01914,0.053570000000000007,2.96557,56.35878290087735,0.05,0.00136,101943.85,0
2025-11-08 23:13:27.137803,101943.85,25.90000000000873,0.02540614269522755,-1.09206,-1.09206,1.92708,0.053570000000000007,1.87351,35.97311928318088,0.05002,0.00136,101943.85,0
2025-11-08 23:13:29.170525,101943.85,25.90000000000873,0.02540614269522755,0.0,1.09206,1.92708,0.053570000000000007,1.87351,35.97311928318088,0.05002,0.00136,101943.85,0
2025-11-08 23:13:31.201950,101943.85,25.90000000000873,0.02540614269522755,0.0,0.0,1.92708,0.053570000000000007,1.87351,35.97311928318088,0.05002,0.00136,101943.85,0
2025-11-08 23:13:33.232222,101943.85,25.90000000000873,0.02540614269522755,0.0,0.0,1.92708,0.053570000000000007,1.87351,35.97311928318088,0.05002,0.00136,101943.85,0
2025-11-08 23:13:35.266049,101943.85,25.90000000000873,0.02540614269522755,0.0,0.0,1.92708,0.053570000000000007,1.87351,35.97311928318088,0.05002,0.00136,101943.85,0
2025-11-08 23:13:37.298374,101943.85,25.90000000000873,0.02540614269522755,0.0,0.0,1.92708,0.053570000000000007,1.87351,35.97311928318088,0.05002,0.00136,101931.965,0
2025-11-08 23:13:39.329492,101931.965,49.669999999998254,0.04872858087254401,-1.9999999999999185e-05,-1.9999999999999185e-05,1.92706,0.053570000000000007,1.8734899999999999,35.97274593989172,0.05,0.00136,101931.97,1
2025-11-08 23:13:41.362559,101931.97,49.66000000000349,0.04871876801753512,9.999999999971024e-06,2.999999999997021e-05,1.9270699999999998,0.053570000000000007,1.8735,35.9729326115363,2e-05,0.00136,101931.97,0
2025-11-08 23:13:43.393290,101931.97,49.66000000000349,0.04871876801753512,0.0,-9.999999999971024e-06,1.9270699999999998,0.053570000000000007,1.8735,35.9729326115363,2e-05,0.00136,101931.97,0
2025-11-08 23:13:45.429131,101931.97,49.66000000000349,0.04871876801753512,0.0,0.0,1.9270699999999998,0.053570000000000007,1.8735,35.9729326115363,2e-05,0.00136,101931.97,0
2025-11-08 23:13:47.461140,101931.97,49.66000000000349,0.04871876801753512,0.39015,0.39015,2.3172200000000003,0.05357,2.26365,43.25592682471533,2e-05,0.00136,101931.97,0
2025-11-08 23:13:49.493613,101931.97,49.66000000000349,0.04871876801753512,0.0,-0.39015,2.3172200000000003,0.05357,2.26365,43.25592682471533,2e-05,0.00136,101931.97,0
2025-11-08 23:13:51.527514,101931.97,49.66000000000349,0.04871876801753512,0.0,0.0,2.3172200000000003,0.05357,2.26365,43.25592682471533,2e-05,0.00136,101931.97,0
2025-11-08 23:13:53.563986,101931.97,49.66000000000349,0.04871876801753512,0.0,0.0,2.3172200000000003,0.05357,2.26365,43.25592682471533,2e-05,0.00136,101936.93,1
2025-11-08 23:13:55.595895,101936.93,39.74000000000524,0.038984889970695845,0.000140000000000029,0.000140000000000029,2.3173600000000003,0.053570000000000007,2.26379,43.25854022773941,0.05,0.00136,101936.93,0
2025-11-08 23:13:57.628347,101936.93,39.74000000000524,0.038984889970695845,0.0,-0.000140000000000029,2.3173600000000003,0.053570000000000007,2.26379,43.25854022773941,0.05,0.00136,101940.23999999999,1
2025-11-08 23:13:59.680478,101940.23999999999,33.120000000009895,0.0324896233322679,1.0919499999999998,1.0919499999999998,3.4093100000000005,0.053570000000000007,3.3557400000000004,63.64215045734553,0.05002,0.00136,101940.23999999999,0
2025-11-08 23:14:01.709012,101940.23999999999,33.120000000009895,0.0324896233322679,0.0,-1.0919499999999998,3.4093100000000005,0.053570000000000007,3.3557400000000004,63.64215045734553,0.05002,0.00136,101940.23999999999,0
2025-11-08 23:14:03.741342,101940.23999999999,33.120000000009895,0.0324896233322679,0.0,0.0,3.4093100000000005,0.053570000000000007,3.3557400000000004,63.64215045734553,0.05002,0.00136,101940.23999999999,0
2025-11-08 23:14:05.774584,101940.23999999999,33.120000000009895,0.0324896233322679,0.0,0.0,3.4093100000000005,0.053570000000000007,3.3557400000000004,63.64215045734553,0.05002,0.00136,101943.55,1
2025-11-08 23:14:07.807227,101943.55,26.5,0.02599477848279759,-2.14536,-2.14536,1.26395,0.053570000000000007,1.2103799999999998,23.594362516333764,0.05,0.00136,101943.555,1
2025-11-08 23:14:09.837015,101943.555,26.49000000000524,0.02598496785795359,-1.09207,1.05329,0.17188,0.053570000000000007,0.11831,3.2085122269927195,2e-05,0.00136,101949.015,1
2025-11-08 23:14:11.870565,101949.015,15.570000000006985,0.015272339806330632,-9.999999999986094e-06,1.09206,0.17187,0.053570000000000007,0.11829999999999999,3.208325555348142,0.05,0.00136,101949.015,0
2025-11-08 23:14:13.908014,101949.015,15.570000000006985,0.015272339806330632,0.0,9.999999999986094e-06,0.17187,0.053570000000000007,0.11829999999999999,3.208325555348142,0.05,0.00136,101949.015,0
2025-11-08 23:14:15.943500,101949.015,15.570000000006985,0.015272339806330632,0.0,0.0,0.17187,0.053570000000000007,0.11829999999999999,3.208325555348142,0.05,0.00136,101949.015,0
2025-11-08 23:14:17.973678,101949.015,15.570000000006985,0.015272339806330632,2.12924,2.12924,2.30111,0.053570000000000007,2.24754,42.95519880530147,0.05,0.00136,101949.015,0
2025-11-08 23:14:20.007210,101949.015,15.570000000006985,0.015272339806330632,0.0,-2.12924,2.30111,0.053570000000000007,2.24754,42.95519880530147,0.05,0.00136,101949.015,0
2025-11-08 23:14:22.041399,101949.015,15.570000000006985,0.015272339806330632,0.0,0.0,2.30111,0.053570000000000007,2.24754,42.95519880530147,0.05,0.00136,101949.015,0
2025-11-08 23:14:24.074858,101949.015,15.570000000006985,0.015272339806330632,0.0,0.0,2.30111,0.053570000000000007,2.24754,42.95519880530147,0.05,0.00136,101949.015,0
2025-11-08 23:14:26.104957,101949.015,15.570000000006985,0.015272339806330632,0.0,0.0,2.30111,0.053570000000000007,2.24754,42.95519880530147,0.05,0.00136,101949.015,0
2025-11-08 23:14:28.139558,101949.015,15.570000000006985,0.015272339806330632,0.0,0.0,2.30111,0.053570000000000007,2.24754,42.95519880530147,0.05,0.00136,101949.015,0
2025-11-08 23:14:30.170914,101949.015,15.570000000006985,0.015272339806330632,0.0,0.0,2.30111,0.053570000000000007,2.24754,42.95519880530147,0.05,0.00136,101942.245,0
2025-11-08 23:14:32.203491,101942.245,29.110000000000582,0.028555384472845956,9.999999999971024e-06,9.999999999971024e-06,2.30112,0.053570000000000007,2.24755,42.95538547694605,0.05,0.00136,101942.245,0
2025-11-08 23:14:34.233173,101942.245,29.110000000000582,0.028555384472845956,-9.999999999971024e-06,-1.9999999999942048e-05,2.30111,0.053570000000000007,2.24754,42.95519880530147,0.05,0.00136,101935.28,0
2025-11-08 23:14:36.263865,101935.28,43.04000000000815,0.04222286925587309,9.999999999971024e-06,1.9999999999942048e-05,2.30112,0.053570000000000007,2.24755,42.95538547694605,2e-05,0.00136,101935.28,0
2025-11-08 23:14:38.291402,101935.28,43.04000000000815,0.04222286925587309,0.0,-9.999999999971024e-06,2.30112,0.053570000000000007,2.24755,42.95538547694605,2e-05,0.00136,101935.28,0
2025-11-08 23:14:40.325381,101935.28,43.04000000000815,0.04222286925587309,0.0,0.0,2.30112,0.053570000000000007,2.24755,42.95538547694605,2e-05,0.00136,101939.94,1
2025-11-08 23:14:42.361084,101939.94,33.720000000001164,0.03307830081124353,1.09256,1.09256,3.39368,0.053570000000000007,3.3401099999999997,63.35038267687137,0.05,0.00136,101939.945,1
2025-11-08 23:14:44.391850,101939.945,33.7100000000064,0.03306848949153975,-2.1298700000000004,-3.22243,1.26381,0.053570000000000007,1.2102400000000002,23.59174911330969,2e-05,0.00136,101943.70000000001,1
2025-11-08 23:14:46.426058,101943.70000000001,26.19999999999709,0.025700460155945966,2.1298700000000004,4.259740000000001,3.39368,0.053570000000000007,3.3401099999999997,63.35038267687137,0.05,0.00136,101948.48999999999,1
2025-11-08 23:14:48.461968,101948.48999999999,16.620000000009895,0.01630235033398719,9.999999999996123e-06,-2.1298600000000003,3.3936900000000003,0.053570000000000007,3.34012,63.35056934851596,0.05001,0.00136,101948.48999999999,0
2025-11-08 23:14:50.493749,101948.48999999999,16.620000000009895,0.01630235033398719,0.0,-9.999999999996123e-06,3.3936900000000003,0.053570000000000007,3.34012,63.35056934851596,0.05001,0.00136,101948.48999999999,0
2025-11-08 23:14:52.526495,101948.48999999999,16.620000000009895,0.01630235033398719,0.0,0.0,3.3936900000000003,0.053570000000000007,3.34012,63.35056934851596,0.05001,0.00136,101948.48999999999,0
2025-11-08 23:14:54.560106,101948.48999999999,16.620000000009895,0.01630235033398719,0.0,0.0,3.3936900000000003,0.053570000000000007,3.34012,63.35056934851596,0.05001,0.00136,101948.48999999999,0
2025-11-08 23:14:56.593779,101948.48999999999,16.620000000009895,0.01630235033398719,0.0,0.0,3.3936900000000003,0.053570000000000007,3.34012,63.35056934851596,0.05001,0.00136,101948.48999999999,0
2025-11-08 23:14:58.629760,101948.48999999999,16.620000000009895,0.01630235033398719,0.0,0.0,3.3936900000000003,0.053570000000000007,3.34012,63.35056934851596,0.05001,0.00136,101948.48999999999,0
2025-11-08 23:15:00.683866,101948.48999999999,16.620000000009895,0.01630235033398719,0.0,0.0,3.3936900000000003,0.053570000000000007,3.34012,63.35056934851596,0.05001,0.00136,101948.48999999999,0
2025-11-08 23:15:02.747652,101948.48999999999,16.620000000009895,0.01630235033398719,0.0,0.0,3.3936900000000003,0.053570000000000007,3.34012,63.35056934851596,0.05001,0.00136,101948.48999999999,0
2025-11-08 23:15:04.775982,101948.48999999999,16.620000000009895,0.01630235033398719,-1.49764,-1.49764,1.89605,0.053570000000000007,1.8424800000000001,35.39387717005786,0.05,0.00136,101948.48999999999,0
2025-11-08 23:15:06.812328,101948.48999999999,16.620000000009895,0.01630235033398719,0.0,1.49764,1.89605,0.053570000000000007,1.8424800000000001,35.39387717005786,0.05,0.00136,101948.48999999999,0
2025-11-08 23:15:08.846404,101948.48999999999,16.620000000009895,0.01630235033398719,0.0,0.0,1.89605,0.053570000000000007,1.8424800000000001,35.39387717005786,0.05,0.00136,101956.795,1
2025-11-08 23:15:10.880011,101956.795,0.010000000009313226,9.808076067233406e-06,1.31392,1.31392,3.2099699999999998,0.053570000000000007,3.1563999999999997,59.92103789434384,0.05,0.00136,101956.795,0
2025-11-08 23:15:12.910524,101956.795,0.010000000009313226,9.808076067233406e-06,0.0,-1.31392,3.2099699999999998,0.053570000000000007,3.1563999999999997,59.92103789434384,0.05,0.00136,101956.795,0
2025-11-08 23:15:14.943917,101956.795,0.010000000009313226,9.808076067233406e-06,0.0,0.0,3.2099699999999998,0.053570000000000007,3.1563999999999997,59.92103789434384,0.05,0.00136,101956.795,0
2025-11-08 23:15:16.972059,101956.795,0.010000000009313226,9.808076067233406e-06,0.0,0.0,3.2099699999999998,0.053570000000000007,3.1563999999999997,59.92103789434384,0.05,0.00136,101956.795,0
2025-11-08 23:15:19.002742,101956.795,0.010000000009313226,9.808076067233406e-06,0.0,0.0,3.2099699999999998,0.053570000000000007,3.1563999999999997,59.92103789434384,0.05,0.00136,101956.795,0
2025-11-08 23:15:21.035269,101956.795,0.010000000009313226,9.808076067233406e-06,0.0,0.0,3.2099699999999998,0.053570000000000007,3.1563999999999997,59.92103789434384,0.05,0.00136,101956.795,0
2025-11-08 23:15:23.064527,101956.795,0.010000000009313226,9.808076067233406e-06,0.0,0.0,3.2099699999999998,0.053570000000000007,3.1563999999999997,59.92103789434384,0.05,0.00136,101956.795,0
2025-11-08 23:15:25.091920,101956.795,0.010000000009313226,9.808076067233406e-06,0.0,0.0,3.2099699999999998,0.053570000000000007,3.1563999999999997,59.92103789434384,0.05,0.00136,101956.795,0
2025-11-08 23:15:27.128034,101956.795,0.010000000009313226,9.808076067233406e-06,0.0,0.0,3.2099699999999998,0.053570000000000007,3.1563999999999997,59.92103789434384,0.05,0.00136,101956.795,0
2025-11-08 23:15:29.158839,101956.795,0.010000000009313226,9.808076067233406e-06,-1.9461600000000001,-1.9461600000000001,1.26381,0.053570000000000007,1.2102400000000002,23.59174911330969,0.05,0.00136,101956.795,0
2025-11-08 23:15:31.188082,101956.795,0.010000000009313226,9.808076067233406e-06,0.0,1.9461600000000001,1.26381,0.053570000000000007,1.2102400000000002,23.59174911330969,0.05,0.00136,101956.795,0
2025-11-08 23:15:33.220942,101956.795,0.010000000009313226,9.808076067233406e-06,0.0,0.0,1.26381,0.053570000000000007,1.2102400000000002,23.59174911330969,0.05,0.00136,101956.795,0
2025-11-08 23:15:35.257079,101956.795,0.010000000009313226,9.808076067233406e-06,0.0,0.0,1.26381,0.053570000000000007,1.2102400000000002,23.59174911330969,0.05,0.00136,101956.795,0
2025-11-08 23:15:37.285106,101956.795,0.010000000009313226,9.808076067233406e-06,0.049850000000000005,0.049850000000000005,1.26381,0.00372,1.2600900000000002,339.73387096774195,0.05,0.00136,101949.015,0
2025-11-08 23:15:39.313576,101949.015,15.570000000006985,0.015272339806330632,1.0823200000000002,1.0324700000000002,2.39598,0.053570000000000007,2.34241,44.72615269740526,0.05,0.00136,101949.02,1
2025-11-08 23:15:41.341565,101949.02,15.559999999997672,0.015262530233245666,9.999999999971024e-06,-1.08231,2.3959900000000003,0.053570000000000007,2.34242,44.72633936904984,2e-05,0.00136,101949.02,0
2025-11-08 23:15:43.374445,101949.02,15.559999999997672,0.015262530233245666,0.0,-9.999999999971024e-06,2.3959900000000003,0.053570000000000007,2.34242,44.72633936904984,2e-05,0.00136,101949.02,0
2025-11-08 23:15:45.407873,101949.02,15.559999999997672,0.015262530233245666,0.0,0.0,2.3959900000000003,0.053570000000000007,2.34242,44.72633936904984,2e-05,0.00136,101953.78,1
2025-11-08 23:15:47.469280,101953.78,6.040000000008149,0.0059242531272584,1.09207,1.09207,3.4880600000000004,0.053570000000000007,3.4344900000000003,65.11218965839089,0.05,0.00136,101953.78,0
2025-11-08 23:15:49.498692,101953.78,6.040000000008149,0.0059242531272584,0.0,-1.09207,3.4880600000000004,0.053570000000000007,3.4344900000000003,65.11218965839089,0.05,0.00136,101956.795,1
2025-11-08 23:15:51.523926,101956.795,0.010000000009313226,9.808076067233406e-06,0.22184,0.22184,3.7099,0.053570000000000007,3.65633,69.25331342169125,0.05,0.00136,101956.795,0
2025-11-08 23:15:53.557456,101956.795,0.010000000009313226,9.808076067233406e-06,0.0,-0.22184,3.7099,0.053570000000000007,3.65633,69.25331342169125,0.05,0.00136,101956.795,0
2025-11-08 23:15:55.588274,101956.795,0.010000000009313226,9.808076067233406e-06,-1.09193,-1.09193,2.61797,0.053570000000000007,2.5644,48.870076535374274,0.05,0.00136,101956.795,0
2025-11-08 23:15:57.620938,101956.795,0.010000000009313226,9.808076067233406e-06,0.0,1.09193,2.61797,0.053570000000000007,2.5644,48.870076535374274,0.05,0.00136,101956.795,0
2025-11-08 23:15:59.650028,101956.795,0.010000000009313226,9.808076067233406e-06,0.0,0.0,2.61797,0.053570000000000007,2.5644,48.870076535374274,0.05,0.00136,101956.795,0
2025-11-08 23:16:01.682033,101956.795,0.010000000009313226,9.808076067233406e-06,0.0,0.0,2.61797,0.053570000000000007,2.5644,48.870076535374274,0.05,0.00136,101956.795,0
2025-11-08 23:16:03.709351,101956.795,0.010000000009313226,9.808076067233406e-06,0.0,0.0,2.61797,0.053570000000000007,2.5644,48.870076535374274,0.05,0.00136,101956.795,0
2025-11-08 23:16:05.739787,101956.795,0.010000000009313226,9.808076067233406e-06,0.0,0.0,2.61797,0.053570000000000007,2.5644,48.870076535374274,0.05,0.00136,101956.795,0
2025-11-08 23:16:07.769673,101956.795,0.010000000009313226,9.808076067233406e-06,0.0,0.0,2.61797,0.053570000000000007,2.5644,48.870076535374274,0.05,0.00136,101956.795,0
2025-11-08 23:16:09.803585,101956.795,0.010000000009313226,9.808076067233406e-06,0.0,0.0,2.61797,0.053570000000000007,2.5644,48.870076535374274,0.05,0.00136,101956.795,0
2025-11-08 23:16:11.837578,101956.795,0.010000000009313226,9.808076067233406e-06,1.0919299999999998,1.0919299999999998,3.7099,0.053570000000000007,3.65633,69.25331342169125,0.05,0.00136,101956.795,0
2025-11-08 23:16:13.867494,101956.795,0.010000000009313226,9.808076067233406e-06,0.0,-1.0919299999999998,3.7099,0.053570000000000007,3.65633,69.25331342169125,0.05,0.00136,101956.795,0
2025-11-08 23:16:15.898705,101956.795,0.010000000009313226,9.808076067233406e-06,0.0,0.0,3.7099,0.053570000000000007,3.65633,69.25331342169125,0.05,0.00136,101956.795,0
2025-11-08 23:16:17.931897,101956.795,0.010000000009313226,9.808076067233406e-06,0.0,0.0,3.7099,0.053570000000000007,3.65633,69.25331342169125,0.05,0.00136,101956.795,0
2025-11-08 23:16:19.963565,101956.795,0.010000000009313226,9.808076067233406e-06,0.0,0.0,3.7099,0.053570000000000007,3.65633,69.25331342169125,0.05,0.00136,101956.795,0
2025-11-08 23:16:21.995758,101956.795,0.010000000009313226,9.808076067233406e-06,0.0,0.0,3.7099,0.053570000000000007,3.65633,69.25331342169125,0.05,0.00136,101956.795,0
2025-11-08 23:16:24.026661,101956.795,0.010000000009313226,9.808076067233406e-06,0.0,0.0,3.7099,0.053570000000000007,3.65633,69.25331342169125,0.05,0.00136,101956.795,0
2025-11-08 23:16:26.054465,101956.795,0.010000000009313226,9.808076067233406e-06,-2.1749400000000003,-2.1749400000000003,1.48511,0.00372,1.48139,399.22311827956986,0.05,0.00136,101956.795,0
2025-11-08 23:16:28.099826,101956.795,0.010000000009313226,9.808076067233406e-06,0.0,2.1749400000000003,1.48511,0.00372,1.48139,399.22311827956986,0.05,0.00136,102043.27,1
2025-11-08 23:16:30.132519,102043.27,50.220000000001164,0.04921441659013981,2.22439,2.22439,3.7076900000000004,0.00191,3.7057800000000003,1941.1989528795814,0.04779,0.00136,102043.27,0
2025-11-08 23:16:32.165744,102043.27,50.220000000001164,0.04921441659013981,-2.44475,-4.6691400000000005,1.26294,0.00191,1.2610299999999999,661.2251308900524,0.04779,0.00136,102036.555,0
2025-11-08 23:16:34.197615,102036.555,63.65000000000873,0.06237960503469442,0.67681,3.12156,1.98961,0.051770000000000004,1.93784,38.43171721073981,2e-05,0.00136,102036.555,0
2025-11-08 23:16:36.239408,102036.555,63.65000000000873,0.06237960503469442,0.0,-0.67681,1.98961,0.051770000000000004,1.93784,38.43171721073981,2e-05,0.00136,102025.955,0
2025-11-08 23:16:38.274818,102025.955,84.85000000000582,0.08316511225011892,0.0013400000000001189,0.0013400000000001189,1.99095,0.051770000000000004,1.93918,38.4576009271779,0.05,0.00136,102029.015,1
2025-11-08 23:16:40.305311,102029.015,78.73000000001048,0.07716432428560688,2.9999999999995308e-05,-0.0013100000000001236,1.99098,0.051770000000000004,1.9392099999999999,38.45818041336681,0.05003,0.00136,102008.19,0
2025-11-08 23:16:42.350245,102008.19,18.639999999999418,0.01827304258608982,0.00011999999999999511,8.99999999999998e-05,1.99095,0.051620000000000006,1.93933,38.56935296396745,0.05,0.0001,102008.19,0
2025-11-08 23:16:44.380566,102008.19,18.639999999999418,0.01827304258608982,0.0,-0.00011999999999999511,1.99095,0.051620000000000006,1.93933,38.56935296396745,0.05,0.0001,102008.19,0
2025-11-08 23:16:46.411757,102008.19,18.639999999999418,0.01827304258608982,0.0,0.0,1.99095,0.051620000000000006,1.93933,38.56935296396745,0.05,0.0001,102008.19,0
2025-11-08 23:16:48.450744,102008.19,18.639999999999418,0.01827304258608982,0.0,0.0,1.99095,0.051620000000000006,1.93933,38.56935296396745,0.05,0.0001,102008.19,0
2025-11-08 23:16:50.498102,102008.19,18.639999999999418,0.01827304258608982,0.0,0.0,1.99095,0.051620000000000006,1.93933,38.56935296396745,0.05,0.0001,102008.19,0
2025-11-08 23:16:52.531885,102008.19,18.639999999999418,0.01827304258608982,0.0,0.0,1.99095,0.051620000000000006,1.93933,38.56935296396745,0.05,0.0001,102008.19,0
2025-11-08 23:16:54.562369,102008.19,18.639999999999418,0.01827304258608982,0.0,0.0,1.99095,0.051620000000000006,1.93933,38.56935296396745,0.05,0.0001,102008.19,0
2025-11-08 23:16:56.596154,102008.19,18.639999999999418,0.01827304258608982,-0.7258,-0.7258,1.26515,0.051620000000000006,1.21353,24.508911274699727,0.05,0.0001,102008.19,0
2025-11-08 23:16:58.629787,102008.19,18.639999999999418,0.01827304258608982,0.0,0.7258,1.26515,0.051620000000000006,1.21353,24.508911274699727,0.05,0.0001,102011.70499999999,1
2025-11-08 23:17:00.663769,102011.70499999999,11.610000000000582,0.011381046910254645,-1.09206,-1.09206,0.17309000000000002,0.051620000000000006,0.12147000000000002,3.3531576908175125,3e-05,0.0001,102011.70499999999,0
2025-11-08 23:17:02.696093,102011.70499999999,11.610000000000582,0.011381046910254645,0.0,1.09206,0.17309000000000002,0.051620000000000006,0.12147000000000002,3.3531576908175125,3e-05,0.0001,102011.70499999999,0
2025-11-08 23:17:04.729645,102011.70499999999,11.610000000000582,0.011381046910254645,0.0,0.0,0.17309000000000002,0.051620000000000006,0.12147000000000002,3.3531576908175125,3e-05,0.0001,102011.70499999999,0
2025-11-08 23:17:06.763333,102011.70499999999,11.610000000000582,0.011381046910254645,0.0,0.0,0.17309000000000002,0.051620000000000006,0.12147000000000002,3.3531576908175125,3e-05,0.0001,102011.70499999999,0
2025-11-08 23:17:08.812101,102011.70499999999,11.610000000000582,0.011381046910254645,0.0,0.0,0.17309000000000002,0.051620000000000006,0.12147000000000002,3.3531576908175125,3e-05,0.0001,102011.70499999999,0
2025-11-08 23:17:10.841796,102011.70499999999,11.610000000000582,0.011381046910254645,0.0,0.0,0.17309000000000002,0.051620000000000006,0.12147000000000002,3.3531576908175125,3e-05,0.0001,102011.70499999999,0
2025-11-08 23:17:12.952820,102011.70499999999,11.610000000000582,0.011381046910254645,0.0,0.0,0.17309000000000002,0.051620000000000006,0.12147000000000002,3.3531576908175125,3e-05,0.0001,102011.70499999999,0
2025-11-08 23:17:14.980751,102011.70499999999,11.610000000000582,0.011381046910254645,0.0,0.0,0.17309000000000002,0.051620000000000006,0.12147000000000002,3.3531576908175125,3e-05,0.0001,102011.70499999999,0
2025-11-08 23:17:17.049154,102011.70499999999,11.610000000000582,0.011381046910254645,0.0,0.0,0.17309000000000002,0.051620000000000006,0.12147000000000002,3.3531576908175125,3e-05,0.0001,102011.70499999999,0
2025-11-08 23:17:19.080657,102011.70499999999,11.610000000000582,0.011381046910254645,0.0,0.0,0.17309000000000002,0.051620000000000006,0.12147000000000002,3.3531576908175125,3e-05,0.0001,102011.70499999999,0
2025-11-08 23:17:21.112679,102011.70499999999,11.610000000000582,0.011381046910254645,0.0,0.0,0.17309000000000002,0.051620000000000006,0.12147000000000002,3.3531576908175125,3e-05,0.0001,102014.81,1
2025-11-08 23:17:23.142837,102014.81,5.399999999994179,0.005293349073525873,0.0,0.0,0.17309000000000002,0.051620000000000006,0.12147000000000002,3.3531576908175125,0.05,0.0001,102014.815,1
2025-11-08 23:17:25.177142,102014.815,5.389999999999418,0.005283546316286921,0.04974,0.04974,0.17308,0.0018700000000000001,0.17121,92.55614973262033,2e-05,0.0001,102014.815,0
2025-11-08 23:17:27.210805,102014.815,5.389999999999418,0.005283546316286921,0.0,-0.04974,0.17308,0.0018700000000000001,0.17121,92.55614973262033,2e-05,0.0001,102017.505,1
2025-11-08 23:17:29.243616,102017.505,0.00999999999476131,9.802239326242403e-06,3.42119,3.42119,3.59427,0.0018700000000000001,3.5924,1922.0695187165772,0.05,0.0001,102017.505,0
2025-11-08 23:17:31.277100,102017.505,0.00999999999476131,9.802239326242403e-06,0.00025,-3.4209400000000003,3.59427,0.0016200000000000001,3.59265,2218.6851851851848,0.05,8e-05,102017.505,0
2025-11-08 23:17:33.310960,102017.505,0.00999999999476131,9.802239326242403e-06,0.0,-0.00025,3.59427,0.0016200000000000001,3.59265,2218.6851851851848,0.05,8e-05,102017.505,0
2025-11-08 23:17:35.355386,102017.505,0.00999999999476131,9.802239326242403e-06,0.0,0.0,3.59427,0.0016200000000000001,3.59265,2218.6851851851848,0.05,8e-05,102017.505,0
2025-11-08 23:17:37.385556,102017.505,0.00999999999476131,9.802239326242403e-06,0.0,0.0,3.59427,0.0016200000000000001,3.59265,2218.6851851851848,0.05,8e-05,102017.505,0
2025-11-08 23:17:39.421186,102017.505,0.00999999999476131,9.802239326242403e-06,0.0,0.0,3.59427,0.0016200000000000001,3.59265,2218.6851851851848,0.05,8e-05,102017.505,0
2025-11-08 23:17:41.454153,102017.505,0.00999999999476131,9.802239326242403e-06,0.0,0.0,3.59427,0.0016200000000000001,3.59265,2218.6851851851848,0.05,8e-05,102017.505,0
2025-11-08 23:17:43.489889,102017.505,0.00999999999476131,9.802239326242403e-06,-0.00022999999999999993,-0.00022999999999999993,3.59427,0.00185,3.5924199999999997,1942.8486486486486,0.05,8e-05,102017.505,0
2025-11-08 23:17:45.522688,102017.505,0.00999999999476131,9.802239326242403e-06,0.0,0.00022999999999999993,3.59427,0.00185,3.5924199999999997,1942.8486486486486,0.05,8e-05,102017.505,0
2025-11-08 23:17:47.557535,102017.505,0.00999999999476131,9.802239326242403e-06,0.00022999999999999993,0.00022999999999999993,3.59427,0.0016200000000000001,3.59265,2218.6851851851848,0.05,8e-05,102017.505,0
2025-11-08 23:17:49.594259,102017.505,0.00999999999476131,9.802239326242403e-06,0.0,-0.00022999999999999993,3.59427,0.0016200000000000001,3.59265,2218.6851851851848,0.05,8e-05,102017.505,0
2025-11-08 23:17:51.622333,102017.505,0.00999999999476131,9.802239326242403e-06,0.0,0.0,3.59427,0.0016200000000000001,3.59265,2218.6851851851848,0.05,8e-05,102017.505,0
2025-11-08 23:17:53.658648,102017.505,0.00999999999476131,9.802239326242403e-06,-2.3306200000000006,-2.3306200000000006,1.26388,0.00185,1.26203,683.1783783783783,0.05,8e-05,102017.505,0
2025-11-08 23:17:55.690076,102017.505,0.00999999999476131,9.802239326242403e-06,-0.8698600000000001,1.4607600000000005,0.39379,0.0016200000000000001,0.39216999999999996,243.0802469135802,0.05,8e-05,102017.505,0
2025-11-08 23:17:57.723163,102017.505,0.00999999999476131,9.802239326242403e-06,0.0,0.8698600000000001,0.39379,0.0016200000000000001,0.39216999999999996,243.0802469135802,0.05,8e-05,102017.505,0
2025-11-08 23:17:59.784540,102017.505,0.00999999999476131,9.802239326242403e-06,0.8691200000000001,0.8691200000000001,1.26314,0.00185,1.26129,682.7783783783783,0.05,8e-05,102077.355,1
2025-11-08 23:18:01.817537,102077.355,11.529999999998836,0.011295355370443167,-0.00024000000000000367,-0.8693600000000001,1.2617,0.00065,1.26105,1941.0769230769233,0.04856,0.00015,102077.355,0
2025-11-08 23:18:03.848989,102077.355,11.529999999998836,0.011295355370443167,-1.08999,-1.08975,0.17171,0.00065,0.17106,264.1692307692308,0.04856,0.00015,102077.355,0
2025-11-08 23:18:05.879770,102077.355,11.529999999998836,0.011295355370443167,0.0,1.08999,0.17171,0.00065,0.17106,264.1692307692308,0.04856,0.00015,102077.355,0
2025-11-08 23:18:07.909764,102077.355,11.529999999998836,0.011295355370443167,0.0,0.0,0.17171,0.00065,0.17106,264.1692307692308,0.04856,0.00015,102077.355,0
2025-11-08 23:18:09.958493,102077.355,11.529999999998836,0.011295355370443167,0.0,0.0,0.17171,0.00065,0.17106,264.1692307692308,0.04856,0.00015,102077.355,0
2025-11-08 23:18:12.001690,102077.355,11.529999999998836,0.011295355370443167,0.0,0.0,0.17171,0.00065,0.17106,264.1692307692308,0.04856,0.00015,102081.745,1
2025-11-08 23:18:14.035351,102081.745,2.75,0.0026939194662081844,0.0007600000000000168,0.0007600000000000168,0.17246999999999998,0.00065,0.17181999999999997,265.3384615384615,2e-05,0.00015,102081.745,0
2025-11-08 23:18:16.071525,102081.745,2.75,0.0026939194662081844,0.0,-0.0007600000000000168,0.17246999999999998,0.00065,0.17181999999999997,265.3384615384615,2e-05,0.00015,102083.11499999999,1
2025-11-08 23:18:18.103225,102083.11499999999,0.00999999999476131,9.795939313530266e-06,0.0,0.0,0.17246999999999998,0.00065,0.17181999999999997,265.3384615384615,0.05,0.00015,102083.11499999999,0
2025-11-08 23:18:20.188922,102083.11499999999,0.00999999999476131,9.795939313530266e-06,0.0,0.0,0.17246999999999998,0.00065,0.17181999999999997,265.3384615384615,0.05,0.00015,102083.11499999999,0
2025-11-08 23:18:22.219492,102083.11499999999,0.00999999999476131,9.795939313530266e-06,0.0,0.0,0.17247,0.00065,0.17182,265.33846153846156,0.05,0.00015,102107.205,1
2025-11-08 23:18:24.247171,102107.205,8.309999999997672,0.008138505015388162,1.9999999999999985e-05,1.9999999999999985e-05,0.17247,0.00063,0.17184000000000002,273.76190476190476,0.05,0.00017,102111.35500000001,1
2025-11-08 23:18:26.282208,102111.35500000001,0.00999999999476131,9.79323014052777e-06,0.0,-1.9999999999999985e-05,0.17247,0.00063,0.17184000000000002,273.76190476190476,0.05,0.00017,102106.35500000001,0
2025-11-08 23:18:28.314057,102106.35500000001,10.009999999994761,0.009803503415624581,1.08999,1.08999,1.2638,0.00197,1.26183,641.5228426395939,0.05,0.00017,102106.35500000001,0
2025-11-08 23:18:30.352441,102106.35500000001,10.009999999994761,0.009803503415624581,0.0,-1.08999,1.2638,0.00197,1.26183,641.5228426395939,0.05,0.00017,102111.35500000001,1
2025-11-08 23:18:32.381554,102111.35500000001,0.00999999999476131,9.79323014052777e-06,-1.08999,-1.08999,0.17247,0.00063,0.17184000000000002,273.76190476190476,0.05,0.00017,102111.35500000001,0
2025-11-08 23:18:34.413187,102111.35500000001,0.00999999999476131,9.79323014052777e-06,1.0913499999999998,2.1813399999999996,1.2638,0.0006100000000000001,1.26319,2071.803278688524,0.05,0.00015,102111.35500000001,0
2025-11-08 23:18:36.447840,102111.35500000001,0.00999999999476131,9.79323014052777e-06,0.0,-1.0913499999999998,1.2638,0.0006100000000000001,1.26319,2071.803278688524,0.05,0.00015,102111.35500000001,0
2025-11-08 23:18:38.476103,102111.35500000001,0.00999999999476131,9.79323014052777e-06,0.0,0.0,1.2638,0.0006100000000000001,1.26319,2071.803278688524,0.05,0.00015,102111.35500000001,0
2025-11-08 23:18:40.528429,102111.35500000001,0.00999999999476131,9.79323014052777e-06,0.0,0.0,1.2638,0.0006100000000000001,1.26319,2071.803278688524,0.05,0.00015,102111.35500000001,0
2025-11-08 23:18:42.558070,102111.35500000001,0.00999999999476131,9.79323014052777e-06,0.0,0.0,1.2638,0.0006100000000000001,1.26319,2071.803278688524,0.05,0.00015,102111.35500000001,0
2025-11-08 23:18:44.590484,102111.35500000001,0.00999999999476131,9.79323014052777e-06,0.0,0.0,1.2638,0.0006100000000000001,1.26319,2071.803278688524,0.05,0.00015,102111.35500000001,0
2025-11-08 23:18:46.620511,102111.35500000001,0.00999999999476131,9.79323014052777e-06,-1.09133,-1.09133,0.17246999999999998,0.0006100000000000001,0.17185999999999998,282.7377049180327,0.05,0.00015,102111.35500000001,0
2025-11-08 23:18:48.650095,102111.35500000001,0.00999999999476131,9.79323014052777e-06,0.0,1.09133,0.17246999999999998,0.0006100000000000001,0.17185999999999998,282.7377049180327,0.05,0.00015,102111.35500000001,0
2025-11-08 23:18:50.679223,102111.35500000001,0.00999999999476131,9.79323014052777e-06,1.09133,1.09133,1.2638,0.0006100000000000001,1.26319,2071.803278688524,0.05,0.00015,102111.35500000001,0
2025-11-08 23:18:52.714020,102111.35500000001,0.00999999999476131,9.79323014052777e-06,0.0,-1.09133,1.2638,0.0006100000000000001,1.26319,2071.803278688524,0.05,0.00015,102111.35500000001,0
2025-11-08 23:18:54.751537,102111.35500000001,0.00999999999476131,9.79323014052777e-06,0.0,0.0,1.2638,0.0006100000000000001,1.26319,2071.803278688524,0.05,0.00015,102111.35500000001,0
2025-11-08 23:18:56.839290,102111.35500000001,0.00999999999476131,9.79323014052777e-06,0.0,0.0,1.2638,0.0006100000000000001,1.26319,2071.803278688524,0.05,0.00015,102111.35500000001,0
2025-11-08 23:18:58.872031,102111.35500000001,0.00999999999476131,9.79323014052777e-06,2.03628,2.03628,3.3000800000000003,0.0006100000000000001,3.2994700000000003,5409.967213114754,0.05,0.00015,102170.525,1
2025-11-08 23:19:00.950055,102170.525,4.789999999993597,0.004688240566438899,-1.8164500000000001,-3.85273,1.48475,0.00173,1.48302,858.2369942196532,0.04961,0.0002,102170.525,0
2025-11-08 23:19:02.982145,102170.525,4.789999999993597,0.004688240566438899,0.0,1.8164500000000001,1.48475,0.00173,1.48302,858.2369942196532,0.04961,0.0002,102170.525,0
2025-11-08 23:19:05.014631,102170.525,4.789999999993597,0.004688240566438899,0.0,0.0,1.48475,0.00173,1.48302,858.2369942196532,0.04961,0.0002,102170.525,0
2025-11-08 23:19:07.072509,102170.525,4.789999999993597,0.004688240566438899,0.0,0.0,1.48475,0.00173,1.48302,858.2369942196532,0.04961,0.0002,102170.525,0
2025-11-08 23:19:09.105612,102170.525,4.789999999993597,0.004688240566438899,0.0,0.0,1.48475,0.00173,1.48302,858.2369942196532,0.04961,0.0002,102170.525,0
2025-11-08 23:19:11.139288,102170.525,4.789999999993597,0.004688240566438899,0.0,0.0,1.48475,0.00173,1.48302,858.2369942196532,0.04961,0.0002,102174.10500000001,1
2025-11-08 23:19:13.171242,102174.10500000001,11.94999999999709,0.011695722707820233,-0.00122,-0.00122,1.48475,0.00295,1.4818,503.3050847457627,0.04961,0.00074,102174.11,1
2025-11-08 23:19:15.201219,102174.11,11.940000000002328,0.011685934920306453,-0.22197999999999984,-0.22075999999999985,1.2627700000000002,0.00295,1.2598200000000002,428.0576271186441,2e-05,0.00074,102180.07500000001,1
2025-11-08 23:19:17.231408,102180.07500000001,0.00999999999476131,9.78664381951306e-06,0.22236999999999996,0.4443499999999998,1.48514,0.00295,1.48219,503.4372881355932,0.05,0.00074,102180.07500000001,0
2025-11-08 23:19:19.262694,102180.07500000001,0.00999999999476131,9.78664381951306e-06,1.53159,1.30922,3.0167100000000002,0.0029300000000000003,3.01378,1029.59385665529,0.05,0.00072,102180.07500000001,0
2025-11-08 23:19:21.294772,102180.07500000001,0.00999999999476131,9.78664381951306e-06,0.0,-1.53159,3.0167100000000002,0.0029300000000000003,3.01378,1029.59385665529,0.05,0.00072,102180.07500000001,0
2025-11-08 23:19:23.325706,102180.07500000001,0.00999999999476131,9.78664381951306e-06,0.2212099999999999,0.2212099999999999,3.23792,0.0029300000000000003,3.23499,1105.0921501706482,0.05,0.00072,102262.19,1
2025-11-08 23:19:25.357737,102262.19,59.44000000000233,0.05812509980472971,-3.1620700000000004,-3.38328,0.17151,0.09859000000000001,0.07291999999999998,1.7396287655948877,2e-05,0.00136,102262.19,0
2025-11-08 23:19:27.388561,102262.19,59.44000000000233,0.05812509980472971,-0.00012000000000000812,3.1619500000000005,0.1703,0.0975,0.0728,1.7466666666666666,2e-05,0.00136,102262.19,0
2025-11-08 23:19:29.416403,102262.19,59.44000000000233,0.05812509980472971,0.0,0.00012000000000000812,0.1703,0.0975,0.0728,1.7466666666666666,2e-05,0.00136,102269.505,1
2025-11-08 23:19:31.447489,102269.505,44.80999999999767,0.0438156027058092,0.0018200000000000013,0.0018200000000000013,0.17321,0.09859000000000001,0.07461999999999999,1.7568718937011865,0.05,0.00136,102284.44,1
2025-11-08 23:19:33.477099,102284.44,14.940000000002328,0.014606327218492206,-0.00134999999999999,-0.0031699999999999914,0.17186,0.09859000000000001,0.07327,1.7431788213814787,1e-05,0.00136,102284.44,0
2025-11-08 23:19:35.552631,102284.44,14.940000000002328,0.014606327218492206,-0.11987999999999999,-0.11853,0.05088,0.09749000000000001,-0.046610000000000006,0.5218996820186685,1e-05,0.00136,102281.965,0
2025-11-08 23:19:37.582875,102281.965,9.990000000005239,0.009767117790516871,0.0012300000000000089,0.12111,0.17307999999999998,0.21846,-0.045380000000000004,0.7922731850224297,2e-05,0.05,102281.95999999999,0
2025-11-08 23:19:39.613333,102281.95999999999,9.979999999995925,0.009757341372805064,0.04403,0.04279999999999999,0.17174,0.17309,-0.00134999999999999,0.9922005892888094,2e-05,3e-05,102277.395,0
2025-11-08 23:19:41.643675,102277.395,0.8500000000058208,0.0008310731809368244,0.0012399999999999911,-0.04279000000000001,0.17307999999999998,0.17318999999999998,-0.00010999999999999899,0.9993648594029678,2e-05,0.05,102233.13,0
2025-11-08 23:19:43.676260,102233.13,87.68000000000757,0.08576476138411057,0.00011999999999999511,-0.001119999999999996,0.17307999999999998,0.17307,9.999999999982245e-06,1.0000577800889812,0.05,1e-05,102233.13,0
2025-11-08 23:19:45.704822,102233.13,87.68000000000757,0.08576476138411057,1.21231,1.21219,1.26441,0.052090000000000004,1.21232,24.27356498368209,0.05,1e-05,102235.845,1
2025-11-08 23:19:47.746784,102235.845,82.25,0.08045123508295941,-1.2123000000000002,-2.4246100000000004,0.17309,0.17307,1.9999999999992246e-05,1.0001155601779625,3e-05,1e-05,102234.785,0
2025-11-08 23:19:49.776601,102234.785,84.36999999999534,0.08252572742241825,1.2123000000000002,2.4246000000000003,1.26441,0.052090000000000004,1.21232,24.27356498368209,0.05,1e-05,102239.60500000001,1
2025-11-08 23:19:51.805409,102239.60500000001,74.72999999999593,0.07309300539648594,-1.09132,-2.3036200000000004,0.17309,0.052090000000000004,0.121,3.322902668458437,3e-05,1e-05,102246.97,1
2025-11-08 23:19:53.839712,102246.97,60.0,0.058681445523520157,1.09121,2.18253,1.26441,0.0522,1.21221,24.22241379310345,0.05,1e-05,102246.975,1
2025-11-08 23:19:55.868755,102246.975,59.99000000000524,0.05867166241348972,-1.09121,-2.18242,0.17309000000000002,0.052090000000000004,0.12100000000000002,3.3229026684584375,3e-05,1e-05,102246.975,0
2025-11-08 23:19:57.900072,102246.975,59.99000000000524,0.05867166241348972,0.0,1.09121,0.17309000000000002,0.052090000000000004,0.12100000000000002,3.3229026684584375,3e-05,1e-05,102239.6,0
2025-11-08 23:19:59.931563,102239.6,74.74000000000524,0.07310278991702357,1.75323,1.75323,1.92643,0.0522,1.87423,36.90478927203065,0.05,1e-05,102239.60500000001,1
2025-11-08 23:20:01.961545,102239.60500000001,74.72999999999593,0.07309300539648594,-1.75323,-3.50646,0.17309,0.052090000000000004,0.121,3.322902668458437,3e-05,1e-05,102224.88,0
2025-11-08 23:20:03.997631,102224.88,100.05999999999767,0.09788223767051393,1.63236,3.38559,1.92643,0.17307,1.75336,11.13092968163171,0.05,0.05,102224.88,0
2025-11-08 23:20:06.039410,102224.88,100.05999999999767,0.09788223767051393,0.0,-1.63236,1.92643,0.17307,1.75336,11.13092968163171,0.05,0.05,102224.88,0
2025-11-08 23:20:08.070155,102224.88,100.05999999999767,0.09788223767051393,0.0,0.0,1.92643,0.17307,1.75336,11.13092968163171,0.05,0.05,102224.88,0
2025-11-08 23:20:10.108166,102224.88,100.05999999999767,0.09788223767051393,0.0,0.0,1.92643,0.17307,1.75336,11.13092968163171,0.05,0.05,102224.88,0
2025-11-08 23:20:12.139582,102224.88,100.05999999999767,0.09788223767051393,-0.0006500000000000047,-0.0006500000000000047,1.92578,0.17307,1.75271,11.127173975847922,0.04935,0.05,102236.545,1
2025-11-08 23:20:14.176480,102236.545,80.85000000000582,0.0790813108952438,-1.63172,-1.63107,0.17309,0.0521,0.12098999999999999,3.322264875239923,3e-05,1e-05,102236.545,0
2025-11-08 23:20:16.208632,102236.545,80.85000000000582,0.0790813108952438,0.0,1.63172,0.17309,0.0521,0.12098999999999999,3.322264875239923,3e-05,1e-05,102236.545,0
2025-11-08 23:20:18.241595,102236.545,80.85000000000582,0.0790813108952438,-0.12097,-0.12097,0.17309,0.17307,1.9999999999992246e-05,1.0001155601779625,3e-05,1e-05,102241.35500000001,1
2025-11-08 23:20:20.275360,102241.35500000001,71.22999999999593,0.06966848199536863,1.20951,1.33048,1.26164,0.052110000000000004,1.20953,24.211091920936482,0.05,1e-05,102241.35500000001,0
2025-11-08 23:20:22.304152,102241.35500000001,71.22999999999593,0.06966848199536863,0.0,-1.20951,1.26164,0.052110000000000004,1.20953,24.211091920936482,0.05,1e-05,102241.36,1
2025-11-08 23:20:24.336980,102241.36,71.22000000000116,0.06965869781075014,-1.08864,-1.08864,0.17309,0.0522,0.12089,3.315900383141762,3e-05,1e-05,102252.785,1
2025-11-08 23:20:26.370235,102252.785,48.36999999999534,0.04730433503595559,1.08864,2.17728,1.26164,0.052110000000000004,1.20953,24.211091920936482,0.05,1e-05,102252.785,0
2025-11-08 23:20:28.406482,102252.785,48.36999999999534,0.04730433503595559,0.0,-1.08864,1.26164,0.052110000000000004,1.20953,24.211091920936482,0.05,1e-05,102256.9,1
2025-11-08 23:20:30.436521,102256.9,40.13999999999942,0.03925407478615078,-1.0885500000000001,-1.0885500000000001,0.17309000000000002,0.052110000000000004,0.12098000000000002,3.3216273268086742,0.05,1e-05,102260.41,1
2025-11-08 23:20:32.471837,102260.41,33.11999999999534,0.03238790065480409,1.0884600000000002,2.17701,1.26164,0.0522,1.20944,24.16934865900383,0.05,1e-05,102260.41500000001,1
2025-11-08 23:20:34.504774,102260.41500000001,33.11000000000058,0.03237812011617651,-1.0884700000000003,-2.1769300000000005,0.17308,0.052110000000000004,0.12097000000000001,3.321435425062368,2e-05,1e-05,102260.41500000001,0
2025-11-08 23:20:36.536685,102260.41500000001,33.11000000000058,0.03237812011617651,-8.99999999999998e-05,1.0883800000000003,0.17308,0.0522,0.12088000000000002,3.3157088122605365,2e-05,1e-05,102269.63500000001,1
2025-11-08 23:20:38.572018,102269.63500000001,14.669999999998254,0.014344433711920701,1.0885600000000002,1.0886500000000001,1.26164,0.0522,1.20944,24.16934865900383,0.05,1e-05,102269.63500000001,0
2025-11-08 23:20:40.605653,102269.63500000001,14.669999999998254,0.014344433711920701,0.0,-1.0885600000000002,1.26164,0.0522,1.20944,24.16934865900383,0.05,1e-05,102269.64,1
2025-11-08 23:20:42.638785,102269.64,14.660000000003492,0.014334654937676024,-0.0012500000000000141,-0.0012500000000000141,1.2603000000000002,0.052110000000000004,1.20819,24.185377086931492,2e-05,1e-05,102268.18,0
2025-11-08 23:20:44.671190,102268.18,17.580000000001746,0.01719009764327648,2.1397199999999996,2.14097,3.4001099999999997,0.0522,3.3479099999999997,65.13620689655171,0.05,1e-05,102268.18,0
2025-11-08 23:20:46.704365,102268.18,17.580000000001746,0.01719009764327648,0.0,-2.1397199999999996,3.4001099999999997,0.0522,3.3479099999999997,65.13620689655171,0.05,1e-05,102268.18,0
2025-11-08 23:20:48.738850,102268.18,17.580000000001746,0.01719009764327648,0.0,0.0,3.4001099999999997,0.0522,3.3479099999999997,65.13620689655171,0.05,1e-05,102268.18,0
2025-11-08 23:20:50.768041,102268.18,17.580000000001746,0.01719009764327648,0.0,0.0,3.4001099999999997,0.0522,3.3479099999999997,65.13620689655171,0.05,1e-05,102268.185,1
2025-11-08 23:20:52.805078,102268.185,17.570000000006985,0.01718031859077873,-1.0884700000000003,-1.0884700000000003,2.31155,0.052110000000000004,2.25944,44.35904816733832,2e-05,1e-05,102261.51000000001,0
2025-11-08 23:20:54.843007,102261.51000000001,30.919999999998254,0.030236205195873063,0.0012499999999998968,1.0897200000000002,2.31289,0.0522,2.26069,44.308237547892716,0.05,1e-05,102256.75,0
2025-11-08 23:20:56.878795,102256.75,40.44000000000233,0.039547511533470726,0.0,-0.0012499999999998968,2.31289,0.0522,2.26069,44.308237547892716,0.05,1e-05,102249.78,0
2025-11-08 23:20:58.912853,102249.78,54.38000000000466,0.053183488512155874,0.0,0.0,2.31289,0.0522,2.26069,44.308237547892716,0.05,1e-05,102261.815,1
2025-11-08 23:21:00.951200,102261.815,30.30999999999767,0.029639606924635235,8.99999999999998e-05,8.99999999999998e-05,2.31289,0.052110000000000004,2.26078,44.38476300134331,0.05,1e-05,102255.225,0
2025-11-08 23:21:02.984970,102255.225,43.49000000000524,0.04253083399895236,-0.0014299999999998966,-0.0015199999999998964,2.31155,0.0522,2.25935,44.28256704980843,2e-05,1e-05,102255.225,0
2025-11-08 23:21:05.031058,102255.225,43.49000000000524,0.04253083399895236,0.0,0.0014299999999998966,2.31155,0.0522,2.25935,44.28256704980843,2e-05,1e-05,102255.225,0
2025-11-08 23:21:07.070157,102255.225,43.49000000000524,0.04253083399895236,0.0,0.0,2.31155,0.0522,2.25935,44.28256704980843,2e-05,1e-05,102255.225,0
2025-11-08 23:21:09.150531,102255.225,43.49000000000524,0.04253083399895236,0.0,0.0,2.31155,0.0522,2.25935,44.28256704980843,2e-05,1e-05,102255.225,0
2025-11-08 23:21:11.181961,102255.225,43.49000000000524,0.04253083399895236,9.999999999999701e-05,9.999999999999701e-05,2.31155,0.0521,2.25945,44.367562380038386,2e-05,1e-05,102255.225,0
2025-11-08 23:21:13.219315,102255.225,43.49000000000524,0.04253083399895236,0.0,-9.999999999999701e-05,2.31155,0.0521,2.25945,44.367562380038386,2e-05,1e-05,102255.945,1
2025-11-08 23:21:15.248947,102255.945,71.93000000000757,0.07034309838905461,-0.0440400000000001,-0.0440400000000001,2.31289,0.09748000000000001,2.21541,23.72681575707837,0.05,0.00125,102255.945,0
2025-11-08 23:21:17.281589,102255.945,71.93000000000757,0.07034309838905461,0.0,0.0440400000000001,2.31289,0.09748000000000001,2.21541,23.72681575707837,0.05,0.00125,102262.055,1
2025-11-08 23:21:19.351623,102262.055,59.689999999987776,0.05836964649301032,0.044030000000000104,0.044030000000000104,2.31155,0.052110000000000004,2.25944,44.35904816733832,0.05,3e-05,102262.06,1
2025-11-08 23:21:21.381521,102262.06,59.69999999999709,0.0583794224368227,-0.04403000000000011,-0.08806000000000022,2.31289,0.09748000000000001,2.21541,23.72681575707837,0.05,0.00125,102266.42499999999,1
2025-11-08 23:21:23.415614,102266.42499999999,50.94999999999709,0.04982084784913239,0.044030000000000104,0.08806000000000022,2.31155,0.052110000000000004,2.25944,44.35904816733832,2e-05,3e-05,102279.815,1
2025-11-08 23:21:25.447852,102279.815,24.19000000000233,0.023650805391075773,1.0431900000000003,0.9991600000000002,3.4001099999999997,0.09748000000000001,3.3026299999999997,34.8800779647107,0.05,0.00125,102279.815,0
2025-11-08 23:21:27.478737,102279.815,24.169999999998254,0.023631251190665777,-2.0944499999999997,-3.13764,1.2603000000000002,0.05212,1.2081800000000003,24.180736761320034,2e-05,4e-05,102279.815,0
2025-11-08 23:21:29.526598,102279.815,24.169999999998254,0.023631251190665777,0.0,2.0944499999999997,1.2603000000000002,0.05212,1.2081800000000003,24.180736761320034,2e-05,4e-05,102279.815,0
2025-11-08 23:21:31.557905,102279.815,24.169999999998254,0.023631251190665777,0.0,0.0,1.2603000000000002,0.05212,1.2081800000000003,24.180736761320034,2e-05,4e-05,102279.815,0
2025-11-08 23:21:33.586497,102279.815,24.169999999998254,0.023631251190665777,0.0,0.0,1.2603000000000002,0.05212,1.2081800000000003,24.180736761320034,2e-05,4e-05,102279.82,1
2025-11-08 23:21:35.618700,102279.82,24.180000000007567,0.023641027135174433,-0.045360000000000004,-0.045360000000000004,1.2603000000000002,0.09748000000000001,1.1628200000000002,12.92880590890439,2e-05,0.00125,102279.82,0
2025-11-08 23:21:37.648152,102279.82,24.180000000007567,0.023641027135174433,0.0,0.045360000000000004,1.2603000000000002,0.09748000000000001,1.1628200000000002,12.92880590890439,2e-05,0.00125,102264.765,0
2025-11-08 23:21:39.683028,102264.765,54.26999999998952,0.05306813153092321,2.06553,2.06553,3.28047,0.05212,3.2283500000000003,62.94071373752878,0.05,4e-05,102264.775,1
2025-11-08 23:21:41.713258,102264.775,54.270000000004075,0.05306812634164997,-1.01428,-3.07981,2.31155,0.09748000000000001,2.21407,23.71306934755847,2e-05,0.00125,102264.76999999999,0
2025-11-08 23:21:43.742917,102264.76999999999,54.25999999999476,0.05305835039769294,0.045360000000000004,1.0596400000000001,2.31155,0.05212,2.25943,44.350537221795854,2e-05,4e-05,102264.775,1
2025-11-08 23:21:45.770285,102264.775,54.270000000004075,0.05306812634164997,-0.045360000000000004,-0.09072000000000001,2.31155,0.09748000000000001,2.21407,23.71306934755847,2e-05,0.00125,102257.545,0
2025-11-08 23:21:47.800927,102257.545,68.70999999999185,0.0671930858500386,0.0466999999999999,0.0920599999999999,2.31289,0.05212,2.26077,44.37624712202609,0.05,4e-05,102257.545,0
2025-11-08 23:21:49.830737,102257.545,68.70999999999185,0.0671930858500386,0.0,-0.0466999999999999,2.31289,0.05212,2.26077,44.37624712202609,0.05,4e-05,102257.545,0
2025-11-08 23:21:51.861461,102257.545,68.70999999999185,0.0671930858500386,0.0,0.0,2.31289,0.05212,2.26077,44.37624712202609,0.05,4e-05,102257.545,0
2025-11-08 23:21:53.893015,102257.545,68.70999999999185,0.0671930858500386,0.0,0.0,2.31289,0.05212,2.26077,44.37624712202609,0.05,4e-05,102257.555,1
2025-11-08 23:21:55.925109,102257.555,68.7100000000064,0.06719307927908741,-0.0466999999999999,-0.0466999999999999,2.31155,0.09748000000000001,2.21407,23.71306934755847,2e-05,0.00125,102257.555,0
2025-11-08 23:21:57.981650,102257.555,68.7100000000064,0.06719307927908741,0.0,0.0466999999999999,2.31155,0.09748000000000001,2.21407,23.71306934755847,2e-05,0.00125,102250.92499999999,0
2025-11-08 23:22:00.017871,102250.92499999999,81.94999999999709,0.08014597422957015,0.0466999999999999,0.0466999999999999,2.31289,0.05212,2.26077,44.37624712202609,0.05,4e-05,102250.92499999999,0
2025-11-08 23:22:02.051087,102250.92499999999,81.94999999999709,0.08014597422957015,0.0,-0.0466999999999999,2.31289,0.05212,2.26077,44.37624712202609,0.05,4e-05,102250.935,1
2025-11-08 23:22:04.085389,102250.935,81.94999999999709,0.08014596639140473,-2.1851599999999998,-2.1851599999999998,0.17309,0.09748000000000001,0.07560999999999998,1.7756462864177265,3e-05,0.00125,102247.11499999999,0
2025-11-08 23:22:06.121773,102247.11499999999,89.56999999999243,0.08760149369494918,1.13375,3.31891,1.26148,0.05212,1.20936,24.203376822716805,0.05,4e-05,102247.11499999999,0
2025-11-08 23:22:08.151504,102247.11499999999,89.56999999999243,0.08760149369494918,0.0,-1.13375,1.26148,0.05212,1.20936,24.203376822716805,0.05,4e-05,102247.11499999999,0
2025-11-08 23:22:10.182987,102247.11499999999,89.56999999999243,0.08760149369494918,0.0,0.0,1.26148,0.05212,1.20936,24.203376822716805,0.05,4e-05,102246.56,0
2025-11-08 23:22:12.216356,102246.56,88.44000000000233,0.08649679754507372,-1.20935,-1.20935,0.17309,0.17308,9.999999999982245e-06,1.0000577767506353,3e-05,0.05,102212.39,0
2025-11-08 23:22:14.250621,102212.39,108.5799999999872,0.10622978290595415,1.91364,3.1229899999999997,2.08664,0.17299,1.91365,12.06220012717498,0.05,0.05,102200.79500000001,0
2025-11-08 23:22:16.289991,102200.79500000001,90.38999999999942,0.08844353901552272,-0.12020999999999993,-2.03385,1.9664300000000001,0.17299,1.7934400000000001,11.367304468466386,0.05,4e-05,102205.055,1
2025-11-08 23:22:18.327128,102205.055,81.8700000000099,0.08010367001907087,-1.7933400000000002,-1.6731300000000002,0.17309,0.17299,9.999999999998899e-05,1.0005780680964218,0.05,4e-05,102203.29,0
2025-11-08 23:22:20.362640,102203.29,102.0,0.09980109250886152,1.9134600000000002,3.7068000000000003,2.08664,0.17307999999999998,1.9135600000000001,12.055927894615209,0.05,0.05,102206.55,1
