timestamp,mid_price,spread,spread_pct,ofi_current,ofi_momentum,total_bid_volume,total_ask_volume,volume_imbalance,volume_ratio,bid_depth_l1,ask_depth_l1,future_price,actual_horizon_seconds,price_increase
2025-11-18 13:20:31.816511,93445.48,75.81999999999243,0.0811382209176863,-0.0237099999999999,0.0,0.31875,1.39852,-1.07977,0.2279195149157681,0.0001,0.00023,93415.64,6.101014,0
2025-11-18 13:20:33.846721,93440.035,64.92999999999302,0.0694884157524052,0.61034,0.63405,0.47436,0.94379,-0.46943,0.5026118098305767,0.0001,0.00023,93411.7,6.109244,0
2025-11-18 13:20:35.882038,93431.64,48.13999999999942,0.0515243016177382,-0.28746,-0.8978,0.31875,1.07564,-0.75689,0.2963352050872039,0.0001,0.00023,93411.705,6.12858,0
2025-11-18 13:20:37.917525,93415.64,80.11999999999534,0.0857672227048868,0.28791,0.57537,0.4748799999999999,0.94386,-0.46898,0.5031254635221325,0.0001,0.00023,93411.98,6.13121,0
2025-11-18 13:20:39.955965,93411.7,72.24000000000524,0.0773350661640942,-0.1318299999999999,-0.41974,0.47483,1.07564,-0.60081,0.4414395150793946,0.0001,0.00023,93435.94,6.12617,1
2025-11-18 13:20:42.010618,93411.705,72.23000000001048,0.0773243567281107,-0.15557,-0.02374,0.31923,1.0756100000000002,-0.7563800000000002,0.2967897286191091,0.00015,0.0002,93429.655,6.109763,1
2025-11-18 13:20:44.048735,93411.98,111.5399999999936,0.1194065258010734,-0.3230299999999999,-0.1674599999999999,0.5435599999999999,1.62297,-1.0794100000000002,0.3349168499725811,0.26375,0.0001,93429.005,6.121036,1
2025-11-18 13:20:46.082135,93435.94,63.60000000000582,0.0680680260722007,0.2241899999999999,0.5472199999999999,0.54367,1.3988900000000002,-0.8552200000000002,0.388643853340863,0.26386,0.00023,93415.695,6.125442,0
2025-11-18 13:20:48.120381,93429.655,76.16999999999825,0.0815265774020018,-0.0686299999999999,-0.2928199999999999,0.47475,1.3986,-0.92385,0.3394465894465894,0.26375,0.00023,93391.76,6.11784,0
2025-11-18 13:20:50.169771,93429.005,61.88999999999942,0.0662428118548403,0.2986,0.3672299999999999,0.3190699999999999,0.94432,-0.6252500000000001,0.3378833446289392,0.00011,0.055,93388.01,6.103092,0
2025-11-18 13:20:52.207577,93415.695,88.3700000000099,0.0945986646034265,-0.2990299999999999,-0.5976299999999999,0.4748599999999999,1.39914,-0.92428,0.3393941992938519,0.26386,0.88839,93378.72,6.095442,0
2025-11-18 13:20:54.238221,93391.76,64.24000000000524,0.0687855116982539,0.2308499999999999,0.5298799999999999,0.4752999999999999,1.16873,-0.6934300000000001,0.4066807560343278,0.0001,0.00054,93376.425,6.101884,0
2025-11-18 13:20:56.272863,93388.01,56.74000000000524,0.0607572642355321,-0.06323,-0.2940799999999999,0.3190599999999999,1.07572,-0.7566600000000001,0.2966013460751868,0.0001,0.00023,93376.42,6.102542,0
2025-11-18 13:20:58.303019,93378.72,75.32000000000698,0.0806607758170244,-0.0004899999999999,0.06274,0.3190599999999999,1.07621,-0.7571500000000002,0.2964663030449447,0.00011,0.00072,93381.02,6.110626,1
2025-11-18 13:21:00.340105,93376.425,69.92999999999302,0.0748904233589934,0.13194,0.13243,0.31905,0.94426,-0.62521,0.3378836337449431,9e-05,0.00054,93383.665,6.116702,1
2025-11-18 13:21:02.375405,93376.42,69.91999999999825,0.0748797180273116,0.0,-0.13194,0.31905,0.94426,-0.62521,0.3378836337449431,9e-05,0.00023,93383.66,6.120058,1
2025-11-18 13:21:04.413645,93381.02,79.91999999999825,0.0855848436866488,-0.35299,-0.35299,0.4204,1.3986,-0.9782,0.3005863005863006,0.00011,0.00023,93380.37,6.120134,0
2025-11-18 13:21:06.456807,93383.665,85.2100000000064,0.0912472218776232,-0.13177,0.2212199999999999,0.4204,1.53037,-1.10997,0.274704809947921,0.00011,0.88839,93373.38,6.111517,0
2025-11-18 13:21:08.495463,93383.66,85.19999999999709,0.091236518251691,0.5860500000000001,0.7178200000000001,0.4204,0.94432,-0.52392,0.4451880718400542,0.00011,0.00023,93390.37,6.107817,1
2025-11-18 13:21:10.533779,93380.37,78.61999999999534,0.084193283877538,-0.4542800000000001,-1.0403300000000002,0.4204,1.3986,-0.9782,0.3005863005863006,0.00011,0.00023,93393.725,6.104346,1
2025-11-18 13:21:12.568324,93373.38,64.63999999999942,0.0692274393408479,0.0011699999999999,0.45545,0.5533399999999999,1.53037,-0.97703,0.3615726915713193,0.00011,0.055,93393.725,6.104489,1
2025-11-18 13:21:14.603280,93390.37,98.61999999999534,0.1055997529509684,0.37627,0.3751000000000001,0.42045,1.02121,-0.60076,0.4117174724101801,0.00011,0.00023,93395.405,6.103779,1
2025-11-18 13:21:16.638125,93393.725,105.33000000000176,0.112780596340923,0.0,-0.37627,0.42045,1.02121,-0.60076,0.4117174724101801,0.00011,0.00023,93395.405,6.105052,1
2025-11-18 13:21:18.672813,93393.725,105.33000000000176,0.112780596340923,0.0,0.0,0.42045,1.02121,-0.60076,0.4117174724101801,0.00011,0.00023,93395.405,6.09992,1
2025-11-18 13:21:22.743177,93395.405,108.69000000000231,0.1163761750377359,0.0,0.0,0.42045,1.02121,-0.60076,0.4117174724101801,0.00011,0.00023,93396.655,6.094249,1
2025-11-18 13:21:24.772733,93395.405,108.69000000000231,0.1163761750377359,-0.3995,-0.3995,0.47534,1.4756,-1.00026,0.322133369476823,0.00011,0.00023,93409.8,6.09769,1
2025-11-18 13:21:26.804295,93395.405,108.69000000000231,0.1163761750377359,0.13156,0.5310600000000001,0.47544,1.34414,-0.8687000000000001,0.3537131548797,0.00011,0.00023,93409.805,6.097309,1
2025-11-18 13:21:28.837426,93396.655,106.19000000000231,0.1136978620915303,-9.999999999998203e-05,-0.13166,0.47534,1.34414,-0.8688000000000001,0.353638757867484,0.26375,0.00023,93383.14,6.098808,0
2025-11-18 13:21:30.870423,93409.8,101.33999999999652,0.1084896873775519,-0.0233799999999999,-0.02328,0.45196,1.34414,-0.8921800000000002,0.3362447364113857,0.26375,0.00023,93379.465,6.103126,0
2025-11-18 13:21:32.901604,93409.805,101.33000000000176,0.1084789760561022,-0.1329199999999999,-0.10954,0.31904,1.34414,-1.0251,0.2373562277738925,8e-05,0.00023,93379.465,6.107323,0
2025-11-18 13:21:34.936234,93383.14,69.48000000001048,0.0744031524320241,-0.0549399999999999,0.07798,0.31905,1.39909,-1.08004,0.2280410838473579,0.0001,0.00072,93379.465,6.105292,0
2025-11-18 13:21:36.973549,93379.465,76.80999999999767,0.0822557721871694,0.45488,0.5098199999999999,0.3190499999999999,0.94421,-0.62516,0.3379015261435485,0.00011,0.00023,93385.67,6.097607,1
2025-11-18 13:21:39.008927,93379.465,76.80999999999767,0.0822557721871694,0.0,-0.45488,0.3190499999999999,0.94421,-0.62516,0.3379015261435485,0.00011,0.00023,93385.665,6.091935,1
2025-11-18 13:21:41.041526,93379.465,76.80999999999767,0.0822557721871694,0.0,0.0,0.3190499999999999,0.94421,-0.62516,0.3379015261435485,0.00011,0.00023,93385.66,6.096567,1
2025-11-18 13:21:43.071156,93385.67,89.22000000000116,0.0955392834896415,-0.5861599999999999,-0.5861599999999999,0.3190499999999999,1.53037,-1.2113200000000002,0.2084789952756522,0.00011,0.055,93381.095,6.10455,0
2025-11-18 13:21:45.100862,93385.665,89.2100000000064,0.0955285803233359,0.13177,0.71793,0.3190499999999999,1.3986,-1.0795500000000002,0.228120978120978,0.00011,0.00023,93381.095,6.107826,0
2025-11-18 13:21:47.138093,93385.66,89.19999999999709,0.0955178771558685,-0.0005399999999998,-0.1323099999999999,0.3190499999999999,1.39914,-1.0800900000000002,0.2280329345169174,0.00011,0.00023,93381.09,6.105471,0
2025-11-18 13:21:49.175706,93381.095,80.07000000000698,0.0857454070334118,0.1568499999999999,0.1573899999999997,0.47536,1.3986,-0.92324,0.3398827398827398,0.00011,0.00023,93381.09,6.100557,0
2025-11-18 13:21:51.208688,93381.095,80.07000000000698,0.0857454070334118,-0.28879,-0.4456399999999999,0.3190599999999999,1.5310899999999998,-1.21203,0.2083874886518754,0.00011,0.88911,93381.09,6.098091,0
2025-11-18 13:21:53.243564,93381.09,80.05999999999767,0.085734702818309,0.132,0.42079,0.3190599999999999,1.39909,-1.08003,0.2280482313503777,0.00011,0.00023,93384.685,6.096268,1
2025-11-18 13:21:55.276263,93381.09,80.05999999999767,0.085734702818309,0.6111800000000001,0.47918,0.47536,0.94421,-0.46885,0.5034473263363023,0.00011,0.00023,93397.67,6.097913,1
2025-11-18 13:21:57.306779,93381.09,80.05999999999767,0.085734702818309,9.00000000000345e-05,-0.61109,0.47545,0.94421,-0.4687599999999999,0.5035426441151862,0.00011,0.00023,93397.465,6.104498,1
2025-11-18 13:21:59.339832,93384.685,72.86999999999534,0.0780320670353981,-0.45448,-0.4545700000000001,0.47536,1.3986,-0.92324,0.3398827398827398,0.26375,0.00023,93390.155,6.109548,1
2025-11-18 13:22:01.374176,93397.67,78.88000000000466,0.0844560683366133,0.2980199999999999,0.7525,0.31904,0.94426,-0.62522,0.337873043441425,0.26375,0.00023,93390.16,6.11131,0
2025-11-18 13:22:03.411277,93397.465,67.00999999999476,0.0717471293251853,-0.4547199999999999,-0.7527399999999999,0.31903,1.39897,-1.07994,0.2280463483848831,7e-05,0.0006,93390.16,6.111936,0
2025-11-18 13:22:05.449380,93390.155,81.61000000000058,0.087386084753795,0.6109800000000001,1.0657,0.47536,0.94432,-0.46896,0.5033886818027787,0.26375,0.00023,93386.41,6.105429,0
2025-11-18 13:22:07.485486,93390.16,81.60000000000582,0.0873753723090375,-0.15632,-0.7673000000000001,0.31904,0.94432,-0.6252800000000001,0.3378515757370383,8e-05,0.00023,93386.415,6.102709,0
2025-11-18 13:22:09.523213,93390.16,81.60000000000582,0.0873753723090375,0.0,0.15632,0.31904,0.94432,-0.6252800000000001,0.3378515757370383,8e-05,0.00023,93386.415,6.100487,0
2025-11-18 13:22:11.554809,93386.41,89.10000000000582,0.0954100280758258,0.15632,0.15632,0.47536,0.94432,-0.46896,0.5033886818027787,0.26375,0.00023,93376.33,6.100141,0
2025-11-18 13:22:13.588195,93386.415,89.09000000001106,0.0953993147718659,-0.15631,-0.31263,0.3190499999999999,0.94432,-0.6252700000000001,0.3378621653676719,9e-05,0.00023,93376.325,6.106215,0
2025-11-18 13:22:15.623700,93386.415,89.09000000001106,0.0953993147718659,0.0,0.15631,0.3190499999999999,0.94432,-0.6252700000000001,0.3378621653676719,9e-05,0.00023,93376.325,6.107509,0
2025-11-18 13:22:17.654950,93376.33,70.54000000000815,0.0755437700325212,-0.4297399999999999,-0.4297399999999999,0.47536,1.53037,-1.05501,0.3106176937603325,0.00011,0.055,93376.325,6.114529,0
2025-11-18 13:22:19.694410,93376.325,70.52999999999884,0.0755330647249169,0.45465,0.88439,0.47536,1.07572,-0.60036,0.441899379020563,0.00011,0.00023,93370.78,6.112828,0
2025-11-18 13:22:21.731209,93376.325,70.52999999999884,0.0755330647249169,0.0,-0.45465,0.47536,1.07572,-0.60036,0.441899379020563,0.00011,0.00023,93370.78,6.111341,0
2025-11-18 13:22:23.769479,93376.325,70.52999999999884,0.0755330647249169,0.0,0.0,0.47536,1.07572,-0.60036,0.441899379020563,0.00011,0.00023,93370.78,6.105075,0
2025-11-18 13:22:25.807238,93370.78,59.44000000000233,0.0636601729149122,0.13146,0.13146,0.47536,0.94426,-0.4689,0.5034206680363459,0.00011,0.00023,93365.44,6.100449,0
2025-11-18 13:22:27.842550,93370.78,59.44000000000233,0.0636601729149122,-0.15629,-0.28775,0.3190699999999999,0.94426,-0.62519,0.3379048143519793,0.00011,0.00023,93365.43,6.095591,0
2025-11-18 13:22:29.874554,93370.78,59.44000000000233,0.0636601729149122,-0.13195,0.02434,0.3190699999999999,1.07621,-0.7571400000000001,0.2964755949117736,0.00011,0.00072,93361.14,6.101851,0
2025-11-18 13:22:31.907687,93365.44,48.76000000000931,0.0522248917800947,-0.4541599999999999,-0.3222099999999999,0.3190699999999999,1.53037,-1.2113,0.208492064010664,0.00011,0.055,93361.135,6.102178,0
2025-11-18 13:22:33.938141,93365.43,48.74000000000524,0.0522034761688616,0.13143,0.5855899999999998,0.3190699999999999,1.39894,-1.07987,0.2280798318727036,0.00011,0.00023,93361.135,6.109902,0
2025-11-18 13:22:35.976405,93361.14,40.16000000000349,0.0430157558058989,0.0281999999999999,-0.1032299999999999,0.3190699999999999,1.37074,-1.05167,0.2327720793148226,0.00011,0.00072,93335.435,6.105744,0
2025-11-18 13:22:38.009865,93361.135,40.15000000000873,0.043005047014487,0.91411,0.8859100000000001,0.34479,0.48235,-0.1375599999999999,0.7148128952005806,0.00011,0.00023,93332.995,6.110432,0
2025-11-18 13:22:40.048043,93361.135,40.15000000000873,0.043005047014487,0.0001099999999999,-0.914,0.3449,0.48235,-0.13745,0.7150409453716181,0.00011,0.00023,93332.99,6.106314,0
2025-11-18 13:22:42.082149,93335.435,91.55000000000292,0.0980870770035013,0.94297,0.94286,0.8331,0.0275799999999999,0.8055199999999999,30.206671501087747,0.26372,0.00023,93352.925,6.10051,1
2025-11-18 13:22:44.120297,93332.995,86.65000000000873,0.0928396222579257,-1.14104,-2.08401,0.60831,0.94383,-0.33552,0.6445122532659483,0.00011,0.00023,93352.915,6.09775,1
2025-11-18 13:22:46.154357,93332.99,86.63999999999942,0.0928289129063575,0.7550499999999999,1.89609,0.47541,0.05588,0.41953,8.507695060844668,0.00011,0.00023,93362.51,6.10628,1
2025-11-18 13:22:48.182659,93352.925,72.11000000000058,0.0772444998375793,-0.85693,-1.61198,0.45192,0.88932,-0.4374,0.5081635406827688,0.0001,0.00023,93365.5,6.112404,1
2025-11-18 13:22:50.218047,93352.915,72.1299999999901,0.0772659321886093,0.15618,1.01311,0.60825,0.88947,-0.28122,0.6838341933960673,0.055,0.00023,93359.41,6.11738,1
2025-11-18 13:22:52.260637,93362.51,69.08000000000175,0.0739911555505542,-0.0647,-0.22088,0.54355,0.88947,-0.34592,0.6110942471359349,8e-05,0.00023,93359.41,6.1128,0
2025-11-18 13:22:54.295063,93365.5,63.10000000000582,0.0675838505657933,0.13246,0.19716,0.67622,0.88968,-0.2134599999999999,0.7600710367772683,0.05475,0.00023,93359.41,6.109965,0
2025-11-18 13:23:04.472963,93359.41,75.27999999999884,0.0806346141219174,-0.0010199999999999,-0.0016999999999999,0.6073,0.94466,-0.3373600000000001,0.642876802235725,0.05405,0.00023,93362.61,6.10578,1
2025-11-18 13:23:06.506899,93359.41,75.27999999999884,0.0806346141219174,0.0,0.0010199999999999,0.6073,0.94466,-0.3373600000000001,0.642876802235725,0.05405,0.00023,93364.64,6.105395,1
2025-11-18 13:23:08.540933,93359.41,75.27999999999884,0.0806346141219174,0.0006799999999999,0.0006799999999999,0.6073,0.94398,-0.3366800000000001,0.6433399012690946,0.05405,0.00023,93367.585,6.103925,1
2025-11-18 13:23:10.578743,93362.61,68.88000000000466,0.0737768577806518,-0.15556,-0.15624,0.45174,0.94398,-0.49224,0.4785482743278459,7e-05,0.00023,93373.45,6.096549,1
2025-11-18 13:23:12.612294,93364.64,64.82000000000698,0.0694267122970827,-0.24337,-0.08781,0.60825,1.34386,-0.7356100000000001,0.4526141115890048,0.26357,0.00023,93373.455,6.093931,1
2025-11-18 13:23:14.644858,93367.585,58.93000000000757,0.0631161232241442,0.0132199999999998,0.2565899999999999,0.67647,1.39886,-0.72239,0.4835866348312197,0.26357,0.00023,93373.45,6.092076,1
2025-11-18 13:23:18.706225,93373.455,47.19000000000233,0.05053898883789,-0.0787199999999999,-0.4649700000000001,0.4749,0.88976,-0.41486,0.5337394353533537,6e-05,0.00023,93366.89,6.106626,0
2025-11-18 13:23:20.736934,93373.45,47.19999999999709,0.0505497012266303,0.0784599999999999,0.1571799999999999,0.60758,0.94398,-0.3364,0.6436365177228331,0.05441,0.00023,93358.2,6.112255,0
2025-11-18 13:23:22.773935,93373.45,47.19999999999709,0.0505497012266303,-0.00032,-0.0787799999999999,0.60726,0.94398,-0.33672,0.6432975274899891,0.05409,0.00023,93364.31,6.109394,0
2025-11-18 13:23:24.812851,93366.89,60.320000000006985,0.0646053435002568,-0.13204,-0.13172,0.47522,0.94398,-0.46876,0.5034216826627682,5e-05,0.00023,93364.315,6.108526,0
2025-11-18 13:23:26.849189,93358.2,77.69999999999709,0.0832278257292847,0.13229,0.26433,0.60821,0.94468,-0.33647,0.6438264809247576,0.26361,0.00023,93364.31,6.120042,1
2025-11-18 13:23:28.883329,93364.31,65.47999999999593,0.0701338659279931,0.05494,-0.0773499999999999,0.60817,0.8897,-0.28153,0.6835674946611217,0.055,0.00023,93357.725,6.117837,0
2025-11-18 13:23:30.921377,93364.315,65.47000000000116,0.0701231514417485,-0.13322,-0.18816,0.47495,0.8897,-0.41475,0.533831628638867,4e-05,0.00023,93357.725,6.11232,0
2025-11-18 13:23:32.969231,93364.31,65.47999999999593,0.0701338659279931,0.3031699999999999,0.4363899999999999,0.8324,0.94398,-0.11158,0.881798343185237,0.05453,0.00023,93348.13,6.10005,0
2025-11-18 13:23:35.001166,93357.725,78.65000000000873,0.0842458403951132,-0.3807,-0.68387,0.4517,0.94398,-0.49228,0.4785059005487405,3e-05,0.00023,93348.13,6.101079,0
2025-11-18 13:23:37.033697,93357.725,78.65000000000873,0.0842458403951132,-0.45478,-0.0740799999999999,0.4517,1.39876,-0.94706,0.3229288798650233,3e-05,0.00023,93348.13,6.09904,0
2025-11-18 13:23:39.069281,93348.13,91.55999999999769,0.0980844501116387,0.7019,1.15668,0.6994800000000001,0.94464,-0.2451599999999999,0.7404725609756099,0.05433,0.88854,93348.125,6.097501,0
2025-11-18 13:23:41.102245,93348.13,91.5399999999936,0.0980630249368611,-0.2242099999999999,-0.92611,0.47461,0.94398,-0.46937,0.5027754825314096,3e-05,0.00023,93348.135,6.096772,1
2025-11-18 13:23:43.132737,93348.13,91.5399999999936,0.0980630249368611,0.0,0.2242099999999999,0.47461,0.94398,-0.46937,0.5027754825314096,3e-05,0.00023,93362.535,6.096008,1
2025-11-18 13:23:45.166782,93348.125,91.52999999999884,0.0980523176014503,0.22432,0.22432,0.69951,0.94456,-0.2450500000000001,0.7405670365037689,0.2636,0.00023,93362.535,6.099425,1
2025-11-18 13:23:47.199017,93348.135,91.55000000000292,0.0980737322711406,0.0005799999999999,-0.2237400000000001,0.69951,0.94398,-0.24447,0.7410220555520244,0.2636,0.00023,93362.535,6.102228,1
2025-11-18 13:23:55.330421,93362.535,69.02999999999884,0.0739375810650373,-0.0008599999999999,-0.0008599999999999,0.60822,0.94481,-0.33659,0.6437484785300748,0.26357,0.00023,93362.53,6.105332,0
2025-11-18 13:23:57.366678,93362.535,69.02999999999884,0.0739375810650373,0.0,0.0008599999999999,0.60822,0.94481,-0.33659,0.6437484785300748,0.26357,0.00023,93362.53,6.100427,0
2025-11-18 13:23:59.401156,93362.535,69.02999999999884,0.0739375810650373,0.0,0.0,0.60822,0.94481,-0.33659,0.6437484785300748,0.26357,0.00023,93362.53,6.10405,0
2025-11-18 13:24:01.435753,93362.53,69.04000000000815,0.0739482959598547,2.000000000002e-05,2.000000000002e-05,0.60824,0.94481,-0.33657,0.6437696468072945,0.05502,0.00023,93364.775,6.109583,1
2025-11-18 13:24:03.467105,93362.53,69.04000000000815,0.0739482959598547,-1.9999999999999185e-05,-4.000000000001919e-05,0.60822,0.94481,-0.33659,0.6437484785300748,0.055,0.00023,93364.775,6.111615,1
2025-11-18 13:24:05.505206,93362.53,69.04000000000815,0.0739482959598547,0.0,1.9999999999999185e-05,0.60822,0.94481,-0.33659,0.6437484785300748,0.055,0.00023,93364.775,6.103697,1
2025-11-18 13:24:07.545336,93364.775,64.55000000000291,0.0691374236161367,-0.13298,-0.13298,0.47524,0.94481,-0.46957,0.5030006032959007,2e-05,0.00023,93375.755,6.102925,1
2025-11-18 13:24:09.578720,93364.775,64.55000000000291,0.0691374236161367,0.0,0.13298,0.47524,0.94481,-0.46957,0.5030006032959007,2e-05,0.00023,93369.66,6.10631,1
2025-11-18 13:24:11.608903,93364.775,64.55000000000291,0.0691374236161367,0.22563,0.22563,0.70004,0.94398,-0.24394,0.7415835081251722,0.26359,0.00023,93369.67,6.107966,1
2025-11-18 13:24:13.648261,93375.755,42.58999999999651,0.0456114116560519,-0.1942799999999999,-0.41991,0.45169,0.88991,-0.4382199999999999,0.5075681810520165,2e-05,0.00023,93361.675,6.105884,0
2025-11-18 13:24:15.685030,93369.66,54.77999999999884,0.0586700219321767,0.1024299999999999,0.2967099999999999,0.60819,0.94398,-0.33579,0.6442827178541918,0.055,0.00023,93355.835,6.098365,0
2025-11-18 13:24:17.716869,93369.67,54.77999999999884,0.0586700156485493,-0.1335899999999999,-0.2360199999999999,0.47521,0.94459,-0.46938,0.5030859949819498,2e-05,0.00011,93347.285,6.100567,0
2025-11-18 13:24:19.754145,93361.675,70.75,0.0757805598496385,-0.32119,-0.1876,0.60819,1.39876,-0.79057,0.4348065429380308,0.055,0.00023,93353.75,6.097415,0
2025-11-18 13:24:21.783395,93355.835,82.43000000000757,0.0882965697859245,0.45415,0.77534,0.60822,0.94464,-0.33642,0.6438643292682926,0.05503,0.00023,93349.955,6.103791,0
2025-11-18 13:24:23.817436,93347.285,65.33000000000175,0.0699859669191254,-0.13303,-0.58718,0.47529,0.94474,-0.46945,0.5030907974680865,3e-05,0.88877,93349.955,6.108695,1
2025-11-18 13:24:25.851560,93353.75,78.26000000000931,0.0838316618239859,0.0001,0.13313,0.47529,0.94464,-0.46935,0.5031440548780488,3e-05,0.00023,93349.96,6.11669,0
2025-11-18 13:24:29.926131,93349.955,85.85000000000582,0.0919657647397964,0.00066,-0.13231,0.60826,0.94398,-0.33572,0.6443568719676265,0.055,0.00023,93340.415,6.105437,0
2025-11-18 13:24:31.968250,93349.96,85.84000000001106,0.0919550474365613,-0.13297,-0.13363,0.47529,0.94398,-0.46869,0.5034958367762029,3e-05,0.00023,93353.99,6.09642,1
2025-11-18 13:24:33.999786,93349.955,85.83000000000175,0.0919443399838829,-0.0005799999999999,0.13239,0.47529,0.94456,-0.46927,0.5031866689252139,3e-05,0.00023,93353.985,6.094816,1
2025-11-18 13:24:36.031568,93340.415,88.44999999999709,0.0947606671772319,-0.3211000000000001,-0.3205200000000001,0.60826,1.39863,-0.79037,0.43489700635622,0.055,0.88854,93356.985,6.095045,1
2025-11-18 13:24:38.064670,93353.99,86.13999999999942,0.0922724352756635,0.62497,0.9460700000000002,0.56959,0.73499,-0.1654,0.7749629246656418,0.055,0.00011,93366.35,6.101164,1
2025-11-18 13:24:40.094602,93353.985,86.13000000000466,0.0922617283022301,-0.5715800000000001,-1.1965500000000002,0.6074,1.34438,-0.7369799999999999,0.4518067808208989,0.05392,0.00023,93366.35,6.103965,1
2025-11-18 13:24:42.126613,93356.985,80.13000000000466,0.0858318207255779,0.0016299999999999,0.57321,0.60851,1.34386,-0.7353500000000001,0.4528075841233461,0.26382,0.00023,93366.35,6.111073,1
2025-11-18 13:25:10.678486,93366.35,61.40000000000873,0.0657624508187465,0.0,0.1320500000000001,0.47547,0.94398,-0.46851,0.5036865187821776,4e-05,0.00023,93350.6,6.102653,0
2025-11-18 13:25:12.716916,93366.35,61.40000000000873,0.0657624508187465,0.0,0.0,0.47547,0.94398,-0.46851,0.5036865187821776,4e-05,0.00023,93346.595,6.095498,0
2025-11-18 13:25:14.749730,93366.35,61.40000000000873,0.0657624508187465,0.0,0.0,0.47547,0.94398,-0.46851,0.5036865187821776,4e-05,0.00023,93339.39,6.100347,0
2025-11-18 13:25:16.781139,93350.6,80.5399999999936,0.0862768959171056,-0.4546500000000001,-0.4546500000000001,0.47547,1.39863,-0.92316,0.3399540979386972,0.0001,0.88854,93333.68,6.106015,0
2025-11-18 13:25:18.812414,93346.595,72.52999999999884,0.0776996739945349,0.5870900000000001,1.0417400000000003,0.60843,0.9445,-0.3360700000000001,0.6441821069348861,0.0001,0.00075,93310.32,6.112145,0
2025-11-18 13:25:20.850077,93339.39,86.9200000000128,0.0931225284416502,-0.1328599999999999,-0.7199500000000001,0.47547,0.9444,-0.46893,0.5034625158831004,4e-05,0.00023,93305.555,6.112421,0
2025-11-18 13:25:22.887154,93333.68,86.19999999999709,0.0923567998175975,0.22528,0.35814,0.70033,0.94398,-0.24365,0.7418907180236869,0.0001,0.88854,93310.715,6.108867,0
2025-11-18 13:25:24.924559,93310.32,75.1200000000099,0.0805055646578105,-0.6798,-0.90508,0.4755400000000001,1.39899,-0.92345,0.3399166541576424,4e-05,0.00047,93330.605,6.104819,1
2025-11-18 13:25:26.962498,93305.555,84.6299999999901,0.0907019951813052,0.5580700000000001,1.23787,0.57896,0.94434,-0.36538,0.613084270495796,0.0001,0.00023,93324.16,6.10443,1
2025-11-18 13:25:28.996021,93310.715,74.30999999999767,0.0796371563544419,-0.1034199999999999,-0.66149,0.4755399999999999,0.94434,-0.4688000000000001,0.5035686299426053,0.055,0.00023,93326.465,6.105265,1
2025-11-18 13:25:31.029378,93330.605,80.35000000000582,0.0860918023621574,0.13295,0.23637,0.60854,0.94439,-0.33585,0.6443736168320291,0.05504,0.88854,93333.405,6.108566,1
2025-11-18 13:25:33.066928,93324.16,93.22000000000116,0.0998883890302373,-0.4543999999999999,-0.5873499999999999,0.6085,1.39875,-0.7902499999999999,0.4350312779267203,0.055,0.00023,93321.045,6.102886,0
2025-11-18 13:25:35.101286,93326.465,88.58999999999651,0.0949248425942164,0.32145,0.7758499999999999,0.4755399999999999,0.94434,-0.4688000000000001,0.5035686299426053,0.26379,0.00023,93321.045,6.10175,0
2025-11-18 13:25:37.137944,93333.405,89.73000000001048,0.0961392118931163,-0.45493,-0.7763800000000001,0.4755400000000001,1.39927,-0.92373,0.3398486353598662,4e-05,0.00075,93311.025,6.103478,0
2025-11-18 13:25:39.169814,93321.045,91.26999999998952,0.0978021624168369,0.1315699999999999,0.5865,0.60754,1.3997,-0.79216,0.4340501536043438,0.26283,0.88949,93311.02,6.108167,0
2025-11-18 13:25:41.203036,93321.045,91.25,0.0977807310237471,-0.1329699999999999,-0.2645399999999999,0.4745699999999999,1.3997,-0.92513,0.3390512252625562,3e-05,0.00023,93301.69,6.1083,0
2025-11-18 13:25:43.241422,93311.025,81.1299999999901,0.0869457815943937,0.1031699999999999,0.2361399999999998,0.578,1.39996,-0.8219600000000001,0.412868939112546,0.0001,0.88949,93294.565,6.099313,0
2025-11-18 13:25:45.277981,93311.02,81.11999999999534,0.0869350694055164,-0.0001599999999999,-0.1033299999999998,0.57802,1.40014,-0.82212,0.4128301455568728,0.0001,0.00067,93294.56,6.092904,0
2025-11-18 13:25:47.311336,93301.69,75.82000000000698,0.0812632654349636,-0.1029900000000001,-0.1028300000000002,0.47459,1.3997,-0.92511,0.3390655140387226,3e-05,0.88949,93294.56,6.104367,0
2025-11-18 13:25:49.340735,93294.565,79.07000000000698,0.0847530614457626,-0.0002799999999999,0.1027100000000001,0.47459,1.39998,-0.92539,0.3389976999671424,0.0001,0.88989,93291.515,6.114936,0
2025-11-18 13:25:51.370885,93294.56,79.05999999999767,0.0847423472493976,0.1033100000000001,0.10359,0.57802,1.4001,-0.8220799999999999,0.4128419398614384,0.0001,0.00023,93282.255,6.115988,0
2025-11-18 13:25:53.415703,93294.56,79.05999999999767,0.0847423472493976,0.0,-0.1033100000000001,0.57802,1.4001,-0.8220799999999999,0.4128419398614384,0.0001,0.00023,93282.26,6.105396,0
2025-11-18 13:25:55.455671,93291.515,72.97000000000116,0.0782171883477304,-0.10303,-0.10303,0.47459,1.3997,-0.92511,0.3390655140387226,0.0001,0.00023,93275.67,6.104869,0
2025-11-18 13:25:57.486873,93282.255,91.49000000000524,0.0980786753064719,0.10307,0.2061000000000001,0.57802,1.40006,-0.8220400000000001,0.4128537348399353,0.055,0.00059,93270.235,6.110529,0
2025-11-18 13:25:59.521099,93282.26,91.4600000000064,0.098046509593578,0.35145,0.24838,0.47459,0.94518,-0.47059,0.5021159990689604,3e-05,0.00023,93270.235,6.109183,0
2025-11-18 13:26:01.560540,93275.67,80.26000000000931,0.0860460182167646,-0.35116,-0.7026100000000001,0.57805,1.3998000000000002,-0.8217500000000002,0.4129518502643234,0.0001,0.00033,93261.155,6.102529,0
2025-11-18 13:26:03.597402,93270.235,91.11000000000058,0.0976838966900861,0.4547,0.80586,0.5781,0.94515,-0.3670500000000001,0.6116489446119663,0.055,0.00023,93261.15,6.101126,0
2025-11-18 13:26:05.630282,93270.235,91.11000000000058,0.0976838966900861,3.0000000000002247e-05,-0.45467,0.57813,0.94515,-0.36702,0.6116806856054594,0.05503,0.00023,93261.15,6.102353,0
2025-11-18 13:26:07.663069,93261.155,82.91000000000349,0.088900893410556,-0.2250699999999999,-0.2250999999999999,0.57813,1.17022,-0.59209,0.4940353095999043,0.0001,0.00053,93262.05,6.106191,1
2025-11-18 13:26:09.698528,93261.15,82.90000000000873,0.0888901755983158,0.2251,0.45017,0.57813,0.94512,-0.36699,0.6117001015744032,0.0001,0.00023,93262.05,6.109386,1
2025-11-18 13:26:11.732635,93261.15,82.90000000000873,0.0888901755983158,-0.22483,-0.4499300000000001,0.5781,1.16992,-0.5918200000000001,0.494136351203501,0.0001,0.00023,93254.415,6.114368,0
2025-11-18 13:26:13.769260,93262.05,84.69999999999709,0.0908193632887086,0.2248,0.4496300000000001,0.57813,0.94515,-0.36702,0.6116806856054594,0.0001,0.00023,93242.65,6.10827,0
2025-11-18 13:26:15.807914,93262.05,84.69999999999709,0.0908193632887086,-3.0000000000002247e-05,-0.22483,0.5781,0.94515,-0.3670500000000001,0.6116489446119663,0.0001,0.00023,93225.405,6.100644,0
2025-11-18 13:26:17.847003,93254.415,69.43000000000757,0.0744522390709411,-0.8361000000000001,-0.8360700000000001,0.42142,1.62457,-1.20315,0.2594040269117366,0.0001,0.88949,93230.445,6.09724,0
2025-11-18 13:26:19.877530,93242.65,82.94000000000233,0.0889507108603223,0.4543500000000001,1.2904500000000003,0.42142,1.17022,-0.7488,0.3601203192562082,3e-05,0.00023,93204.385,6.103571,0
2025-11-18 13:26:21.908558,93225.405,53.88999999999942,0.0578061312793432,-0.1694200000000001,-0.6237700000000003,0.15964,1.07786,-0.91822,0.1481082886460208,0.0001,0.88949,93201.245,6.111056,0
2025-11-18 13:26:23.944243,93230.445,0.0099999999947613,1.072610990407834e-05,0.18327,0.3526900000000001,0.36995,1.1049,-0.73495,0.3348266811476151,0.00251,0.055,93199.625,6.113576,0
2025-11-18 13:26:25.981101,93204.385,35.52999999999884,0.0381205240504498,-0.5026200000000001,-0.6858900000000001,0.15964,1.39721,-1.23757,0.1142562678480686,3e-05,0.00023,93199.62,6.107489,0
2025-11-18 13:26:28.019614,93201.245,29.25,0.031383700936613,0.0008299999999999,0.5034500000000001,0.15964,1.39638,-1.23674,0.1143241810968361,3e-05,0.88616,93199.62,6.100075,0
2025-11-18 13:26:30.057819,93199.625,25.989999999990687,0.0278863782981859,-0.18753,-0.1883599999999999,0.1048699999999999,1.52914,-1.42427,0.0685810324757706,0.00023,0.88616,93199.63,6.09522,1
2025-11-18 13:26:32.088590,93199.62,25.979999999995925,0.0278756501367665,0.13278,0.3203100000000001,0.1048699999999999,1.39636,-1.29149,0.075102409120857,0.00023,0.00022,93209.4,6.096948,1
2025-11-18 13:26:34.119689,93199.62,25.979999999995925,0.0278756501367665,0.0,-0.13278,0.1048699999999999,1.39636,-1.29149,0.075102409120857,0.00023,0.00022,93209.39,6.099636,1
2025-11-18 13:26:36.153039,93199.63,26.0,0.0278971064584698,-0.03333,-0.03333,0.1048699999999999,1.42969,-1.32482,0.073351565724038,0.00023,0.055,93209.38,6.097137,1
2025-11-18 13:26:38.185538,93209.4,45.5399999999936,0.0488577332329074,0.7490699999999999,0.7824,0.15977,0.73552,-0.57575,0.2172204698716554,0.00023,0.055,93205.385,6.104264,0
2025-11-18 13:26:40.219325,93209.39,45.55999999999767,0.0488791955402751,-0.62056,-1.36963,0.4251299999999999,1.62144,-1.19631,0.2621928656009473,0.10257,0.055,93205.375,6.107197,0
2025-11-18 13:26:42.250176,93209.38,45.5399999999936,0.0488577437163444,0.67973,1.30029,0.4251299999999999,0.94171,-0.51658,0.4514447122787269,0.10257,0.00023,93205.38,6.115427,0
2025-11-18 13:26:44.289802,93205.385,37.55000000000291,0.0402873718079732,-0.6797300000000002,-1.35946,0.4251299999999999,1.62144,-1.19631,0.2621928656009473,0.10257,0.88616,93205.38,6.111652,0
2025-11-18 13:26:46.326522,93205.375,37.52999999999884,0.0402659181404493,0.22497,0.9047000000000002,0.4251299999999999,1.39647,-0.97134,0.3044318889772067,0.10257,0.00023,93212.78,6.112266,1
2025-11-18 13:26:48.365603,93205.38,37.5399999999936,0.0402766449747789,9.999999999993348e-05,-0.22487,0.4251299999999999,1.39637,-0.97124,0.3044536906407327,0.10257,0.00023,93212.78,6.103081,1
2025-11-18 13:26:50.401454,93205.38,37.5399999999936,0.0402766449747789,-0.0001199999999999,-0.0002199999999998,0.4251299999999999,1.39649,-0.97136,0.3044275290191838,0.10257,0.00023,93206.88,6.104093,1
2025-11-18 13:26:52.438788,93212.78,52.33999999999651,0.0561510985939873,0.0001199999999999,0.0002399999999999,0.4251299999999999,1.39637,-0.97124,0.3044536906407327,0.10257,0.00023,93202.835,6.101247,0
2025-11-18 13:26:54.468684,93212.78,52.33999999999651,0.0561510985939873,0.0,-0.0001199999999999,0.4251299999999999,1.39637,-0.97124,0.3044536906407327,0.10257,0.00023,93200.09,6.105326,0
2025-11-18 13:26:56.505547,93206.88,40.5399999999936,0.0434946433138772,-0.0001499999999999,-0.0001499999999999,0.42513,1.39652,-0.97139,0.3044209893163005,0.10257,0.00023,93196.24,6.104054,0
2025-11-18 13:26:58.540035,93202.835,32.44999999999709,0.0348165375012434,0.0001599999999999,0.0003099999999999,0.4251299999999999,1.39636,-0.97123,0.3044558709788306,0.10257,0.00022,93201.69,6.107239,0
2025-11-18 13:27:00.574010,93200.09,26.960000000006403,0.0289270106928077,-1.0000000000051634e-05,-0.00017,0.4251299999999999,1.39637,-0.97124,0.3044536906407327,0.10257,0.88616,93210.33,6.108999,1
2025-11-18 13:27:02.609601,93196.24,19.25999999999476,0.0206660697899344,0.0,1.0000000000051634e-05,0.4251299999999999,1.39637,-0.97124,0.3044536906407327,0.10257,0.00023,93207.985,6.109508,1
2025-11-18 13:27:04.647274,93201.69,30.16000000000349,0.0323599282373565,-0.0002199999999998,-0.0002199999999998,0.42513,1.39659,-0.97146,0.3044057311021846,0.10257,0.00023,93207.985,6.104919,1
2025-11-18 13:27:06.683009,93210.33,47.44000000000233,0.0508956464374735,0.0002199999999999,0.0004399999999998,0.4251299999999999,1.39637,-0.97124,0.3044536906407327,0.10257,0.00023,93213.825,6.103137,1
2025-11-18 13:27:08.719109,93207.985,42.75,0.0458651691697873,0.4546299999999999,0.4544099999999999,0.4251299999999999,0.94174,-0.51661,0.4514303310892603,0.10257,0.88616,93213.82,6.100175,1
2025-11-18 13:27:10.752193,93207.985,42.75,0.0458651691697873,3.000000000005776e-05,-0.4545999999999999,0.4251299999999999,0.94171,-0.51658,0.4514447122787269,0.10257,0.00023,93222.275,6.106403,1
2025-11-18 13:27:12.786146,93213.825,54.429999999993015,0.0583926257719742,-0.45466,-0.4546900000000001,0.42513,1.39637,-0.97124,0.3044536906407328,0.10257,0.00023,93233.7,6.108199,1
2025-11-18 13:27:14.819284,93213.82,54.419999999998254,0.0583819008812193,-0.0001499999999999,0.4545100000000001,0.42513,1.39652,-0.97139,0.3044209893163005,0.10257,0.00023,93242.765,6.107543,1
2025-11-18 13:27:16.858596,93222.275,71.33000000000175,0.0765160472644566,0.00015,0.0002999999999999,0.4251299999999999,1.39637,-0.97124,0.3044536906407327,0.10257,0.00023,93242.765,6.102746,1
2025-11-18 13:27:18.894345,93233.7,74.04000000000815,0.0794133451745539,-0.1712199999999999,-0.17137,0.42411,1.56657,-1.14246,0.270725214960072,0.055,0.00023,93248.985,6.10623,1
2025-11-18 13:27:20.926827,93242.765,74.20999999999185,0.0795879444372888,0.19539,0.36661,0.42411,1.3711799999999998,-0.94707,0.3093029361571785,0.055,0.00023,93248.985,6.105538,1
2025-11-18 13:27:22.961342,93242.765,74.20999999999185,0.0795879444372888,0.0,-0.19539,0.42411,1.3711799999999998,-0.94707,0.3093029361571785,0.055,0.00023,93261.51,6.102643,1
2025-11-18 13:27:25.000575,93248.985,61.76999999998952,0.0662420078888681,0.03052,0.03052,0.4251299999999999,1.34168,-0.91655,0.3168639317870133,0.26641,0.00023,93268.62,6.09757,1
2025-11-18 13:27:27.032365,93248.985,61.76999999998952,0.0662420078888681,-0.0010299999999999,-0.0315499999999999,0.4241,1.34168,-0.91758,0.3160962375529187,2e-05,0.00023,93278.45,6.10156,1
2025-11-18 13:27:29.063985,93261.51,86.81999999999243,0.093093067011238,0.0010299999999999,0.0020599999999999,0.4251299999999999,1.34168,-0.91655,0.3168639317870133,0.26641,0.00023,93282.04,6.099079,1
2025-11-18 13:27:31.098145,93268.62,72.59999999999127,0.0778396849872886,-0.00102,-0.0020499999999999,0.42411,1.34168,-0.91757,0.3161036908949973,0.055,0.00023,93282.04,6.097924,1
2025-11-18 13:27:33.133925,93278.45,92.25999999999476,0.0989081615314091,0.0002,0.0012200000000001,0.64918,1.56655,-0.91737,0.4144010724202865,0.055,0.0001,93287.765,6.095567,1
2025-11-18 13:27:35.163064,93282.04,85.06000000001222,0.0911858274111632,0.2248699999999999,0.2246699999999998,0.64918,1.34168,-0.6925,0.4838560610577783,0.055,0.00023,93300.735,6.099167,1
2025-11-18 13:27:37.196069,93282.04,85.06000000001222,0.0911858274111632,1.9999999999999185e-05,-0.2248499999999999,0.6492,1.34168,-0.69248,0.4838709677419355,0.05502,0.00023,93300.735,6.098971,1
2025-11-18 13:27:39.229492,93287.765,96.48999999999069,0.1034326419975767,-0.0559,-0.05592,0.64799,1.39637,-0.7483799999999999,0.4640532237157773,0.26641,0.055,93304.32,6.104858,1
2025-11-18 13:27:41.262231,93300.735,74.52999999999884,0.079881471458932,-0.2241600000000001,-0.1682600000000001,0.42411,1.3966500000000002,-0.9725400000000002,0.3036623348727311,0.055,0.00023,93293.83,6.104755,0
2025-11-18 13:27:43.295040,93300.735,74.52999999999884,0.079881471458932,0.0,0.2241600000000001,0.42411,1.3966500000000002,-0.9725400000000002,0.3036623348727311,0.055,0.00023,93304.565,6.101703,1
2025-11-18 13:27:45.334350,93304.32,81.69999999999709,0.0875629338491476,0.13325,0.13325,0.55708,1.39637,-0.8392899999999999,0.3989487027077351,0.055,0.00023,93304.555,6.098288,1
2025-11-18 13:27:47.366986,93293.83,91.48000000001048,0.0980557878264945,-0.133,-0.2662500000000001,0.4241,1.39639,-0.97229,0.3037117137762373,2e-05,0.00025,93304.555,6.097252,1
2025-11-18 13:27:49.396743,93304.565,90.19000000000231,0.0966619371731729,0.1327199999999999,0.26572,0.55708,1.39665,-0.8395699999999999,0.3988687215837898,0.26641,0.00051,93304.555,6.100666,0
2025-11-18 13:27:51.432638,93304.555,90.18999999998778,0.0966619475329878,0.47846,0.34574,0.58066,0.94177,-0.36111,0.616562430317381,0.055,0.00023,93304.565,6.097143,1
2025-11-18 13:27:53.464238,93304.555,90.18999999998778,0.0966619475329878,0.0,-0.47846,0.58066,0.94177,-0.36111,0.616562430317381,0.055,0.00023,93304.56,6.09134,1
2025-11-18 13:27:55.497409,93304.555,90.18999999998778,0.0966619475329878,0.0,0.0,0.58066,0.94177,-0.36111,0.616562430317381,0.055,0.00023,93304.57,6.085458,1
2025-11-18 13:27:57.529781,93304.565,90.16999999999824,0.096640501994729,-0.1025399999999999,-0.1025399999999999,0.4781199999999999,0.94177,-0.46365,0.5076823428225574,3e-05,0.00023,93300.66,6.08582,0
2025-11-18 13:27:59.555578,93304.56,90.17999999999302,0.0966512247632838,0.10254,0.20508,0.58066,0.94177,-0.36111,0.616562430317381,0.26641,0.00023,93297.43,6.086308,0
2025-11-18 13:28:01.582867,93304.57,90.15999999998894,0.0966297792273078,-0.10254,-0.20508,0.4781199999999999,0.94177,-0.46365,0.5076823428225574,3e-05,0.00023,93297.425,6.090838,0
2025-11-18 13:28:03.615601,93300.66,97.97999999999593,0.1050153342966662,0.1025399999999999,0.20508,0.58066,0.94177,-0.36111,0.616562430317381,0.055,0.00023,93294.275,6.085644,0
2025-11-18 13:28:05.641886,93297.43,91.5,0.0980734410369074,-0.45457,-0.55711,0.5806899999999999,1.39637,-0.81568,0.415856828777473,0.26644,0.88616,93294.275,6.096837,0
2025-11-18 13:28:07.673705,93297.425,91.49000000000524,0.0980627278834386,9.714451465470121e-17,0.4545700000000001,0.5806899999999999,1.39637,-0.81568,0.415856828777473,0.26644,0.00023,93294.275,6.096817,0
2025-11-18 13:28:09.701245,93294.275,85.19000000000233,0.0913132129490285,-0.10257,-0.1025700000000001,0.47812,1.39637,-0.91825,0.3424020854071629,3e-05,0.00023,93213.075,6.104092,0
2025-11-18 13:28:11.738723,93294.275,85.19000000000233,0.0913132129490285,0.0,0.10257,0.47812,1.39637,-0.91825,0.3424020854071629,3e-05,0.00023,93213.08,6.110601,0
2025-11-18 13:28:13.770522,93294.275,85.19000000000233,0.0913132129490285,0.0,0.0,0.47812,1.39637,-0.91825,0.3424020854071629,3e-05,0.00023,93213.065,6.115877,0
2025-11-18 13:28:15.805337,93213.075,52.86999999999534,0.0567195106480451,-0.2688899999999999,-0.2688899999999999,0.5256799999999999,1.7128199999999998,-1.18714,0.3069090739248724,2e-05,0.31668,93213.065,6.116788,0
2025-11-18 13:28:17.849324,93213.08,52.86000000000058,0.0567087794974703,0.322,0.5908899999999999,0.5258,1.39094,-0.86514,0.378017743396552,0.00022,0.31668,93213.065,6.106314,0
2025-11-18 13:28:21.922125,93213.065,52.86999999999534,0.0567195167329765,0.0,-0.13292,0.52594,1.25816,-0.73222,0.4180231449100273,0.00022,0.00022,93213.055,6.092205,0
2025-11-18 13:28:23.955638,93213.065,52.86999999999534,0.0567195167329765,0.0,0.0,0.52594,1.25816,-0.73222,0.4180231449100273,0.00022,0.00022,93213.055,6.091202,0
2025-11-18 13:28:25.983547,93213.065,52.86999999999534,0.0567195167329765,-0.00014,-0.00014,0.5258,1.25816,-0.7323599999999999,0.4179118713041267,8e-05,0.00022,93213.055,6.1006,0
2025-11-18 13:28:48.362558,93213.055,52.870000000009895,0.0567195228179249,0.0,0.0684499999999999,0.57962,0.37223,0.20739,1.5571555221234183,0.26617,0.00023,93212.625,6.100318,0
2025-11-18 13:28:50.396987,93213.055,52.870000000009895,0.0567195228179249,0.0,0.0,0.57962,0.37223,0.20739,1.5571555221234183,0.26617,0.00023,93212.615,6.094333,0
2025-11-18 13:28:52.431533,93213.055,52.870000000009895,0.0567195228179249,0.0,0.0,0.57962,0.37223,0.20739,1.5571555221234183,0.26617,0.00023,93210.225,6.091259,0
2025-11-18 13:28:54.462876,93212.625,52.01000000000931,0.0557971626697663,-1.34116,-1.34116,0.57962,1.71339,-1.13377,0.3382884223673536,0.26617,0.055,93210.215,6.09121,0
2025-11-18 13:28:56.491320,93212.615,52.00999999999476,0.0557971686557605,1.9999999999999185e-05,1.34118,0.57962,1.71337,-1.13375,0.3382923711749359,0.1017,0.00021,93210.215,6.093346,0
2025-11-18 13:28:58.522792,93210.225,47.2100000000064,0.0506489497262842,0.4546700000000001,0.45465,0.57962,1.2587,-0.6790799999999999,0.4604909827599905,0.26617,0.00042,93203.685,6.089641,0
2025-11-18 13:29:00.554086,93210.215,47.2100000000064,0.0506489551601253,0.7308999999999999,0.2762299999999998,0.42402,0.3722,0.05182,1.1392262224610423,0.1017,0.00023,93200.685,6.088207,0
2025-11-18 13:29:02.584666,93210.215,47.2100000000064,0.0506489551601253,0.0,-0.7308999999999999,0.42402,0.3722,0.05182,1.1392262224610423,0.1017,0.00023,93200.69,6.090759,0
2025-11-18 13:29:04.612433,93203.685,34.14999999999418,0.0366401821987984,-0.8863099999999999,-0.8863099999999999,0.42402,1.25851,-0.83449,0.336922233434776,0.1017,0.055,93197.785,6.098272,0
2025-11-18 13:29:06.642293,93200.685,28.14999999999418,0.0302036406706605,0.88633,1.77264,0.42402,0.37218,0.05184,1.1392874415605352,0.1017,0.00017,93197.785,6.102498,0
2025-11-18 13:29:08.675425,93200.69,28.16000000000349,0.030214368584614,-1.34098,-2.22731,0.42402,1.71316,-1.28914,0.2475075299446636,0.1017,0.055,93194.35,6.103052,0
2025-11-18 13:29:10.710705,93197.785,22.35000000000582,0.0239812566360947,1.34096,2.68194,0.42402,0.3722,0.05182,1.1392262224610423,0.1017,0.00023,93194.345,6.097032,0
2025-11-18 13:29:12.744791,93197.785,22.35000000000582,0.0239812566360947,0.0,-1.34096,0.42402,0.3722,0.05182,1.1392262224610423,0.1017,0.00023,93194.595,6.09648,0
2025-11-18 13:29:14.778477,93194.35,15.479999999995924,0.0166104490239976,0.0,0.0,0.42402,0.3722,0.0518199999999999,1.1392262224610423,0.1017,0.055,93194.59,6.096361,1
2025-11-18 13:29:16.807737,93194.345,15.470000000001164,0.0165997196503727,-0.8863099999999999,-0.8863099999999999,0.42402,1.25851,-0.83449,0.336922233434776,0.1017,0.00023,93194.59,6.100739,1
2025-11-18 13:29:18.841271,93194.595,15.970000000001164,0.0171361869215711,2e-05,0.88633,0.42402,1.25849,-0.8344699999999998,0.3369275878235028,0.1017,0.00021,93199.335,6.100843,1
2025-11-18 13:29:20.874838,93194.59,15.960000000006405,0.0171254576043592,0.8862699999999999,0.8862499999999999,0.42402,0.37222,0.0518,1.139165009940358,0.1017,0.00023,93199.33,6.105192,1
2025-11-18 13:29:22.908476,93194.59,15.960000000006405,0.0171254576043592,0.0,-0.8862699999999999,0.42402,0.37222,0.0518,1.139165009940358,0.1017,0.00023,93193.495,6.102166,0
2025-11-18 13:29:24.942114,93199.335,25.44999999999709,0.0273070617939463,-0.88629,-0.88629,0.42402,1.25851,-0.83449,0.336922233434776,0.1017,0.00023,93190.6,6.102204,0
2025-11-18 13:29:26.980030,93199.33,25.44000000000233,0.0272963335680657,0.8312899999999999,1.71758,0.36904,0.37224,-0.0031999999999999,0.9914033956587148,0.1017,0.00023,93190.61,6.091821,0
2025-11-18 13:29:29.010642,93193.495,13.770000000004076,0.0147757093990348,-0.8862699999999999,-1.7175599999999998,0.36904,1.25851,-0.88947,0.2932356516833398,0.1017,0.00023,93190.6,6.094566,0
2025-11-18 13:29:31.044318,93190.6,7.979999999995925,0.0085630954194907,9.99999999995449e-06,0.8862799999999998,0.36904,1.2585,-0.8894599999999999,0.2932379817242749,0.1017,0.00023,93187.71,6.096765,0
2025-11-18 13:29:33.071851,93190.61,7.980000000010477,0.0085630945006267,-0.13277,-0.1327799999999999,0.36904,1.39127,-1.02223,0.2652540484593214,2e-05,0.05499,93186.615,6.102626,0
2025-11-18 13:29:35.105208,93190.6,7.979999999995925,0.0085630954194907,0.18777,0.32054,0.42402,1.25848,-0.83446,0.3369302650816858,0.1017,0.00021,93186.615,6.102893,0
2025-11-18 13:29:37.141083,93187.71,2.1999999999970896,0.0023608263364311,-0.0318599999999999,-0.2196299999999999,0.52496,1.39128,-0.8663200000000001,0.3773216031280547,0.10092,0.055,93186.615,6.098616,0
2025-11-18 13:29:51.377654,93186.615,0.0099999999947613,1.0731154892536134e-05,0.0,0.0,0.42324,1.71339,-1.29015,0.2470190674627493,0.10092,0.05523,93188.7,6.110388,1
2025-11-18 13:29:57.488042,93188.7,4.179999999993015,0.0044855223862904,0.3165900000000001,0.3165900000000001,0.42324,1.3968,-0.97356,0.3030068728522336,0.10092,0.00023,93186.615,6.094904,0
2025-11-18 13:30:19.833785,93186.615,0.0099999999947613,1.0731154892536134e-05,-0.00023,-0.00046,0.42324,1.71339,-1.29015,0.2470190674627493,0.10092,0.05523,93190.505,6.091178,1
2025-11-18 13:30:21.865580,93186.615,0.0099999999947613,1.0731154892536134e-05,0.0,0.00023,0.42324,1.71339,-1.29015,0.2470190674627493,0.10092,0.05523,93190.515,6.088449,1
2025-11-18 13:30:23.896224,93186.615,0.0099999999947613,1.0731154892536134e-05,0.0,0.0,0.42324,1.71339,-1.29015,0.2470190674627493,0.10092,0.05523,93190.51,6.090513,1
2025-11-18 13:30:25.924963,93190.505,7.789999999993597,0.0083592207167388,0.4845099999999999,0.4845099999999999,0.42324,1.22888,-0.8056399999999999,0.3444111711477117,0.10092,0.00016,93190.515,6.092071,1
2025-11-18 13:30:27.954029,93190.515,7.790000000008149,0.0083592198197511,-0.5094899999999999,-0.9939999999999998,0.36847,1.6836,-1.31513,0.2188583986695177,0.00023,0.02544,93197.155,6.094253,1
2025-11-18 13:30:29.986737,93190.51,7.779999999998836,0.008348489561865,0.4547099999999999,0.9641999999999998,0.36847,1.22889,-0.86042,0.2998396927308384,0.00023,0.00017,93197.155,6.094996,1
2025-11-18 13:30:32.017034,93190.515,7.790000000008149,0.0083592198197511,-0.4547099999999999,-0.90942,0.36847,1.6836,-1.31513,0.2188583986695177,0.00023,0.02544,93197.155,6.096731,1
2025-11-18 13:30:34.048282,93197.155,21.070000000006985,0.0226079862631074,-0.16246,0.2922499999999999,0.36847,1.84606,-1.4775899999999995,0.1995980629015308,0.00023,0.055,93197.15,6.094088,0
2025-11-18 13:30:36.081733,93197.155,21.070000000006985,0.0226079862631074,0.1878,0.35026,0.4233699999999999,1.71316,-1.28979,0.2471281141282775,0.00023,0.055,93213.06,6.093143,1
2025-11-18 13:30:38.113765,93197.155,21.070000000006985,0.0226079862631074,0.4874299999999999,0.2996299999999999,0.1572999999999999,0.95966,-0.80236,0.1639122189108642,0.00023,0.055,93213.055,6.090098,1
2025-11-18 13:30:40.142370,93197.15,21.080000000001743,0.0226187174178628,-0.48788,-0.97531,0.4229199999999999,1.71316,-1.29024,0.2468654416400102,0.10062,0.055,93213.055,6.093864,1
2025-11-18 13:30:42.174876,93213.06,52.89999999999418,0.0567517041066929,0.00024,0.48812,0.4229199999999999,1.7129199999999998,-1.2899999999999998,0.2469000303575181,0.10062,0.31644,93213.05,6.0935,0
2025-11-18 13:30:44.203863,93213.055,52.870000000009895,0.0567195228179249,1.34101,1.34077,0.4229199999999999,0.3719099999999999,0.05101,1.1371568390201932,0.26615,0.00023,93213.05,6.098992,0
2025-11-18 13:30:46.236234,93213.055,52.870000000009895,0.0567195228179249,0.0,-1.34101,0.4229199999999999,0.3719099999999999,0.05101,1.1371568390201932,0.26615,0.00023,93211.48,6.098156,0
2025-11-18 13:30:48.268376,93213.05,52.88000000000466,0.0567302539719542,0.0,0.0,0.4229199999999999,0.3719099999999999,0.05101,1.1371568390201932,0.10062,0.00023,93204.13,6.093879,0
2025-11-18 13:30:50.302855,93213.05,52.88000000000466,0.0567302539719542,-6.938893903907228e-18,-6.938893903907228e-18,0.42292,0.3719099999999999,0.05101,1.1371568390201932,0.10062,0.00023,93204.125,6.092247,0
2025-11-18 13:30:52.334390,93211.48,49.74000000000524,0.0533625257318146,0.0,6.938893903907228e-18,0.4229199999999999,0.3719099999999999,0.05101,1.1371568390201932,0.10062,0.055,93213.06,6.093364,1
2025-11-18 13:30:54.362255,93204.13,35.0399999999936,0.0375949005693133,-0.8863599999999999,-0.8863599999999999,0.42292,1.25827,-0.83535,0.3361122811479253,0.10062,0.00023,93213.05,6.098661,1
2025-11-18 13:30:56.395102,93204.125,35.02999999999884,0.0375841734472576,-3.0000000000141025e-05,0.8863299999999998,0.42292,1.2583,-0.83538,0.3361042676627195,0.10062,0.00023,93213.05,6.095164,1
2025-11-18 13:30:58.427754,93213.06,52.89999999999418,0.0567517041066929,-0.4546199999999998,-0.4545899999999997,0.4229199999999999,1.71292,-1.29,0.2469000303575181,0.10062,0.31644,93213.05,6.091338,0
2025-11-18 13:31:08.600546,93213.05,52.88000000000466,0.0567302539719542,0.0,0.0,0.42292,0.3719099999999999,0.05101,1.1371568390201932,0.10062,0.00023,93208.83,6.102663,0
2025-11-18 13:31:10.643988,93213.05,52.88000000000466,0.0567302539719542,0.0,0.0,0.42292,0.3719099999999999,0.05101,1.1371568390201932,0.10062,0.00023,93202.34,6.09911,0
2025-11-18 13:31:12.671828,93213.05,52.88000000000466,0.0567302539719542,0.0,0.0,0.42292,0.3719099999999999,0.05101,1.1371568390201932,0.10062,0.00023,93202.335,6.102463,0
2025-11-18 13:31:14.703209,93208.83,44.44000000000233,0.0476778863118465,-0.8863599999999999,-0.8863599999999999,0.42292,1.25827,-0.83535,0.3361122811479253,0.10062,0.055,93202.33,6.100706,0
2025-11-18 13:31:16.743098,93202.34,31.460000000006403,0.0337545173222114,9.999999999987796e-05,0.8864599999999998,0.42292,1.25817,-0.83525,0.336138995525247,0.10062,0.055,93208.23,6.089251,1
2025-11-18 13:31:18.774291,93202.335,31.44999999999709,0.033743789788096,-0.0001,-0.0001999999999998,0.42292,1.25827,-0.83535,0.3361122811479253,0.10062,0.00023,93208.23,6.088304,1
2025-11-18 13:31:20.803915,93202.33,31.44000000000233,0.0337330622528453,0.88638,0.8864799999999999,0.42292,0.37189,0.05103,1.1372179945682863,0.10062,0.00023,93198.54,6.088914,0
2025-11-18 13:31:22.832349,93208.23,43.24000000000524,0.046390753262888,-0.88638,-1.77276,0.42292,1.25827,-0.83535,0.3361122811479253,0.10062,0.00023,93204.63,6.089252,0
2025-11-18 13:31:24.862595,93208.23,43.24000000000524,0.046390753262888,0.0,0.88638,0.42292,1.25827,-0.83535,0.3361122811479253,0.10062,0.00023,93204.63,6.091968,0
2025-11-18 13:31:26.892829,93198.54,23.860000000000586,0.0256012594188713,0.0001099999999999,0.0001099999999999,0.42292,1.25816,-0.83524,0.336141667196541,0.10062,0.00023,93193.885,6.089756,0
2025-11-18 13:31:28.921601,93204.63,36.0399999999936,0.0386676069632952,-0.0001099999999999,-0.0002199999999999,0.42292,1.25827,-0.83535,0.3361122811479253,0.10062,0.00023,93188.79,6.095432,0
2025-11-18 13:31:30.954563,93204.63,36.0399999999936,0.0386676069632952,-0.133,-0.13289,0.42292,1.39127,-0.96835,0.3039812545372214,0.10062,0.88673,93188.79,6.089462,0
2025-11-18 13:31:32.982585,93193.885,14.55000000000291,0.0156126123511246,0.133,0.2660000000000001,0.42292,1.25827,-0.83535,0.3361122811479253,0.10062,0.00023,93186.615,6.093673,0
2025-11-18 13:31:35.017033,93188.79,4.360000000000582,0.0046786743341131,0.0,-0.133,0.42292,1.25827,-0.83535,0.3361122811479253,0.10062,0.00023,93186.615,6.08878,0
2025-11-18 13:31:37.044025,93188.79,4.360000000000582,0.0046786743341131,0.0,0.0,0.42292,1.25827,-0.83535,0.3361122811479253,0.10062,0.00023,93186.615,6.091407,0
2025-11-18 13:31:45.167417,93186.615,0.0099999999947613,1.0731154892536134e-05,-0.1329999999999999,0.0965800000000001,0.42271,1.84615,-1.42344,0.2289683936841535,0.10041,0.94173,93188.45,6.092253,1
2025-11-18 13:31:47.196003,93186.615,0.0099999999947613,1.0731154892536134e-05,0.0,0.1329999999999999,0.42271,1.84615,-1.42344,0.2289683936841535,0.10041,0.94173,93188.45,6.115246,1
2025-11-18 13:31:49.227583,93186.615,0.0099999999947613,1.0731154892536134e-05,0.0,0.0,0.42271,1.84615,-1.42344,0.2289683936841535,0.10041,0.94173,93202.355,6.115275,1
2025-11-18 13:31:51.259670,93188.45,3.660000000003493,0.0039275253531993,0.0784499999999999,0.0784499999999999,0.36794,1.71293,-1.34499,0.2148015388836671,0.00023,0.055,93202.36,6.113667,1
2025-11-18 13:31:53.311249,93188.45,3.660000000003493,0.0039275253531993,2.000000000002e-05,-0.0784299999999998,0.36794,1.71291,-1.34497,0.2148040469143154,0.00023,0.05499,93202.355,6.094923,1
2025-11-18 13:31:55.342858,93202.355,31.470000000001164,0.0337652412323714,-0.2111500000000001,-0.2111700000000001,0.1567899999999999,1.71291,-1.55612,0.0915342896007379,0.00023,9e-05,93213.065,6.115608,1
2025-11-18 13:31:57.373337,93202.36,31.48000000001048,0.0337759687630339,0.26604,0.4771900000000001,0.42284,1.71292,-1.29008,0.2468533264834318,0.00023,0.055,93213.06,6.113543,1
2025-11-18 13:31:59.406172,93202.355,31.470000000001164,0.0337652412323714,0.39987,0.1338299999999999,0.36794,1.25815,-0.89021,0.29244525692485,0.00023,0.00011,93213.06,6.113274,1
2025-11-18 13:32:01.458466,93213.065,52.88999999999942,0.0567409729526643,-0.40082,-0.8006900000000001,0.42189,1.7129199999999998,-1.2910299999999997,0.2462987179786563,0.00023,0.31644,93213.06,6.096083,0
2025-11-18 13:32:07.554549,93213.06,52.88000000000466,0.0567302478858699,0.0,0.0,0.42189,1.25816,-0.83627,0.3353230113817003,0.00023,0.00012,93211.655,6.089155,0
2025-11-18 13:32:09.582656,93213.06,52.88000000000466,0.0567302478858699,0.0,0.0,0.42189,1.25816,-0.83627,0.3353230113817003,0.00023,0.00012,93211.65,6.092393,0
2025-11-18 13:32:11.612403,93213.06,52.88000000000466,0.0567302478858699,-0.45488,-0.45488,0.42189,1.71304,-1.29115,0.2462814645308924,0.00023,0.88662,93211.65,6.090065,0
2025-11-18 13:32:13.643704,93211.655,50.070000000006985,0.0537164585265726,0.0001199999999998,0.4549999999999999,0.42189,1.7129199999999998,-1.2910299999999997,0.2462987179786563,0.00023,0.055,93213.065,6.087209,1
2025-11-18 13:32:15.675049,93211.65,50.05999999999767,0.0537057331352869,-0.2652099999999999,-0.2653299999999998,0.1567899999999999,1.71303,-1.55624,0.0915278775036047,0.00023,0.88661,93213.065,6.086935,1
2025-11-18 13:32:17.702468,93211.65,50.05999999999767,0.0537057331352869,0.0,0.2652099999999999,0.1567899999999999,1.71303,-1.55624,0.0915278775036047,0.00023,0.88661,93213.06,6.091967,1
2025-11-18 13:32:19.730913,93213.065,52.88999999999942,0.0567409729526643,0.2652100000000001,0.2652100000000001,0.42189,1.7129199999999998,-1.2910299999999997,0.2462987179786563,0.00023,0.31644,93213.06,6.092083,0
2025-11-18 13:32:21.761984,93213.065,52.88999999999942,0.0567409729526643,0.0,-0.2652100000000001,0.42189,1.7129199999999998,-1.2910299999999997,0.2462987179786563,0.00023,0.31644,93213.06,6.093633,0
2025-11-18 13:32:33.949678,93213.06,52.88000000000466,0.0567302478858699,-6.938893903907228e-18,-1.1796119636642288e-16,0.42189,1.25816,-0.83627,0.3353230113817003,0.00023,0.00012,93213.055,6.094417,0
2025-11-18 13:32:35.979926,93213.06,52.88000000000466,0.0567302478858699,-1.1102230246251563e-16,-1.0408340855860844e-16,0.42189,1.25816,-0.83627,0.3353230113817003,0.00023,0.00012,93213.05,6.096265,0
2025-11-18 13:32:38.013014,93213.06,52.88000000000466,0.0567302478858699,0.1665199999999999,0.16652,0.1567899999999999,0.82654,-0.6697500000000001,0.1896943886563263,0.00023,0.00012,93213.05,6.095756,0
2025-11-18 13:32:40.044095,93213.055,52.88999999999942,0.0567409790398988,-0.1657699999999999,-0.3322899999999998,0.4226399999999999,1.25816,-0.83552,0.3359191199847396,0.10033,0.00012,93213.05,6.098241,0
2025-11-18 13:32:44.108770,93213.05,52.88000000000466,0.0567302539719542,0.0,-0.88627,0.4226399999999999,0.37189,0.0507499999999999,1.1364650837613273,0.10033,0.00023,93213.055,6.094196,1
2025-11-18 13:32:48.170755,93213.05,52.88000000000466,0.0567302539719542,0.0,0.8863999999999999,0.4226399999999999,1.25829,-0.83565,0.3358844145626207,0.10033,0.00023,93214.46,6.092692,1
2025-11-18 13:32:50.202966,93213.055,52.870000000009895,0.0567195228179249,0.0549,0.0549,0.4226399999999999,1.20339,-0.78075,0.351207837858051,0.26616,0.00023,93214.46,6.092486,1
2025-11-18 13:32:52.233386,93213.05,52.88000000000466,0.0567302539719542,0.0,-0.0549,0.4226399999999999,1.20339,-0.78075,0.351207837858051,0.10033,0.00023,93214.46,6.092485,1
2025-11-18 13:32:58.325871,93214.46,50.060000000012224,0.05370411414711,0.0,0.0,0.42269,0.37189,0.0508,1.1365995321197129,0.26621,0.00023,93214.465,6.09591,1
2025-11-18 13:33:00.355286,93214.46,50.060000000012224,0.05370411414711,0.0,0.0,0.42269,0.37189,0.0508,1.1365995321197129,0.26621,0.00023,93213.055,6.096513,0
2025-11-18 13:33:02.387780,93214.46,50.060000000012224,0.05370411414711,-0.8314999999999999,-0.8314999999999999,0.42269,1.20339,-0.7807,0.3512493871479736,0.26621,0.00023,93213.055,6.094614,0
2025-11-18 13:33:04.421781,93214.465,50.070000000006985,0.0537148392151443,-0.0558199999999999,0.7756799999999999,0.42164,1.25816,-0.8365199999999999,0.3351243085140205,5e-05,0.00012,93213.055,6.092854,0
2025-11-18 13:33:06.451799,93213.055,52.870000000009895,0.0567195228179249,0.8872799999999998,0.9430999999999998,0.4226399999999999,0.37188,0.0507599999999999,1.1364956437560505,0.26616,0.00022,93213.05,6.095857,0
2025-11-18 13:33:08.482394,93213.055,52.870000000009895,0.0567195228179249,0.0,-0.8872799999999998,0.4226399999999999,0.37188,0.0507599999999999,1.1364956437560505,0.26616,0.00022,93213.05,6.09559,0
2025-11-18 13:33:10.514635,93213.055,52.870000000009895,0.0567195228179249,0.0,0.0,0.4226399999999999,0.37188,0.0507599999999999,1.1364956437560505,0.26616,0.00022,93213.05,6.095278,0
2025-11-18 13:33:26.766494,93213.05,52.88000000000466,0.0567302539719542,0.0,-6.938893903907228e-18,0.4226399999999999,0.37188,0.0507599999999999,1.1364956437560505,0.10033,0.00022,93213.055,6.095632,1
2025-11-18 13:33:28.796473,93213.05,52.88000000000466,0.0567302539719542,0.0,0.0,0.4226399999999999,0.37188,0.0507599999999999,1.1364956437560505,0.10033,0.00022,93213.055,6.097525,1
2025-11-18 13:33:30.828698,93213.05,52.88000000000466,0.0567302539719542,0.0,0.0,0.4226399999999999,0.37188,0.0507599999999999,1.1364956437560505,0.10033,0.00022,93213.055,6.096671,1
2025-11-18 13:33:32.862126,93213.055,52.870000000009895,0.0567195228179249,0.0,0.0,0.4226399999999999,0.37188,0.0507599999999999,1.1364956437560505,0.26616,0.00022,93213.075,6.091034,1
2025-11-18 13:33:34.893998,93213.055,52.870000000009895,0.0567195228179249,0.0,0.0,0.4226399999999999,0.37188,0.0507599999999999,1.1364956437560505,0.26616,0.00022,93213.06,6.09113,1
2025-11-18 13:33:36.925369,93213.055,52.870000000009895,0.0567195228179249,0.0,0.0,0.4226399999999999,0.37188,0.0507599999999999,1.1364956437560505,0.26616,0.00022,93213.11,6.090873,1
2025-11-18 13:33:38.953160,93213.075,52.83000000000175,0.056676598213289,-0.0001499999999999,-0.0001499999999999,0.42249,0.37188,0.0506099999999999,1.1360922878347854,0.26601,0.00022,93214.58,6.095016,1
2025-11-18 13:33:40.985128,93213.06,52.86000000000058,0.0567087916650312,0.0,0.0001499999999999,0.42249,0.37188,0.0506099999999999,1.1360922878347854,0.26601,0.00022,93214.585,6.091631,1
2025-11-18 13:33:43.016242,93213.11,52.76000000000931,0.0566014801995226,-0.001,-0.001,0.42149,0.37188,0.0496099999999999,1.133403248359686,5e-05,0.00022,93214.585,6.089352,1
2025-11-18 13:33:45.048176,93214.58,49.820000000006985,0.0534465745594809,-0.8306500000000001,-0.8296500000000001,0.42249,1.20353,-0.78104,0.3510423504191836,0.055,0.00022,93214.585,6.090205,1
2025-11-18 13:33:47.076759,93214.585,49.810000000012224,0.0534358437577255,0.83065,1.6613000000000002,0.42149,0.37188,0.04961,1.133403248359686,5e-05,0.00022,93213.05,6.091865,0
2025-11-18 13:33:49.105594,93214.585,49.810000000012224,0.0534358437577255,0.00105,-0.8296,0.42254,0.37188,0.05066,1.1362267398085404,0.26606,0.00022,93213.05,6.097564,0
2025-11-18 13:33:51.138381,93214.585,49.810000000012224,0.0534358437577255,0.0,-0.00105,0.42254,0.37188,0.05066,1.1362267398085404,0.26606,0.00022,93213.05,6.112548,0
2025-11-18 13:34:05.375648,93213.05,52.88000000000466,0.0567302539719542,0.0,-0.88655,0.42249,0.37188,0.05061,1.1360922878347854,0.10033,0.00022,93212.295,6.091409,0
2025-11-18 13:34:07.403921,93213.05,52.88000000000466,0.0567302539719542,0.0,0.0,0.42249,0.37188,0.05061,1.1360922878347854,0.10033,0.00022,93212.29,6.096079,0
2025-11-18 13:34:09.436270,93213.05,52.88000000000466,0.0567302539719542,0.0,0.0,0.42249,0.37188,0.05061,1.1360922878347854,0.10033,0.00022,93212.285,6.09312,0
2025-11-18 13:34:11.467057,93212.295,51.36999999999534,0.0551107555070877,-0.8865500000000001,-0.8865500000000001,0.42249,1.2584300000000002,-0.8359400000000001,0.3357278513703582,0.10033,0.055,93212.285,6.092308,0
2025-11-18 13:34:13.500000,93212.29,51.36000000000058,0.0551000302642501,2.000000000002e-05,0.8865700000000001,0.42249,1.25841,-0.83592,0.3357331871170763,0.10033,0.00022,93213.055,6.091346,1
2025-11-18 13:34:15.529390,93212.285,51.35000000000582,0.0550893050202618,-9.99999999995449e-06,-2.999999999997449e-05,0.42249,1.25842,-0.8359300000000001,0.3357305192225171,0.10033,0.00022,93213.055,6.091961,1
2025-11-18 13:34:17.559365,93212.285,51.35000000000582,0.0550893050202618,0.8865500000000002,0.8865600000000001,0.42249,0.37187,0.05062,1.136122838626402,0.10033,0.00022,93213.05,6.0918,1
2025-11-18 13:34:19.591346,93213.055,52.88999999999942,0.0567409790398988,-0.8865400000000001,-1.7730900000000005,0.42249,1.25841,-0.83592,0.3357331871170763,0.10033,0.00022,93213.05,6.085577,0
2025-11-18 13:34:21.621351,93213.055,52.870000000009895,0.0567195228179249,0.0548799999999999,0.94142,0.42249,1.20353,-0.78104,0.3510423504191836,0.26601,0.00022,93213.05,6.086199,0
2025-11-18 13:34:23.651165,93213.05,52.88000000000466,0.0567302539719542,-0.0549,-0.10978,0.42249,1.25843,-0.8359399999999999,0.3357278513703583,0.10033,0.00022,93212.64,6.086553,0
2025-11-18 13:34:25.676923,93213.05,52.88000000000466,0.0567302539719542,0.88655,0.94145,0.42249,0.37188,0.0506099999999999,1.1360922878347854,0.10033,0.00022,93207.895,6.095584,0
2025-11-18 13:34:27.707550,93213.05,52.88000000000466,0.0567302539719542,-0.88655,-1.7731,0.42249,1.25843,-0.8359399999999999,0.3357278513703583,0.10033,0.00022,93203.995,6.094165,0
2025-11-18 13:34:29.737718,93212.64,52.05999999999767,0.0558507944845223,2.0000000000013063e-05,0.88657,0.42249,1.25841,-0.83592,0.3357331871170763,0.10033,0.00022,93212.34,6.098738,0
2025-11-18 13:34:31.772507,93207.895,42.56999999999243,0.0456720967681894,-0.2250799999999999,-0.2250999999999999,0.42249,1.4834900000000002,-1.0610000000000002,0.2847946396672711,0.10033,0.88665,93212.34,6.091346,1
2025-11-18 13:34:33.801715,93203.995,34.770000000004075,0.0373052678696917,1.1116400000000002,1.33672,0.42249,0.37185,0.05064,1.136183945139169,0.10033,0.00022,93212.335,6.090798,1
2025-11-18 13:34:35.836456,93212.34,51.4600000000064,0.0552072826409104,-0.88656,-1.9982,0.42249,1.25841,-0.83592,0.3357331871170763,0.10033,0.00022,93209.09,6.088372,0
2025-11-18 13:34:37.863853,93212.34,51.4600000000064,0.0552072826409104,0.40371,1.29027,0.40728,0.83949,-0.4322099999999999,0.4851516992459708,0.10033,0.00033,93209.09,6.093481,0
2025-11-18 13:34:39.892513,93212.335,51.44999999999709,0.0551965574084128,0.2173499999999999,-0.1863600000000001,0.15701,0.37187,-0.2148599999999999,0.4222174415790465,0.10033,0.00022,93209.09,6.097461,0
2025-11-18 13:34:41.924828,93209.09,44.9600000000064,0.048235638820212,-0.62172,-0.83907,0.42183,1.25841,-0.8365800000000001,0.3352087157603642,0.10018,0.00022,93213.06,6.092787,1
2025-11-18 13:34:43.957334,93209.09,44.9600000000064,0.048235638820212,9.99999999989898e-06,0.6217299999999999,0.42183,1.2584,-0.83657,0.3352113795295613,0.10018,0.00022,93213.05,6.093852,1
2025-11-18 13:34:45.989974,93209.09,44.9600000000064,0.048235638820212,0.0,-9.99999999989898e-06,0.42183,1.2584,-0.83657,0.3352113795295613,0.10018,0.00022,93213.05,6.089945,1
2025-11-18 13:34:48.017615,93213.06,52.89999999999418,0.0567517041066929,-0.46741,-0.46741,0.42183,1.7258099999999998,-1.30398,0.2444243572583309,0.10018,0.31644,93230.675,6.095901,1
2025-11-18 13:34:50.051186,93213.05,52.88000000000466,0.0567302539719542,1.0889700000000002,1.5563800000000003,0.15686,0.37187,-0.2150099999999999,0.4218140748110899,0.10018,0.00022,93230.675,6.092498,1
2025-11-18 13:34:52.079919,93213.05,52.88000000000466,0.0567302539719542,0.26497,-0.8240000000000003,0.4218299999999999,0.37187,0.0499599999999999,1.1343480248473927,0.10018,0.00022,93230.675,6.095462,1
2025-11-18 13:35:16.475623,93230.675,17.630000000004657,0.0189100851195217,0.0,0.0,0.4228599999999999,0.37187,0.0509899999999999,1.1371178099873611,0.00156,0.00022,93239.495,6.092981,1
2025-11-18 13:35:18.504187,93230.675,17.630000000004657,0.0189100851195217,0.0,0.0,0.4228599999999999,0.37187,0.0509899999999999,1.1371178099873611,0.00156,0.00022,93239.505,6.097358,1
2025-11-18 13:35:20.535846,93230.675,17.630000000004657,0.0189100851195217,0.0,0.0,0.4228599999999999,0.37187,0.0509899999999999,1.1371178099873611,0.00156,0.00022,93239.505,6.095226,1
2025-11-18 13:35:22.568604,93239.495,0.0099999999947613,1.0725068807763611e-05,-0.2423999999999999,-0.2423999999999999,0.64786,0.8392700000000001,-0.19141,0.7719327510812968,0.32102,0.00011,93291.77,6.092831,1
2025-11-18 13:35:24.601545,93239.505,0.0099999999947613,1.0725067657492723e-05,-1.15069,-0.90829,0.38209,1.72419,-1.3420999999999998,0.2216055075136731,0.05525,0.05016,93295.445,6.0884,1
2025-11-18 13:35:26.631072,93239.505,0.0099999999947613,1.0725067657492723e-05,-0.0920299999999999,1.05866,0.29006,1.72419,-1.43413,0.1682297194624722,0.05522,0.05013,93317.24,6.090461,1
2025-11-18 13:35:28.661435,93291.77,7.360000000000582,0.0078892275277879,0.09169,0.1837199999999999,0.3317299999999999,1.67417,-1.34244,0.1981459469468452,0.00022,0.0001,93284.01,6.092841,0
2025-11-18 13:35:30.689945,93295.445,0.0099999999947613,1.0718636901041965e-05,0.18313,0.09144,0.51486,1.67417,-1.15931,0.3075314932175346,0.05522,0.0001,93284.015,6.095836,0
2025-11-18 13:35:32.721533,93317.24,68.36000000000058,0.073255488482086,0.1022999999999999,-0.08083,0.28154,1.33855,-1.05701,0.2103320757536139,0.055,0.0001,93284.01,6.097989,0
2025-11-18 13:35:34.754276,93284.01,88.66000000000349,0.0950430840183687,0.27974,0.17744,0.56128,1.33855,-0.7772700000000001,0.41931941279743,0.055,0.055,93274.49,6.096087,0
2025-11-18 13:35:36.785781,93284.015,88.64999999999418,0.0950323589738222,-0.2246799999999999,-0.50442,0.3366,1.33855,-1.00195,0.2514661387322102,0.00022,0.055,93277.26,6.092955,0
2025-11-18 13:35:38.819522,93284.01,88.63999999999942,0.0950216441167134,0.1318599999999998,0.3565399999999997,0.33654,1.20663,-0.87009,0.2789090276223863,0.00016,8e-05,93277.26,6.088592,0
2025-11-18 13:35:40.850363,93274.49,92.90000000000872,0.0995985075876681,0.1000799999999999,-0.0317799999999998,0.4366799999999999,1.20669,-0.7700100000000001,0.361882505034433,0.0001,0.00014,93283.245,6.091767,1
2025-11-18 13:35:42.878736,93277.26,87.33999999999651,0.0936348258943246,1.05124,0.95116,0.33658,0.05535,0.28123,6.080939476061427,0.055,7e-05,93289.285,6.09432,1
2025-11-18 13:35:44.908114,93277.26,87.33999999999651,0.0936348258943246,0.0,-1.05124,0.33658,0.05535,0.28123,6.080939476061427,0.055,7e-05,93296.07,6.097418,1
2025-11-18 13:35:46.942130,93283.245,75.36999999999534,0.0807969319677883,-1.05117,-1.05117,0.4366799999999999,1.20662,-0.7699400000000001,0.3619034990303492,0.055,7e-05,93296.435,6.092866,1
2025-11-18 13:35:48.973056,93289.285,87.44999999999709,0.0937406691454405,1.15126,2.20243,0.4366799999999999,0.05536,0.3813199999999999,7.88800578034682,0.055,7e-05,93292.59,6.111159,1
2025-11-18 13:35:51.005532,93296.07,86.25999999999476,0.0924583425646919,-0.1001099999999999,-1.25137,0.33658,0.0553699999999999,0.28121,6.078743001625429,0.055,7e-05,93254.07,6.108442,0
2025-11-18 13:35:53.034996,93296.435,86.97000000000116,0.0932189959884331,-1.61881,-1.5187000000000002,0.33657,1.67417,-1.3376,0.2010369317333365,7e-05,0.055,93244.95,6.112513,0
2025-11-18 13:35:55.084215,93292.59,79.27999999999884,0.0849799539277437,3.999999999992898e-05,1.61885,0.33657,1.67413,-1.33756,0.2010417351101766,7e-05,0.055,93244.965,6.093399,0
2025-11-18 13:35:57.113974,93254.07,27.960000000006403,0.0299826055849427,-0.3125799999999999,-0.3126199999999999,0.15692,1.80706,-1.65014,0.0868371830487089,0.0001,0.055,93235.025,6.093877,0
2025-11-18 13:35:59.147509,93244.95,46.16000000000349,0.0495040213974091,0.6004799999999999,0.91306,0.15692,1.20658,-1.04966,0.1300535397569991,8e-05,7e-05,93230.175,6.087448,0
2025-11-18 13:36:01.177614,93244.965,46.169999999998254,0.0495147378735122,-0.6553199999999999,-1.2557999999999998,0.10208,1.80706,-1.70498,0.0564895465562848,0.00016,0.055,93230.18,6.090748,0
2025-11-18 13:36:03.207851,93235.025,26.30999999999767,0.0282190088971367,0.5223899999999999,1.1777099999999998,0.15692,1.33951,-1.18259,0.1171473150629708,8e-05,0.055,93236.83,6.088402,1
2025-11-18 13:36:05.234957,93230.175,16.610000000000582,0.017816120156377,0.35789,-0.1644999999999999,0.38188,1.20658,-0.8247,0.3164978700127633,8e-05,7e-05,93236.83,6.087754,1
2025-11-18 13:36:07.268362,93230.18,16.620000000009895,0.0178268453412938,-0.41236,-0.77025,0.10245,1.33951,-1.23706,0.0764831916148442,8e-05,7e-05,93236.825,6.087067,1
2025-11-18 13:36:09.296253,93236.83,29.89999999999418,0.0320688723544056,-0.4679199999999999,-0.0555599999999999,0.10208,1.80706,-1.70498,0.0564895465562848,0.00016,0.055,93248.855,6.090719,1
2025-11-18 13:36:11.322711,93236.83,29.89999999999418,0.0320688723544056,0.0,0.4679199999999999,0.10208,1.80706,-1.70498,0.0564895465562848,0.00016,0.055,93244.06,6.098626,1
2025-11-18 13:36:13.355429,93236.825,29.889999999999414,0.0320581486982202,0.1329199999999999,0.1329199999999999,0.10208,1.67414,-1.57206,0.0609745899387148,0.00016,8e-05,93244.055,6.098792,1
2025-11-18 13:36:15.386972,93248.855,53.94999999999709,0.0578559382847082,-0.0780199999999998,-0.2109399999999998,0.15698,1.80706,-1.65008,0.0868703861520923,0.00016,0.055,93244.05,6.09961,0
2025-11-18 13:36:17.421337,93244.06,44.38000000000466,0.047595525119782,0.13278,0.2107999999999998,0.15692,1.67422,-1.5173,0.0937272282017894,8e-05,0.055,93241.66,6.09461,0
2025-11-18 13:36:19.454221,93244.055,44.370000000009895,0.0475848031276738,1.0000000000003062e-05,-0.13277,0.15692,1.67421,-1.51729,0.09372778803137,8e-05,0.00015,93248.71,6.091771,1
2025-11-18 13:36:21.486582,93244.05,44.36000000000058,0.0475740811344,0.4676199999999999,0.4676099999999999,0.15692,1.20659,-1.04967,0.1300524618967503,8e-05,7e-05,93231.065,6.090229,0
2025-11-18 13:36:23.515947,93241.66,39.58000000000175,0.0424488367109741,-0.4675399999999998,-0.9351599999999998,0.15692,1.67413,-1.51721,0.0937322669087824,8e-05,7e-05,93242.1,6.092372,1
2025-11-18 13:36:25.545992,93248.71,53.65999999998894,0.057545031990243,-0.1328699999999999,0.3346699999999999,0.15698,1.80706,-1.65008,0.0868703861520923,0.00016,0.055,93242.325,6.094091,0
2025-11-18 13:36:27.576811,93231.065,88.91000000000349,0.0953652090105411,0.80126,0.93413,0.4357699999999999,1.28459,-0.8488200000000001,0.3392288590133816,0.10018,7e-05,93242.325,6.094521,1
2025-11-18 13:36:29.608319,93242.1,110.97999999999593,0.1190234883169683,-1e-05,-0.8012699999999999,0.4357699999999999,1.2846,-0.84883,0.3392262182780631,0.10018,7e-05,93242.325,6.090099,1
2025-11-18 13:36:33.671332,93242.325,111.42999999999302,0.11950581455363,-0.05395,-0.05395,0.38182,1.2846,-0.90278,0.2972287093258602,0.10018,7e-05,93240.085,6.09011,0
2025-11-18 13:36:35.698418,93242.325,111.42999999999302,0.11950581455363,-0.69249,-0.63854,0.15686,1.75213,-1.59527,0.0895253206097721,0.10018,7e-05,93240.09,6.093459,0
2025-11-18 13:36:37.731002,93242.325,111.42999999999302,0.11950581455363,0.4675399999999999,1.16003,0.15686,1.28459,-1.12773,0.1221089997586778,0.10018,7e-05,93240.085,6.093278,0
2025-11-18 13:36:39.761442,93240.085,106.94999999999708,0.1147038851369527,-0.5018499999999999,-0.9693899999999998,0.15686,1.78644,-1.62958,0.0878059156758693,0.10018,1.15143,93194.345,6.093616,0
2025-11-18 13:36:41.791877,93240.09,106.94000000000231,0.1146931539855896,-0.05468,0.4471699999999998,0.10209,1.78635,-1.68426,0.0571500545805693,0.00023,1.15134,93187.655,6.091749,0
2025-11-18 13:36:43.824280,93240.085,106.93000000000757,0.1146824351350683,0.0335499999999999,0.08823,0.10209,1.7528,-1.65071,0.0582439525330899,0.00023,0.00079,93187.655,6.100869,0
2025-11-18 13:36:45.855058,93194.345,15.450000000011642,0.0165782591207778,-0.05421,-0.0877599999999999,0.10209,1.80701,-1.70492,0.0564966436267646,0.00023,0.055,93199.735,6.099809,1
2025-11-18 13:36:47.883626,93187.655,2.070000000006985,0.0022213242730563,-4.999999999999449e-05,0.05416,0.10209,1.80706,-1.70497,0.0564950804068487,0.00023,0.055,93199.735,6.097943,1
2025-11-18 13:36:49.925149,93187.655,2.070000000006985,0.0022213242730563,0.0,4.999999999999449e-05,0.10209,1.80706,-1.70497,0.0564950804068487,0.00023,0.055,93199.73,6.089036,1
2025-11-18 13:36:51.954867,93199.735,26.23000000001048,0.0281438568468145,0.0,0.0,0.10209,1.80706,-1.70497,0.0564950804068487,0.00023,0.055,93199.73,6.087198,0
2025-11-18 13:36:56.014185,93199.73,26.220000000001164,0.0281331287118548,0.1322099999999999,0.1322099999999999,0.10209,1.67485,-1.57276,0.0609547123623011,0.00023,0.00079,93199.735,6.088659,1
2025-11-18 13:36:58.042065,93199.73,26.220000000001164,0.0281331287118548,0.0,-0.1322099999999999,0.10209,1.67485,-1.57276,0.0609547123623011,0.00023,0.00079,93199.735,6.094511,1
2025-11-18 13:37:00.073079,93199.735,26.23000000001048,0.0281438568468145,-0.1322099999999998,-0.1322099999999998,0.10209,1.80706,-1.70497,0.0564950804068487,0.00023,0.055,93199.73,6.09643,0
2025-11-18 13:37:02.102844,93199.735,26.23000000001048,0.0281438568468145,0.0,0.1322099999999998,0.10209,1.80706,-1.70497,0.0564950804068487,0.00023,0.055,93190.9,6.10009,0
2025-11-18 13:37:04.136576,93199.735,26.23000000001048,0.0281438568468145,0.0,0.0,0.10209,1.80706,-1.70497,0.0564950804068487,0.00023,0.055,93197.53,6.099359,0
2025-11-18 13:37:06.169509,93199.73,26.220000000001164,0.0281331287118548,0.1322099999999998,0.1322099999999998,0.10209,1.67485,-1.57276,0.0609547123623011,0.00023,0.00079,93212.41,6.095865,1
2025-11-18 13:37:08.202934,93190.9,8.559999999997672,0.0091854462184587,-0.1322099999999998,-0.2644199999999997,0.10209,1.80706,-1.70497,0.0564950804068487,0.00023,0.055,93212.405,6.096441,1
2025-11-18 13:37:10.235935,93197.53,21.820000000006985,0.0234126376525289,0.1322899999999999,0.2644999999999998,0.10209,1.67477,-1.57268,0.0609576240319566,0.00023,0.00071,93210.065,6.095959,1
2025-11-18 13:37:12.265374,93212.41,51.58000000000175,0.055335979404461,-0.0773899999999999,-0.2096799999999999,0.15699,1.80706,-1.65007,0.0868759200026562,0.00023,0.055,93193.02,6.101316,0
2025-11-18 13:37:14.299375,93212.405,51.570000000006985,0.0553252541869368,0.1322099999999998,0.2095999999999998,0.15699,1.67485,-1.51786,0.0937337672030331,0.00023,0.00079,93186.625,6.096471,0
2025-11-18 13:37:16.331894,93210.065,46.88999999999942,0.05030572610372,-0.1322099999999998,-0.2644199999999997,0.15699,1.80706,-1.65007,0.0868759200026562,0.00023,0.055,93186.625,6.093194,0
2025-11-18 13:37:18.366690,93193.02,12.80000000000291,0.0137349342257638,-0.0549,0.0773099999999998,0.10209,1.80706,-1.70497,0.0564950804068487,0.00023,0.055,93186.625,6.086835,0
2025-11-18 13:37:32.582902,93186.625,0.0100000000093132,1.0731153756575286e-05,0.46698,0.46532,0.10375,1.34008,-1.23633,0.0774207509999403,0.00189,0.055,93067.24,6.09786,0
2025-11-18 13:37:34.615830,93186.625,0.0100000000093132,1.0731153756575286e-05,-0.03953,-0.50651,0.10375,1.37961,-1.27586,0.075202412275933,0.00189,0.055,93067.245,6.095843,0
2025-11-18 13:37:36.647866,93186.625,0.0100000000093132,1.0731153756575286e-05,-0.4676199999999999,-0.4280899999999999,0.10375,1.84723,-1.74348,0.0561651770488786,0.00189,1.20634,93067.25,6.099232,0
2025-11-18 13:37:38.680762,93067.24,56.22000000000117,0.0604079373150006,0.4409599999999999,0.90858,0.35816,1.66068,-1.30252,0.2156706891153021,0.01191,0.01018,93067.245,6.099274,1
2025-11-18 13:37:40.711673,93067.245,56.19000000000233,0.0603756993129025,-0.0097699999999998,-0.4507299999999998,0.34776,1.6600499999999998,-1.3122899999999995,0.2094876660341556,0.00023,0.00017,93067.25,6.101465,1
2025-11-18 13:37:42.747098,93067.25,56.20000000001164,0.0603864409875779,-0.03172,-0.0219500000000001,0.34776,1.6917699999999998,-1.3440099999999997,0.2055598574274281,0.00023,0.00948,93104.395,6.095047,1
2025-11-18 13:37:44.780036,93067.245,56.19000000000233,0.0603756993129025,0.46743,0.49915,0.34776,1.22434,-0.8765799999999999,0.2840387474067661,0.00023,0.00019,93106.885,6.093686,1
2025-11-18 13:37:46.813138,93067.25,56.20000000001164,0.0603864409875779,8.99999999999998e-05,-0.46734,0.34776,1.2242499999999998,-0.8764899999999998,0.284059628343884,0.00023,0.00948,93109.285,6.089681,1
2025-11-18 13:37:48.842145,93104.395,93.22999999999593,0.1001349077022582,-0.04489,-0.04498,0.34839,1.2697699999999998,-0.92138,0.2743725241579183,0.00023,0.0001,93113.78,6.093266,1
2025-11-18 13:37:50.873722,93106.885,88.25,0.0947835382957984,0.03101,0.0759000000000001,0.34774,1.23811,-0.89037,0.2808635743189216,0.055,0.0001,93122.22,6.09482,1
2025-11-18 13:37:52.902819,93109.285,83.44999999999709,0.0896258627697517,0.00057,-0.03044,0.34831,1.23811,-0.8898,0.2813239534451704,0.00015,0.0001,93126.71,6.097149,1
2025-11-18 13:37:54.935411,93113.78,74.45999999999185,0.0799666816232697,5.000000000000005e-05,-0.00052,0.34839,1.23814,-0.88975,0.2813817500444214,0.00023,0.0001,93136.905,6.094457,1
2025-11-18 13:37:56.968542,93122.22,91.33999999999652,0.0980861495784749,-0.0005799999999999,-0.0006299999999999,0.34781,1.23814,-0.8903300000000001,0.280913305442034,0.00023,0.00026,93136.905,6.094221,1
2025-11-18 13:37:58.999968,93126.71,82.36000000000058,0.088438644509186,-0.33475,-0.33417,0.34768,1.57276,-1.22508,0.2210636079249218,0.00023,0.00026,93136.895,6.095664,1
2025-11-18 13:38:05.095632,93136.895,91.36999999999534,0.0981029054060642,0.41364,0.41364,0.34826,1.57276,-1.2245,0.2214323863780869,0.055,0.00026,93136.905,6.106247,1
2025-11-18 13:38:11.201879,93136.905,91.35000000000582,0.0980814211079977,0.0,0.0,0.06735,1.57276,-1.50541,0.0428228083115033,0.00023,0.00026,93102.3,6.094114,0
2025-11-18 13:38:13.235031,93136.905,91.35000000000582,0.0980814211079977,0.0,0.0,0.06735,1.57276,-1.50541,0.0428228083115033,0.00023,0.00026,93088.665,6.093966,0
2025-11-18 13:38:15.266784,93136.905,91.35000000000582,0.0980814211079977,-0.1330000000000001,-0.1330000000000001,0.06735,1.70576,-1.63841,0.0394838664290404,0.00023,1.05004,93085.565,6.095297,0
2025-11-18 13:38:17.295993,93102.3,79.05999999999767,0.0849173436101983,0.4676600000000001,0.6006600000000003,0.06736,1.23811,-1.17075,0.0544055051651307,0.00023,0.055,93085.56,6.095582,0
2025-11-18 13:38:19.328997,93088.665,71.16999999999825,0.0764539914714624,-0.4666999999999999,-0.93436,0.06805,1.7054999999999998,-1.63745,0.0399003224860744,0.00023,0.055,93081.995,6.096084,0
2025-11-18 13:38:21.362081,93085.565,64.97000000000116,0.0697959989822279,-0.00068,0.4660199999999999,0.06737,1.7054999999999998,-1.63813,0.0395016124303723,0.00023,0.055,93083.46,6.095677,0
2025-11-18 13:38:23.391575,93085.56,64.95999999999185,0.0697852599264503,0.1334899999999998,0.1341699999999998,0.06805,1.57269,-1.50464,0.043269811596691,0.00023,0.00019,93088.81,6.0977,1
2025-11-18 13:38:25.425081,93081.995,85.7100000000064,0.0920801063621449,-0.13281,-0.2662999999999998,0.06805,1.7054999999999998,-1.63745,0.0399003224860744,0.00023,0.055,93084.975,6.097438,1
2025-11-18 13:38:27.457758,93083.46,73.47999999999593,0.0789399104846295,0.1320999999999999,0.2649099999999999,0.06736,1.5727099999999998,-1.5053499999999995,0.0428305281965524,0.00023,0.055,93095.12,6.095219,1
2025-11-18 13:38:29.489275,93088.81,72.05999999999767,0.0774099486286243,0.00058,-0.1315199999999999,0.06794,1.5727099999999998,-1.5047699999999995,0.0431993183740168,0.055,0.00021,93098.46,6.094927,1
2025-11-18 13:38:31.522519,93084.975,91.30999999999769,0.0980931670229246,0.0001999999999999,-0.00038,0.06816,1.57273,-1.50457,0.0433386531699656,0.00034,0.00023,93098.46,6.092936,1
2025-11-18 13:38:33.552977,93095.12,98.02000000000407,0.105290159140462,-0.13288,-0.13308,0.06805,1.7054999999999998,-1.63745,0.0399003224860744,0.00023,0.055,93098.46,6.095955,1
2025-11-18 13:38:35.584202,93098.46,91.31999999999243,0.0980896998725783,0.13203,0.26491,0.06734,1.57276,-1.50542,0.0428164500623108,0.00023,0.00026,93093.07,6.098813,0
2025-11-18 13:38:37.615455,93098.46,91.31999999999243,0.0980896998725783,0.0,-0.13203,0.06734,1.57276,-1.50542,0.0428164500623108,0.00023,0.00026,93087.04,6.097346,0
2025-11-18 13:38:39.648932,93098.46,91.31999999999243,0.0980896998725783,0.10198,0.10198,0.16932,1.57276,-1.40344,0.1076578753274498,0.00023,0.00026,93087.04,6.091639,0
2025-11-18 13:38:41.683015,93093.07,80.5399999999936,0.0865155698485328,-0.13284,-0.23482,0.1692199999999999,1.7054999999999998,-1.53628,0.099220170038112,0.00023,0.055,93087.045,6.090066,0
2025-11-18 13:38:43.712801,93087.04,92.59999999999128,0.0994767907541063,-9.000000000000002e-05,0.13275,0.16913,1.7054999999999998,-1.5363699999999998,0.0991673995895632,0.00014,0.055,93087.045,6.091882,1
2025-11-18 13:38:45.740571,93087.04,92.59999999999128,0.0994767907541063,9.000000000000002e-05,0.00018,0.1692199999999999,1.7054999999999998,-1.53628,0.099220170038112,0.00023,0.055,93109.7,6.097024,1
2025-11-18 13:38:47.773081,93087.045,92.58999999999652,0.0994660427774847,5.000000000000143e-05,-3.999999999999859e-05,0.16927,1.7054999999999998,-1.5362299999999998,0.0992494869539724,0.00023,0.055,93131.535,6.093921,1
2025-11-18 13:38:49.804683,93087.045,92.58999999999652,0.0994660427774847,0.0,-5.000000000000143e-05,0.16927,1.7054999999999998,-1.5362299999999998,0.0992494869539724,0.00023,0.055,93139.355,6.095053,1
2025-11-18 13:38:53.867002,93131.535,68.05000000000291,0.0730686979442601,0.17573,0.0713,0.44943,1.7054999999999998,-1.2560699999999998,0.2635180299032542,0.10198,0.0001,93109.7,6.098528,0
2025-11-18 13:38:55.899736,93139.355,52.41000000000349,0.0562705206622952,-0.20221,-0.37794,0.24722,1.7054999999999998,-1.4582799999999998,0.1449545587804163,0.00023,0.0001,93131.815,6.09977,0
2025-11-18 13:38:57.932476,93109.7,111.72000000000116,0.1199874986172237,-0.13286,0.06935,0.11436,1.7054999999999998,-1.5911399999999998,0.0670536499560246,0.00023,0.0001,93109.72,6.099766,1
2025-11-18 13:38:59.965530,93109.7,111.72000000000116,0.1199874986172237,0.0,0.13286,0.11436,1.7054999999999998,-1.5911399999999998,0.0670536499560246,0.00023,0.0001,93109.72,6.096008,1
2025-11-18 13:39:01.999506,93131.815,155.9100000000035,0.1674078831170674,0.37762,0.37762,0.5272699999999999,1.7407899999999998,-1.21352,0.3028912160570775,0.10198,0.055,93109.725,6.094375,0
2025-11-18 13:39:04.032242,93109.72,111.70000000001164,0.1199659928093561,-0.09748,-0.4751000000000001,0.3944999999999999,1.7054999999999998,-1.311,0.2313104661389622,0.00023,0.0001,93109.725,6.092201,1
2025-11-18 13:39:06.061538,93109.72,111.70000000001164,0.1199659928093561,0.00013,0.09761,0.3946299999999999,1.7054999999999998,-1.31087,0.2313866901201993,0.00036,0.0001,93109.725,6.094436,1
2025-11-18 13:39:10.124443,93109.725,111.69000000000231,0.1199552463504777,0.0,0.0119099999999999,0.3827199999999999,1.7054999999999998,-1.3227799999999998,0.2244034007622398,0.00023,0.0001,93143.17,6.093936,1
2025-11-18 13:39:12.155974,93109.725,111.69000000000231,0.1199552463504777,0.0,0.0,0.3827199999999999,1.7054999999999998,-1.3227799999999998,0.2244034007622398,0.00023,0.0001,93143.23,6.09314,1
2025-11-18 13:39:14.184874,93109.725,111.69000000000231,0.1199552463504777,0.0,0.0,0.3827199999999999,1.7054999999999998,-1.3227799999999998,0.2244034007622398,0.00023,0.0001,93143.17,6.097433,1
2025-11-18 13:39:16.218379,93143.17,44.80000000000291,0.0480979979530468,0.0667799999999999,0.0667799999999999,0.4494999999999999,1.7054999999999998,-1.2559999999999998,0.2635590735854587,0.10221,0.0001,93169.765,6.092555,1
2025-11-18 13:39:18.249114,93143.23,44.68000000000757,0.0479691331297052,-0.0119099999999999,-0.0786899999999999,0.43759,1.7054999999999998,-1.26791,0.2565757842274992,0.00023,0.0001,93187.855,6.093969,1
2025-11-18 13:39:20.282307,93143.17,44.80000000000291,0.0480979979530468,0.0,0.0119099999999999,0.4375899999999999,1.7054999999999998,-1.26791,0.2565757842274992,0.00023,0.0001,93187.86,6.091771,1
2025-11-18 13:39:22.310934,93169.765,58.58999999999651,0.0628852074490007,-0.28014,-0.28014,0.15745,1.7054999999999998,-1.5480499999999997,0.0923189680445617,0.055,0.0001,93187.86,6.09297,1
2025-11-18 13:39:24.343083,93187.855,22.41000000000349,0.0240481981262509,0.22516,0.5053000000000001,0.29031,1.6131999999999995,-1.3228899999999997,0.1799590875278949,0.00023,0.0001,93217.885,6.094699,1
2025-11-18 13:39:26.374078,93187.86,22.39999999999418,0.0240374658244047,-0.13287,-0.35803,0.15744,1.6131999999999995,-1.4557599999999995,0.097594842548971,0.00023,0.0001,93217.89,6.091198,1
2025-11-18 13:39:28.403904,93187.86,22.39999999999418,0.0240374658244047,0.0,0.13287,0.15744,1.6131999999999995,-1.4557599999999995,0.097594842548971,0.00023,0.0001,93231.4,6.091627,1
2025-11-18 13:39:30.437782,93217.885,82.47000000000116,0.0884701471182286,5.99999999999994e-05,5.99999999999994e-05,0.15744,1.6131399999999998,-1.4556999999999998,0.0975984725442305,0.00013,0.05494,93231.405,6.090443,1
2025-11-18 13:39:32.465276,93217.89,82.45999999999185,0.088459414818327,-0.0923,-0.09236,0.15744,1.7054399999999998,-1.5479999999999998,0.0923163523782718,0.00023,0.05494,93232.81,6.092519,1
2025-11-18 13:39:34.495531,93231.4,84.84000000001106,0.0909993843276096,0.1328099999999999,0.2251099999999999,0.29031,1.7054999999999998,-1.4151899999999995,0.1702198768689534,0.00023,0.0001,93232.815,6.0923,1
2025-11-18 13:39:36.528225,93231.405,84.83000000000175,0.0909886534478395,-0.13289,-0.2656999999999999,0.15742,1.7054999999999998,-1.5480799999999997,0.0923013778950454,0.00023,0.0001,93220.725,6.093563,0
2025-11-18 13:39:38.557795,93232.81,87.66000000000349,0.0940226943712235,-0.0360899999999998,0.0968000000000001,0.15742,1.74159,-1.58417,0.0903886678265263,0.00011,0.05461,93218.435,6.093984,0
2025-11-18 13:39:40.587831,93232.815,87.64999999999418,0.0940119634916034,0.0364799999999999,0.0725699999999998,0.15742,1.70511,-1.5476899999999998,0.0923224894581581,0.00023,0.05461,93211.85,6.094919,0
2025-11-18 13:39:42.621788,93220.725,82.8700000000099,0.088896540978425,0.27965,0.24317,0.43746,1.7054999999999998,-1.2680399999999998,0.2564995602462621,0.00023,0.055,93202.235,6.090217,0
2025-11-18 13:39:44.651779,93218.435,78.27000000000407,0.0839640785645072,0.0,-0.27965,0.4374599999999999,1.7054999999999998,-1.2680399999999998,0.2564995602462621,0.00023,0.055,93202.24,6.09369,0
2025-11-18 13:39:46.682750,93211.85,91.44000000000231,0.0980991150803275,0.00014,0.00014,0.4376,1.7054999999999998,-1.2678999999999998,0.2565816476106713,0.00023,0.055,93198.91,6.09149,0
2025-11-18 13:39:48.712005,93202.235,78.69000000000233,0.0844293057993752,0.13263,0.13249,0.57023,1.7054999999999998,-1.1352699999999998,0.334347698622105,0.0001,0.055,93198.91,6.097601,0
2025-11-18 13:39:50.745469,93202.24,78.68000000000757,0.0844185719141595,-0.13262,-0.26525,0.43761,1.7054999999999998,-1.2678899999999995,0.2565875109938434,0.00023,0.055,93198.905,6.096778,0
2025-11-18 13:39:52.774240,93198.91,85.33999999999651,0.0915675945137089,-9.999999999999736e-05,0.13252,0.43746,1.70545,-1.26799,0.2565070802427512,0.00023,0.055,93210.65,6.100145,1
2025-11-18 13:39:54.809606,93198.91,85.33999999999651,0.0915675945137089,0.0,9.999999999999736e-05,0.43746,1.70545,-1.26799,0.2565070802427512,0.00023,0.055,93210.645,6.095702,1
2025-11-18 13:39:56.842247,93198.905,85.35000000000582,0.091578329165998,0.13277,0.13277,0.57023,1.70545,-1.13522,0.3343575009528277,0.055,0.055,93210.645,6.09219,1
2025-11-18 13:40:00.905308,93210.645,89.05000000000291,0.0955362984560432,0.27992,0.6926100000000001,0.43746,1.70545,-1.26799,0.2565070802427512,0.00023,0.055,93210.65,6.088193,1
2025-11-18 13:40:02.934437,93210.645,89.05000000000291,0.0955362984560432,-0.2799899999999999,-0.55991,0.15752,1.7054999999999998,-1.54798,0.0923600117267663,0.00021,0.055,93210.65,6.091906,1
2025-11-18 13:40:09.026343,93210.65,89.0399999999936,0.095525564943484,0.0,0.0,0.15752,1.7054999999999998,-1.54798,0.0923600117267663,0.00023,0.055,93230.41,6.092293,1
2025-11-18 13:40:11.057548,93210.65,89.0399999999936,0.095525564943484,0.28015,0.28015,0.43767,1.7054999999999998,-1.2678299999999998,0.256622691292876,0.00023,0.055,93253.17,6.093004,1
2025-11-18 13:40:13.087522,93210.65,89.0399999999936,0.095525564943484,-0.28015,-0.5603,0.15752,1.7054999999999998,-1.54798,0.0923600117267663,0.00023,0.055,93253.18,6.094632,1
2025-11-18 13:40:15.118636,93230.41,97.25999999999476,0.1043221841457039,0.27994,0.56009,0.43746,1.7054999999999998,-1.2680399999999998,0.2564995602462621,0.055,0.055,93261.905,6.096908,1
2025-11-18 13:40:17.150552,93253.17,54.76000000000931,0.0587218643612965,-0.01407,-0.29401,0.2905,1.5726099999999998,-1.28211,0.1847247569327424,0.055,0.0001,93264.88,6.097211,1
2025-11-18 13:40:19.182154,93253.18,54.74000000000524,0.058700411074459,-2.0000000000006124e-05,0.0140499999999999,0.2904799999999999,1.5726099999999998,-1.28213,0.1847120392214217,0.0004,0.0001,93280.545,6.094234,1
2025-11-18 13:40:21.215544,93261.905,37.29000000000815,0.0399841714577974,0.2246,0.22462,0.51508,1.57261,-1.05753,0.327531937352554,0.055,0.0001,93327.58,6.092549,1
2025-11-18 13:40:23.247763,93264.88,31.339999999996508,0.0336032169879985,-0.22472,-0.44932,0.29036,1.5726099999999998,-1.28225,0.1846357329534977,0.10198,0.0001,93327.585,6.09211,1
2025-11-18 13:40:25.276388,93280.545,0.0100000000093132,1.0720349038819644e-05,0.32147,0.54619,0.6118300000000001,1.5726099999999998,-0.9607799999999996,0.3890538658662988,0.05514,0.0001,93327.58,6.096268,1
2025-11-18 13:40:27.308093,93327.58,73.83999999999651,0.0791191628455345,-0.2799999999999999,-0.60147,0.33178,1.57256,-1.24078,0.2109808210815486,0.055,5e-05,93323.295,6.093967,0
2025-11-18 13:40:29.339873,93327.585,73.83000000000175,0.0791084436611123,-0.0415699999999999,0.23843,0.2902099999999999,1.57256,-1.28235,0.1845462176323955,0.00013,5e-05,93301.6,6.095331,0
2025-11-18 13:40:31.372656,93327.58,73.83999999999651,0.0791191628455345,0.0415699999999999,0.0831399999999999,0.33178,1.57256,-1.24078,0.2109808210815486,0.055,5e-05,93285.675,6.09283,0
2025-11-18 13:40:33.402060,93323.295,82.41000000000349,0.0883059261891722,-0.04159,-0.0831599999999999,0.29019,1.57256,-1.28237,0.1845334995167116,0.00011,5e-05,93273.25,6.096062,0
2025-11-18 13:40:35.435204,93301.6,91.5399999999936,0.0981119294845893,0.2799,0.32149,0.57009,1.57256,-1.00247,0.3625235285140153,0.055,0.055,93273.255,6.09365,0
2025-11-18 13:40:37.465486,93285.675,87.42999999999302,0.0937228572339676,0.0,-0.2799,0.57009,1.57256,-1.00247,0.3625235285140153,0.055,0.055,93273.25,6.091996,0
2025-11-18 13:40:39.498122,93273.25,86.9200000000128,0.0931885615650926,-0.00025,-0.00025,0.56989,1.5726099999999998,-1.0027199999999998,0.3623848252268522,0.055,0.055,93281.59,6.08904,1
2025-11-18 13:40:41.528854,93273.255,86.91000000000349,0.0931778353827187,-0.13182,-0.13157,0.43727,1.57181,-1.13454,0.2781952017101303,0.00023,0.0542,93281.59,6.088588,1
2025-11-18 13:40:43.557482,93273.25,86.9200000000128,0.0931885615650926,-0.0001499999999999,0.13167,0.4371199999999999,1.57181,-1.13469,0.2780997703284747,0.055,0.0542,93270.055,6.094373,0
2025-11-18 13:40:45.587162,93281.59,86.61999999999534,0.0928586230144612,-0.0008,-0.00065,0.4371199999999999,1.5726099999999998,-1.13549,0.2779582986245795,0.055,0.055,93277.815,6.09653,0
2025-11-18 13:40:47.617442,93281.59,86.60000000000582,0.0928371825566071,-1.9999999999999185e-05,0.00078,0.4371,1.5726099999999998,-1.1355099999999998,0.2779455809132589,0.00021,1.04978,93286.555,6.099096,1
2025-11-18 13:40:49.651855,93270.055,87.15000000000873,0.0934383495324504,2e-05,3.999999999999918e-05,0.4371199999999999,1.5726099999999998,-1.13549,0.2779582986245795,0.00023,0.055,93300.98,6.101924,1
2025-11-18 13:40:51.683692,93277.815,81.83000000000175,0.0877271835752174,0.0,-2e-05,0.4371199999999999,1.5726099999999998,-1.13549,0.2779582986245795,0.055,0.055,93300.985,6.100392,1
2025-11-18 13:40:53.716538,93286.555,89.1299999999901,0.0955443150408867,-2e-05,-2e-05,0.4371,1.5726099999999998,-1.1355099999999998,0.2779455809132589,0.055,0.055,93320.43,6.1002,1
2025-11-18 13:40:55.753779,93300.98,83.83999999999651,0.0898597206588789,-0.2798,-0.27978,0.1573,1.5726099999999998,-1.4153099999999998,0.1000247995370753,0.00019,0.055,93324.92,6.094562,1
2025-11-18 13:40:57.784084,93300.985,83.8299999999872,0.0898489978428279,0.0,0.2798,0.1573,1.5726099999999998,-1.4153099999999998,0.1000247995370753,0.00023,0.055,93336.15,6.096758,1
2025-11-18 13:40:59.816738,93320.43,98.3799999999901,0.1054217174095641,0.13298,0.13298,0.29028,1.57261,-1.28233,0.1845848621082149,0.0004,0.46762,93336.155,6.09592,1
2025-11-18 13:41:01.848341,93324.92,89.39999999999418,0.0957943494620667,-0.00017,-0.13315,0.29011,1.57261,-1.2825000000000002,0.1844767615619892,0.00023,0.46762,93336.155,6.093797,1
2025-11-18 13:41:03.880842,93336.15,66.9600000000064,0.0717406921112628,0.0358899999999999,0.0360599999999999,0.326,1.5726099999999998,-1.2466099999999998,0.2072986945269329,0.055,0.0001,93329.665,6.094112,0
2025-11-18 13:41:05.912658,93336.155,66.95000000001164,0.0717299743063249,0.11108,0.07519,0.43708,1.5726099999999998,-1.1355299999999997,0.2779328632019382,0.00037,0.0001,93345.735,6.092408,1
2025-11-18 13:41:07.942138,93336.155,66.95000000001164,0.0717299743063249,-0.00023,-0.11131,0.43685,1.5726099999999998,-1.13576,0.2777866095217505,0.00014,0.0001,93345.735,6.09352,1
2025-11-18 13:41:09.974954,93329.665,79.93000000000757,0.0856426517763752,0.0008599999999997,0.0010899999999997,0.56971,1.7046100000000002,-1.1349,0.3342172109749444,0.10178,0.0001,93351.65,6.093258,1
2025-11-18 13:41:12.005066,93345.735,47.79000000000815,0.0511967686579447,-0.14934,-0.1501999999999997,0.29003,1.57427,-1.28424,0.184231421547765,0.00015,0.0001,93342.305,6.112082,0
2025-11-18 13:41:14.035658,93345.735,47.79000000000815,0.0511967686579447,0.0,0.14934,0.29003,1.57427,-1.28424,0.184231421547765,0.00015,0.0001,93334.77,6.112379,0
2025-11-18 13:41:16.068212,93351.65,85.0,0.0910535593104139,0.0002400000000001,0.0002400000000001,0.29011,1.57411,-1.2839999999999998,0.1843009700719771,0.055,0.055,93334.775,6.108251,0
2025-11-18 13:41:18.117148,93342.305,66.31000000001222,0.0710395998899022,0.01643,0.0161899999999998,0.43688,1.70445,-1.26757,0.256317287101411,0.00017,0.055,93340.62,6.091346,0
2025-11-18 13:41:20.148037,93334.77,81.38000000000466,0.0871915150163274,-6.0000000000004494e-05,-0.01649,0.43682,1.70445,-1.26763,0.2562820851301006,0.055,0.055,93340.62,7.244867,1
2025-11-18 13:41:22.176463,93334.775,81.3700000000099,0.0871807962252117,8.00000000000245e-05,0.00014,0.4369,1.70445,-1.26755,0.2563290210918478,0.00019,0.055,93340.62,5.216441,1
2025-11-18 13:41:24.208494,93340.62,93.05999999999769,0.099699359185741,0.0001099999999999,2.999999999997449e-05,0.43701,1.70445,-1.26744,0.2563935580392502,0.10197,0.055,93350.65,5.212656,1
2025-11-18 13:41:27.392904,93340.62,93.05999999999769,0.099699359185741,0.00032,0.00021,0.43701,1.7041299999999997,-1.2671199999999998,0.2564417033911733,0.10197,0.05468,93353.995,6.088863,1
2025-11-18 13:41:29.421150,93350.65,87.68000000000757,0.0939254306210054,0.26026,0.25994,0.56971,1.5765699999999998,-1.0068599999999996,0.3613604216749019,0.10178,0.055,93362.75,6.091975,1
2025-11-18 13:41:31.454229,93353.995,80.99000000000524,0.0867557944360123,-0.27928,-0.5395400000000001,0.29011,1.57625,-1.28614,0.184050753370341,0.00023,0.05468,93362.755,6.086244,1
2025-11-18 13:41:33.481767,93353.995,80.99000000000524,0.0867557944360123,0.0,0.27928,0.29011,1.57625,-1.28614,0.184050753370341,0.00023,0.05468,93362.755,6.096497,1
2025-11-18 13:41:35.513125,93362.75,87.05999999999767,0.0932491812848246,0.27928,0.27928,0.56971,1.5765699999999998,-1.0068599999999996,0.3613604216749019,0.055,0.055,93362.755,6.094522,1
2025-11-18 13:41:37.540473,93362.755,87.05000000000291,0.0932384653816213,-0.2786,-0.55788,0.29002,1.5754799999999998,-1.2854599999999998,0.1840835808769391,0.00014,0.05391,93360.33,6.105672,0
2025-11-18 13:41:39.578264,93362.755,87.05000000000291,0.0932384653816213,0.0,0.2786,0.29002,1.5754799999999998,-1.2854599999999998,0.1840835808769391,0.00014,0.05391,93360.33,6.106368,0
2025-11-18 13:41:41.607647,93362.755,87.05000000000291,0.0932384653816213,0.0037899999999998,0.0037899999999998,0.29135,1.57302,-1.28167,0.1852169711764631,0.00014,0.05391,93360.33,6.108245,0
2025-11-18 13:41:47.715892,93360.33,82.19999999999709,0.088045961277126,0.0,-0.00032,0.29135,1.5737899999999998,-1.2824399999999998,0.1851263510379402,0.00014,0.05468,93360.325,6.106514,0
2025-11-18 13:41:49.751276,93360.33,82.19999999999709,0.088045961277126,0.0,0.0,0.29135,1.5737899999999998,-1.2824399999999998,0.1851263510379402,0.00014,0.05468,93350.985,6.108639,0
2025-11-18 13:41:51.786252,93360.33,82.19999999999709,0.088045961277126,0.0,0.0,0.29135,1.5737899999999998,-1.2824399999999998,0.1851263510379402,0.00014,0.05468,93350.985,6.11686,0
2025-11-18 13:41:53.822406,93360.325,82.19000000000233,0.0880352548044389,-0.13546,-0.13546,0.15835,1.57625,-1.4179,0.1004599524187153,0.00014,1.04978,93358.275,6.113065,0
2025-11-18 13:41:55.859915,93350.985,63.51000000000931,0.0680335617240774,-0.1015500000000002,0.0339099999999998,0.0568,1.57625,-1.51945,0.0360348929421094,0.00014,0.055,93358.28,6.106728,1
2025-11-18 13:41:57.903112,93350.985,63.51000000000931,0.0680335617240774,0.1018699999999999,0.2034200000000002,0.15867,1.57625,-1.4175799999999998,0.1006629659000793,0.00014,0.055,93365.71,6.099252,1
2025-11-18 13:41:59.935471,93358.275,78.09000000001106,0.0836455043754943,0.00042,-0.1014499999999999,0.15888,1.57604,-1.41716,0.1008096241212152,0.00014,1.04925,93365.715,6.097713,1
2025-11-18 13:42:01.966643,93358.28,78.10000000000582,0.083656211318381,0.0,-0.00042,0.15888,1.57604,-1.41716,0.1008096241212152,0.00014,0.055,93365.715,6.098832,1
2025-11-18 13:42:04.002364,93365.71,91.59999999999128,0.0981088238926167,0.00052,0.00052,0.15919,1.5758299999999998,-1.41664,0.1010197800524168,0.055,1.04904,93365.715,6.100525,1
2025-11-18 13:42:06.033184,93365.715,91.58999999999652,0.098098108068895,-0.0999399999999999,-0.10046,0.05679,1.57337,-1.51658,0.0360944977977208,0.00013,1.04904,93363.37,6.104005,0
2025-11-18 13:42:08.065475,93365.715,91.58999999999652,0.098098108068895,0.0,0.0999399999999999,0.05679,1.57337,-1.51658,0.0360944977977208,0.00013,1.04904,93363.37,6.107583,0
2025-11-18 13:42:10.102889,93365.715,91.58999999999652,0.098098108068895,0.0,0.0,0.05679,1.57337,-1.51658,0.0360944977977208,0.00013,1.04904,93363.37,6.101202,0
2025-11-18 13:42:12.137189,93363.37,86.90000000000873,0.093077188623342,0.1022999999999999,0.1022999999999999,0.15909,1.57337,-1.41428,0.1011141689494524,0.00013,0.055,93351.1,6.098237,0
2025-11-18 13:42:14.173058,93363.37,86.90000000000873,0.093077188623342,0.0,-0.1022999999999999,0.15909,1.57337,-1.41428,0.1011141689494524,0.00013,0.055,93351.105,6.100005,0
2025-11-18 13:42:16.204091,93363.37,86.90000000000873,0.093077188623342,0.0003,0.0003,0.15909,1.57307,-1.41398,0.101133452421062,0.00013,0.0547,93339.02,6.099402,0
2025-11-18 13:42:18.235426,93351.1,63.75999999999476,0.0683012840769897,0.2768900000000001,0.2765900000000001,0.4387399999999999,1.5758299999999998,-1.13709,0.2784183573101159,0.00133,0.055,93333.37,6.099491,0
2025-11-18 13:42:20.273063,93351.105,63.75,0.0682905681727066,-0.2796399999999999,-0.5565300000000001,0.1591,1.5758299999999998,-1.4167299999999998,0.1009626672927917,0.00014,0.055,93339.615,6.101091,0
2025-11-18 13:42:22.303493,93339.02,39.55999999999767,0.0423831319420298,-0.23179,0.0478499999999999,0.0568,1.70532,-1.64852,0.0333075317242511,0.00023,0.055,93339.62,6.104027,1
2025-11-18 13:42:24.334917,93333.37,28.27999999999884,0.030299988096432,-0.00012,0.23167,0.05668,1.70532,-1.64864,0.0332371636994816,0.00014,0.055,93339.615,6.106445,1
2025-11-18 13:42:26.374154,93339.615,40.77000000000408,0.043679203090782,0.00012,0.00024,0.0568,1.70532,-1.64852,0.0333075317242511,0.00014,0.055,93339.62,6.100291,1
2025-11-18 13:42:30.441362,93339.615,40.77000000000408,0.043679203090782,0.0014899999999998,0.0012799999999998,0.05668,1.7034999999999998,-1.6468199999999995,0.0332726739066627,0.00014,0.05479,93333.055,6.100914,0
2025-11-18 13:42:32.474445,93339.62,40.75999999999476,0.0436684871868931,0.00012,-0.0013699999999998,0.0568,1.7034999999999998,-1.6466999999999998,0.0333431171118285,0.00023,0.05479,93333.055,6.103949,0
2025-11-18 13:42:34.513256,93339.62,40.75999999999476,0.0436684871868931,0.0,-0.00012,0.0568,1.7034999999999998,-1.6466999999999998,0.0333431171118285,0.00023,0.05479,93334.05,6.102421,0
2025-11-18 13:42:36.542276,93333.055,27.629999999990105,0.0296036597109031,-0.00021,-0.00021,0.0568,1.7037099999999998,-1.64691,0.033339007225408,0.00023,0.055,93339.07,6.108983,1
2025-11-18 13:42:38.578394,93333.055,27.629999999990105,0.0296036597109031,1.0473799999999998,1.0475899999999998,0.0568,0.65633,-0.59953,0.086541831091067,0.00023,0.055,93339.065,6.110726,1
2025-11-18 13:42:40.615677,93334.05,29.639999999999414,0.0317568990095248,-0.94517,-1.99255,0.15901,1.70371,-1.5447,0.0933316116005658,0.00014,0.055,93343.6,6.120159,1
2025-11-18 13:42:42.651259,93339.07,39.65999999998894,0.0424902455102551,-0.0829799999999999,0.86219,0.10424,1.7319199999999997,-1.6276799999999998,0.0601875375306018,0.00023,0.05479,93343.6,6.122409,1
2025-11-18 13:42:44.689120,93339.065,39.669999999998254,0.0425009614141712,0.05477,0.1377499999999999,0.15901,1.7319199999999997,-1.5729099999999996,0.0918114000646681,0.00014,0.05479,93340.295,6.119898,1
2025-11-18 13:42:46.735836,93343.6,48.72000000000117,0.0521942586315517,-0.10221,-0.15698,0.0568,1.7319199999999997,-1.6751199999999995,0.0327959721003279,0.00023,0.05479,93340.3,6.103882,0
2025-11-18 13:42:48.773668,93343.6,48.72000000000117,0.0521942586315517,0.0,0.10221,0.0568,1.7319199999999997,-1.6751199999999995,0.0327959721003279,0.00023,0.05479,93340.295,6.100065,0
2025-11-18 13:42:50.809018,93340.295,42.11000000000058,0.0451144920851177,-0.00021,-0.00021,0.0568,1.7321299999999995,-1.6753299999999998,0.0327919959818258,0.00023,1.04904,93337.535,6.097908,0
2025-11-18 13:42:52.839718,93340.3,42.11999999999534,0.0451252031544738,0.0,0.00021,0.0568,1.7321299999999995,-1.6753299999999998,0.0327919959818258,0.00023,0.055,93337.535,6.105491,0
2025-11-18 13:42:54.873733,93340.295,42.13000000000466,0.045135919058328,0.23416,0.23416,0.15901,1.60018,-1.4411699999999998,0.0993700708670274,0.00014,0.055,93337.535,6.104567,0
2025-11-18 13:42:58.945209,93337.535,36.58999999999651,0.0392018066472363,0.0,0.10221,0.0568,1.60018,-1.54338,0.0354960066992463,0.00023,0.055,93333.64,6.098363,0
2025-11-18 13:43:00.978300,93337.535,36.58999999999651,0.0392018066472363,0.00021,0.00021,0.0568,1.59997,-1.54317,0.0355006656374807,0.00023,0.05479,93333.635,6.10132,0
2025-11-18 13:43:03.014650,93337.535,36.58999999999651,0.0392018066472363,0.0,-0.00021,0.0568,1.59997,-1.54317,0.0355006656374807,0.00023,0.05479,93333.64,6.10161,0
2025-11-18 13:43:07.079620,93333.635,28.80999999999767,0.0308677573738531,-0.02974,-0.02953,0.15901,1.7321299999999995,-1.5731199999999996,0.0918002690329248,0.00014,0.055,93330.97,6.108283,0
2025-11-18 13:43:09.116260,93333.64,28.79999999998836,0.0308570414697084,-0.10221,-0.0724699999999999,0.0568,1.7321299999999995,-1.6753299999999998,0.0327919959818258,0.00023,0.055,93330.975,6.107417,0
2025-11-18 13:43:11.151760,93333.64,28.79999999998836,0.0308570414697084,0.0,0.10221,0.0568,1.7321299999999995,-1.6753299999999998,0.0327919959818258,0.00023,0.055,93325.5,6.102301,0
2025-11-18 13:43:13.187903,93330.97,23.48000000001048,0.0251577798880805,0.10253,0.10253,0.15901,1.7318099999999998,-1.5727999999999998,0.0918172316824594,0.00014,0.05468,93319.24,6.103803,0
2025-11-18 13:43:15.223677,93330.975,23.470000000001164,0.0251470639838501,-0.10221,-0.2047399999999999,0.0568,1.7318099999999998,-1.67501,0.0327980552139091,0.00023,0.05468,93319.235,6.09663,0
2025-11-18 13:43:17.254061,93325.5,12.519999999989524,0.0134154116506094,-0.00032,0.10189,0.0568,1.7321299999999995,-1.6753299999999998,0.0327919959818258,0.00023,0.055,93319.235,6.101581,0
2025-11-18 13:43:19.291706,93319.24,0.0200000000040745,2.1431807635890025e-05,-0.0010500000000001,-0.0007300000000001,0.0568,1.73318,-1.67638,0.0327721298422552,0.00014,1.10404,93282.89,6.101506,0
2025-11-18 13:43:21.320307,93319.235,0.0100000000093132,1.0715904399894862e-05,-0.01133,-0.0102799999999999,0.05668,1.74439,-1.68771,0.0324927338496551,0.00014,1.10381,93282.89,6.110866,0
2025-11-18 13:43:23.355642,93319.235,0.0100000000093132,1.0715904399894862e-05,0.0,0.01133,0.05668,1.74439,-1.68771,0.0324927338496551,0.00014,1.10381,93282.885,6.10502,0
2025-11-18 13:43:25.393212,93282.89,39.27999999999884,0.0421084724111772,0.5563700000000003,0.5563700000000003,0.43913,1.5704699999999998,-1.1313399999999998,0.2796169299636415,0.0001,0.00023,93264.72,6.100112,0
2025-11-18 13:43:27.431173,93282.89,39.27999999999884,0.0421084724111772,-0.2798899999999999,-0.8362600000000002,0.15924,1.5704699999999998,-1.4112299999999998,0.1013963972568721,0.0001,0.00023,93264.725,6.093149,0
2025-11-18 13:43:29.460662,93282.885,39.27000000000408,0.0420977545881048,0.2797999999999999,0.5596899999999998,0.43913,1.5705599999999995,-1.1314299999999995,0.2796009066829666,0.0001,0.00023,93264.725,6.092161,0
2025-11-18 13:43:31.493324,93264.72,75.60000000000582,0.0810595903788762,0.0,-0.2797999999999999,0.43913,1.5705599999999995,-1.1314299999999995,0.2796009066829666,0.0001,0.00023,93264.73,6.086383,1
2025-11-18 13:43:33.524322,93264.725,75.61000000000058,0.0810703082006627,-0.41263,-0.41263,0.15927,1.7033299999999998,-1.5440599999999998,0.0935050753523979,0.0001,0.00014,93264.735,6.091336,1
2025-11-18 13:43:35.552823,93264.725,75.61000000000058,0.0810703082006627,0.28012,0.69275,0.43928,1.7032199999999995,-1.2639399999999998,0.257911485304306,0.0001,3e-05,93264.735,6.092898,1
2025-11-18 13:43:37.579707,93264.73,75.60000000000582,0.0810595816875316,-0.27991,-0.56003,0.15937,1.7032199999999995,-1.5438499999999995,0.0935698265638027,0.0001,3e-05,93248.585,6.096502,0
2025-11-18 13:43:39.615658,93264.735,75.61000000000058,0.0810702995081695,-0.0389799999999998,0.2409300000000001,0.15937,1.7422,-1.58283,0.091476294340489,0.0001,0.0541,93255.17,6.099465,0
2025-11-18 13:43:41.645721,93264.735,75.61000000000058,0.0810702995081695,-0.10391,-0.0649300000000001,0.05546,1.7422,-1.68674,0.0318333142004362,0.0001,0.0541,93258.76,6.105366,0
2025-11-18 13:43:43.676209,93248.585,89.05000000000291,0.0954974276553396,0.4226299999999999,0.52654,0.43913,1.70324,-1.2641099999999998,0.2578203893755431,0.0001,1.04757,93258.765,6.105807,1
2025-11-18 13:43:45.715123,93255.17,88.27999999999884,0.0946649928363208,-0.3836299999999999,-0.80626,0.0555,1.70324,-1.6477399999999998,0.0325849557314295,0.0001,0.055,93276.275,6.098668,1
2025-11-18 13:43:47.751087,93258.76,81.09999999999127,0.0869623400525497,0.3836299999999999,0.7672599999999999,0.4391299999999999,1.70324,-1.2641099999999998,0.2578203893755431,0.10391,0.055,93276.28,6.095803,1
2025-11-18 13:43:49.782016,93258.765,81.08999999999651,0.0869516125374344,-0.38365,-0.76728,0.05548,1.70324,-1.64776,0.0325732134050398,0.0001,0.055,93276.275,6.094264,1
2025-11-18 13:43:51.813791,93276.275,79.40999999998894,0.0851341887312598,0.23664,0.62029,0.38412,1.79524,-1.41112,0.2139658207259196,0.055,5e-05,93277.49,6.096252,1
2025-11-18 13:43:53.846890,93276.28,79.39999999999418,0.0851234633285055,-0.13281,-0.36945,0.15931,1.70324,-1.5439299999999998,0.0935335008571898,0.00019,5e-05,93286.52,6.096935,1
2025-11-18 13:43:55.876280,93276.275,79.38999999999942,0.0851127470517014,-7.999999999999999e-05,0.13273,0.15931,1.7033199999999995,-1.5440099999999997,0.0935291078599441,0.00019,0.00013,93295.11,6.100014,1
2025-11-18 13:43:57.910043,93277.49,81.80000000000291,0.0876953271362714,-0.3286799999999999,-0.3285999999999999,0.0555,1.92819,-1.87269,0.0287834705086117,0.0001,0.055,93295.11,6.100926,1
2025-11-18 13:43:59.943825,93286.52,87.31999999999243,0.0936040919952769,0.10372,0.4324,0.15922,1.92819,-1.76897,0.0825748499888496,0.055,0.055,93289.22,6.104196,1
2025-11-18 13:44:01.976294,93295.11,94.70000000001164,0.1015058559875342,0.32125,0.21753,0.15929,1.6070099999999998,-1.44772,0.0991219718607849,0.00017,0.00013,93284.965,6.108582,0
2025-11-18 13:44:04.010969,93295.11,94.70000000001164,0.1015058559875342,0.0,-0.32125,0.15929,1.6070099999999998,-1.44772,0.0991219718607849,0.00017,0.00013,93284.965,6.101197,0
2025-11-18 13:44:06.048021,93289.22,82.91999999999825,0.0888848679407955,0.0,0.0,0.15929,1.6070099999999998,-1.44772,0.0991219718607849,0.00017,0.055,93287.365,6.097046,0
2025-11-18 13:44:08.084876,93284.965,91.41000000000348,0.0979900673168538,0.3164399999999998,0.3164399999999998,0.43909,1.5703699999999998,-1.1312799999999998,0.2796092640587887,0.055,0.00013,93298.73,6.088403,1
2025-11-18 13:44:10.112166,93284.965,91.41000000000348,0.0979900673168538,0.00019,-0.3162499999999998,0.43928,1.5703699999999998,-1.13109,0.279730254653362,0.05519,0.00013,93298.735,6.095084,1
2025-11-18 13:44:12.145067,93287.365,86.61000000000058,0.0928421549906577,-0.27999,-0.28018,0.15929,1.5703699999999998,-1.41108,0.1014346937345975,0.055,0.00013,93307.765,6.100332,1
2025-11-18 13:44:14.173279,93298.73,84.39999999999418,0.0904621102559425,0.2798000000000001,0.5597900000000001,0.43909,1.5703699999999998,-1.1312799999999998,0.2796092640587887,0.055,0.00013,93318.7,6.107914,1
2025-11-18 13:44:16.207250,93298.735,84.38999999999942,0.090451387149032,-0.27982,-0.5596200000000001,0.15927,1.5703699999999998,-1.4110999999999998,0.1014219578825372,0.00015,0.00013,93329.49,6.105327,1
2025-11-18 13:44:18.245399,93307.765,66.3299999999872,0.0710873312633597,0.13285,0.41267,0.29212,1.5703699999999998,-1.27825,0.1860198551933621,0.055,0.00013,93328.66,6.097962,1
2025-11-18 13:44:20.281193,93318.7,44.45999999999185,0.0476431840563486,0.0879100000000001,-0.0449399999999999,0.38003,1.5703699999999998,-1.19034,0.2420002929245974,0.00014,0.00013,93319.27,6.091625,1
2025-11-18 13:44:22.312577,93329.49,91.41999999999824,0.0979540336071677,-8.999999999995123e-05,-0.088,0.6047899999999999,1.7952199999999996,-1.1904299999999997,0.3368890720914428,0.055,0.00013,93319.27,6.100358,0
2025-11-18 13:44:24.343361,93328.66,89.74000000000524,0.0961548146089371,-0.22073,-0.22064,0.3840599999999999,1.7952199999999996,-1.4111599999999995,0.2139347823665066,0.00015,0.00013,93319.27,6.100859,0
2025-11-18 13:44:26.372818,93319.27,95.5399999999936,0.1023797121430478,-0.1359300000000001,0.0847999999999999,0.38,1.92709,-1.54709,0.1971885070235433,0.055,1.04757,93316.48,6.109071,0
2025-11-18 13:44:28.412935,93319.27,95.52000000000407,0.1023582803423173,0.1319300000000001,0.2678600000000002,0.3800599999999999,1.7952199999999996,-1.4151599999999998,0.2117066431969341,0.00017,0.00013,93309.94,6.097692,0
2025-11-18 13:44:30.444220,93319.27,95.52000000000407,0.1023582803423173,0.0,-0.1319300000000001,0.3800599999999999,1.7952199999999996,-1.4151599999999998,0.2117066431969341,0.00017,0.00013,93311.785,6.100508,0
2025-11-18 13:44:32.481889,93316.48,89.94000000000233,0.0963816894936482,-0.1318700000000001,-0.1318700000000001,0.3800599999999999,1.92709,-1.54703,0.197219642050968,0.00017,1.04757,93311.78,6.093778,0
2025-11-18 13:44:34.510627,93309.94,76.86000000000058,0.082370645613962,0.6923400000000001,0.8242100000000001,0.3800599999999999,1.23475,-0.8546900000000001,0.3078031990281433,0.00017,0.055,93302.63,6.100406,0
2025-11-18 13:44:36.544728,93311.785,89.14999999999418,0.0955399149207082,-0.4674699999999998,-1.1598099999999998,0.38008,1.70224,-1.32216,0.2232822633706175,0.055,0.055,93302.625,6.102772,0
2025-11-18 13:44:38.575667,93311.78,89.13999999999942,0.0955292032795853,1.1684499999999998,1.6359199999999996,0.50109,0.6548,-0.15371,0.7652565668906536,0.055,0.00013,93302.625,6.107242,0
2025-11-18 13:44:40.611033,93302.63,84.27999999999884,0.0903297152502548,-0.70097,-1.86942,0.3800699999999999,1.23475,-0.8546800000000001,0.3078112978335695,0.0001,0.055,93303.88,6.107718,1
2025-11-18 13:44:42.647500,93302.625,84.26999999998952,0.0903190022788635,7.999999999999674e-05,0.70105,0.38015,1.23475,-0.8546,0.3078760882769791,0.0001,0.00013,93313.045,6.105047,1
2025-11-18 13:44:44.682909,93302.625,84.26999999998952,0.0903190022788635,0.0,-7.999999999999674e-05,0.38015,1.23475,-0.8546,0.3078760882769791,0.0001,0.00013,93313.045,6.106432,1
2025-11-18 13:44:46.718751,93303.88,81.77999999999884,0.0876490881193781,-0.6922,-0.6922,0.38029,1.92709,-1.5467999999999995,0.1973389929894297,0.00033,0.055,93313.045,6.101302,1
2025-11-18 13:44:48.752547,93313.045,90.33000000000176,0.0968031854495818,-0.00023,0.6919700000000001,0.38006,1.92709,-1.5470299999999997,0.197219642050968,0.0001,1.04757,93305.905,6.100113,0
2025-11-18 13:44:50.789341,93313.045,90.35000000000582,0.0968246186800632,0.0002199999999999,0.0004499999999999,0.38028,1.92709,-1.5468099999999998,0.1973338038181922,0.05521,0.055,93298.17,6.098867,0
2025-11-18 13:44:52.820053,93313.045,90.33000000000176,0.0968031854495818,9.999999999982244e-06,-0.00021,0.38029,1.92709,-1.5467999999999995,0.1973389929894297,0.0001,1.04757,93300.805,6.10073,0
2025-11-18 13:44:54.852660,93305.905,76.04999999998836,0.0815060954609339,-0.00023,-0.0002399999999999,0.38006,1.92709,-1.5470299999999997,0.197219642050968,0.0001,0.055,93309.64,6.100396,1
2025-11-18 13:44:56.888208,93298.17,91.51999999998952,0.0980940998092347,0.0,0.00023,0.38006,1.92709,-1.5470299999999997,0.197219642050968,0.0001,0.055,93309.635,6.096874,1
2025-11-18 13:44:58.920783,93300.805,86.22999999999593,0.0924214962561104,0.3568500000000001,0.3568500000000001,0.38019,1.5703699999999998,-1.1901799999999998,0.2421021797410801,0.055,0.00013,93295.97,6.093798,0
2025-11-18 13:45:00.953056,93309.64,88.13999999999942,0.0944596935536343,-0.3527900000000001,-0.7096400000000003,0.1594,1.7023700000000002,-1.5429700000000002,0.093634168835212,0.055,1.0477,93299.31,6.100032,0
2025-11-18 13:45:02.985082,93309.635,88.1299999999901,0.0944489816083731,0.3551300000000003,0.7079200000000004,0.38253,1.5703699999999998,-1.1878399999999998,0.2435922744321402,0.055,0.00013,93299.31,6.106107,0
2025-11-18 13:45:05.014581,93295.97,91.51999999998952,0.0980964129533028,-0.35502,-0.7101500000000003,0.15938,1.7022399999999998,-1.5428599999999997,0.0936295704483504,0.00019,0.055,93299.31,6.116728,1
2025-11-18 13:45:11.131309,93299.31,84.82000000000698,0.0909117119944477,-0.22323,-0.44626,0.15938,1.7023199999999998,-1.5429399999999998,0.0936251703557498,0.00019,0.00013,93294.565,6.106741,0
2025-11-18 13:45:13.166408,93299.31,84.82000000000698,0.0909117119944477,0.0,0.22323,0.15938,1.7023199999999998,-1.5429399999999998,0.0936251703557498,0.00019,0.00013,93295.36,6.09956,0
2025-11-18 13:45:15.203052,93299.31,84.82000000000698,0.0909117119944477,0.0,0.0,0.15938,1.7023199999999998,-1.5429399999999998,0.0936251703557498,0.00019,0.00013,93290.125,6.095779,0
2025-11-18 13:45:17.238050,93294.565,94.30999999999769,0.1010884181731247,0.22315,0.22315,0.38253,1.7023199999999998,-1.3197899999999998,0.2247109826589595,0.055,0.00013,93283.84,6.098878,0
2025-11-18 13:45:19.265968,93295.36,83.13999999999942,0.0891148284330533,-0.448,-0.67115,0.1594,1.92719,-1.76779,0.082711097504657,0.00021,0.055,93283.835,6.108981,0
2025-11-18 13:45:21.298831,93290.125,93.58999999999652,0.1003214434539524,0.355,0.8029999999999999,0.38253,1.7953199999999998,-1.4127899999999998,0.2130706503575964,0.0001,0.00013,93290.31,6.109802,1
2025-11-18 13:45:23.336928,93283.84,84.60000000000582,0.0906909492576697,0.0087099999999999,-0.34629,0.05554,1.45962,-1.4040800000000002,0.0380509995752319,0.0001,0.055,93300.285,6.107953,1
2025-11-18 13:45:25.374949,93283.835,84.61000000000058,0.0907016740896218,0.10388,0.09517,0.15942,1.45962,-1.3002000000000002,0.1092202079993422,0.00023,0.055,93309.83,6.108743,1
2025-11-18 13:45:27.408633,93290.31,71.63999999999942,0.0767925414761719,-0.1107499999999998,-0.2146299999999998,0.15942,1.5703699999999998,-1.4109499999999997,0.1015174767729898,0.055,0.00013,93317.115,6.106351,1
2025-11-18 13:45:29.444881,93300.285,91.57000000000698,0.0981454665438663,-0.2250200000000001,-0.1142700000000003,0.1594,1.79537,-1.63597,0.088783927546968,0.00021,0.00013,93331.36,6.104147,1
2025-11-18 13:45:31.483692,93309.83,72.51999999998952,0.0777195714535001,0.31769,0.5427100000000002,0.38409,1.7023700000000002,-1.31828,0.225620752245399,0.10398,0.00013,93317.27,6.099455,1
2025-11-18 13:45:33.514984,93317.115,57.94999999999709,0.0621000767115411,-0.0927099999999997,-0.4103999999999997,0.15938,1.5703699999999998,-1.4109899999999995,0.1014920050688691,0.00019,0.00013,93317.28,6.105991,1
2025-11-18 13:45:35.549028,93331.36,86.44000000000233,0.0926162438863018,-0.2248499999999999,-0.1321400000000002,0.15938,1.7952199999999996,-1.6358399999999995,0.0887802052116175,0.00019,0.00013,93317.28,6.11061,0
2025-11-18 13:45:37.583147,93317.27,84.0399999999936,0.0900583568293346,0.13281,0.35766,0.29219,1.7952199999999996,-1.5030299999999996,0.1627599959893495,0.055,0.00013,93317.28,6.110215,1
2025-11-18 13:45:39.620975,93317.28,84.04000000000815,0.0900583471785805,-0.1664500000000001,-0.2992600000000002,0.15994,1.82942,-1.66948,0.0874266160859726,0.00021,1.04704,93317.29,6.101586,1
2025-11-18 13:45:41.659638,93317.28,84.04000000000815,0.0900583471785805,0.0,0.1664500000000001,0.15994,1.82942,-1.66948,0.0874266160859726,0.00021,1.04704,93317.29,6.092408,1
2025-11-18 13:45:43.693362,93317.28,84.04000000000815,0.0900583471785805,0.0,0.0,0.15994,1.82942,-1.66948,0.0874266160859726,0.00021,1.04704,93323.475,6.096215,1
2025-11-18 13:45:45.722561,93317.29,84.0399999999936,0.0900583375277974,0.0001199999999999,0.0001199999999999,0.16006,1.82942,-1.6693599999999995,0.0874922106459971,0.00023,0.055,93323.475,6.098775,1
2025-11-18 13:45:47.752046,93317.29,84.0399999999936,0.0900583375277974,0.0348099999999998,0.0346899999999998,0.16006,1.79461,-1.63455,0.0891892946099709,0.00023,0.055,93312.3,6.096383,0
2025-11-18 13:45:49.789577,93323.475,84.25,0.0902773926924602,0.22308,0.1882700000000001,0.38314,1.79461,-1.41147,0.2134948540351385,0.00023,1.04704,93308.945,6.096298,0
2025-11-18 13:45:51.821336,93323.475,84.25,0.0902773926924602,0.0,-0.22308,0.38314,1.79461,-1.41147,0.2134948540351385,0.00023,1.04704,93308.945,6.098314,0
2025-11-18 13:45:53.848429,93312.3,83.44000000000233,0.0894201514698515,0.0,0.0,0.38314,1.79461,-1.41147,0.2134948540351385,0.00023,0.055,93321.08,6.106447,1
2025-11-18 13:45:55.885875,93308.945,90.1299999999901,0.096593097264137,0.00021,0.00021,0.3833499999999999,1.79461,-1.41126,0.2136118711029137,0.00023,1.04704,93321.085,6.106404,1
2025-11-18 13:45:57.919650,93308.945,90.1299999999901,0.096593097264137,-0.00021,-0.00042,0.38314,1.79461,-1.41147,0.2134948540351385,0.00023,1.04704,93321.09,6.104391,1
2025-11-18 13:45:59.954876,93321.08,85.66000000000349,0.0917906222259788,-0.25787,-0.25766,0.16008,1.82942,-1.6693399999999998,0.0875031430726678,0.055,0.055,93313.345,6.100335,0
2025-11-18 13:46:01.992279,93321.085,85.65000000000873,0.0917799016160268,0.2246699999999999,0.4825399999999999,0.38475,1.82942,-1.44467,0.2103125580785167,0.00023,0.055,93308.3,6.106329,0
2025-11-18 13:46:04.024041,93321.09,85.63999999999942,0.0917691810072079,-0.22469,-0.44936,0.16006,1.82942,-1.6693599999999995,0.0874922106459971,0.00023,0.055,93308.3,6.111522,0
2025-11-18 13:46:06.055211,93313.345,70.14999999999418,0.0751768142059361,0.12594,0.35063,0.38314,1.92656,-1.5434199999999998,0.1988726019433602,0.00023,0.055,93308.3,6.115064,0
2025-11-18 13:46:08.098608,93308.3,80.24000000000524,0.0859944935230898,0.0,-0.12594,0.38314,1.92656,-1.5434199999999998,0.1988726019433602,0.00023,0.055,93308.305,6.109423,1
2025-11-18 13:46:12.170275,93308.3,80.24000000000524,0.0859944935230898,0.2250799999999998,0.2250799999999998,0.38337,1.7017099999999998,-1.3183399999999998,0.2252851543447473,0.00046,0.055,93309.955,6.102844,1
2025-11-18 13:46:14.208031,93308.305,80.22999999999593,0.0859837717553608,-0.22329,-0.4483699999999998,0.16008,1.7017099999999998,-1.5416299999999998,0.0940700824464803,0.00023,0.055,93312.8,6.095585,1
2025-11-18 13:46:16.243892,93308.3,80.22000000000116,0.0859730592026659,0.2230599999999999,0.4463499999999999,0.38314,1.7017099999999998,-1.3185699999999998,0.2251499961803127,0.00023,1.04704,93312.805,6.096514,1
2025-11-18 13:46:18.273119,93309.955,95.33000000000176,0.1021648761914007,-0.2230599999999999,-0.4461199999999999,0.16008,1.7017099999999998,-1.5416299999999998,0.0940700824464803,0.00023,0.055,93338.66,6.099274,1
2025-11-18 13:46:20.303616,93312.8,89.63999999999942,0.0960639912209251,0.2230599999999999,0.4461199999999999,0.38314,1.7017099999999998,-1.3185699999999998,0.2251499961803127,0.00023,0.055,93369.655,6.097578,1
2025-11-18 13:46:22.340406,93312.805,89.6299999999901,0.0960532694306961,-0.22308,-0.44614,0.16006,1.7017099999999998,-1.5416499999999995,0.0940583295626164,0.00023,0.055,93369.655,6.09313,1
2025-11-18 13:46:24.372393,93338.66,91.86000000000058,0.0984158118404534,-0.0001599999999998,0.2229200000000001,0.38475,1.92656,-1.54181,0.1997082883481438,0.00023,0.055,93367.005,6.096108,1
2025-11-18 13:46:26.401194,93369.655,20.69000000000233,0.0221592336396684,-0.2222199999999999,-0.2220600000000001,0.16253,1.92656,-1.7640299999999998,0.0843628020928494,0.00023,0.055,93361.515,6.096431,0
2025-11-18 13:46:28.433536,93369.655,20.69000000000233,0.0221592336396684,0.0,0.2222199999999999,0.16253,1.92656,-1.7640299999999998,0.0843628020928494,0.00023,0.055,93359.325,6.091819,0
2025-11-18 13:46:30.468501,93367.005,15.369999999995343,0.0164619182118943,-0.10433,-0.10433,0.0582,1.92656,-1.86836,0.030209284943111,0.00023,1.04704,93359.325,6.089738,0
2025-11-18 13:46:32.497625,93361.515,4.389999999999418,0.0047021516306793,0.0,0.10433,0.0582,1.92656,-1.86836,0.030209284943111,0.00023,0.055,93359.325,6.0924,0
2025-11-18 13:46:38.590025,93359.325,0.0099999999947613,1.0711302802115707e-05,0.0,-0.22651,0.0582,1.7017099999999998,-1.6435099999999998,0.0342008920438852,0.00023,0.055,93365.26,6.09171,1
2025-11-18 13:46:40.622549,93359.325,0.0099999999947613,1.0711302802115707e-05,-0.0297099999999999,-0.0297099999999999,0.0582,1.73142,-1.67322,0.0336140277922168,0.00023,1.10136,93373.57,6.090418,1
2025-11-18 13:46:42.650559,93359.325,0.0099999999947613,1.0711302802115707e-05,0.1319999999999999,0.1617099999999998,0.0582,1.5994199999999998,-1.5412199999999998,0.0363881907191356,0.00023,0.05432,93373.57,6.096166,1
2025-11-18 13:46:44.681735,93365.26,11.879999999990105,0.0127242188368458,-0.00068,-0.1326799999999999,0.0582,1.6001,-1.5418999999999998,0.0363727267045809,0.00023,0.055,93381.755,6.09266,1
2025-11-18 13:46:46.712967,93373.57,28.5,0.0305225557938932,-0.05216,-0.05148,0.10765,1.7017099999999998,-1.5940599999999998,0.0632598973973238,0.00023,0.055,93381.755,6.09373,1
2025-11-18 13:46:48.746725,93373.57,28.5,0.0305225557938932,-0.2742999999999998,-0.2221399999999998,0.0582,1.92656,-1.86836,0.030209284943111,0.00023,0.055,93389.3,6.090968,1
2025-11-18 13:46:50.774395,93381.755,44.86999999999534,0.0480500714513186,0.35273,0.6270299999999998,0.0582,1.5738299999999998,-1.5156299999999998,0.0369798516993576,0.00023,1.04704,93382.71,6.092713,1
2025-11-18 13:46:52.806697,93381.755,44.86999999999534,0.0480500714513186,0.0,-0.35273,0.0582,1.5738299999999998,-1.5156299999999998,0.0369798516993576,0.00023,1.04704,93378.935,6.090958,0
2025-11-18 13:46:54.837693,93389.3,59.95999999999185,0.0642043574585009,0.0,0.0,0.0582,1.5738299999999998,-1.5156299999999998,0.0369798516993576,0.00023,1.04704,93373.52,6.087625,0
2025-11-18 13:46:56.867108,93382.71,46.77999999999884,0.0500949265661693,0.0,0.0,0.0582,1.5738299999999998,-1.5156299999999998,0.0369798516993576,0.00023,0.055,93378.96,6.091165,0
2025-11-18 13:46:58.897655,93378.935,39.229999999995925,0.0420116164314745,0.0,0.0,0.0582,1.5738299999999998,-1.5156299999999998,0.0369798516993576,0.00023,1.04704,93370.665,6.093271,0
2025-11-18 13:47:00.925318,93373.52,28.39999999999418,0.0304154753938741,0.00246,0.00246,0.0582,1.57137,-1.51317,0.0370377441340995,0.00023,0.055,93367.55,6.096345,0
2025-11-18 13:47:02.958273,93378.96,39.27999999999884,0.0420651504364568,0.0,-0.00246,0.0582,1.57137,-1.51317,0.0370377441340995,0.00023,1.04704,93367.545,6.097811,0
2025-11-18 13:47:04.990926,93370.665,22.689999999987776,0.0243009943219187,-0.22324,-0.22324,0.0582,1.79461,-1.73641,0.0324304444976903,0.00023,1.04704,93367.545,6.093929,0
2025-11-18 13:47:07.021663,93367.55,16.45999999999185,0.0176292512762644,0.0,0.22324,0.0582,1.79461,-1.73641,0.0324304444976903,0.00023,0.055,93362.82,6.094935,0
2025-11-18 13:47:09.056084,93367.545,16.44999999999709,0.0176185418605545,0.0,0.0,0.0582,1.79461,-1.73641,0.0324304444976903,0.00023,1.04704,93362.82,6.091319,0
2025-11-18 13:47:11.084855,93367.545,16.44999999999709,0.0176185418605545,0.0,0.0,0.0582,1.79461,-1.73641,0.0324304444976903,0.00023,1.04704,93362.82,6.093479,0
2025-11-18 13:47:13.116598,93362.82,7.0,0.0074976312840593,0.0,0.0,0.0582,1.79461,-1.73641,0.0324304444976903,0.00023,1.04704,93322.32,6.091434,0
2025-11-18 13:47:15.147403,93362.82,7.0,0.0074976312840593,-0.00161,-0.00161,0.0582,1.7962199999999997,-1.7380199999999997,0.0324013762234024,0.00023,1.04704,93322.32,6.091529,0
2025-11-18 13:47:17.178334,93362.82,7.0,0.0074976312840593,0.0524899999999999,0.0540999999999999,0.0582,1.74373,-1.68553,0.0333767269015271,0.00023,1.04704,93319.125,6.090333,0
2025-11-18 13:47:19.208032,93322.32,31.0399999999936,0.0332610676631202,0.6220100000000002,0.5695200000000001,0.50347,1.56699,-1.06352,0.3212975194481139,0.0001,0.00023,93319.13,6.09416,0
2025-11-18 13:47:21.238932,93322.32,31.0399999999936,0.0332610676631202,-0.22484,-0.8468500000000002,0.27863,1.56699,-1.28836,0.1778122387507259,0.0001,0.00023,93297.29,6.095998,0
2025-11-18 13:47:23.268667,93319.125,24.64999999999418,0.0264147354574897,0.17108,0.39592,0.58152,1.6988,-1.1172799999999998,0.3423122203908642,0.0001,1.04395,93302.09,6.096372,0
2025-11-18 13:47:25.302192,93319.13,24.66000000000349,0.0264254499586563,-0.39477,-0.56585,0.41152,1.92357,-1.51205,0.2139355469257682,0.0001,0.055,93302.095,6.092546,0
2025-11-18 13:47:27.334930,93297.29,68.30000000000291,0.0732068423423691,0.82415,1.21892,0.41152,1.0994199999999998,-0.6878999999999998,0.3743064524931327,0.0001,0.00023,93358.075,6.088679,1
2025-11-18 13:47:29.365039,93302.09,77.89999999999418,0.0834922347398586,-0.3576800000000001,-1.1818300000000002,0.27865,1.32423,-1.04558,0.2104241710276915,0.0001,0.00023,93358.075,6.090916,1
2025-11-18 13:47:31.394738,93302.095,77.91000000000349,0.0835029481385208,0.0942,0.4518800000000001,0.28004,1.23142,-0.95138,0.2274122557697617,0.0001,0.00042,93458.625,6.094439,1
2025-11-18 13:47:33.423609,93358.075,34.08999999999651,0.0365153201798521,0.0586599999999998,-0.0355400000000002,0.67807,1.57079,-0.8927200000000002,0.4316745077317782,0.27791,5e-05,93452.22,6.10538,1
2025-11-18 13:47:35.455955,93358.075,34.070000000006985,0.036493897287414,1.56507,1.50641,0.6768000000000001,0.00445,0.6723500000000001,152.08988764044946,0.00012,4e-05,93452.22,6.10676,1
2025-11-18 13:47:37.489177,93458.625,26.70999999999185,0.0285794917269453,-1.79033,-3.3554,0.45241,1.5703899999999995,-1.1179799999999998,0.2880876724889996,0.00023,0.00131,93452.22,6.105579,0
2025-11-18 13:47:41.562715,93452.22,39.51999999998952,0.0422889900314722,0.0,0.26395,0.18846,1.5703899999999995,-1.3819299999999997,0.1200084055553079,0.00023,0.00131,93459.235,6.092562,1
2025-11-18 13:47:43.594756,93452.22,39.51999999998952,0.0422889900314722,0.0,0.0,0.18846,1.5703899999999995,-1.3819299999999997,0.1200084055553079,0.00023,0.00131,93459.235,6.089034,1
2025-11-18 13:47:45.625902,93452.22,39.51999999998952,0.0422889900314722,0.0,0.0,0.18846,1.5703899999999995,-1.3819299999999997,0.1200084055553079,0.00023,0.00131,93452.055,6.086526,0
2025-11-18 13:47:47.655277,93459.235,25.489999999990687,0.0272739232243776,0.26382,0.26382,0.45228,1.5703899999999995,-1.1181099999999995,0.2880048905049064,0.055,0.00131,93452.055,6.085788,0
2025-11-18 13:47:49.683790,93459.235,25.489999999990687,0.0272739232243776,0.0,-0.26382,0.45228,1.5703899999999995,-1.1181099999999995,0.2880048905049064,0.055,0.00131,93457.94,6.092449,0
2025-11-18 13:47:51.712428,93452.055,39.84999999999127,0.0426421869481535,-0.26381,-0.26381,0.18847,1.5703899999999995,-1.3819199999999996,0.1200147734002382,0.00023,0.00131,93464.18,6.097066,1
2025-11-18 13:47:53.741065,93452.055,39.84999999999127,0.0426421869481535,0.22277,0.48658,0.41124,1.57039,-1.15915,0.2618712549112004,0.00023,0.00131,93454.05,6.097376,1
2025-11-18 13:47:55.776239,93457.94,28.080000000001743,0.0300456012619171,0.04102,-0.1817499999999999,0.45226,1.57039,-1.1181299999999998,0.287992154815046,0.055,0.00131,93458.84,6.093226,1
2025-11-18 13:47:57.809494,93464.18,15.599999999991269,0.0166908862839124,-0.04093,-0.08195,0.41133,1.5703899999999995,-1.1590599999999998,0.2619285655155726,0.00023,0.00131,93452.95,6.092749,0
2025-11-18 13:47:59.838441,93454.05,35.86000000000058,0.038371798760996,-0.0001099999999999,0.04082,0.41122,1.5703899999999995,-1.1591699999999996,0.26185851922134,0.00023,0.00131,93452.95,6.096986,0
2025-11-18 13:48:01.869465,93458.84,26.27999999999884,0.0281193303918589,-0.00013,-2.0000000000001028e-05,0.41109,1.57039,-1.1593,0.2617757372372468,0.0001,0.00131,93452.955,6.098501,0
2025-11-18 13:48:03.902243,93452.95,38.05999999999767,0.0407263762139105,0.00013,0.00026,0.41122,1.5703899999999995,-1.1591699999999996,0.26185851922134,0.00023,0.00131,93456.995,6.096169,1
2025-11-18 13:48:05.935427,93452.95,38.05999999999767,0.0407263762139105,0.00011,-2e-05,0.41133,1.5703899999999995,-1.1590599999999998,0.2619285655155726,0.00034,0.00131,93456.995,6.096273,1
2025-11-18 13:48:07.967966,93452.955,38.05000000000291,0.0407156734637261,-0.133,-0.13311,0.27833,1.57039,-1.29206,0.1772362279433771,0.00023,0.00131,93462.735,6.091443,1
2025-11-18 13:48:09.998412,93456.995,29.970000000001164,0.0320682256047299,0.13289,0.26589,0.41122,1.57039,-1.15917,0.2618585192213399,0.00023,0.00131,93462.78,6.097718,1
2025-11-18 13:48:12.031700,93456.995,29.970000000001164,0.0320682256047299,0.0,-0.13289,0.41122,1.57039,-1.15917,0.2618585192213399,0.00023,0.00131,93462.735,6.094098,1
2025-11-18 13:48:14.059409,93462.735,18.489999999990687,0.0197832858197341,-0.1329,-0.1329,0.27832,1.5703899999999995,-1.2920699999999998,0.1772298600984469,0.00023,0.00131,93471.975,6.093284,1
2025-11-18 13:48:16.096130,93462.78,18.39999999999418,0.0196869812774605,-1.0000000000003062e-05,0.13289,0.27831,1.5703899999999995,-1.2920799999999997,0.1772234922535166,0.00023,0.00131,93471.975,6.089088,1
2025-11-18 13:48:18.125798,93462.735,18.489999999990687,0.0197832858197341,0.0200999999999999,0.0201099999999999,0.32127,1.5932499999999998,-1.27198,0.201644437470579,0.00023,0.00131,93471.975,6.090188,1
2025-11-18 13:48:36.405187,93471.975,0.0099999999947613,1.0698393817784752e-05,0.0008299999999999,0.0023399999999999,0.43805,1.5932499999999998,-1.1551999999999998,0.2749411580103562,0.055,0.00131,93466.615,6.085573,0
2025-11-18 13:48:38.431647,93471.975,0.0099999999947613,1.0698393817784752e-05,0.0,-0.0008299999999999,0.43805,1.5932499999999998,-1.1551999999999998,0.2749411580103562,0.055,0.00131,93466.615,6.090143,0
2025-11-18 13:48:40.461670,93471.975,0.0099999999947613,1.0698393817784752e-05,1.04354,1.04354,0.43805,0.54971,-0.11166,0.7968747157592184,0.055,0.00067,93466.615,6.090114,0
2025-11-18 13:48:42.490760,93466.615,10.710000000006405,0.0114586368619494,-0.4719999999999999,-1.51554,0.51847,1.1021299999999998,-0.5836599999999998,0.4704254489034869,0.0001,0.00023,93452.99,6.090604,0
2025-11-18 13:48:44.521790,93466.615,10.710000000006405,0.0114586368619494,0.0,0.4719999999999999,0.51847,1.1021299999999998,-0.5836599999999998,0.4704254489034869,0.0001,0.00023,93453.0,6.091444,0
2025-11-18 13:48:46.551784,93466.615,10.710000000006405,0.0114586368619494,0.0,0.0,0.51847,1.1021299999999998,-0.5836599999999998,0.4704254489034869,0.0001,0.00023,93452.495,6.094219,0
2025-11-18 13:48:50.613234,93453.0,37.94000000000233,0.0405979476314321,-0.13289,-0.13279,0.38548,1.1021299999999998,-0.7166499999999998,0.3497591028281601,0.00011,0.00023,93452.99,6.095717,0
2025-11-18 13:48:52.646003,93452.495,36.97000000000117,0.0395602064985008,0.13289,0.26578,0.51837,1.1021299999999998,-0.5837599999999998,0.4703347155054305,0.055,0.00023,93452.99,6.093209,1
2025-11-18 13:48:56.708951,93452.99,37.9600000000064,0.0406193531100571,-0.0001299999999999,-0.0002599999999999,0.51837,1.1021299999999998,-0.5837599999999998,0.4703347155054305,0.055,0.00023,93459.185,6.090365,1
2025-11-18 13:48:58.739212,93452.99,37.9600000000064,0.0406193531100571,0.00023,0.0003599999999999,0.5186,1.1021299999999998,-0.5835299999999999,0.4705434023209603,0.05523,0.00023,93459.185,6.090557,1
2025-11-18 13:49:00.772051,93452.99,37.9600000000064,0.0406193531100571,0.0,-0.00023,0.5186,1.1021299999999998,-0.5835299999999999,0.4705434023209603,0.05523,0.00023,93459.185,6.090084,1
2025-11-18 13:49:10.925606,93459.185,25.570000000006985,0.0273595366790401,0.0,0.0,0.3856,1.1257,-0.7401,0.3425424180509905,0.00023,0.00023,93451.845,6.097035,0
2025-11-18 13:49:12.957659,93459.185,25.570000000006985,0.0273595366790401,0.0,0.0,0.3856,1.1257,-0.7401,0.3425424180509905,0.00023,0.00023,93451.845,6.097057,0
2025-11-18 13:49:14.990712,93459.185,25.570000000006985,0.0273595366790401,0.0,0.0,0.3856,1.1257,-0.7401,0.3425424180509905,0.00023,0.00023,93451.85,6.094666,0
2025-11-18 13:49:17.022641,93451.845,40.25,0.043070310703871,0.13277,0.13277,0.51837,1.1257,-0.6073299999999999,0.460486808208226,0.055,0.00023,93451.855,6.097458,1
2025-11-18 13:49:19.054716,93451.845,40.25,0.043070310703871,0.0,-0.13277,0.51837,1.1257,-0.6073299999999999,0.460486808208226,0.055,0.00023,93455.4,6.098052,1
2025-11-18 13:49:21.085378,93451.85,40.25999999999476,0.0430810090971925,-0.4897199999999999,-0.4897199999999999,0.51837,1.61542,-1.09705,0.3208886852954649,0.055,0.02348,93455.4,6.111504,1
2025-11-18 13:49:23.120099,93451.855,40.25,0.0430703060950475,-0.13277,0.3569499999999999,0.3856,1.61542,-1.22982,0.2386995332483193,0.00023,0.02348,93455.405,6.107367,1
2025-11-18 13:49:25.152768,93455.4,33.15999999998894,0.0354821658245419,-0.2226199999999999,-0.0898499999999999,0.16298,1.61542,-1.4524400000000002,0.1008901709772071,0.00023,0.02348,93449.56,6.106697,0
2025-11-18 13:49:27.196882,93455.4,33.15999999998894,0.0354821658245419,0.2226199999999999,0.4452399999999999,0.3856,1.61542,-1.22982,0.2386995332483193,0.00023,0.02348,93449.57,6.094427,0
2025-11-18 13:49:29.227466,93455.405,33.14999999999418,0.0354714636355106,0.0,-0.2226199999999999,0.3856,1.61542,-1.22982,0.2386995332483193,0.00023,0.02348,93433.095,6.093654,0
2025-11-18 13:49:31.259465,93449.56,44.83999999999651,0.0479831044683319,0.0,0.0,0.3856,1.61542,-1.22982,0.2386995332483193,0.00023,0.02348,93449.565,6.093032,1
2025-11-18 13:49:33.291309,93449.57,44.81999999999243,0.047961697416042,-0.22262,-0.22262,0.1629799999999999,1.61542,-1.4524400000000002,0.1008901709772071,0.00023,0.02348,93454.045,6.09224,1
2025-11-18 13:49:35.321120,93433.095,11.869999999995343,0.0127042778578568,0.7114400000000001,0.93406,0.3856,1.1265999999999998,-0.7409999999999999,0.3422687733001953,0.00023,0.00166,93448.11,6.091499,1
2025-11-18 13:49:37.352497,93449.565,44.83000000000175,0.047972400941622,-0.48838,-1.19982,0.38583,1.61521,-1.22938,0.2388729638870487,0.00023,0.02327,93453.645,6.090542,1
2025-11-18 13:49:39.383549,93454.045,35.86999999999534,0.0383825012603738,0.0004699999999999,0.4888499999999999,0.3856,1.61451,-1.22891,0.2388340734959833,0.055,0.02257,93461.58,6.091621,1
2025-11-18 13:49:41.412619,93448.11,47.73999999999069,0.0510871755458625,0.13321,0.13274,0.51881,1.61451,-1.0957,0.3213420790208794,0.10786,0.02257,93461.585,6.089788,1
2025-11-18 13:49:43.443039,93453.645,36.669999999998254,0.0392387049215664,-0.0004399999999999,-0.13365,0.51837,1.61451,-1.09614,0.3210695505137781,0.055,0.02257,93464.335,6.089953,1
2025-11-18 13:49:45.475170,93461.58,20.80000000000291,0.0222551341417541,-0.13277,-0.13233,0.3856,1.61451,-1.22891,0.2388340734959833,0.055,0.02257,93464.335,6.090958,1
2025-11-18 13:49:47.502407,93461.585,20.7899999999936,0.0222444333679913,0.0003799999999999,0.13315,0.38577,1.6142999999999998,-1.22853,0.238970451588924,0.00023,0.02236,93467.735,6.092237,1
2025-11-18 13:49:49.532992,93464.335,15.289999999993595,0.0163591812855605,6.0000000000004494e-05,-0.0003199999999999,0.38583,1.6142999999999998,-1.2284699999999995,0.2390076194015982,0.00023,0.02236,93467.735,6.094354,1
2025-11-18 13:49:51.566128,93464.335,15.289999999993595,0.0163591812855605,0.0,-6.0000000000004494e-05,0.38583,1.6142999999999998,-1.2284699999999995,0.2390076194015982,0.00023,0.02236,93467.735,6.090798,1
2025-11-18 13:49:59.690747,93467.735,8.489999999990687,0.0090833483875378,0.0,0.0,0.16298,1.6142999999999998,-1.45132,0.1009601684940841,0.00023,0.02236,93525.64,6.09787,1
2025-11-18 13:50:01.724398,93467.735,8.489999999990687,0.0090833483875378,0.0,0.0,0.16298,1.6142999999999998,-1.45132,0.1009601684940841,0.00023,0.02236,93561.34,6.09819,1
2025-11-18 13:50:03.755883,93467.735,8.489999999990687,0.0090833483875378,0.22274,0.22274,0.3857199999999999,1.6142999999999998,-1.22858,0.2389394784116954,0.00023,0.02236,93561.335,6.094328,1
2025-11-18 13:50:05.788617,93525.64,107.10000000000582,0.1145140519754858,0.8801199999999999,0.6573799999999999,0.3606199999999999,0.70908,-0.3484600000000001,0.5085744908896033,0.08255,0.055,93561.34,6.091304,1
2025-11-18 13:50:07.822588,93561.34,35.69999999999709,0.0381567856980213,0.0012,-0.8789199999999999,0.36182,0.70908,-0.34726,0.5102668246178146,0.00143,0.055,93561.345,6.08951,1
2025-11-18 13:50:09.850211,93561.335,35.689999999987776,0.0381460995613067,0.03039,0.0291899999999999,0.36182,0.67869,-0.31687,0.5331152661745421,0.00143,0.00016,93561.345,6.092489,1
2025-11-18 13:50:11.879921,93561.34,35.69999999999709,0.0381567856980213,-0.03023,-0.06062,0.36182,0.70892,-0.3471,0.5103819895051628,0.00143,0.05484,93549.595,6.094249,0
2025-11-18 13:50:13.912098,93561.345,35.69000000000233,0.0381460954842005,-0.22251,-0.19228,0.13931,0.70892,-0.56961,0.1965101845060091,0.00023,0.05484,93549.595,6.090832,0
2025-11-18 13:50:15.942700,93561.345,35.69000000000233,0.0381460954842005,0.00032,0.22283,0.13931,0.7086,-0.5692900000000001,0.1965989274626023,0.00023,0.05452,93549.595,6.088734,0
2025-11-18 13:50:20.002930,93549.595,12.169999999998254,0.0130091423698822,0.00032,0.08489,0.05699,0.71053,-0.65354,0.0802077322562031,0.00023,0.05468,93554.39,6.09341,1
2025-11-18 13:50:22.031434,93549.595,12.169999999998254,0.0130091423698822,0.0,-0.00032,0.05699,0.71053,-0.65354,0.0802077322562031,0.00023,0.05468,93554.39,6.093754,1
2025-11-18 13:50:24.063023,93549.595,12.169999999998254,0.0130091423698822,0.0,0.0,0.05699,0.71053,-0.65354,0.0802077322562031,0.00023,0.05468,93554.39,6.093131,1
2025-11-18 13:50:26.096340,93554.39,21.760000000009317,0.0232591971365633,0.0,0.0,0.05699,0.71053,-0.65354,0.0802077322562031,0.00023,0.05468,93560.41,6.089824,1
2025-11-18 13:50:28.125188,93554.39,21.760000000009317,0.0232591971365633,0.00032,0.00032,0.05699,0.71021,-0.65322,0.0802438715309556,0.00023,0.05436,93560.41,6.091669,1
2025-11-18 13:50:30.156154,93554.39,21.760000000009317,0.0232591971365633,0.0,-0.00032,0.05699,0.71021,-0.65322,0.0802438715309556,0.00023,0.05436,93566.53,6.089653,1
2025-11-18 13:50:32.186164,93560.41,33.80000000000291,0.0361263914940121,-0.00064,-0.00064,0.05699,0.7108500000000001,-0.6538600000000001,0.0801716255187451,0.00023,0.055,93563.78,6.089582,1
2025-11-18 13:50:34.216857,93560.41,33.80000000000291,0.0361263914940121,0.0,0.00064,0.05699,0.7108500000000001,-0.6538600000000001,0.0801716255187451,0.00023,0.055,93560.33,6.090739,0
2025-11-18 13:50:36.245807,93566.53,46.04000000000815,0.0492056294061649,0.00497,0.00497,0.05699,0.7058800000000001,-0.6488900000000001,0.0807361024536748,0.00023,0.055,93560.33,6.094408,0
2025-11-18 13:50:38.275746,93563.78,40.54000000000815,0.0433287325501472,0.0,-0.00497,0.05699,0.7058800000000001,-0.6488900000000001,0.0807361024536748,0.00023,0.055,93560.33,6.095703,0
2025-11-18 13:50:40.307596,93560.33,33.63999999999942,0.035955409734018,-1.04134,-1.04134,0.05699,1.74722,-1.69023,0.0326175295612458,0.00023,1.06869,93559.515,6.096081,0
2025-11-18 13:50:42.340215,93560.33,33.63999999999942,0.035955409734018,0.0,1.04134,0.05699,1.74722,-1.69023,0.0326175295612458,0.00023,1.06869,93559.515,6.091364,0
2025-11-18 13:50:44.371449,93560.33,33.63999999999942,0.035955409734018,0.0003099999999998,0.0003099999999998,0.05699,1.7469100000000002,-1.68992,0.032623317743902,0.00023,1.06838,93559.515,6.08829,0
2025-11-18 13:50:46.403677,93559.515,32.01000000000931,0.0342135163911541,0.0,-0.0003099999999998,0.05699,1.7469100000000002,-1.68992,0.032623317743902,0.00023,1.06838,93551.125,6.09011,0
2025-11-18 13:50:48.431579,93559.515,32.01000000000931,0.0342135163911541,0.09024,0.09024,0.05699,1.65667,-1.59968,0.0344003331985247,0.00023,1.06838,93567.305,6.091786,1
2025-11-18 13:50:50.459739,93559.515,32.01000000000931,0.0342135163911541,0.00028,-0.0899599999999999,0.05699,1.65639,-1.5994,0.0344061483104824,0.00023,1.0681,93579.495,6.096489,1
2025-11-18 13:50:52.493787,93551.125,15.230000000010476,0.0162798683607604,0.0,-0.00028,0.05699,1.65639,-1.5994,0.0344061483104824,0.00023,0.055,93586.89,6.094898,1
2025-11-18 13:50:54.523365,93567.305,47.61000000000058,0.0508831583852934,-0.0074,-0.0074,0.13983,1.74663,-1.6068000000000002,0.0800570240978341,0.00023,0.055,93583.14,6.094847,1
2025-11-18 13:50:58.588685,93586.89,86.76000000000931,0.0927052923758972,-0.08284,-0.08284,0.05699,1.74663,-1.68964,0.0326285475458454,0.00023,1.0681,93576.23,6.094395,0
2025-11-18 13:51:00.618212,93583.14,79.26000000000931,0.084694743091554,0.0,0.08284,0.05699,1.74663,-1.68964,0.0326285475458454,0.00023,1.0681,93576.23,6.096378,0
2025-11-18 13:51:02.650807,93579.495,71.97000000000116,0.0769078738883995,0.00032,0.00032,0.05699,1.7463099999999998,-1.6893199999999997,0.0326345265159107,0.00023,1.06778,93570.71,6.091603,0
2025-11-18 13:51:04.683080,93576.23,65.44000000000233,0.0699322894286319,0.0,-0.00032,0.05699,1.7463099999999998,-1.6893199999999997,0.0326345265159107,0.00023,0.055,93570.71,6.09043,0
2025-11-18 13:51:06.714590,93576.23,65.44000000000233,0.0699322894286319,0.0,0.0,0.05699,1.7463099999999998,-1.6893199999999997,0.0326345265159107,0.00023,0.055,93570.71,6.090809,0
2025-11-18 13:51:12.805399,93570.71,54.40000000000873,0.0581378510433539,0.0,-0.00032,0.05699,1.74567,-1.68868,0.0326464910320965,0.00023,0.05468,93577.645,6.092705,1
2025-11-18 13:51:14.832725,93570.71,54.40000000000873,0.0581378510433539,0.0,0.0,0.05699,1.74567,-1.68868,0.0326464910320965,0.00023,0.05468,93577.65,6.098022,1
2025-11-18 13:51:16.865826,93570.71,54.40000000000873,0.0581378510433539,0.00035,0.00035,0.05699,1.74532,-1.68833,0.0326530378383333,0.00023,0.05433,93577.65,6.09755,1
2025-11-18 13:51:22.963376,93577.65,68.27999999999884,0.0729661409535277,0.0,-0.13195,0.05699,1.6137,-1.55671,0.0353163537212617,0.00023,0.055,93581.66,6.090876,1
2025-11-18 13:51:24.995337,93577.645,68.27000000000407,0.072955458539274,0.0,0.0,0.05699,1.6137,-1.55671,0.0353163537212617,0.00023,1.06712,93590.04,6.090448,1
2025-11-18 13:51:27.023994,93577.65,68.27999999999884,0.0729661409535277,0.0,0.0,0.05699,1.6137,-1.55671,0.0353163537212617,0.00023,0.055,93589.09,6.092742,1
2025-11-18 13:51:29.054252,93581.66,76.30000000000291,0.0815330696206958,0.0,0.0,0.05699,1.6137,-1.55671,0.0353163537212617,0.00023,0.055,93573.755,6.094693,0
2025-11-18 13:51:31.085785,93590.04,89.1200000000099,0.0952238080035118,0.3062799999999999,0.3062799999999999,0.36327,1.6137,-1.2504300000000002,0.2251161926008551,0.055,1.06712,93559.83,6.092372,0
2025-11-18 13:51:33.116736,93589.09,87.19999999999709,0.0931732534208817,-0.2222499999999999,-0.5285299999999999,0.14102,1.6137,-1.4726800000000002,0.087389229720518,0.00044,1.06712,93566.315,6.092464,0
2025-11-18 13:51:35.148945,93573.755,60.50999999999476,0.0646655678186632,-0.00021,0.2220399999999999,0.14081,1.6137,-1.47289,0.0872590940075602,0.00023,1.06712,93581.515,6.09242,1
2025-11-18 13:51:37.178157,93559.83,32.63999999999942,0.0348867671093453,-0.08382,-0.08361,0.05699,1.6137,-1.55671,0.0353163537212616,0.00023,0.055,93581.52,6.095765,1
2025-11-18 13:51:39.209200,93566.315,45.61000000000058,0.0487461753730502,0.0,0.08382,0.05699,1.6137,-1.55671,0.0353163537212616,0.00023,1.06712,93581.525,6.096351,1
2025-11-18 13:51:41.241365,93581.515,15.209999999991853,0.0162532098352883,1.0000000000000026e-05,1.0000000000000026e-05,0.057,1.6137,-1.5567000000000002,0.0353225506599739,0.00144,1.06712,93597.025,6.094213,1
2025-11-18 13:51:43.273922,93581.52,15.19999999999709,0.0162425230964373,0.08382,0.08381,0.14082,1.6137,-1.4728800000000002,0.0872652909462725,0.00023,1.06712,93589.78,6.093678,1
2025-11-18 13:51:45.305551,93581.525,15.210000000006405,0.016253208098507,0.0004600000000001,-0.0833599999999998,0.14105,1.61347,-1.47242,0.0874202805134276,0.00023,0.055,93587.19,6.090763,1
2025-11-18 13:51:47.335578,93597.025,46.19000000000233,0.0493498591434955,-0.0840499999999999,-0.0845100000000001,0.057,1.61347,-1.55647,0.0353275858863195,0.00023,1.06689,93587.19,6.093172,0
2025-11-18 13:51:49.367600,93589.78,31.70000000001164,0.0338712196994283,0.0,0.0840499999999999,0.057,1.61347,-1.55647,0.0353275858863195,0.00023,1.06689,93592.735,6.089945,1
2025-11-18 13:51:51.396314,93587.19,26.520000000004075,0.0283372115350445,0.0,0.0,0.057,1.61347,-1.55647,0.0353275858863195,0.00023,0.055,93592.73,6.094302,1
2025-11-18 13:51:53.428750,93587.19,26.520000000004075,0.0283372115350445,0.00023,0.00023,0.057,1.61324,-1.55624,0.0353326225484118,0.00023,0.05477,93592.73,6.093697,1
2025-11-18 13:51:55.457545,93592.735,37.61000000000058,0.0401847429717708,-0.00023,-0.00046,0.057,1.61347,-1.55647,0.0353275858863195,0.00023,0.055,93601.01,6.097992,1
2025-11-18 13:51:57.490616,93592.73,37.60000000000582,0.040174060527998,0.0,0.00023,0.057,1.61347,-1.55647,0.0353275858863195,0.00023,1.06689,93604.265,6.098602,1
2025-11-18 13:51:59.522447,93592.73,37.60000000000582,0.040174060527998,0.0002299999999999,0.0002299999999999,0.057,1.61324,-1.55624,0.0353326225484118,0.00023,1.06666,93604.27,6.096934,1
2025-11-18 13:52:01.555537,93601.01,54.16000000000349,0.0578626234909254,0.0,-0.0002299999999999,0.057,1.61324,-1.55624,0.0353326225484118,0.00023,1.06666,93604.27,6.094648,1
2025-11-18 13:52:03.589218,93604.265,60.670000000012806,0.0648154226733288,0.0,0.0,0.057,1.61324,-1.55624,0.0353326225484118,0.00023,1.06666,93604.27,6.092058,1
2025-11-18 13:52:09.681276,93604.27,60.68000000000757,0.0648261024844353,0.0,2.220446049250313e-16,0.057,1.61324,-1.55624,0.0353326225484118,0.00023,0.49048,93604.275,6.09303,1
2025-11-18 13:52:11.713576,93604.27,60.68000000000757,0.0648261024844353,0.0,0.0,0.057,1.61324,-1.55624,0.0353326225484118,0.00023,0.49048,93597.72,6.092841,0
2025-11-18 13:52:13.743136,93604.27,60.69999999999709,0.0648474690310571,0.0846300000000001,0.0846300000000001,0.14128,1.61289,-1.47161,0.0875943182734098,0.00023,0.0007,93597.715,6.093452,0
2025-11-18 13:52:15.774306,93604.275,60.69000000000233,0.0648367822944009,-0.08428,-0.1689100000000001,0.057,1.61289,-1.55589,0.0353402897903762,0.00023,0.0007,93597.715,6.089871,0
2025-11-18 13:52:17.806417,93597.72,47.58000000000175,0.0508345716113616,0.0,0.08428,0.057,1.61289,-1.55589,0.0353402897903762,0.00023,0.055,93597.715,6.090801,0
2025-11-18 13:52:19.836588,93597.715,47.570000000006985,0.0508238903054492,0.0,0.0,0.057,1.61289,-1.55589,0.0353402897903762,0.00023,1.06666,93593.365,6.089538,0
2025-11-18 13:52:21.864177,93597.715,47.570000000006985,0.0508238903054492,0.00034,0.00034,0.057,1.61255,-1.55555,0.035347741155313,0.00023,1.06632,93598.265,6.091762,1
2025-11-18 13:52:23.897218,93597.715,47.570000000006985,0.0508238903054492,0.0,-0.00034,0.057,1.61255,-1.55555,0.035347741155313,0.00023,1.06632,93598.265,6.091064,1
2025-11-18 13:52:25.926126,93593.365,38.870000000009895,0.0415307217557675,0.0,0.0,0.057,1.61255,-1.55555,0.035347741155313,0.00023,1.06632,93598.27,6.095695,1
2025-11-18 13:52:27.955939,93598.265,48.670000000012806,0.0519988271150248,0.0003499999999998,0.0003499999999998,0.057,1.6122,-1.5552,0.0353554149609229,0.00023,1.06597,93598.27,6.097689,1
2025-11-18 13:52:29.988282,93598.265,48.670000000012806,0.0519988271150248,0.0,-0.0003499999999998,0.057,1.6122,-1.5552,0.0353554149609229,0.00023,1.06597,93598.27,6.101129,1
2025-11-18 13:52:32.021821,93598.27,48.68000000000757,0.0520095082954071,0.0,0.0,0.057,1.6122000000000003,-1.5552000000000004,0.0353554149609229,0.00023,0.055,93595.965,6.099635,0
2025-11-18 13:52:34.053628,93598.27,48.68000000000757,0.0520095082954071,0.0,0.0,0.057,1.6122000000000003,-1.5552000000000004,0.0353554149609229,0.00023,0.055,93603.465,6.101231,1
2025-11-18 13:52:36.089411,93598.27,48.68000000000757,0.0520095082954071,0.0,0.0,0.057,1.6122000000000003,-1.5552000000000004,0.0353554149609229,0.00023,0.055,93603.465,6.097862,1
2025-11-18 13:52:38.121456,93595.965,44.070000000006985,0.0470853631350528,0.0,0.0,0.057,1.6122,-1.5552,0.0353554149609229,0.00023,1.06597,93596.96,6.098486,1
2025-11-18 13:52:40.154859,93603.465,59.070000000006985,0.0631066381997792,0.9339700000000002,0.9339700000000002,0.057,0.67823,-0.62123,0.0840422865399643,0.00023,0.055,93596.97,6.097891,0
2025-11-18 13:52:42.187273,93603.465,59.070000000006985,0.0631066381997792,-0.93318,-1.8671500000000003,0.057,1.6114100000000002,-1.5544100000000003,0.0353727480901818,0.00023,0.05465,93596.97,6.096829,0
2025-11-18 13:52:44.219942,93596.96,46.08000000000175,0.0492323682307649,0.0850200000000001,1.0182000000000002,0.14237,1.61176,-1.4693900000000002,0.0883320097284955,0.00023,1.06553,93594.25,6.096576,0
2025-11-18 13:52:46.252750,93596.97,46.08000000000175,0.0492323629707262,-0.08537,-0.1703900000000001,0.057,1.6117600000000003,-1.5547600000000004,0.035365066759319,0.00023,0.055,93590.955,6.097088,0
2025-11-18 13:52:48.284102,93596.97,46.08000000000175,0.0492323629707262,0.0,0.08537,0.057,1.6117600000000003,-1.5547600000000004,0.035365066759319,0.00023,0.055,93590.95,6.097522,0
2025-11-18 13:52:50.316518,93594.25,40.64000000001397,0.0434214708702874,0.0,0.0,0.057,1.61176,-1.55476,0.035365066759319,0.00023,1.06553,93584.765,6.092903,0
2025-11-18 13:52:52.349838,93590.955,34.05000000000291,0.0363817208618107,0.0,0.0,0.057,1.61176,-1.55476,0.035365066759319,0.00023,1.06553,93584.765,6.093041,0
2025-11-18 13:52:54.381624,93590.95,34.05999999999767,0.0363924075992365,0.08537,0.08537,0.14237,1.61176,-1.4693900000000002,0.0883320097284955,0.00023,1.06553,93584.765,6.094901,0
2025-11-18 13:53:00.476525,93584.765,21.67000000001281,0.0231554783516449,0.0,5.551115123125783e-17,0.057,1.61176,-1.55476,0.035365066759319,0.00023,0.055,93590.805,6.09268,1
2025-11-18 13:53:02.507519,93584.765,21.67000000001281,0.0231554783516449,0.0,0.0,0.057,1.61176,-1.55476,0.035365066759319,0.00023,0.055,93590.805,6.095843,1
2025-11-18 13:53:04.536762,93584.765,21.67000000001281,0.0231554783516449,0.0,0.0,0.057,1.61176,-1.55476,0.035365066759319,0.00023,0.055,93590.805,6.096814,1
2025-11-18 13:53:10.633576,93590.805,33.75,0.0360612348616939,0.0,0.0,0.057,1.61176,-1.55476,0.035365066759319,0.00023,1.06553,93571.17,6.143528,0
2025-11-18 13:53:12.712761,93590.805,33.75,0.0360612348616939,0.0,0.0,0.057,1.61176,-1.55476,0.035365066759319,0.00023,1.06553,93568.32,6.095741,0
2025-11-18 13:53:14.746227,93590.805,33.75,0.0360612348616939,0.24427,0.24427,0.30127,1.61176,-1.3104900000000002,0.1869198888171936,0.00023,1.06553,93550.035,6.096325,0
2025-11-18 13:53:16.777104,93571.17,73.01999999998952,0.0780368568651963,-0.16011,-0.4043800000000001,0.14116,1.61176,-1.4706,0.0875812776095696,0.00023,1.06553,93544.59,6.096957,0
2025-11-18 13:53:18.808502,93568.32,67.31999999999243,0.07194742836036,0.0,0.16011,0.14116,1.61176,-1.4706,0.0875812776095696,0.00023,1.06553,93516.705,6.097929,0
2025-11-18 13:53:20.842552,93550.035,30.75,0.0328701106311718,-0.13207,-0.13207,0.14104,1.74371,-1.60267,0.0808850095486061,0.00023,1.06553,93516.705,6.093926,0
2025-11-18 13:53:22.874061,93544.59,19.860000000000586,0.0212305169117749,-0.08537,0.0467,0.05567,1.74371,-1.68804,0.0319261803854998,0.00023,1.06553,93519.95,6.096433,0
2025-11-18 13:53:24.906431,93516.705,56.47000000000117,0.0603849333656496,0.0,0.08537,0.05567,1.74371,-1.68804,0.0319261803854998,0.00023,0.055,93516.6,6.09403,0
2025-11-18 13:53:26.936478,93516.705,56.47000000000117,0.0603849333656496,0.0,0.0,0.05567,1.74371,-1.68804,0.0319261803854998,0.00023,0.055,93516.6,6.095721,0
2025-11-18 13:53:28.970494,93519.95,62.95999999999185,0.0673225338550671,0.08537,0.08537,0.14104,1.74371,-1.60267,0.0808850095486061,0.00023,1.06553,93516.6,6.091576,0
2025-11-18 13:53:31.000461,93516.6,56.25999999999476,0.0601604421033215,-0.08539,-0.17076,0.05565,1.74371,-1.68806,0.0319147105883432,0.00023,1.06553,93502.615,6.08919,0
2025-11-18 13:53:33.032199,93516.6,56.25999999999476,0.0601604421033215,0.0,0.08539,0.05565,1.74371,-1.68806,0.0319147105883432,0.00023,1.06553,93492.38,6.0903,0
2025-11-18 13:53:35.062070,93516.6,56.25999999999476,0.0601604421033215,0.0,0.0,0.05565,1.74371,-1.68806,0.0319147105883432,0.00023,1.06553,93492.38,6.091263,0
2025-11-18 13:53:37.089651,93502.615,84.22999999999593,0.090083042062509,-0.09248,-0.09248,0.05567,1.83621,-1.7805399999999998,0.030317883030808,0.00023,1.06553,93497.88,6.096705,0
2025-11-18 13:53:39.122499,93492.38,63.75999999999476,0.0681980713294439,0.1781499999999999,0.2706299999999999,0.14104,1.74343,-1.60239,0.0808979999196985,0.00023,0.05472,93497.88,6.093035,1
2025-11-18 13:53:41.153333,93492.38,63.75999999999476,0.0681980713294439,0.0,-0.1781499999999999,0.14104,1.74343,-1.60239,0.0808979999196985,0.00023,0.05472,93497.88,6.095443,1
2025-11-18 13:53:43.186356,93497.88,74.75999999999476,0.0799590322261796,-0.0856499999999998,-0.0856499999999998,0.05567,1.74371,-1.68804,0.0319261803854998,0.00023,1.06553,93491.695,6.096248,0
2025-11-18 13:53:45.215534,93497.88,74.75999999999476,0.0799590322261796,0.0,0.0856499999999998,0.05567,1.74371,-1.68804,0.0319261803854998,0.00023,1.06553,93482.535,6.09946,0
2025-11-18 13:53:47.248776,93497.88,74.75999999999476,0.0799590322261796,0.08537,0.08537,0.14104,1.74371,-1.60267,0.0808850095486061,0.00023,1.06553,93482.535,6.093402,0
2025-11-18 13:53:49.282604,93491.695,87.1299999999901,0.0931954437236271,-0.08539,-0.17076,0.05565,1.74371,-1.68806,0.0319147105883432,0.00023,1.06553,93482.535,6.093112,0
2025-11-18 13:53:51.314994,93482.535,81.49000000000524,0.0871713630786812,2.000000000000001e-05,0.08541,0.05567,1.74371,-1.68804,0.0319261803854998,0.00023,0.055,93482.53,6.092129,0
2025-11-18 13:53:53.342178,93482.535,81.49000000000524,0.0871713630786812,0.0,-2.000000000000001e-05,0.05567,1.74371,-1.68804,0.0319261803854998,0.00023,0.055,93482.53,6.094998,0
2025-11-18 13:53:55.375716,93482.535,81.49000000000524,0.0871713630786812,0.0,0.0,0.05567,1.74371,-1.68804,0.0319261803854998,0.00023,0.055,93484.91,6.093153,1
2025-11-18 13:53:57.407123,93482.53,81.48000000001048,0.0871606705552475,0.0,0.0,0.05567,1.74371,-1.68804,0.0319261803854998,0.00023,1.06553,93484.37,6.095518,1
2025-11-18 13:53:59.437176,93482.53,81.48000000001048,0.0871606705552475,0.0,0.0,0.05567,1.74371,-1.68804,0.0319261803854998,0.00023,1.06553,93484.37,6.097116,1
2025-11-18 13:54:01.468869,93484.91,76.72000000000116,0.0820667207146064,0.0859699999999999,0.0859699999999999,0.14104,1.7431100000000002,-1.60207,0.080912851168314,0.055,0.0001,93484.37,6.095396,0
2025-11-18 13:54:03.502641,93484.37,75.59999999999127,0.0808691335246643,-0.0860099999999999,-0.1719799999999999,0.05563,1.74371,-1.6880799999999998,0.0319032407911866,0.00023,1.06553,93478.07,6.094668,0
2025-11-18 13:54:05.534292,93484.37,75.59999999999127,0.0808691335246643,0.0,0.0860099999999999,0.05563,1.74371,-1.6880799999999998,0.0319032407911866,0.00023,1.06553,93483.86,6.094225,0
2025-11-18 13:54:07.564265,93484.37,75.59999999999127,0.0808691335246643,0.0,0.0,0.05563,1.74371,-1.6880799999999998,0.0319032407911866,0.00023,1.06553,93483.86,6.097349,0
2025-11-18 13:54:09.597309,93478.07,88.18000000000757,0.0943322856366285,0.0862199999999999,0.0862199999999999,0.14125,1.7431100000000002,-1.6018600000000005,0.0810333254929407,0.00044,0.0001,93483.86,6.09672,1
2025-11-18 13:54:15.694029,93483.86,87.98000000001048,0.0941125024148665,0.0,0.0,0.14104,1.83571,-1.69467,0.0768313077773722,0.00023,0.0001,93513.2,6.100776,1
2025-11-18 13:54:17.728347,93483.86,87.98000000001048,0.0941125024148665,0.0,0.0,0.14104,1.83571,-1.69467,0.0768313077773722,0.00023,0.0001,93513.2,6.095739,1
2025-11-18 13:54:19.761860,93483.86,87.98000000001048,0.0941125024148665,0.0,0.0,0.14104,1.83571,-1.69467,0.0768313077773722,0.00023,0.0001,93513.2,6.090242,1
2025-11-18 13:54:29.912721,93513.2,29.320000000006985,0.0313538623424361,0.0,0.0,0.05698,1.83571,-1.77873,0.0310397611823218,0.00023,0.0001,93513.14,6.101394,0
2025-11-18 13:54:31.946217,93513.2,29.320000000006985,0.0313538623424361,0.0,0.0,0.05698,1.83571,-1.77873,0.0310397611823218,0.00023,0.0001,93513.13,6.09854,0
2025-11-18 13:54:33.983397,93513.2,29.320000000006985,0.0313538623424361,-0.132,-0.132,0.05698,1.96771,-1.91073,0.0289575191466222,0.00023,1.06563,93513.455,6.095152,1
2025-11-18 13:54:36.014115,93513.14,29.20000000001164,0.0312255582477624,9.9999999999989e-05,0.1321,0.05698,1.96761,-1.91063,0.0289589908569279,0.00023,1.06553,93477.815,6.097207,0
2025-11-18 13:54:38.044757,93513.13,29.180000000007567,0.0312041742159711,0.1319099999999999,0.1318099999999999,0.05698,1.8357,-1.77872,0.0310399302718309,0.00023,9e-05,93477.075,6.098459,0
2025-11-18 13:54:40.078549,93513.455,29.830000000001743,0.0318991529079978,0.93292,0.80101,0.05698,0.90278,-0.8458000000000001,0.0631161523294711,0.00023,0.055,93477.075,6.095653,0
2025-11-18 13:54:42.111322,93477.815,41.44999999999709,0.0443420719664843,-0.8652500000000001,-1.79817,0.25479,1.9658400000000005,-1.7110500000000002,0.1296087168843853,0.0001,1.06366,93480.68,6.091701,1
2025-11-18 13:54:44.143216,93477.075,39.97000000000117,0.0427591470956928,0.3782099999999999,1.24346,0.14301,1.4758500000000003,-1.3328400000000002,0.0969000914727106,0.0001,0.00049,93464.425,6.093882,0
2025-11-18 13:54:46.174202,93477.075,39.97000000000117,0.0427591470956928,0.13205,-0.2461599999999998,0.14299,1.34378,-1.20079,0.1064087871526589,0.0001,0.00023,93464.425,6.094462,0
2025-11-18 13:54:48.203023,93480.68,47.18000000000757,0.0504703217820062,-0.2647300000000001,-0.3967800000000002,0.27585,1.74137,-1.4655200000000002,0.1584097578343488,0.0001,0.00023,93464.425,6.096139,0
2025-11-18 13:54:56.328224,93464.425,79.66999999999825,0.0852409887505307,0.0,-0.22447,0.36745,1.34378,-0.97633,0.2734450579707988,0.0001,0.00023,93462.46,6.091532,0
2025-11-18 13:54:58.359251,93464.425,79.66999999999825,0.0852409887505307,-0.13184,-0.13184,0.14301,1.2511800000000002,-1.10817,0.1143001007049345,0.0001,0.00023,93462.46,6.09519,0
2025-11-18 13:55:00.389447,93464.425,79.66999999999825,0.0852409887505307,1e-05,0.13185,0.1430199999999999,1.2511800000000002,-1.1081600000000005,0.1143080931600568,0.0001,0.00023,93462.46,6.09789,0
2025-11-18 13:55:04.454441,93462.46,83.59999999999127,0.0894476777093083,0.0,-0.04023,0.27585,1.34378,-1.06793,0.2052791379541294,0.00011,0.00023,93462.465,6.097265,1
2025-11-18 13:55:06.487337,93462.46,83.59999999999127,0.0894476777093083,0.0,0.0,0.27585,1.34378,-1.06793,0.2052791379541294,0.00011,0.00023,93462.405,6.095486,0
2025-11-18 13:55:08.518911,93462.46,83.59999999999127,0.0894476777093083,0.0,0.0,0.27585,1.34378,-1.06793,0.2052791379541294,0.00011,0.00023,93466.42,6.099213,1
2025-11-18 13:55:10.551706,93462.465,83.57000000000698,0.0894155744768843,0.0915999999999999,0.0915999999999999,0.36745,1.3437799999999998,-0.9763299999999996,0.2734450579707988,0.055,1.06366,93443.485,6.114678,0
2025-11-18 13:55:12.582823,93462.405,83.45000000001164,0.089287238007637,-0.49005,-0.58165,0.3676199999999999,1.834,-1.46638,0.2004471101417666,0.05517,0.00026,93432.65,6.117128,0
2025-11-18 13:55:14.618124,93466.42,91.48000000001048,0.0978747233498517,-0.1319099999999999,0.35814,0.36745,1.96574,-1.5982899999999998,0.1869270605471731,0.055,1.06366,93439.69,6.111636,0
2025-11-18 13:55:16.666384,93443.485,45.61000000000058,0.0488102514584088,0.4901299999999999,0.6220399999999999,0.1430199999999999,1.2511799999999995,-1.1081599999999998,0.1143080931600569,0.00017,0.00023,93447.23,6.091021,1
2025-11-18 13:55:18.699951,93432.65,23.94000000000233,0.0256227346650259,0.0,-0.4901299999999999,0.1430199999999999,1.2511800000000002,-1.1081600000000005,0.1143080931600568,0.00017,0.00023,93447.23,6.089808,1
2025-11-18 13:55:20.729760,93439.69,38.02000000000408,0.0406893473212551,0.09975,0.09975,0.1430199999999999,1.15143,-1.00841,0.1242107640064962,0.00017,0.00023,93434.93,6.09185,0
2025-11-18 13:55:22.757405,93447.23,53.10000000000582,0.0568235141908495,-0.4582300000000001,-0.5579800000000001,0.1430199999999999,1.60966,-1.46664,0.0888510617148963,0.00017,0.00023,93434.93,6.097805,0
2025-11-18 13:55:24.789759,93447.23,53.10000000000582,0.0568235141908495,0.0,0.4582300000000001,0.1430199999999999,1.60966,-1.46664,0.0888510617148963,0.00017,0.00023,93434.925,6.109002,0
2025-11-18 13:55:26.821610,93434.93,28.5399999999936,0.0305453217549299,0.13283,0.13283,0.27585,1.60966,-1.3338099999999995,0.1713715940012176,0.00011,0.00023,93434.925,6.10711,0
2025-11-18 13:55:28.855210,93434.93,28.5399999999936,0.0305453217549299,-0.13171,-0.26454,0.27585,1.74137,-1.4655199999999995,0.1584097578343488,0.00011,0.00023,93434.925,6.105248,0
2025-11-18 13:55:30.898761,93434.925,28.52999999999884,0.0305346207534268,0.13191,0.26362,0.27602,1.60963,-1.3336100000000002,0.1714804023284854,0.00011,0.00023,93432.635,6.093527,0
2025-11-18 13:55:32.928720,93434.925,28.52999999999884,0.0305346207534268,-0.13174,-0.26365,0.27602,1.74137,-1.46535,0.1585073821186766,0.00011,0.00023,93429.545,6.093301,0
2025-11-18 13:55:34.960458,93434.925,28.52999999999884,0.0305346207534268,0.13154,0.26328,0.27585,1.60966,-1.3338100000000002,0.1713715940012176,0.00011,0.00023,93429.545,6.092463,0
2025-11-18 13:55:36.992288,93432.635,23.94999999999709,0.0256334416769869,-0.13154,-0.2630800000000001,0.27602,1.74137,-1.46535,0.1585073821186766,0.00011,0.00023,93436.63,6.092582,1
2025-11-18 13:55:39.022021,93429.545,17.75,0.018998272976712,-0.1327999999999999,-0.0012599999999999,0.14325,1.7414,-1.59815,0.0822613988744688,0.00023,1.06366,93436.625,6.093714,1
2025-11-18 13:55:41.052921,93429.545,17.75,0.018998272976712,-0.03199,0.1008099999999999,0.14325,1.77339,-1.63014,0.0807774939522609,0.00023,1.06366,93436.625,6.096925,1
2025-11-18 13:55:43.084870,93436.63,31.919999999998254,0.0341621909951142,-0.0001699999999999,0.03182,0.1430799999999999,1.77339,-1.63031,0.0806816323538533,0.00023,1.06366,93436.635,6.095888,1
2025-11-18 13:55:45.115735,93436.625,31.91000000000349,0.0341514903818534,-0.0554899999999999,-0.0553199999999999,0.0556,1.7414,-1.6858,0.0319283335247502,0.00023,0.00026,93436.635,6.095555,1
2025-11-18 13:55:47.149846,93436.625,31.91000000000349,0.0341514903818534,0.0,0.0554899999999999,0.0556,1.7414,-1.6858,0.0319283335247502,0.00023,0.00026,93436.29,6.092239,0
2025-11-18 13:55:49.180758,93436.635,31.930000000007567,0.0341728916072454,-0.03199,-0.03199,0.0556,1.77339,-1.71779,0.0313523815968286,0.00023,0.49048,93442.79,6.09461,1
2025-11-18 13:55:51.211290,93436.635,31.930000000007567,0.0341728916072454,-1.9999999999999185e-05,0.03197,0.05558,1.77339,-1.71781,0.0313411037617218,0.00023,0.49048,93442.785,6.097689,1
2025-11-18 13:55:53.242085,93436.29,31.24000000000524,0.0334345466841686,-0.1049499999999999,-0.1049299999999999,0.1430799999999999,1.96584,-1.82276,0.0727831359622349,0.00023,1.06366,93442.785,6.100014,1
2025-11-18 13:55:55.275368,93442.79,44.24000000000524,0.0473444767648796,0.0,0.1049499999999999,0.1430799999999999,1.96584,-1.82276,0.0727831359622349,0.00023,0.055,93438.94,6.096206,0
2025-11-18 13:55:57.308979,93442.785,44.229999999995925,0.0473337775623831,0.04426,0.04426,0.0556,1.8341000000000005,-1.7785000000000002,0.0303145957145193,0.00023,0.00026,93428.9,6.092627,0
2025-11-18 13:55:59.342099,93442.785,44.229999999995925,0.0473337775623831,-0.04426,-0.0885200000000001,0.1430799999999999,1.96584,-1.82276,0.0727831359622349,0.00023,1.06366,93428.895,6.091322,0
2025-11-18 13:56:01.371574,93438.94,36.54000000000815,0.0391057518417997,0.0,0.04426,0.1430799999999999,1.96584,-1.82276,0.0727831359622349,0.00023,1.06366,93428.89,6.095225,0
2025-11-18 13:56:03.401606,93428.9,16.460000000006403,0.0176176750448805,0.0,0.0,0.1430799999999999,1.96584,-1.82276,0.0727831359622349,0.00023,0.055,93392.0,6.095506,0
2025-11-18 13:56:05.433421,93428.895,16.44999999999709,0.0176069726608637,0.0,0.0,0.1430799999999999,1.96584,-1.82276,0.0727831359622349,0.00023,1.06366,93387.045,6.094997,0
2025-11-18 13:56:07.466799,93428.89,16.44000000000233,0.0175962702757169,0.04426,0.04426,0.0556,1.8341,-1.7784999999999995,0.0303145957145193,0.00023,0.00026,93383.095,6.094128,0
2025-11-18 13:56:09.497112,93392.0,38.320000000006985,0.0410313517217823,0.8559000000000002,0.8116400000000001,0.42086,1.34346,-0.9226,0.3132657466541617,0.0001,0.055,93356.165,6.094006,0
2025-11-18 13:56:11.528418,93387.045,28.41000000000349,0.0304217785239949,0.00083,-0.8550700000000002,0.55369,1.47546,-0.92177,0.3752660187331408,0.0001,1.06355,93356.165,6.092317,0
2025-11-18 13:56:13.560927,93383.095,20.510000000009317,0.0219632900366059,-0.3585100000000001,-0.3593400000000001,0.32896,1.60924,-1.28028,0.2044194775173373,0.0001,0.00023,93356.16,6.089255,0
2025-11-18 13:56:15.591118,93356.165,63.59000000001106,0.0681154801078333,-0.2246999999999999,0.1338100000000001,0.32896,1.83394,-1.5049800000000002,0.1793733709935984,0.0001,1.06355,93356.16,6.094137,0
2025-11-18 13:56:17.620735,93356.165,63.59000000001106,0.0681154801078333,0.2246099999999998,0.4493099999999998,0.32896,1.60933,-1.28037,0.2044080455841872,0.0001,0.00042,93356.16,6.10018,0
2025-11-18 13:56:19.650182,93356.16,63.58000000000175,0.0681047720900278,0.0,-0.2246099999999998,0.32896,1.60933,-1.28037,0.2044080455841872,0.0001,0.00023,93352.87,6.101979,0
2025-11-18 13:56:21.685255,93356.16,63.58000000000175,0.0681047720900278,-0.09307,-0.09307,0.23589,1.60933,-1.37344,0.1465765256348915,0.0001,0.00023,93358.115,6.102671,1
2025-11-18 13:56:23.720915,93356.16,63.58000000000175,0.0681047720900278,0.0,0.09307,0.23589,1.60933,-1.37344,0.1465765256348915,0.0001,0.00023,93346.075,6.098482,0
2025-11-18 13:56:25.752161,93352.87,57.0,0.0610586476880678,-0.03972,-0.03972,0.19598,1.60914,-1.41316,0.1217917645450364,0.0001,0.00023,93346.075,6.099367,0
2025-11-18 13:56:27.787926,93358.115,67.49000000000524,0.072291519596347,-0.22474,-0.1850199999999999,0.19598,1.83388,-1.6379,0.1068663162257072,0.0001,1.06349,93342.835,6.092698,0
2025-11-18 13:56:29.819397,93346.075,91.55000000000292,0.0980758966030472,0.4493,0.67404,0.42071,1.60931,-1.1886,0.2614225972621807,0.055,0.00023,93342.835,6.093236,0
2025-11-18 13:56:31.851528,93346.075,91.55000000000292,0.0980758966030472,0.0,-0.4493,0.42071,1.60931,-1.1886,0.2614225972621807,0.055,0.00023,93342.84,6.100427,0
2025-11-18 13:56:33.880624,93342.835,85.05000000000291,0.091115724093877,-0.22457,-0.22457,0.19597,1.60914,-1.41317,0.1217855500453658,0.00016,0.00023,93337.605,6.101523,0
2025-11-18 13:56:35.912633,93342.835,85.05000000000291,0.091115724093877,0.0,0.22457,0.19597,1.60914,-1.41317,0.1217855500453658,0.00016,0.00023,93327.135,6.102098,0
2025-11-18 13:56:37.951955,93342.84,85.0399999999936,0.0911050060186658,-0.05249,-0.05249,0.1434,1.6090600000000002,-1.4656600000000002,0.0891203559842392,0.00016,0.00015,93322.685,6.090938,0
2025-11-18 13:56:39.982147,93337.605,74.56999999999243,0.0798927720504425,0.8042600000000002,0.8567500000000002,0.24099,0.90239,-0.6614000000000001,0.2670574806901672,0.00016,0.055,93328.015,6.08959,0
2025-11-18 13:56:42.014731,93327.135,83.7100000000064,0.0896952424394109,-0.8834599999999999,-1.68772,0.19605,1.74091,-1.54486,0.1126135182174839,0.00017,0.055,93328.01,6.088867,1
2025-11-18 13:56:44.042893,93322.685,74.79000000000815,0.0801412861192411,0.3549000000000001,1.23836,0.19604,1.386,-1.18996,0.1414430014430014,0.00016,0.00013,93328.015,6.092053,1
2025-11-18 13:56:50.134946,93328.015,91.52999999999884,0.0980734455779423,-0.0001699999999999,0.1316599999999999,0.19604,1.5180100000000003,-1.3219700000000003,0.1291427592703605,0.00016,1.06346,93328.01,6.097953,0
2025-11-18 13:56:52.167476,93328.015,91.52999999999884,0.0980734455779423,-0.05257,-0.0524,0.14347,1.5180100000000003,-1.3745400000000003,0.0945118938610417,0.00016,1.06346,93325.46,6.097833,0
2025-11-18 13:56:54.198623,93328.01,91.5399999999936,0.098084165729017,-0.30591,-0.25334,0.19604,1.87649,-1.6804500000000002,0.1044716465315562,0.00016,1.06346,93315.41,6.09982,0
2025-11-18 13:56:56.232899,93328.01,91.5399999999936,0.098084165729017,0.0,0.30591,0.19604,1.87649,-1.6804500000000002,0.1044716465315562,0.00016,1.06346,93315.41,6.098725,0
2025-11-18 13:56:58.265309,93325.46,86.43999999998778,0.0926220990499139,0.04272,0.04272,0.19621,1.83394,-1.63773,0.1069882329847214,0.00033,1.06332,93311.565,6.097565,0
2025-11-18 13:57:00.298443,93315.41,86.75999999999476,0.0929749973771692,-0.1321599999999999,-0.17488,0.19604,1.96593,-1.76989,0.0997187081940862,0.00016,1.06345,93309.18,6.098342,0
2025-11-18 13:57:02.331624,93315.41,86.75999999999476,0.0929749973771692,0.0,0.1321599999999999,0.19604,1.96593,-1.76989,0.0997187081940862,0.00016,1.06345,93309.18,6.097982,0
2025-11-18 13:57:04.362874,93311.565,79.07000000000698,0.0847376206797163,0.0003299999999999,0.0003299999999999,0.1962399999999999,1.9658,-1.76956,0.0998270424254756,0.00016,0.055,93317.78,6.09831,1
2025-11-18 13:57:06.396785,93309.18,83.81999999999243,0.0898303896786923,0.2247200000000001,0.2243900000000002,0.1960699999999999,1.7409100000000002,-1.5448400000000002,0.1126250064621375,0.00016,0.00011,93317.78,6.092398,1
2025-11-18 13:57:08.429606,93309.18,83.81999999999243,0.0898303896786923,0.0,-0.2247200000000001,0.1960699999999999,1.7409100000000002,-1.5448400000000002,0.1126250064621375,0.00016,0.00011,93317.78,6.092148,1
2025-11-18 13:57:10.461184,93317.78,90.44000000000231,0.0969161503842058,-0.2774900000000001,-0.2774900000000001,0.14347,1.9658,-1.82233,0.0729830094617967,0.00016,0.055,93314.78,6.095015,0
2025-11-18 13:57:12.489183,93317.78,90.44000000000231,0.0969161503842058,0.0,0.2774900000000001,0.14347,1.9658,-1.82233,0.0729830094617967,0.00016,0.055,93314.785,6.098111,0
2025-11-18 13:57:14.521754,93317.78,90.44000000000231,0.0969161503842058,0.0,0.0,0.14347,1.9658,-1.82233,0.0729830094617967,0.00016,0.055,93305.385,6.098897,0
2025-11-18 13:57:16.556199,93314.78,84.44000000000233,0.0904894165747401,0.4497,0.4497,0.3682999999999999,1.74093,-1.37263,0.2115535949176589,0.00016,0.055,93305.39,6.094211,0
2025-11-18 13:57:18.587294,93314.785,84.42999999999302,0.0904786953107088,-0.44971,-0.89941,0.14346,1.9658,-1.82234,0.0729779224743107,0.00016,0.055,93305.385,6.095288,0
2025-11-18 13:57:20.620651,93305.385,91.43000000000757,0.097990057058344,0.4103399999999999,0.86005,0.32891,1.7409100000000002,-1.412,0.1889299274517349,0.055,0.055,93300.9,6.09105,0
2025-11-18 13:57:22.650410,93305.39,91.4200000000128,0.0979793343128546,-0.2774999999999999,-0.6878399999999998,0.2763,1.9658,-1.6895,0.1405534642384779,0.00016,0.055,93300.895,6.091612,0
2025-11-18 13:57:24.682582,93305.385,91.41000000000348,0.0979686220682798,-0.08024,0.1972599999999999,0.19606,1.9658,-1.76974,0.0997354766507274,0.00016,1.06332,93300.89,6.088611,0
2025-11-18 13:57:26.711701,93300.9,82.41999999999825,0.0883378402566301,-0.05259,0.02765,0.14347,1.9658,-1.82233,0.0729830094617967,0.00016,0.055,93291.31,6.091835,0
2025-11-18 13:57:28.742022,93300.895,82.41000000000349,0.0883271269798681,0.0,0.05259,0.14347,1.9658,-1.82233,0.0729830094617967,0.00016,1.06332,93291.305,6.106881,0
2025-11-18 13:57:30.771193,93300.89,82.39999999999418,0.0883164137019423,0.22491,0.22491,0.14347,1.74089,-1.59742,0.0824118697907392,0.00016,9e-05,93288.565,6.110747,0
2025-11-18 13:57:32.803536,93291.31,65.04000000000815,0.0697171044119845,0.40974,0.18483,0.3288999999999999,1.51658,-1.18768,0.2168695354020229,0.0001,0.055,93288.56,6.111608,0
2025-11-18 13:57:34.848903,93291.305,65.00999999999476,0.0696849508107907,-0.14427,-0.55401,0.14347,1.4754200000000002,-1.3319500000000002,0.0972401079014788,0.00016,0.0001,93288.56,6.0931,0
2025-11-18 13:57:36.881940,93288.565,59.52999999999884,0.0638127513270236,-0.49038,-0.34611,0.14347,1.9658,-1.82233,0.0729830094617967,0.00016,0.055,93275.46,6.092253,0
2025-11-18 13:57:38.915144,93288.56,59.52000000000408,0.0638020353192332,0.1319200000000001,0.6223000000000002,0.14347,1.83388,-1.6904100000000002,0.0782330359674569,0.00016,8e-05,93275.46,6.094366,0
2025-11-18 13:57:40.942003,93288.56,59.52000000000408,0.0638020353192332,-0.1319999999999997,-0.2639199999999999,0.14347,1.96588,-1.82241,0.0729800394734164,0.00016,1.0634,93275.46,6.100723,0
2025-11-18 13:57:45.009510,93275.46,85.72000000000116,0.0918998416089303,0.0,0.0,0.14347,1.96588,-1.82241,0.0729800394734164,0.00016,1.0634,93267.57,6.099675,0
2025-11-18 13:57:47.042726,93275.46,85.72000000000116,0.0918998416089303,0.0,0.0,0.14347,1.96588,-1.82241,0.0729800394734164,0.00016,1.0634,93267.57,6.098679,0
2025-11-18 13:57:49.077063,93275.46,85.72000000000116,0.0918998416089303,0.0,0.0,0.14347,1.96588,-1.82241,0.0729800394734164,0.00016,1.0634,93257.065,6.09602,0
2025-11-18 13:57:51.109185,93267.57,69.93999999998778,0.0749885517549002,0.0516799999999998,0.0516799999999998,0.1960699999999999,1.9668,-1.77073,0.0996898515354891,0.00016,0.055,93257.065,6.095907,0
2025-11-18 13:57:53.141405,93267.57,69.93999999998778,0.0749885517549002,0.0,-0.0516799999999998,0.1960699999999999,1.9668,-1.77073,0.0996898515354891,0.00016,0.055,93257.065,6.095397,0
2025-11-18 13:57:55.173083,93257.065,90.91000000000348,0.0974832308951643,0.2249299999999999,0.2249299999999999,0.1960699999999999,1.74187,-1.5458,0.112562935236269,0.00016,7e-05,93257.075,6.09118,1
2025-11-18 13:57:57.205092,93257.065,90.91000000000348,0.0974832308951643,0.0,-0.2249299999999999,0.1960699999999999,1.74187,-1.5458,0.112562935236269,0.00016,7e-05,93259.595,6.089903,1
2025-11-18 13:57:59.236802,93257.065,90.91000000000348,0.0974832308951643,0.0,0.0,0.1960699999999999,1.74187,-1.5458,0.112562935236269,0.00016,7e-05,93259.595,6.085809,1
2025-11-18 13:58:01.264263,93257.075,90.92999999999302,0.0975046665360167,-0.22492,-0.22492,0.1960799999999999,1.9668,-1.77072,0.0996949359365466,0.00016,0.055,93259.595,6.093536,1
2025-11-18 13:58:03.294995,93259.595,85.86999999999534,0.0920763166513808,0.22511,0.4500300000000001,0.19627,1.74188,-1.5456100000000002,0.1126771074930534,0.00016,8e-05,93256.855,6.095272,0
2025-11-18 13:58:05.322611,93259.595,85.86999999999534,0.0920763166513808,-0.2249999999999997,-0.4501099999999998,0.19627,1.96688,-1.77061,0.0997874806800618,0.00016,1.0634,93256.85,6.100043,0
2025-11-18 13:58:07.357799,93259.595,85.86999999999534,0.0920763166513808,-0.00019,0.2248099999999998,0.1960799999999999,1.96688,-1.7708,0.0996908809891808,0.00016,1.0634,93256.85,6.091332,0
2025-11-18 13:58:09.390267,93256.855,80.38999999999942,0.086202778337313,0.0002699999999998,0.0004599999999998,0.19627,1.9668,-1.7705300000000002,0.0997915395566402,0.00016,0.055,93256.85,6.091554,0
2025-11-18 13:58:13.449131,93256.85,80.3799999999901,0.0861920598862068,0.0,-0.22474,0.1960799999999999,1.74187,-1.54579,0.1125686761928272,0.00016,7e-05,93256.855,6.095397,1
2025-11-18 13:58:15.481821,93256.85,80.3799999999901,0.0861920598862068,0.0,0.0,0.1960799999999999,1.74187,-1.54579,0.1125686761928272,0.00016,7e-05,93256.855,6.09551,1
2025-11-18 13:58:17.513024,93256.85,80.3799999999901,0.0861920598862068,0.0,0.0,0.1960799999999999,1.74187,-1.54579,0.1125686761928272,0.00016,7e-05,93278.175,6.095041,1
2025-11-18 13:58:19.544528,93256.855,80.38999999999942,0.086202778337313,-0.22474,-0.22474,0.19627,1.9668,-1.7705300000000002,0.0997915395566402,0.00016,0.055,93278.175,6.094875,1
2025-11-18 13:58:21.577331,93256.855,80.38999999999942,0.086202778337313,0.0,0.22474,0.19627,1.9668,-1.7705300000000002,0.0997915395566402,0.00016,0.055,93285.3,6.095558,1
2025-11-18 13:58:23.608065,93278.175,93.69000000000231,0.1004415019912239,0.04598,0.04598,0.14349,1.86804,-1.7245500000000002,0.0768131303398214,0.00016,1.06332,93291.355,6.095519,1
2025-11-18 13:58:25.639403,93278.175,93.69000000000231,0.1004415019912239,0.0,-0.04598,0.14349,1.86804,-1.7245500000000002,0.0768131303398214,0.00016,1.06332,93273.735,6.095798,0
2025-11-18 13:58:27.672889,93285.3,79.41999999999825,0.0851366721230443,0.1669699999999998,0.1669699999999998,0.2763,1.83388,-1.5575800000000002,0.1506641655942591,0.055,8e-05,93273.735,6.094074,0
2025-11-18 13:58:29.703584,93291.355,91.49000000000524,0.0980691083327123,-1e-05,-0.1669799999999998,0.2763,1.83389,-1.55759,0.1506633440391735,0.00016,9e-05,93269.14,6.091926,0
2025-11-18 13:58:31.735201,93273.735,92.36999999999534,0.0990310938014815,-0.2647199999999999,-0.2647099999999999,0.14349,1.9658,-1.8223100000000003,0.0729931834367687,0.00016,1.06332,93257.41,6.088789,0
2025-11-18 13:58:33.766963,93273.735,92.36999999999534,0.0990310938014815,0.0,0.2647199999999999,0.14349,1.9658,-1.8223100000000003,0.0729931834367687,0.00016,1.06332,93257.415,6.088087,0
2025-11-18 13:58:35.795510,93269.14,83.17999999999302,0.0891827672046649,0.2248300000000001,0.2248300000000001,0.3683999999999999,1.96588,-1.59748,0.1873969926953832,0.00016,1.0634,93241.925,6.089797,0
2025-11-18 13:58:37.823990,93257.41,79.25999999999476,0.0849905653609667,-0.1733400000000001,-0.3981700000000002,0.1960799999999999,1.9669,-1.77082,0.0996898673038791,0.00016,1.06332,93249.015,6.089309,0
2025-11-18 13:58:39.855050,93257.415,79.27000000000407,0.085001283812128,0.94501,1.1183500000000002,0.1082299999999999,0.93404,-0.8258100000000002,0.115872981885144,0.00016,0.055,93237.275,6.089974,0
2025-11-18 13:58:41.885307,93241.925,48.29000000000815,0.0517900075529416,-0.94496,-1.8899700000000004,0.19613,1.9669,-1.7707700000000002,0.0997152880166759,0.00016,0.055,93251.895,6.09196,1
2025-11-18 13:58:43.913299,93249.015,62.47000000000117,0.0669926647482562,3.0000000000002247e-05,0.94499,0.19616,1.9669,-1.77074,0.099730540444354,0.00016,1.06332,93261.09,6.092746,1
2025-11-18 13:58:45.945024,93237.275,85.94999999999709,0.092184161323888,0.0,-3.0000000000002247e-05,0.19616,1.9669,-1.77074,0.099730540444354,0.00016,1.06332,93261.095,6.094672,1
2025-11-18 13:58:47.977267,93251.895,82.66999999999825,0.0886523539280336,0.0801499999999998,0.0801499999999998,0.14352,1.83411,-1.69059,0.0782504866120352,0.055,0.00021,93261.095,6.092036,1
2025-11-18 13:58:52.039696,93261.095,89.66999999999825,0.096149417932524,-0.13284,-0.3578200000000001,0.36845,1.9669,-1.59845,0.187325232599522,0.00016,1.06332,93261.09,6.093985,0
2025-11-18 13:58:54.069303,93261.095,89.66999999999825,0.096149417932524,0.0,0.13284,0.36845,1.9669,-1.59845,0.187325232599522,0.00016,1.06332,93261.09,6.09683,0
2025-11-18 13:58:56.102564,93261.09,89.66000000000349,0.096138700502003,0.1327899999999998,0.1327899999999998,0.36845,1.83411,-1.4656600000000002,0.2008876239702089,0.00016,0.00021,93261.095,6.090854,1
2025-11-18 13:58:58.133681,93261.09,89.66000000000349,0.096138700502003,0.0,-0.1327899999999998,0.36845,1.83411,-1.4656600000000002,0.2008876239702089,0.00016,0.00021,93263.89,6.086644,1
2025-11-18 13:59:00.166133,93261.09,89.66000000000349,0.096138700502003,-0.0919599999999999,-0.0919599999999999,0.27649,1.83411,-1.55762,0.1507488645719177,0.0003,0.00021,93263.895,6.086837,1
2025-11-18 13:59:02.193418,93261.095,89.64999999999418,0.0961279727629127,-0.133,-0.04104,0.14349,1.83411,-1.69062,0.0782341299049675,0.00016,0.00021,93263.89,6.091357,1
2025-11-18 13:59:06.252970,93263.895,84.08999999999651,0.0901635086117693,0.0,0.0801299999999999,0.19615,1.9669,-1.77075,0.0997254563017946,0.00016,0.055,93252.855,6.095251,0
2025-11-18 13:59:08.284775,93263.89,84.10000000000582,0.090174235709025,0.13284,0.13284,0.32899,1.9669,-1.6379100000000002,0.1672632060602979,0.055,0.055,93247.2,6.103399,0
2025-11-18 13:59:10.317910,93263.89,84.0799999999872,0.0901527911820825,0.1723899999999999,0.0395499999999999,0.36859,1.83411,-1.4655200000000002,0.2009639552698583,0.0003,0.00021,93247.2,6.099313,0
2025-11-18 13:59:12.348221,93252.855,84.56999999999243,0.090688912419885,-0.1329299999999999,-0.3053199999999998,0.36845,1.9669,-1.59845,0.187325232599522,0.00016,1.06332,93253.845,6.108337,1
2025-11-18 13:59:14.388174,93247.2,78.5,0.0841848334319958,-0.09215,0.0407799999999998,0.14351,1.83411,-1.6906,0.078245034376346,0.00016,0.00021,93253.995,6.100284,1
2025-11-18 13:59:16.417223,93247.2,78.5,0.0841848334319958,0.0,0.09215,0.14351,1.83411,-1.6906,0.078245034376346,0.00016,0.00021,93254.005,6.101155,1
2025-11-18 13:59:18.456558,93253.845,91.79000000000816,0.0984302577550643,-0.1327899999999999,-0.1327899999999999,0.14351,1.9669,-1.82339,0.0729625298693375,0.00016,1.06332,93254.005,6.089435,1
2025-11-18 13:59:20.488458,93253.995,91.47000000000116,0.0980869505912332,0.1854299999999998,0.3182199999999998,0.19615,1.83411,-1.63796,0.1069456030445284,0.055,0.00021,93254.005,6.086577,1
2025-11-18 13:59:24.545993,93254.005,91.47000000000116,0.0980869400729771,0.0,0.1327899999999998,0.19615,1.9669,-1.77075,0.0997254563017946,0.00016,1.06332,93253.99,6.095447,0
2025-11-18 13:59:26.575035,93254.005,91.47000000000116,0.0980869400729771,0.0,0.0,0.19615,1.9669,-1.77075,0.0997254563017946,0.00016,1.06332,93266.08,6.096448,1
2025-11-18 13:59:28.608811,93254.005,91.47000000000116,0.0980869400729771,0.0,0.0,0.19615,1.9669,-1.77075,0.0997254563017946,0.00016,1.06332,93263.565,6.09627,1
2025-11-18 13:59:30.641440,93253.99,91.4600000000064,0.098076232448613,0.58243,0.58243,0.42092,1.60924,-1.18832,0.2615644652133926,0.05483,0.00023,93263.565,6.093364,1
2025-11-18 13:59:32.671483,93266.08,91.27999999999884,0.0978705227023574,-0.2247199999999998,-0.8071499999999998,0.42109,1.83413,-1.41304,0.2295856891278153,0.055,0.00023,93263.56,6.092228,0
2025-11-18 13:59:34.705081,93263.565,86.20999999999185,0.092436955417683,-0.40918,-0.1844600000000001,0.14413,1.96635,-1.82222,0.0732982429374221,0.00023,1.06277,93263.56,6.091895,0
2025-11-18 13:59:36.734804,93263.565,86.20999999999185,0.092436955417683,0.0,0.40918,0.14413,1.96635,-1.82222,0.0732982429374221,0.00023,1.06277,93263.56,6.093551,0
2025-11-18 13:59:44.859715,93263.56,86.19999999999709,0.0924262380719727,0.0,0.0,0.14414,1.83353,-1.68939,0.0786133851095973,0.00023,0.00019,93273.14,6.08952,1
2025-11-18 13:59:46.890545,93263.56,86.19999999999709,0.0924262380719727,0.0,0.0,0.14414,1.83353,-1.68939,0.0786133851095973,0.00023,0.00019,93273.14,6.089103,1
2025-11-18 13:59:48.921189,93263.56,86.19999999999709,0.0924262380719727,0.0,0.0,0.14414,1.83353,-1.68939,0.0786133851095973,0.00023,0.00019,93273.14,6.090094,1
2025-11-18 14:00:01.101578,93273.14,87.11999999999534,0.0934030954677792,-7.000000000012552e-05,-7.000000000012552e-05,0.14412,1.83355,-1.68943,0.078601619808568,0.00023,0.00021,93260.06,6.104036,0
2025-11-18 14:00:03.133767,93273.14,87.11999999999534,0.0934030954677792,0.0,7.000000000012552e-05,0.14412,1.83355,-1.68943,0.078601619808568,0.00023,0.00021,93260.06,6.101078,0
2025-11-18 14:00:05.166037,93273.14,87.11999999999534,0.0934030954677792,0.0,0.0,0.14412,1.83355,-1.68943,0.078601619808568,0.00023,0.00021,93271.915,6.106163,0
2025-11-18 14:00:07.205614,93260.06,90.04000000000815,0.0965472250393235,0.05266,0.05266,0.32957,1.96634,-1.6367699999999998,0.167605805710101,0.055,0.055,93271.92,6.096409,1
2025-11-18 14:00:09.234845,93260.06,90.02000000000407,0.0965257796317138,0.08038,0.02772,0.27714,1.83353,-1.55639,0.1511510583410143,0.00023,0.00019,93289.14,6.105246,1
2025-11-18 14:00:11.272200,93271.915,91.47000000000116,0.0980681054956373,-0.0803999999999999,-0.1607799999999999,0.19676,1.83355,-1.63679,0.1073109541599629,0.00019,0.00021,93260.03,6.112076,0
2025-11-18 14:00:13.302023,93271.92,91.45999999999184,0.0980573788981634,-0.0525899999999999,0.0278099999999999,0.14417,1.83355,-1.68938,0.0786288893130812,0.00023,0.00021,93260.03,6.113752,0
2025-11-18 14:00:15.340091,93289.14,82.61999999999534,0.0885633633239574,0.0930200000000001,0.1456100000000001,0.36898,1.96534,-1.5963599999999998,0.1877435965278272,0.055,1.06276,93252.015,6.113403,0
2025-11-18 14:00:17.384276,93260.03,83.48000000001048,0.0895131601394621,-0.17318,-0.2662000000000001,0.1968,1.96634,-1.76954,0.1000844208020993,0.00023,1.06276,93252.02,6.099221,0
2025-11-18 14:00:19.415775,93260.03,83.48000000001048,0.0895131601394621,0.0,0.17318,0.1968,1.96634,-1.76954,0.1000844208020993,0.00023,1.06276,93252.02,6.106016,0
2025-11-18 14:00:21.453494,93252.015,88.8299999999872,0.0952579952293655,0.13277,0.13277,0.32957,1.96634,-1.6367699999999998,0.167605805710101,0.0001,1.06276,93257.385,6.106339,1
2025-11-18 14:00:23.483497,93252.02,88.81999999999243,0.095247266493522,-0.13277,-0.26554,0.1968,1.96634,-1.76954,0.1000844208020993,0.00023,1.06276,93254.34,6.110535,1
2025-11-18 14:00:25.521791,93252.02,88.81999999999243,0.095247266493522,0.0,0.13277,0.1968,1.96634,-1.76954,0.1000844208020993,0.00023,1.06276,93246.45,6.109633,0
2025-11-18 14:00:27.559833,93257.385,88.77000000000407,0.095188171960863,0.0,0.0,0.1968,1.96634,-1.76954,0.1000844208020993,0.00023,1.06276,93246.445,6.106229,0
2025-11-18 14:00:29.594032,93254.34,82.67999999999302,0.0886607529472548,0.0,0.0,0.1968,1.96634,-1.76954,0.1000844208020993,0.00023,1.06276,93235.41,6.1051,0
2025-11-18 14:00:31.631424,93246.45,77.67999999999302,0.0833061205010947,-0.0001,-0.0001,0.1968,1.96644,-1.76964,0.1000793311771526,0.00023,1.06276,93233.095,6.103478,0
2025-11-18 14:00:33.666062,93246.445,77.66999999999825,0.0832954006986521,0.0801399999999999,0.0802399999999999,0.14415,1.83365,-1.6895,0.0786136939983093,0.00023,0.00021,93233.105,6.106345,0
2025-11-18 14:00:35.699132,93235.41,80.55999999999767,0.0864049399257188,-0.0801399999999999,-0.1602799999999998,0.1968,1.96644,-1.76964,0.1000793311771526,0.00023,1.06276,93246.845,6.106436,1
2025-11-18 14:00:37.734902,93233.095,85.16999999999825,0.091351681503224,0.08015,0.1602899999999999,0.14414,1.83363,-1.68949,0.0786090978005377,0.00023,0.00019,93248.395,6.107432,1
2025-11-18 14:00:39.772407,93233.105,85.19000000000233,0.0913731233128,0.8645899999999997,0.7844399999999997,0.1083099999999999,0.93321,-0.8249000000000001,0.1160617653047009,0.00023,0.055,93246.495,6.101295,1
2025-11-18 14:00:41.805568,93246.845,79.29000000000815,0.085032367583062,-0.8116899999999998,-1.6762799999999995,0.19696,1.83355,-1.63659,0.1074200321780153,0.055,0.00021,93254.445,6.101301,1
2025-11-18 14:00:43.842334,93248.395,82.36999999999534,0.0883339600644014,-0.0821399999999998,0.7295499999999999,0.14414,1.86287,-1.71873,0.0773752328396506,0.00023,1.06276,93271.045,6.095701,1
2025-11-18 14:00:45.873702,93246.495,86.15000000000873,0.0923895316387052,0.0818999999999999,0.1640399999999998,0.19672,1.83355,-1.63683,0.1072891385563524,0.00013,0.00021,93260.025,6.102379,1
2025-11-18 14:00:47.906869,93254.445,88.46999999998661,0.094869472441755,0.0001,-0.0817999999999999,0.19682,1.83355,-1.63673,0.1073436775653786,0.00023,0.00021,93275.95,6.107742,1
2025-11-18 14:00:49.938035,93271.045,89.13000000000466,0.095560203061952,-0.1326799999999999,-0.1327799999999999,0.19693,1.96634,-1.76941,0.1001505334784421,0.00034,1.06276,93288.605,6.114133,1
2025-11-18 14:00:51.976081,93260.025,91.47000000000116,0.098080608492225,0.3575499999999998,0.4902299999999998,0.42169,1.83355,-1.41186,0.229985547162608,0.055,0.00021,93278.935,6.104535,1
2025-11-18 14:00:54.014611,93275.95,84.0,0.0900553679699858,-0.0920999999999999,-0.4496499999999999,0.32959,1.83355,-1.50396,0.1797551198494723,0.055,0.00021,93278.935,6.099461,1
2025-11-18 14:00:56.052168,93288.605,82.91000000000349,0.0888747344866004,-0.31817,-0.22607,0.14411,1.96624,-1.82213,0.0732921718610139,0.00023,0.055,93278.94,6.09104,0
2025-11-18 14:00:58.080616,93278.935,89.14999999999418,0.0955735611689758,0.44978,0.76795,0.3691,1.74145,-1.37235,0.2119498119383272,0.00023,1.06276,93281.43,6.096972,1
2025-11-18 14:01:00.114072,93278.935,89.14999999999418,0.0955735611689758,-0.31676,-0.76654,0.27713,1.96624,-1.68911,0.140944137033119,0.00036,1.06276,93281.43,6.096638,1
2025-11-18 14:01:02.143208,93278.94,89.13999999999942,0.0955628355124955,-0.133,0.1837599999999999,0.14413,1.96624,-1.82211,0.0733023435592806,0.00023,1.06276,93298.48,6.104379,1
2025-11-18 14:01:04.177588,93281.43,84.15999999998894,0.0902216014484222,0.35768,0.49068,0.277,1.7414299999999998,-1.4644299999999997,0.1590646767311922,0.00023,0.00019,93302.38,6.104979,1
2025-11-18 14:01:06.210710,93281.43,84.15999999998894,0.0902216014484222,0.0,-0.35768,0.277,1.7414299999999998,-1.4644299999999997,0.1590646767311922,0.00023,0.00019,93292.535,6.104703,1
2025-11-18 14:01:08.247587,93298.48,94.52000000000407,0.1013092603437956,-0.12605,-0.12605,0.27688,1.86736,-1.59048,0.1482734984148745,0.055,1.06276,93292.535,6.098807,0
2025-11-18 14:01:10.282567,93302.38,86.72000000000116,0.092945110296223,0.00022,0.12627,0.2771,1.86736,-1.5902599999999998,0.1483913117984748,0.00023,1.06276,93286.22,6.098334,0
2025-11-18 14:01:12.315413,93292.535,88.38999999999942,0.0947449868309392,0.0338099999999998,0.0335899999999998,0.277,1.83345,-1.55645,0.1510812948266928,0.00023,0.00021,93298.585,6.103007,1
2025-11-18 14:01:14.346394,93292.535,88.38999999999942,0.0947449868309392,0.0,-0.0338099999999998,0.277,1.83345,-1.55645,0.1510812948266928,0.00023,0.00021,93322.41,6.107133,1
2025-11-18 14:01:16.380901,93286.22,88.36000000000058,0.094719241491402,-0.1327899999999998,-0.1327899999999998,0.277,1.96624,-1.68924,0.1408780209943852,0.055,1.06276,93316.815,6.105326,1
2025-11-18 14:01:18.418420,93298.585,88.93000000000757,0.0953176299512019,0.0011,0.1338899999999999,0.2771,1.96524,-1.6881400000000002,0.1410005902586961,0.055,0.055,93316.81,6.10378,1
2025-11-18 14:01:20.453527,93322.41,94.83999999999652,0.1016261796068023,0.05797,0.05687,0.20328,1.83345,-1.63017,0.1108729444489896,0.00023,0.00021,93299.485,6.099661,0
2025-11-18 14:01:22.486227,93316.815,83.63000000000466,0.0896194324677762,-0.1909799999999999,-0.2489499999999999,0.14409,1.96524,-1.82115,0.0733192892471148,0.00023,1.06276,93306.225,6.095225,0
2025-11-18 14:01:24.522200,93316.81,83.61999999999534,0.0896087210867959,0.191,0.3819799999999999,0.20328,1.83343,-1.63015,0.1108741539082485,0.00023,0.00019,93307.07,6.093303,0
2025-11-18 14:01:26.553188,93299.485,77.30999999999767,0.0828621937195019,-0.19099,-0.38199,0.1441,1.96524,-1.82114,0.0733243776841505,0.00023,1.06276,93307.075,6.099921,1
2025-11-18 14:01:28.581452,93306.225,90.7899999999936,0.0973032613847506,0.2840099999999999,0.475,0.20328,1.7404099999999998,-1.53713,0.1168000643526525,0.00023,0.00017,93307.07,6.10974,1
2025-11-18 14:01:30.615503,93307.07,89.1200000000099,0.0955125908465563,-0.2839999999999999,-0.5680099999999999,0.14411,1.96524,-1.82113,0.0733294661211862,0.00023,1.06276,93335.09,6.110548,1
2025-11-18 14:01:32.653109,93307.075,89.13000000000466,0.0955233030292768,0.0,0.2839999999999999,0.14411,1.96524,-1.82113,0.0733294661211862,0.00023,0.055,93325.89,6.102605,1
2025-11-18 14:01:34.691192,93307.07,89.1200000000099,0.0955125908465563,0.2839800000000001,0.2839800000000001,0.20328,1.74043,-1.53715,0.1167987221548697,0.00023,0.00019,93319.65,6.09444,1
2025-11-18 14:01:36.726051,93335.09,69.52000000000407,0.0744843123845534,0.0323399999999999,-0.2516400000000002,0.36887,1.87368,-1.5048099999999998,0.1968692626275565,0.055,0.49048,93319.13,6.096701,0
2025-11-18 14:01:38.755714,93325.89,68.86000000000058,0.0737844557389172,-0.3162399999999999,-0.3485799999999999,0.14409,1.96514,-1.82105,0.0733230202428325,9e-05,1.06276,93316.58,6.10247,0
2025-11-18 14:01:40.785632,93319.65,81.34000000001106,0.0871627786859585,0.35762,0.67386,0.277,1.7404299999999997,-1.4634299999999998,0.1591560706262245,0.00023,0.00019,93310.02,6.105946,0
2025-11-18 14:01:42.822752,93319.13,80.27999999999884,0.0860273772376562,-0.07372,-0.43134,0.20326,1.74041,-1.53715,0.1167885728075568,0.00023,0.00017,93299.705,6.104176,0
2025-11-18 14:01:44.858184,93316.58,85.38000000000466,0.0914949947801394,0.0,0.07372,0.20326,1.74041,-1.53715,0.1167885728075568,0.00023,0.00017,93286.245,6.102255,0
2025-11-18 14:01:46.891578,93310.02,72.24000000000524,0.0774193382447086,-0.2248299999999999,-0.2248299999999999,0.20326,1.96524,-1.76198,0.1034275711872341,0.00023,1.06276,93286.245,6.096713,0
2025-11-18 14:01:48.926928,93299.705,70.08999999999651,0.0751234958352724,0.40094,0.6257699999999999,0.14413,1.50517,-1.3610399999999998,0.0957566254974521,0.00023,1.06276,93286.395,6.092236,0
2025-11-18 14:01:50.960439,93286.245,85.00999999999476,0.091128118620269,1e-05,-0.40093,0.14414,1.50517,-1.36103,0.0957632692652657,0.00023,1.06276,93282.86,6.091701,0
2025-11-18 14:01:52.988291,93286.245,85.00999999999476,0.091128118620269,0.0,-1e-05,0.14414,1.50517,-1.36103,0.0957632692652657,0.00023,1.06276,93279.8,6.097072,0
2025-11-18 14:01:55.019164,93286.395,84.7100000000064,0.0908063817880478,0.25531,0.25531,0.36923,1.4749500000000002,-1.1057200000000005,0.250333909624055,0.00036,0.00019,93279.795,6.094514,0
2025-11-18 14:01:57.052140,93282.86,77.61999999999534,0.0832092841064214,-0.0305400000000001,-0.2858500000000002,0.3691,1.5053600000000005,-1.1362600000000005,0.2451905192113513,0.00023,0.055,93272.505,6.09425,0
2025-11-18 14:01:59.085363,93279.8,72.11999999999534,0.077315774690764,-0.2247699999999998,-0.1942299999999996,0.14414,1.50517,-1.36103,0.0957632692652657,0.00023,1.06276,93272.505,6.089986,0
2025-11-18 14:02:01.113678,93279.795,72.11000000000058,0.0773050583998395,-0.3283400000000001,-0.1035700000000002,0.14414,1.83351,-1.68937,0.0786142426275286,0.00023,0.00017,93265.315,6.092623,0
2025-11-18 14:02:03.146390,93272.505,57.52999999999884,0.0616794842167033,0.3792000000000001,0.7075400000000002,0.2032999999999999,1.51347,-1.3101699999999998,0.1343270761891547,0.00023,1.06276,93265.315,6.094203,0
2025-11-18 14:02:05.175349,93272.505,57.52999999999884,0.0616794842167033,0.0,-0.3792000000000001,0.2032999999999999,1.51347,-1.3101699999999998,0.1343270761891547,0.00023,1.06276,93265.315,6.100522,0
2025-11-18 14:02:07.206301,93265.315,43.14999999999418,0.0462658599287357,0.0,0.0,0.2032999999999999,1.51347,-1.3101699999999998,0.1343270761891547,0.00023,1.06276,93248.125,6.10695,0
2025-11-18 14:02:09.240593,93265.315,43.14999999999418,0.0462658599287357,0.0376199999999999,0.0376199999999999,0.20345,1.476,-1.27255,0.1378387533875338,0.00023,0.00014,93245.58,6.109577,0
2025-11-18 14:02:11.275871,93265.315,43.14999999999418,0.0462658599287357,0.16579,0.12817,0.36924,1.476,-1.10676,0.2501626016260163,0.00023,0.00014,93245.58,6.107445,0
2025-11-18 14:02:13.313251,93248.125,77.52999999999884,0.0831437629442938,0.0589399999999999,-0.10685,0.42818,1.476,-1.04782,0.2900948509485095,0.0001,0.00014,93242.83,6.118544,0
2025-11-18 14:02:15.350170,93245.58,72.41999999999825,0.0776658797124735,-0.3214599999999999,-0.3803999999999999,0.1441899999999999,1.51347,-1.3692799999999998,0.095271131902185,0.00023,1.06276,93242.825,6.116023,0
2025-11-18 14:02:17.383316,93245.58,72.41999999999825,0.0776658797124735,0.0,0.3214599999999999,0.1441899999999999,1.51347,-1.3692799999999998,0.095271131902185,0.00023,1.06276,93248.895,6.118119,1
2025-11-18 14:02:19.431795,93242.83,66.91999999999825,0.0717695934368339,0.0965099999999999,0.0965099999999999,0.20331,1.4760799999999998,-1.27277,0.1377364370494824,0.00023,1.06276,93248.975,6.10084,1
2025-11-18 14:02:21.466193,93242.825,66.91000000000349,0.0717588725995844,-0.54938,-0.64589,0.1441899999999999,1.96634,-1.82215,0.0733291292451966,0.00023,0.49048,93242.85,6.099276,1
2025-11-18 14:02:23.501435,93248.895,79.06999999999243,0.0847945704879317,0.24678,0.79616,0.33608,1.91145,-1.57537,0.1758246357477308,0.0001,0.00011,93242.85,6.096824,0
2025-11-18 14:02:25.532635,93248.975,79.2100000000064,0.0849446334396773,-0.2467999999999998,-0.4935799999999999,0.14417,1.96634,-1.82217,0.0733189580642208,0.00023,1.06276,93239.46,6.101652,0
2025-11-18 14:02:27.565469,93242.85,91.44000000000231,0.0980665005413308,0.19221,0.4390099999999999,0.2035,1.83346,-1.62996,0.1109923314389187,0.00023,0.00012,93239.46,6.099332,0
2025-11-18 14:02:29.598259,93242.85,91.44000000000231,0.0980665005413308,0.0,-0.19221,0.2035,1.83346,-1.62996,0.1109923314389187,0.00023,0.00012,93239.46,6.103495,0
2025-11-18 14:02:33.664801,93239.46,84.65999999998894,0.0907984666577744,0.0,0.13307,0.20331,1.96634,-1.76303,0.1033951402097297,0.00023,1.06276,93239.455,6.12591,0
2025-11-18 14:02:35.701754,93239.46,84.65999999998894,0.0907984666577744,0.0,0.0,0.20331,1.96634,-1.76303,0.1033951402097297,0.00023,1.06276,93239.465,6.120827,1
2025-11-18 14:02:37.739271,93239.46,84.65999999998894,0.0907984666577744,0.0,0.0,0.20331,1.96634,-1.76303,0.1033951402097297,0.00023,1.06276,93226.72,6.11504,0
2025-11-18 14:02:39.790711,93239.455,84.64999999999418,0.0907877464534667,0.1328899999999998,0.1328899999999998,0.20331,1.83345,-1.63014,0.1108893070440972,0.00023,0.00011,93226.725,6.098676,0
2025-11-18 14:02:41.822581,93239.465,84.66999999999825,0.090809186860948,0.93192,0.79903,0.24764,0.94586,-0.6982200000000001,0.2618146448734485,0.00023,0.055,93226.725,6.100272,0
2025-11-18 14:02:45.889387,93226.725,84.75,0.0909074087929185,-0.13277,0.7992699999999999,0.20331,1.96634,-1.76303,0.1033951402097297,0.00023,1.06276,93222.525,6.103237,0
2025-11-18 14:02:47.922853,93226.725,84.75,0.0909074087929185,0.0,0.13277,0.20331,1.96634,-1.76303,0.1033951402097297,0.00023,1.06276,93227.415,6.103651,1
2025-11-18 14:02:49.958094,93226.72,84.73999999999069,0.0908966871300317,0.1330799999999998,0.1330799999999998,0.2035,1.83345,-1.62995,0.1109929368131118,0.00042,0.00011,93222.675,6.103871,0
2025-11-18 14:02:51.992624,93222.525,77.99000000000524,0.0836600381721104,-0.1330799999999999,-0.2661599999999998,0.20331,1.96634,-1.76303,0.1033951402097297,0.00023,0.055,93229.065,6.10164,1
2025-11-18 14:02:54.026504,93227.415,87.77000000000407,0.0941461264371688,0.0737799999999999,0.2068599999999999,0.1441899999999999,1.83344,-1.68925,0.0786445152282049,0.00023,1.06276,93241.25,6.101835,1
2025-11-18 14:02:56.061965,93222.675,78.29000000000815,0.0839817136764292,-0.1329,-0.2066799999999999,0.1441899999999999,1.96634,-1.82215,0.0733291292451966,0.00023,0.055,93241.255,6.103749,1
2025-11-18 14:02:58.094264,93229.065,91.07000000000698,0.0976841288711915,0.0,0.1329,0.1441899999999999,1.96634,-1.82215,0.0733291292451966,0.00023,1.06276,93237.265,6.104795,1
2025-11-18 14:03:00.128339,93241.25,93.85999999998604,0.1006636011421833,0.05912,0.05912,0.20331,1.96634,-1.76303,0.1033951402097297,0.055,1.06276,93237.265,6.097362,0
2025-11-18 14:03:02.165714,93241.255,93.84999999999128,0.100652870877801,0.0,-0.05912,0.20331,1.96634,-1.76303,0.1033951402097297,0.00023,1.06276,93239.605,6.097581,0
2025-11-18 14:03:04.199059,93237.265,85.85000000000582,0.092076917957649,-0.05914,-0.05914,0.14417,1.96634,-1.82217,0.0733189580642208,0.00023,1.06276,93246.68,6.097018,1
2025-11-18 14:03:06.225701,93237.265,85.85000000000582,0.092076917957649,0.00014,0.05928,0.14424,1.96627,-1.82203,0.0733571686492699,0.00023,1.06269,93252.62,6.100671,1
2025-11-18 14:03:08.263295,93239.605,81.16999999999825,0.0870552808540943,0.13291,0.13277,0.14424,1.83336,-1.68912,0.0786752192695379,0.055,9e-05,93252.62,6.100881,1
2025-11-18 14:03:10.296077,93246.68,82.93999999998778,0.0889468665264948,0.2248499999999999,0.0919399999999998,0.3691,1.83337,-1.4642700000000002,0.2013232462623474,0.00016,0.0001,93252.63,6.102685,1
2025-11-18 14:03:12.326372,93252.62,71.05999999999767,0.0762016123514788,-0.0920299999999999,-0.3168799999999999,0.27707,1.83337,-1.5562999999999998,0.1511260683877232,0.00023,0.0001,93247.78,6.107644,0
2025-11-18 14:03:14.364176,93252.62,71.05999999999767,0.0762016123514788,0.0,0.0920299999999999,0.27707,1.83337,-1.5562999999999998,0.1511260683877232,0.00023,0.0001,93244.8,6.108043,0
2025-11-18 14:03:16.398762,93252.63,71.05999999999767,0.0762016041799546,-0.26576,-0.26576,0.14421,1.96627,-1.82206,0.073341911334659,0.00023,0.49048,93234.04,6.106968,0
2025-11-18 14:03:18.434016,93247.78,80.73999999999069,0.0865865117646668,0.24783,0.51359,0.25915,1.83338,-1.57423,0.141350947430429,0.00023,0.00011,93216.705,6.106101,0
2025-11-18 14:03:20.472219,93244.8,74.77999999999884,0.0801975016301164,-0.2478099999999999,-0.4956399999999998,0.14423,1.96627,-1.82204,0.0733520828777329,0.00023,1.06269,93216.71,6.100755,0
2025-11-18 14:03:22.505730,93234.04,74.72000000000116,0.0801424029249415,0.2249899999999999,0.4727999999999999,0.14424,1.7412899999999998,-1.59705,0.0828351394655686,0.00023,1.06269,93198.76,6.098808,0
2025-11-18 14:03:24.540117,93216.705,40.05000000000291,0.0429644021423015,0.51407,0.28908,0.39302,1.476,-1.08298,0.2662737127371274,0.00023,1.06269,93204.76,6.093711,0
2025-11-18 14:03:26.572974,93216.71,40.060000000012224,0.042975127528114,-0.7391300000000001,-1.2532,0.14426,1.96637,-1.82211,0.0733636090867944,0.00023,0.055,93205.005,6.096874,0
2025-11-18 14:03:28.604538,93198.76,75.94000000000233,0.0814817707875108,0.4903800000000001,1.22951,0.14426,1.47599,-1.33173,0.0977377895514197,0.00023,0.0001,93218.315,6.103974,1
2025-11-18 14:03:30.633828,93204.76,87.94000000000233,0.0943514043703372,-0.4903800000000001,-0.9807600000000002,0.14426,1.96637,-1.82211,0.0733636090867944,0.00023,0.055,93218.305,6.110207,1
2025-11-18 14:03:32.669848,93205.005,87.43000000000757,0.0938039754410265,0.7391300000000003,1.2295100000000003,0.39302,1.476,-1.08298,0.2662737127371274,0.00023,0.00011,93210.845,6.108341,1
2025-11-18 14:03:34.708512,93218.315,86.79000000000815,0.0931040214575946,-0.73915,-1.4782800000000005,0.14424,1.96637,-1.82213,0.0733534380609956,0.00023,1.06269,93204.615,6.105714,0
2025-11-18 14:03:36.744035,93218.305,86.7899999999936,0.0931040314453192,0.9638,1.70295,0.61768,1.4760099999999998,-0.8583299999999998,0.4184795495965475,0.05469,0.00012,93204.615,6.105523,0
2025-11-18 14:03:38.778189,93210.845,71.85000000000582,0.0770833050596267,-0.7150900000000001,-1.6788900000000002,0.39295,1.96637,-1.57342,0.1998352293820593,0.00016,1.06269,93204.615,6.102889,0
2025-11-18 14:03:40.814226,93204.615,84.27000000000407,0.0904139778915497,0.3897,1.1047900000000002,0.42482,1.60854,-1.18372,0.2641028510326134,0.055,0.00023,93192.3,6.104407,0
2025-11-18 14:03:42.849558,93204.615,84.27000000000407,0.0904139778915497,0.0,-0.3897,0.42482,1.60854,-1.18372,0.2641028510326134,0.055,0.00023,93175.16,6.108305,0
2025-11-18 14:03:44.881078,93204.615,84.27000000000407,0.0904139778915497,0.0,0.0,0.42482,1.60854,-1.18372,0.2641028510326134,0.055,0.00023,93175.155,6.118223,0
2025-11-18 14:03:46.918633,93192.3,59.61999999999534,0.0639752425897797,-0.2474,-0.2474,0.31028,1.7413999999999998,-1.43112,0.1781784770874009,0.00017,0.055,93161.065,6.119722,0
2025-11-18 14:03:48.957863,93175.16,52.919999999998254,0.0567962534220475,0.2652,0.5126000000000001,0.3103,1.47622,-1.1659199999999998,0.2101990218260151,0.0001,1.06269,93161.065,6.120729,0
2025-11-18 14:03:50.999301,93175.155,52.91000000000349,0.0567855239951073,0.0,-0.2652,0.3103,1.47622,-1.1659199999999998,0.2101990218260151,0.0001,0.00023,93164.41,6.114782,0
2025-11-18 14:03:53.038355,93161.065,81.08999999999651,0.0870428005519221,0.13289,0.13289,0.3103,1.34333,-1.03303,0.2309931290152085,0.055,0.00023,93184.335,6.115195,1
2025-11-18 14:03:55.078592,93161.065,81.08999999999651,0.0870428005519221,0.0,-0.13289,0.3103,1.34333,-1.03303,0.2309931290152085,0.055,0.00023,93184.335,6.109329,1
2025-11-18 14:03:57.114083,93164.41,74.39999999999418,0.0798588216251186,0.01172,0.01172,0.32202,1.34333,-1.02131,0.2397177164211325,0.055,0.00023,93184.335,6.105849,1
2025-11-18 14:03:59.153550,93184.335,88.49000000000524,0.0949623131398697,-0.27693,-0.2886500000000001,0.31028,1.60852,-1.2982399999999998,0.1928978191132221,0.00017,0.00023,93184.34,6.102024,1
2025-11-18 14:04:01.187921,93184.335,88.49000000000524,0.0949623131398697,0.0,0.27693,0.31028,1.60852,-1.2982399999999998,0.1928978191132221,0.00017,0.00023,93197.465,6.099179,1
2025-11-18 14:04:03.219932,93184.335,88.49000000000524,0.0949623131398697,0.0,0.0,0.31028,1.60852,-1.2982399999999998,0.1928978191132221,0.00017,0.00023,93197.465,6.103067,1
2025-11-18 14:04:05.255574,93184.34,88.5,0.0949730394613515,-0.2251800000000001,-0.2251800000000001,0.31028,1.8337,-1.5234199999999998,0.1692097944047554,0.00017,0.00023,93226.335,6.102613,1
2025-11-18 14:04:07.287100,93197.465,86.61000000000058,0.0929317122520452,0.13269,0.3578700000000001,0.44311,1.83384,-1.39073,0.2416295860053221,0.055,0.00023,93226.335,6.104598,1
2025-11-18 14:04:09.322999,93197.465,86.61000000000058,0.0929317122520452,0.0,-0.13269,0.44311,1.83384,-1.39073,0.2416295860053221,0.055,0.00023,93226.335,6.102002,1
2025-11-18 14:04:11.358187,93226.335,28.87000000000989,0.0309676444966005,-0.29687,-0.29687,0.14624,1.83384,-1.6876,0.0797452340444095,0.00224,0.00023,93240.92,6.098467,1
2025-11-18 14:04:13.391698,93226.335,28.87000000000989,0.0309676444966005,0.0,0.29687,0.14624,1.83384,-1.6876,0.0797452340444095,0.00224,0.00023,93236.63,6.100138,1
2025-11-18 14:04:15.425001,93226.335,28.87000000000989,0.0309676444966005,0.5616099999999999,0.5616099999999999,0.48255,1.60854,-1.1259899999999998,0.2999925398187176,0.00224,0.00023,93236.625,6.105349,1
2025-11-18 14:04:17.456654,93240.92,58.04000000000815,0.0622473480527735,-0.11112,-0.67273,0.37144,1.60855,-1.23711,0.2309160423984333,0.0024,0.00023,93237.435,6.109222,0
2025-11-18 14:04:19.491836,93236.63,49.4600000000064,0.0530478203684607,-0.31722,-0.2060999999999999,0.27927,1.8336,-1.5543299999999998,0.1523069371727748,0.00243,0.00023,93229.74,6.105784,0
2025-11-18 14:04:21.530350,93236.625,49.45000000001164,0.0530370978143102,-0.00019,0.31703,0.27908,1.8336,-1.55452,0.1522033158813263,0.00224,0.00023,93240.91,6.103896,1
2025-11-18 14:04:23.565876,93237.435,51.070000000006985,0.0547741365901013,0.00023,0.00042,0.27927,1.83356,-1.55429,0.1523102598224219,0.00243,1.06269,93240.905,6.105329,1
2025-11-18 14:04:25.597620,93229.74,35.68000000000757,0.0382710495599446,0.09197,0.0917399999999999,0.27908,1.7413999999999998,-1.4623199999999998,0.1602618582749512,0.00224,0.00023,93235.735,6.106489,1
2025-11-18 14:04:27.634246,93240.91,58.02000000000408,0.0622259049166337,-0.23456,-0.32653,0.26949,1.96637,-1.69688,0.1370494871260241,0.00224,1.06269,93231.79,6.098544,0
2025-11-18 14:04:29.671205,93240.905,58.01000000000931,0.0622151833468468,0.1019600000000001,0.3365200000000001,0.14644,1.7413599999999998,-1.5949199999999997,0.084095189966463,0.00243,0.00019,93224.44,6.093133,0
2025-11-18 14:04:31.704109,93235.735,47.670000000012806,0.0511284648531089,0.1325799999999999,0.0306199999999998,0.14625,1.6085899999999995,-1.4623399999999998,0.0909181332719959,0.00224,1.06269,93224.435,6.191132,0
2025-11-18 14:04:33.732790,93231.79,39.77999999999884,0.0426678496680143,-0.13298,-0.2655599999999999,0.14625,1.7415699999999998,-1.5953199999999998,0.0839759527323047,0.00224,1.06269,93224.445,6.24122,0
2025-11-18 14:04:37.895241,93224.435,25.070000000006985,0.026892091113244,-0.0006599999999999,0.09128,0.14578,1.8337,-1.68792,0.0795004635436549,0.00177,0.00023,93233.675,6.143541,1
2025-11-18 14:04:39.974010,93224.445,25.09000000001106,0.0269135418290889,0.3576399999999999,0.3582999999999999,0.14578,1.47606,-1.33028,0.0987629229164126,0.00177,0.00017,93233.675,6.121971,1
2025-11-18 14:04:42.005973,93224.44,25.080000000001743,0.0269028164717339,1.07765,0.72001,0.18985,0.44248,-0.25263,0.4290589405170855,0.00158,0.00023,93224.25,6.149079,0
2025-11-18 14:04:44.038782,93233.675,43.55000000000291,0.0467105903526841,-0.9448099999999998,-2.02246,0.14587,1.34331,-1.19744,0.1085899755082594,0.00177,0.00023,93224.24,6.15338,0
2025-11-18 14:04:46.095981,93233.675,43.55000000000291,0.0467105903526841,0.0,0.9448099999999998,0.14587,1.34331,-1.19744,0.1085899755082594,0.00177,0.00023,93224.24,6.134601,0
2025-11-18 14:04:48.155052,93224.25,24.70000000001164,0.02649525204012,-0.5047500000000001,-0.5047500000000001,0.2641799999999999,1.96637,-1.70219,0.1343490797764408,0.00158,0.055,93224.245,6.113528,0
2025-11-18 14:04:50.192162,93224.24,24.680000000007567,0.0264738012345368,0.2394900000000001,0.7442400000000002,0.14587,1.6085699999999998,-1.4627,0.0906830290257806,0.00177,0.00023,93230.29,6.113191,1
2025-11-18 14:04:52.230582,93224.24,24.680000000007567,0.0264738012345368,-0.22522,-0.4647100000000002,0.14568,1.8336,-1.68792,0.0794502617801047,0.00158,0.00023,93230.28,6.109877,1
2025-11-18 14:04:54.268580,93224.245,24.69000000000233,0.0264845266378958,0.00023,0.22545,0.14587,1.83356,-1.68769,0.0795556185780667,0.00177,0.00019,93230.28,6.107973,1
2025-11-18 14:04:58.340459,93230.28,36.76000000000931,0.0394292498102647,0.3579900000000001,0.4910300000000003,0.14587,1.60861,-1.46274,0.090680774084458,0.00177,0.00023,93230.29,6.104452,1
2025-11-18 14:05:00.376553,93230.28,36.76000000000931,0.0394292498102647,-0.00019,-0.3581800000000001,0.14568,1.60861,-1.4629299999999998,0.0905626596875563,0.00158,0.00023,93225.195,6.101769,0
2025-11-18 14:05:02.410670,93230.29,36.77999999999884,0.0394506978365066,-0.2252,-0.22501,0.14568,1.83381,-1.68813,0.0794411634793135,0.00158,0.00044,93225.19,6.104013,0
2025-11-18 14:05:04.444911,93230.29,36.77999999999884,0.0394506978365066,-0.13237,0.09283,0.14587,1.96637,-1.8205,0.0741823766635984,0.00177,1.06269,93225.19,6.102887,0
2025-11-18 14:05:06.478322,93225.195,26.59000000001106,0.0285223324016764,0.1325999999999999,0.26497,0.14568,1.83358,-1.6879,0.0794511283936343,0.00158,0.00021,93222.445,6.103553,0
2025-11-18 14:05:08.514683,93225.19,26.580000000001743,0.0285116072168925,-3.99999999999524e-05,-0.1326399999999999,0.14587,1.83381,-1.68794,0.0795447729044993,0.00177,0.00023,93222.44,6.102056,0
2025-11-18 14:05:10.547798,93225.19,26.580000000001743,0.0285116072168925,0.0,3.99999999999524e-05,0.14587,1.83381,-1.68794,0.0795447729044993,0.00177,0.00023,93222.445,6.101993,0
2025-11-18 14:05:12.581875,93222.445,21.09000000001106,0.0226233070801898,2.000000000004342e-05,2.000000000004342e-05,0.14568,1.8336,-1.68792,0.0794502617801047,0.00158,0.00023,93222.45,6.101928,1
2025-11-18 14:05:16.649791,93222.445,21.09000000001106,0.0226233070801898,-0.22516,-0.4503600000000001,0.14568,1.83356,-1.68788,0.0794519950260695,0.00158,0.00019,93222.44,6.105991,0
2025-11-18 14:05:20.719459,93222.44,21.080000000001743,0.0226125812626249,0.3138,0.40244,0.14568,1.6083999999999998,-1.4627199999999998,0.0905744839592141,0.00158,4e-05,93234.645,6.115067,1
2025-11-18 14:05:22.755782,93222.44,21.080000000001743,0.0226125812626249,0.0,-0.3138,0.14568,1.6083999999999998,-1.4627199999999998,0.0905744839592141,0.00158,4e-05,93234.63,6.116665,1
2025-11-18 14:05:24.793834,93222.45,21.080000000001743,0.0226125788369665,-0.3136099999999999,-0.3136099999999999,0.05723,1.83356,-1.7763300000000002,0.0312125046357904,0.00019,0.00019,93245.36,6.120156,1
2025-11-18 14:05:26.834526,93234.645,45.47000000000117,0.0487694247133146,-0.1328100000000001,0.1807999999999998,0.05723,1.96637,-1.90914,0.029104390323286,0.00019,0.055,93239.885,6.116096,1
2025-11-18 14:05:28.872447,93234.63,45.4600000000064,0.0487587069311117,0.2216,0.3544100000000001,0.14587,1.83341,-1.68754,0.079562127401945,0.00177,4e-05,93245.355,6.111738,1
2025-11-18 14:05:30.913990,93245.36,66.9200000000128,0.0717676461327542,-0.0002599999999999,-0.22186,0.14568,1.83348,-1.6878,0.0794554617448786,0.00158,0.00021,93245.355,6.10151,0
2025-11-18 14:05:32.950622,93239.885,55.97000000000117,0.0600279590649443,-0.1326,-0.13234,0.14587,1.96627,-1.8204,0.0741861494097962,0.00177,0.055,93245.355,6.094828,1
2025-11-18 14:05:34.984185,93245.355,66.91000000000349,0.0717569255862702,0.3578699999999999,0.4904699999999999,0.14587,1.6083999999999998,-1.46253,0.0906926137776672,0.00177,4e-05,93245.37,6.094493,1
2025-11-18 14:05:37.015500,93245.355,66.91000000000349,0.0717569255862702,-0.22546,-0.58333,0.14532,1.83331,-1.68799,0.0792664633913522,0.00122,4e-05,93245.37,6.09562,1
2025-11-18 14:05:39.045450,93245.355,66.91000000000349,0.0717569255862702,0.2250799999999999,0.45054,0.14551,1.60842,-1.46291,0.0904676639186282,0.00141,4e-05,93236.805,6.10295,0
2025-11-18 14:05:41.078678,93245.37,66.91999999999825,0.0717676384360942,-0.42369,-0.64877,0.05695,1.94355,-1.8866,0.0293020503717424,0.00023,1.03997,93236.815,6.103993,0
2025-11-18 14:05:43.111120,93245.37,66.91999999999825,0.0717676384360942,-0.0002299999999999,0.42346,0.05672,1.94355,-1.88683,0.0291837102209873,0.00023,1.03997,93226.395,6.106753,0
2025-11-18 14:05:45.148400,93236.805,84.05000000000291,0.0901468041510033,0.22869,0.22892,0.28541,1.94355,-1.6581400000000002,0.1468498366391397,0.055,1.03997,93226.4,6.102177,0
2025-11-18 14:05:47.182671,93236.815,84.05000000000291,0.0901467944824186,-0.11824,-0.34693,0.16717,1.94355,-1.77638,0.0860127087031463,0.00023,0.49048,93226.4,6.09989,0
2025-11-18 14:05:49.217873,93226.395,73.94999999999709,0.0793230286336794,0.1182399999999999,0.2364799999999999,0.28541,1.94355,-1.6581400000000002,0.1468498366391397,0.0001,1.03997,93222.095,6.094175,0
2025-11-18 14:05:51.250577,93226.4,73.94000000000233,0.079312297804058,-0.11824,-0.2364799999999999,0.1671699999999999,1.94355,-1.77638,0.0860127087031463,0.00023,1.03997,93217.08,6.099837,0
2025-11-18 14:05:53.282561,93226.4,73.94000000000233,0.079312297804058,0.0,0.11824,0.1671699999999999,1.94355,-1.77638,0.0860127087031463,0.00023,1.03997,93211.35,6.101896,0
2025-11-18 14:05:55.312048,93222.095,82.54999999998836,0.0885519682860467,-6.329030181884132e-18,-6.329030181884132e-18,0.16717,1.94355,-1.77638,0.0860127087031463,0.00023,1.03997,93211.35,6.1104,0
2025-11-18 14:05:57.350414,93217.08,72.5,0.07777544630233,-0.11144,-0.11144,0.05573,1.94355,-1.88782,0.028674333050346,0.00023,0.055,93211.355,6.109286,0
2025-11-18 14:05:59.384457,93211.35,72.86000000000058,0.0781664464681614,0.11124,0.22268,0.16717,1.94375,-1.77658,0.0860038585209003,0.00023,1.03997,93216.545,6.107596,1
2025-11-18 14:06:01.422448,93211.35,72.86000000000058,0.0781664464681614,-0.11144,-0.22268,0.05573,1.94375,-1.88802,0.0286713826366559,0.00023,1.03997,93216.545,6.102729,1
2025-11-18 14:06:03.459700,93211.355,72.86999999999534,0.0781771705818409,0.11144,0.22288,0.16717,1.94375,-1.77658,0.0860038585209003,0.00023,0.055,93216.545,6.099385,1
2025-11-18 14:06:07.525177,93216.545,83.25,0.089308180216291,-0.11146,-0.11146,0.05571,1.94375,-1.88804,0.0286610932475884,0.00023,1.03997,93216.55,6.10365,1
2025-11-18 14:06:13.628827,93216.55,83.25999999999476,0.0893189031346845,-0.11138,-0.22284,0.05569,1.94365,-1.88796,0.0286522779306973,0.00023,0.055,93216.545,6.096474,0
2025-11-18 14:06:17.688367,93216.545,83.25,0.089308180216291,0.11148,0.11148,0.16717,1.94365,-1.77648,0.0860082833843541,0.00023,1.03997,93207.055,6.107709,0
2025-11-18 14:06:19.725301,93216.545,83.25,0.089308180216291,-0.05481,-0.16629,0.11236,1.94365,-1.83129,0.0578087618655622,0.00023,1.03997,93209.105,6.10949,0
2025-11-18 14:06:21.763382,93216.545,83.25,0.089308180216291,-0.05667,-0.00186,0.05569,1.94365,-1.88796,0.0286522779306973,0.00023,1.03997,93214.245,6.105323,0
2025-11-18 14:06:23.796076,93207.055,64.27000000000407,0.068954007826987,0.11148,0.16815,0.16717,1.94365,-1.77648,0.0860082833843541,0.00023,1.03997,93214.245,6.106868,1
2025-11-18 14:06:25.834791,93209.105,68.36999999999534,0.073351203189855,-0.11146,-0.22294,0.05571,1.94365,-1.88794,0.0286625678491497,0.00023,0.055,93214.245,6.105983,1
2025-11-18 14:06:27.868705,93214.245,78.65000000000873,0.0843755157808859,0.20255,0.31401,0.16717,1.85256,-1.68539,0.0902372932590577,0.00023,1.03997,93214.25,6.102305,1
2025-11-18 14:06:29.902944,93214.245,78.65000000000873,0.0843755157808859,-0.11148,-0.31403,0.05569,1.85256,-1.79687,0.0300611046335881,0.00023,1.03997,93230.135,6.102368,1
2025-11-18 14:06:31.940774,93214.245,78.65000000000873,0.0843755157808859,0.0,0.11148,0.05569,1.85256,-1.79687,0.0300611046335881,0.00023,1.03997,93219.735,6.098213,1
2025-11-18 14:06:33.971010,93214.25,78.66000000000349,0.0843862392284479,0.0203899999999999,0.0203899999999999,0.16717,1.94365,-1.77648,0.0860082833843541,0.00023,0.055,93215.28,6.103748,1
2025-11-18 14:06:36.005312,93230.135,88.84999999999127,0.0953018034351138,-1.9999999999999185e-05,-0.0204099999999999,0.16715,1.94365,-1.7765,0.0859979934659017,0.00021,1.03997,93226.875,6.106511,0
2025-11-18 14:06:38.038987,93219.735,86.01000000000931,0.0922658705262456,0.19625,0.19627,0.23061,1.81086,-1.5802500000000002,0.1273483317318842,0.00023,1.03997,93226.875,6.109853,1
2025-11-18 14:06:40.074758,93215.28,80.72000000000116,0.0865952448997644,2.0000000000137963e-05,-0.1962299999999998,0.23061,1.81084,-1.58023,0.1273497382430253,0.00023,0.00019,93226.87,6.112803,1
2025-11-18 14:06:42.111823,93226.875,103.91000000000348,0.1114592760939412,-0.1182000000000001,-0.1182200000000002,0.24522,1.94365,-1.69843,0.1261646901448306,0.00023,1.03997,93226.88,6.111914,1
2025-11-18 14:06:46.187561,93226.87,103.90000000000872,0.1114485555505711,0.13279,0.13279,0.24522,1.81086,-1.56564,0.1354163215267883,0.00023,0.00021,93226.875,6.103507,1
2025-11-18 14:06:48.223737,93226.88,103.91999999999824,0.1114699966361614,-0.13252,-0.26531,0.24539,1.94355,-1.69816,0.126258650407759,0.00023,0.49048,93226.875,6.100398,0
2025-11-18 14:06:50.259839,93226.875,103.91000000000348,0.1114592760939412,0.13279,0.26531,0.24539,1.81076,-1.5653700000000002,0.1355176831827519,0.00023,0.00021,93223.73,6.098103,0
2025-11-18 14:06:52.291068,93226.875,103.91000000000348,0.1114592760939412,-0.133,-0.2657900000000001,0.24539,1.94376,-1.6983700000000002,0.1262450096719759,0.00023,1.04018,93237.815,6.103637,1
2025-11-18 14:06:54.324135,93226.875,103.91000000000348,0.1114592760939412,0.00021,0.1332100000000001,0.24539,1.94355,-1.69816,0.126258650407759,0.00023,1.03997,93252.825,6.110595,1
2025-11-18 14:06:56.357942,93223.73,97.61999999999534,0.1047158271826233,-5.551115123125783e-17,-0.00021,0.24539,1.94355,-1.69816,0.126258650407759,0.00023,0.055,93252.83,6.112928,1
2025-11-18 14:06:58.394705,93237.815,125.79000000000816,0.1349130714828614,0.0919299999999999,0.09193,0.33732,1.94355,-1.60623,0.1735586941421625,0.00023,1.03997,93252.83,6.106301,1
2025-11-18 14:07:00.434730,93252.825,95.77000000000407,0.1026993016029316,-0.17014,-0.26207,0.16718,1.94355,-1.77637,0.0860178539270921,0.055,1.03997,93258.42,6.104423,1
2025-11-18 14:07:02.470870,93252.83,95.76000000000931,0.1026885725612931,4.000000000000451e-05,0.17018,0.16722,1.94355,-1.7763300000000002,0.0860384348228756,0.00023,1.03997,93258.42,6.101154,1
2025-11-18 14:07:04.501006,93252.83,95.76000000000931,0.1026885725612931,0.0,-4.000000000000451e-05,0.16722,1.94355,-1.7763300000000002,0.0860384348228756,0.00023,1.03997,93258.42,6.106309,1
2025-11-18 14:07:06.539153,93258.42,84.60000000000582,0.0907156694269598,-6.0000000000004494e-05,-6.0000000000004494e-05,0.16716,1.94355,-1.77639,0.0860075634792004,0.055,0.055,93271.3,6.100873,1
2025-11-18 14:07:08.572024,93258.42,84.58000000000175,0.0906942236422209,-0.1114899999999999,-0.1114299999999999,0.05567,1.94355,-1.88788,0.0286434617066707,0.00023,1.03997,93264.5,6.100961,1
2025-11-18 14:07:10.607315,93258.42,84.58000000000175,0.0906942236422209,0.11155,0.22304,0.16722,1.94355,-1.7763300000000002,0.0860384348228756,0.00023,1.03997,93247.64,6.105143,0
2025-11-18 14:07:12.640026,93271.3,83.19999999999709,0.0892021447111781,0.0,-0.11155,0.16722,1.94355,-1.7763300000000002,0.0860384348228756,0.055,1.03997,93251.585,6.108594,0
2025-11-18 14:07:14.672985,93264.5,96.76000000000931,0.1037479426791644,-8.000000000000368e-05,-8.000000000000368e-05,0.16714,1.94355,-1.77641,0.0859972730313086,0.00015,1.03997,93261.965,6.10651,0
2025-11-18 14:07:16.712458,93247.64,89.55999999999767,0.0960453261873412,0.00025,0.00033,0.1673899999999999,1.94355,-1.7761600000000002,0.0861259036299554,0.0004,1.03997,93270.795,6.105424,1
2025-11-18 14:07:18.748620,93251.585,81.68999999998778,0.0876017281636422,-0.00017,-0.00042,0.16722,1.94355,-1.7763300000000002,0.0860384348228756,0.00023,0.055,93277.835,6.099568,1
2025-11-18 14:07:20.779495,93261.965,87.69000000000233,0.0940254690108688,-8.000000000000368e-05,8.999999999999633e-05,0.16714,1.94355,-1.77641,0.0859972730313086,0.055,1.03997,93277.835,6.102434,1
2025-11-18 14:07:22.817882,93270.795,84.16999999999825,0.0902426102404276,0.00022,0.0003,0.16736,1.94355,-1.7761900000000002,0.0861104679581178,0.00037,1.03997,93306.3,6.095762,1
2025-11-18 14:07:24.848188,93277.835,70.11000000000058,0.0751625506745526,-0.00014,-0.00036,0.16722,1.94355,-1.7763300000000002,0.0860384348228756,0.00023,0.49048,93306.305,6.09617,1
2025-11-18 14:07:26.881929,93277.835,70.11000000000058,0.0751625506745526,0.0,0.00014,0.16722,1.94355,-1.7763300000000002,0.0860384348228756,0.00023,0.49048,93306.305,6.095912,1
2025-11-18 14:07:28.913644,93306.3,82.54000000000815,0.0884613364799677,0.0010999999999999,0.0010999999999999,0.16722,1.94245,-1.77523,0.0860871579706041,0.055,1.03997,93306.31,6.098611,1
2025-11-18 14:07:30.944358,93306.305,82.53000000001339,0.088450614350245,0.0,-0.0010999999999999,0.16722,1.94245,-1.77523,0.0860871579706041,0.00023,1.03997,93306.31,6.102595,1
2025-11-18 14:07:32.977841,93306.305,82.53000000001339,0.088450614350245,0.0,0.0,0.16722,1.94245,-1.77523,0.0860871579706041,0.00023,1.03997,93300.075,6.101612,0
2025-11-18 14:07:35.012255,93306.31,82.52000000000407,0.0884398922216558,-0.11161,-0.11161,0.05561,1.94245,-1.88684,0.0286287935339391,0.00023,1.03997,93291.16,6.101644,0
2025-11-18 14:07:37.046953,93306.31,82.52000000000407,0.0884398922216558,0.22979,0.3414,0.2854,1.94245,-1.65705,0.1469278488506782,0.00023,1.03997,93291.16,6.101866,0
2025-11-18 14:07:39.079453,93300.075,94.99000000000524,0.1018112793585699,-0.1182199999999999,-0.34801,0.16718,1.94245,-1.77527,0.0860665654199593,0.00023,1.03997,93288.605,6.105636,0
2025-11-18 14:07:41.113899,93291.16,81.66000000000349,0.0875324092872288,9.999999999996125e-06,0.1182299999999999,0.16719,1.94245,-1.77526,0.0860717135576205,0.00023,1.03997,93276.615,6.100525,0
2025-11-18 14:07:43.148819,93291.16,81.66000000000349,0.0875324092872288,0.0,-9.999999999996125e-06,0.16719,1.94245,-1.77526,0.0860717135576205,0.00023,1.03997,93272.975,6.099174,0
2025-11-18 14:07:45.185089,93288.605,76.56999999999243,0.0820786204274277,0.11813,0.11813,0.28532,1.94245,-1.65713,0.1468866637493886,0.0001,1.03997,93259.985,6.096667,0
2025-11-18 14:07:47.214424,93276.615,87.94999999999709,0.0942894422144254,-0.0009799999999999,-0.11911,0.28534,1.94345,-1.6581100000000002,0.1468213743600298,0.0001,1.03997,93257.095,6.101277,0
2025-11-18 14:07:49.247993,93272.975,80.65000000000873,0.0864666319477948,-0.1181199999999999,-0.11714,0.16722,1.94345,-1.7762300000000002,0.0860428619208109,0.00023,1.03997,93263.98,6.101516,0
2025-11-18 14:07:51.281756,93259.985,54.670000000012806,0.0586210688324824,-9.999999999997512e-05,0.11802,0.16722,1.94355,-1.7763300000000002,0.0860384348228756,0.00023,1.03997,93263.985,6.100599,1
2025-11-18 14:07:53.315701,93257.095,48.88999999999942,0.0524249656286199,0.0,9.999999999997512e-05,0.1672199999999999,1.94355,-1.7763300000000002,0.0860384348228756,0.00023,0.055,93246.28,6.096485,0
2025-11-18 14:07:55.349509,93263.98,62.68000000000757,0.0672070825199691,-2.000000000000001e-05,-2.000000000000001e-05,0.1672,1.94355,-1.77635,0.0860281443749839,0.0001,1.03997,93257.565,6.093903,0
2025-11-18 14:07:57.382355,93263.985,62.670000000012806,0.0671963566643788,-0.1114899999999999,-0.1114699999999999,0.0557099999999999,1.94355,-1.88784,0.0286640426024542,0.00023,1.03997,93257.58,6.096846,0
2025-11-18 14:07:59.412186,93246.28,83.67999999999302,0.0897408454256759,0.0,0.1114899999999999,0.0557099999999999,1.94355,-1.88784,0.0286640426024542,0.00023,1.03997,93269.31,6.099601,1
2025-11-18 14:08:01.443412,93257.565,85.29000000000815,0.0914563874791371,0.11151,0.11151,0.16722,1.94355,-1.7763300000000002,0.0860384348228756,0.055,1.03997,93272.655,6.100038,1
2025-11-18 14:08:03.479201,93257.58,85.27999999999884,0.0914456497798879,-0.1115299999999999,-0.22304,0.05569,1.94355,-1.88786,0.0286537521545625,0.00023,0.055,93272.655,6.094301,1
2025-11-18 14:08:05.511787,93269.31,98.17999999999302,0.1052650652181226,0.1117,0.2232299999999999,0.1673899999999999,1.94355,-1.7761600000000002,0.0861259036299554,0.0004,1.03997,93278.34,6.091787,1
2025-11-18 14:08:07.543450,93272.655,91.48999999999069,0.0980887699615612,-0.00017,-0.11187,0.16722,1.94355,-1.7763300000000002,0.0860384348228756,0.00023,1.03997,93282.81,6.094163,1
2025-11-18 14:08:09.573502,93272.655,91.48999999999069,0.0980887699615612,0.0001499999999999,0.0003199999999999,0.16737,1.94355,-1.77618,0.0861156131820637,0.00023,1.03997,93286.475,6.093522,1
2025-11-18 14:08:11.603574,93278.34,80.10000000000582,0.085872025595659,-0.0001499999999999,-0.0002999999999999,0.16722,1.9435500000000003,-1.7763300000000004,0.0860384348228756,0.00023,0.49048,93286.475,6.097201,1
2025-11-18 14:08:13.637613,93282.81,71.16000000000349,0.0762841513886679,-0.11048,-0.11033,0.05564,1.9424500000000005,-1.8868100000000003,0.0286442379469227,0.00023,0.49048,93288.26,6.097864,1
2025-11-18 14:08:15.667024,93286.475,63.83000000000175,0.0684236380461387,0.11158,0.22206,0.16722,1.94245,-1.77523,0.0860871579706041,0.00023,0.49048,93284.84,6.096743,0
2025-11-18 14:08:17.700775,93286.475,63.83000000000175,0.0684236380461387,0.0,-0.11158,0.16722,1.9424500000000005,-1.7752300000000003,0.0860871579706041,0.00023,0.49048,93280.525,6.095489,0
2025-11-18 14:08:19.735477,93288.26,91.0399999999936,0.0975899861354404,-0.11159,-0.11159,0.05563,1.94245,-1.88682,0.0286390898092614,0.00023,1.03997,93277.15,6.092841,0
2025-11-18 14:08:21.763767,93284.84,84.19999999999709,0.0902611828459984,0.0,0.11159,0.05563,1.94245,-1.88682,0.0286390898092614,0.00023,1.03997,93277.155,6.098416,0
2025-11-18 14:08:23.796264,93280.525,75.56999999999243,0.0810136949808038,0.0,0.0,0.05563,1.94245,-1.88682,0.0286390898092614,0.00023,0.055,93277.155,6.098587,0
2025-11-18 14:08:25.828318,93277.15,82.31999999999243,0.0882531252294827,1.0000000000003062e-05,1.0000000000003062e-05,0.05564,1.94245,-1.88681,0.0286442379469227,0.055,0.055,93277.155,6.101133,1
2025-11-18 14:08:27.862183,93277.155,82.30999999999767,0.0882423997601531,0.11158,0.11157,0.16722,1.94245,-1.77523,0.0860871579706041,0.00023,0.055,93270.285,6.095758,0
2025-11-18 14:08:29.894851,93277.155,82.29000000000815,0.0882209582828809,-0.11159,-0.2231699999999999,0.05563,1.94245,-1.88682,0.0286390898092614,0.00023,1.03997,93270.29,6.097827,0
2025-11-18 14:08:31.929451,93277.155,82.29000000000815,0.0882209582828809,0.0,0.11159,0.05563,1.94245,-1.88682,0.0286390898092614,0.00023,1.03997,93267.595,6.10126,0
2025-11-18 14:08:33.957941,93270.285,82.83000000000175,0.0888064188932217,0.2287499999999999,0.2287499999999999,0.2853799999999999,1.94345,-1.6580700000000002,0.1468419563148009,0.0001,1.03997,93262.8,6.110287,0
2025-11-18 14:08:35.992678,93270.29,82.81999999999243,0.0887956926047859,-0.22974,-0.4584899999999999,0.0556399999999999,1.94345,-1.88781,0.0286294990866757,0.00023,1.03997,93262.8,6.113883,0
2025-11-18 14:08:38.030711,93267.595,77.42999999999302,0.083019187961256,0.0,0.22974,0.0556399999999999,1.94345,-1.88781,0.0286294990866757,0.00023,1.03997,93276.435,6.112134,1
2025-11-18 14:08:40.068228,93262.8,67.83999999999651,0.0727406854608659,1e-05,1e-05,0.05565,1.94345,-1.8878,0.0286346445753685,0.00023,0.055,93273.1,6.116263,1
2025-11-18 14:08:42.106561,93262.8,67.83999999999651,0.0727406854608659,1.12577,1.12576,0.17389,0.93592,-0.7620300000000001,0.1857957945123514,0.00023,0.055,93273.105,6.113795,1
2025-11-18 14:08:44.142845,93276.435,95.11000000000058,0.1019657322881182,-1.12588,-2.25165,0.0556399999999999,1.94355,-1.88791,0.0286280260348331,0.00023,1.03997,93273.1,6.109624,0
2025-11-18 14:08:46.184491,93273.1,81.19999999999709,0.0870561823290928,0.1115999999999999,1.23748,0.16724,1.94355,-1.77631,0.0860487252707674,0.00036,1.03997,93282.29,6.102254,1
2025-11-18 14:08:48.220356,93273.105,81.19000000000233,0.0870454564582173,-0.11161,-0.22321,0.05563,1.94355,-1.88792,0.0286228808108872,0.00023,1.03997,93284.985,6.107259,1
2025-11-18 14:08:50.252469,93273.1,81.19999999999709,0.0870561823290928,1.843143693225357e-18,0.11161,0.05563,1.94355,-1.88792,0.0286228808108872,0.00013,1.03997,93284.98,6.112364,1
2025-11-18 14:08:52.286745,93282.29,87.81999999999243,0.0941443440121296,2.818925648462312e-18,9.75781955236954e-19,0.05563,1.94355,-1.88792,0.0286228808108872,0.055,0.055,93281.44,6.121632,0
2025-11-18 14:08:54.327615,93284.985,82.42999999999302,0.0883636310816719,0.11136,0.11136,0.16699,1.94355,-1.77656,0.0859200946721206,0.055,0.055,93271.605,6.108798,0
2025-11-18 14:08:56.364833,93284.98,82.41999999999825,0.0883529159785404,0.11828,0.0069199999999999,0.28527,1.94355,-1.65828,0.1467778035038975,0.055,1.03997,93271.605,6.105526,0
2025-11-18 14:08:58.408377,93281.44,75.32000000000698,0.080744894161161,-0.1182899999999999,-0.23657,0.16698,1.94355,-1.77657,0.0859149494481747,0.0001,1.03997,93271.605,6.099831,0
2025-11-18 14:09:02.470359,93271.605,82.58999999999651,0.088547849047946,0.0,-0.00013,0.16711,1.94355,-1.77644,0.085981837359471,0.00023,1.03997,93284.385,6.102966,1
2025-11-18 14:09:04.508208,93271.605,82.58999999999651,0.088547849047946,0.0,0.0,0.16711,1.94355,-1.77644,0.085981837359471,0.00023,1.03997,93284.39,6.099809,1
2025-11-18 14:09:06.539905,93271.605,82.58999999999651,0.088547849047946,0.0,0.0,0.16711,1.94355,-1.77644,0.085981837359471,0.00023,1.03997,93281.195,6.122815,1
2025-11-18 14:09:08.573325,93284.385,81.41000000000349,0.0872707688430421,0.0,0.0,0.16711,1.94355,-1.77644,0.085981837359471,0.00023,1.03997,93272.6,6.126509,0
2025-11-18 14:09:10.608017,93284.39,81.39999999999418,0.0872600442582024,-0.11151,-0.11151,0.0556,1.94355,-1.88795,0.0286074451390496,0.00023,1.03997,93272.6,6.120775,0
2025-11-18 14:09:12.662720,93281.195,75.00999999999476,0.0804127777308114,0.11151,0.22302,0.16711,1.94355,-1.77644,0.085981837359471,0.00023,1.03997,93272.6,6.10366,0
2025-11-18 14:09:16.728792,93272.6,81.59999999999127,0.0874854994928749,0.0,-0.0001099999999999,0.16722,1.94355,-1.7763300000000002,0.0860384348228756,0.00023,1.03997,93252.73,6.112836,0
2025-11-18 14:09:18.766380,93272.6,81.59999999999127,0.0874854994928749,0.0,0.0,0.16722,1.94355,-1.7763300000000002,0.0860384348228756,0.00023,1.03997,93231.67,6.107552,0
2025-11-18 14:09:20.804448,93272.6,81.59999999999127,0.0874854994928749,-0.0001099999999999,-0.0001099999999999,0.16711,1.94355,-1.77644,0.085981837359471,0.00023,1.03997,93231.675,6.104135,0
2025-11-18 14:09:22.841628,93252.73,48.60000000000582,0.0521164366984278,-0.1114799999999999,-0.1113699999999999,0.05573,1.94365,-1.88792,0.0286728577676021,0.00023,1.03997,93231.675,6.112717,0
2025-11-18 14:09:24.873932,93231.67,76.76000000000931,0.0823325378597308,0.68974,0.80122,0.28531,1.48349,-1.19818,0.1923235074048359,0.0001,0.055,93231.675,6.117414,1
2025-11-18 14:09:26.908583,93231.675,76.75,0.082321807475839,-0.22958,-0.91932,0.05573,1.48349,-1.42776,0.0375668187854316,0.00023,0.055,93231.67,6.117785,0
2025-11-18 14:09:30.991346,93231.675,76.75,0.082321807475839,0.0,0.0,0.05573,1.48349,-1.42776,0.0375668187854316,0.00023,0.055,93240.75,6.105773,1
2025-11-18 14:09:33.026368,93231.67,76.73999999999069,0.0823110859217588,0.0,0.0,0.05573,1.48349,-1.42776,0.0375668187854316,0.00023,1.03997,93240.75,6.103502,1
2025-11-18 14:09:35.061606,93231.675,76.75,0.082321807475839,0.0,0.0,0.05573,1.48349,-1.42776,0.0375668187854316,0.00023,0.055,93249.64,6.102397,1
2025-11-18 14:09:37.097119,93240.75,87.95999999999185,0.0943364355177235,0.11159,0.11159,0.16732,1.48349,-1.31617,0.1127880875503037,0.00023,0.055,93249.64,6.103449,1
2025-11-18 14:09:39.129870,93240.75,87.95999999999185,0.0943364355177235,-0.00021,-0.1118,0.16711,1.48349,-1.31638,0.1126465294676742,0.00023,0.055,93282.285,6.101567,1
2025-11-18 14:09:41.164003,93249.64,93.73999999999069,0.1005258572579912,-0.1113799999999999,-0.1111699999999999,0.05573,1.48349,-1.42776,0.0375668187854316,0.00023,1.03997,93296.37,6.097577,1
2025-11-18 14:09:43.200568,93249.64,93.73999999999069,0.1005258572579912,0.0,0.1113799999999999,0.05573,1.48349,-1.42776,0.0375668187854316,0.00023,1.03997,93296.375,6.094641,1
2025-11-18 14:09:45.231437,93282.285,89.00999999999476,0.095420046796661,-0.34858,-0.34858,0.16711,1.94345,-1.77634,0.0859862615451902,0.055,1.03997,93308.955,6.093344,1
2025-11-18 14:09:47.261580,93296.37,85.61999999999534,0.0917720592987651,0.001,0.34958,0.16711,1.94245,-1.77534,0.0860305284563309,0.00023,1.03997,93308.955,6.094394,1
2025-11-18 14:09:49.295209,93296.375,85.63000000000466,0.091782772910528,0.00019,-0.00081,0.1673,1.94245,-1.77515,0.0861283430718937,0.00042,0.055,93308.955,6.093412,1
2025-11-18 14:09:53.355974,93308.955,86.83000000000175,0.0930564488692449,0.0,0.00019,0.16711,1.94245,-1.77534,0.0860305284563309,0.00023,1.03997,93308.96,6.101739,1
2025-11-18 14:09:55.388621,93308.955,86.83000000000175,0.0930564488692449,0.0,0.0,0.16711,1.94245,-1.77534,0.0860305284563309,0.00023,1.03997,93308.96,6.100177,1
2025-11-18 14:09:57.424893,93308.955,86.83000000000175,0.0930564488692449,0.0,0.0,0.16711,1.94245,-1.77534,0.0860305284563309,0.00023,1.03997,93288.33,6.092648,0
2025-11-18 14:09:59.457713,93308.96,86.84000000001106,0.0930671609671901,-6e-05,-6e-05,0.16705,1.94245,-1.7754,0.0859996396303637,0.00017,0.055,93281.6,6.092431,0
2025-11-18 14:10:01.488798,93308.96,86.81999999999243,0.0930457267983615,-0.11138,-0.11132,0.05567,1.94245,-1.88678,0.0286596823599063,0.00023,1.03997,93280.745,6.100273,0
2025-11-18 14:10:03.517541,93288.33,90.5,0.0970110623697519,0.11144,0.22282,0.16711,1.94245,-1.77534,0.0860305284563309,0.00023,1.03997,93280.745,6.105214,0
2025-11-18 14:10:05.550144,93281.6,79.0,0.0846897994888595,-0.1114199999999999,-0.22286,0.05569,1.94245,-1.88676,0.0286699786352287,0.00023,0.055,93277.65,6.10619,0
2025-11-18 14:10:07.589071,93280.745,80.69000000000233,0.0865023108466836,0.1114199999999999,0.2228399999999999,0.1671099999999999,1.94245,-1.77534,0.0860305284563309,0.00023,1.03997,93277.65,6.102389,0
2025-11-18 14:10:09.622755,93280.745,80.69000000000233,0.0865023108466836,0.0,-0.1114199999999999,0.1671099999999999,1.94245,-1.77534,0.0860305284563309,0.00023,1.03997,93272.26,6.102269,0
2025-11-18 14:10:11.656334,93277.65,74.5,0.0798690790344739,-0.1124,-0.1124,0.0557099999999999,1.94345,-1.88774,0.0286655175075252,0.00023,1.03997,93254.26,6.1033,0
2025-11-18 14:10:13.691460,93277.65,74.5,0.0798690790344739,-9.9999999999989e-05,0.1123,0.0557099999999999,1.94355,-1.88784,0.0286640426024542,0.00023,1.03997,93254.26,6.106724,0
2025-11-18 14:10:15.725024,93272.26,85.27999999999884,0.0914312572677008,0.0,9.9999999999989e-05,0.05571,1.94355,-1.88784,0.0286640426024542,0.00023,1.03997,93254.26,6.10981,0
2025-11-18 14:10:17.759634,93254.26,65.13999999999942,0.0698520367863081,1.9999999999999185e-05,1.9999999999999185e-05,0.05573,1.94355,-1.88782,0.028674333050346,0.00023,0.055,93250.065,6.118362,0
2025-11-18 14:10:19.798184,93254.26,65.13999999999942,0.0698520367863081,0.1113799999999999,0.1113599999999999,0.1671099999999999,1.94355,-1.77644,0.085981837359471,0.00023,0.055,93256.26,6.11686,1
2025-11-18 14:10:21.834834,93254.26,65.13999999999942,0.0698520367863081,0.0,-0.1113799999999999,0.1671099999999999,1.94355,-1.77644,0.085981837359471,0.00023,0.055,93248.29,6.118393,0
2025-11-18 14:10:23.877996,93250.065,56.75,0.060857866426152,-0.1113799999999999,-0.1113799999999999,0.05573,1.94355,-1.88782,0.028674333050346,0.00023,0.055,93245.84,6.125235,0
2025-11-18 14:10:25.915044,93256.26,69.13999999999942,0.0741397950121519,0.1113799999999999,0.2227599999999999,0.1671099999999999,1.94355,-1.77644,0.085981837359471,0.00023,0.055,93252.375,6.122875,0
2025-11-18 14:10:27.953227,93248.29,85.06000000001222,0.0912188309297813,-0.1113799999999999,-0.2227599999999999,0.05573,1.94355,-1.88782,0.028674333050346,0.00023,1.03997,93240.68,6.118879,0
2025-11-18 14:10:30.003231,93245.84,80.16000000000349,0.0859663015529738,0.0,0.1113799999999999,0.05573,1.94355,-1.88782,0.028674333050346,0.00023,1.03997,93240.68,6.10478,0
2025-11-18 14:10:32.037919,93252.375,81.89000000001397,0.0878154577832617,0.0,0.0,0.05573,1.94355,-1.88782,0.028674333050346,0.055,1.03997,93240.68,6.103699,0
2025-11-18 14:10:34.072106,93240.68,80.71999999998661,0.0865716552045594,0.1113799999999999,0.1113799999999999,0.1671099999999999,1.94355,-1.77644,0.085981837359471,0.00023,0.055,93239.6,6.105987,0
2025-11-18 14:10:36.108011,93240.68,80.71999999998661,0.0865716552045594,0.0,-0.1113799999999999,0.1671099999999999,1.94355,-1.77644,0.085981837359471,0.00023,0.055,93239.6,6.10826,0
2025-11-18 14:10:38.141618,93240.68,80.71999999998661,0.0865716552045594,0.0,0.0,0.1671099999999999,1.94355,-1.77644,0.085981837359471,0.00023,0.055,93244.59,6.111718,1
2025-11-18 14:10:40.178093,93239.6,82.8799999999901,0.0888892702242288,0.00023,0.00023,0.16734,1.94355,-1.77621,0.0861001775102261,0.00023,0.055,93259.77,6.111269,1
2025-11-18 14:10:42.216271,93239.6,82.8799999999901,0.0888892702242288,0.95964,0.95941,0.1145,0.93107,-0.81657,0.1229767901446722,0.00023,0.055,93259.775,6.110221,1
2025-11-18 14:10:44.253336,93244.59,92.86000000000058,0.0995875471166751,-0.95964,-1.91928,0.16734,1.94355,-1.77621,0.0861001775102261,0.00023,1.03997,93273.705,6.105316,1
2025-11-18 14:10:46.289362,93259.77,89.68000000000757,0.0961615067247191,-0.00023,0.95941,0.16711,1.94355,-1.77644,0.085981837359471,0.00023,1.03997,93273.705,6.104479,1
2025-11-18 14:10:48.326492,93259.775,89.69000000000233,0.096172224305712,0.0,0.00023,0.16711,1.94355,-1.77644,0.085981837359471,0.00023,0.055,93273.705,6.10146,1
2025-11-18 14:10:50.358652,93273.705,88.79000000000815,0.0951929592589981,-0.1114,-0.1114,0.05571,1.94355,-1.88784,0.0286640426024542,0.00023,1.03997,93249.64,6.108759,0
2025-11-18 14:10:52.393841,93273.705,88.79000000000815,0.0951929592589981,0.1114,0.2228,0.16711,1.94355,-1.77644,0.085981837359471,0.00023,1.03997,93249.64,6.111767,0
2025-11-18 14:10:54.427952,93273.705,88.79000000000815,0.0951929592589981,0.0,-0.1114,0.16711,1.94355,-1.77644,0.085981837359471,0.00023,1.03997,93249.64,6.114531,0
2025-11-18 14:10:58.505608,93249.64,63.77999999999884,0.0683970468947642,0.0,0.1114199999999999,0.05569,1.94355,-1.88786,0.0286537521545625,0.00023,1.03997,93240.35,6.111771,0
2025-11-18 14:11:00.542483,93249.64,63.77999999999884,0.0683970468947642,0.1114199999999999,0.1114199999999999,0.1671099999999999,1.94355,-1.77644,0.085981837359471,0.00023,1.03997,93248.58,6.109528,0
2025-11-18 14:11:02.581159,93249.64,63.77999999999884,0.0683970468947642,-0.1112799999999998,-0.2226999999999998,0.0557099999999999,1.94343,-1.88772,0.0286658125067535,0.00023,1.03985,93248.585,6.108776,0
2025-11-18 14:11:04.617379,93240.35,82.3799999999901,0.0883523066998248,0.11184,0.2231199999999999,0.16742,1.9433,-1.77588,0.0861524211392991,0.00023,0.05487,93258.775,6.109762,1
2025-11-18 14:11:06.652011,93248.58,87.88000000000466,0.0942427219803289,-0.00032,-0.1121600000000001,0.16723,1.94343,-1.7762,0.0860488929367149,0.055,1.03985,93258.78,6.108701,1
2025-11-18 14:11:08.689935,93248.585,87.8700000000099,0.0942319929037099,0.0004899999999999,0.00081,0.16759,1.9433,-1.77571,0.0862399011989914,0.00046,1.03972,93258.775,6.108859,1
2025-11-18 14:11:10.727141,93258.775,91.47000000000116,0.0980819231219809,-2e-05,-0.0005099999999999,0.16757,1.9433,-1.77573,0.0862296094272629,0.00044,1.03972,93253.785,6.107804,0
2025-11-18 14:11:12.760712,93258.78,91.45999999999184,0.0980711950124072,-0.11186,-0.11184,0.05571,1.9433,-1.88759,0.0286677301497452,0.00023,1.03972,93253.78,6.107326,0
2025-11-18 14:11:14.798794,93258.775,91.47000000000116,0.0980819231219809,0.11163,0.22349,0.16734,1.9433,-1.77596,0.0861112540523851,0.00021,1.03972,93253.78,6.10427,0
2025-11-18 14:11:16.834945,93253.785,81.49000000000524,0.0873851929978019,0.2250199999999999,0.1133899999999999,0.16734,1.71828,-1.55094,0.0973880857601787,0.00021,0.055,93234.795,6.105546,0
2025-11-18 14:11:18.868038,93253.78,81.48000000001048,0.0873744742572477,0.0,-0.2250199999999999,0.16734,1.71828,-1.55094,0.0973880857601787,0.00021,8e-05,93229.68,6.104339,0
2025-11-18 14:11:20.903064,93253.78,81.48000000001048,0.0873744742572477,0.0,0.0,0.16734,1.71828,-1.55094,0.0973880857601787,0.00021,8e-05,93235.72,6.100995,0
2025-11-18 14:11:22.940491,93234.795,43.51000000000931,0.0466671267953228,-0.0922,-0.0922,0.16734,1.81048,-1.64314,0.0924285272413945,0.00021,1.03972,93227.15,6.100862,0
2025-11-18 14:11:24.972377,93229.68,53.71999999998661,0.0576211352436119,0.0587899999999999,0.15099,0.22613,1.81048,-1.58435,0.1249005788520171,0.0001,8e-05,93227.155,6.108381,0
2025-11-18 14:11:27.004059,93235.72,65.79999999998836,0.0705738101234037,5.551115123125783e-17,-0.0587899999999999,0.22613,1.81048,-1.58435,0.1249005788520171,0.0001,8e-05,93222.355,6.115289,0
2025-11-18 14:11:29.041353,93227.15,82.94000000000233,0.088965499857072,0.0,-5.551115123125783e-17,0.22613,1.81048,-1.58435,0.1249005788520171,0.055,8e-05,93228.455,6.111282,1
2025-11-18 14:11:31.080758,93227.155,82.95000000001164,0.0889762215740806,-0.133,-0.133,0.22613,1.94348,-1.7173500000000002,0.116353139728734,0.055,1.0398,93232.745,6.106804,1
2025-11-18 14:11:33.119348,93222.355,85.14999999999418,0.0913407519044055,0.07421,0.20721,0.16734,1.81048,-1.64314,0.0924285272413945,0.0001,8e-05,93232.745,6.09979,1
2025-11-18 14:11:35.152635,93228.455,80.35000000000582,0.0861861327638711,-2e-05,-0.07423,0.16732,1.81048,-1.64316,0.0924174804471742,0.00019,8e-05,93242.59,6.102191,1
2025-11-18 14:11:37.187562,93232.745,71.77000000000407,0.0769793917362446,0.1328099999999999,0.1328299999999999,0.30013,1.81048,-1.51035,0.165773717467191,0.055,8e-05,93242.6,6.108995,1
2025-11-18 14:11:39.219138,93232.745,71.77000000000407,0.0769793917362446,0.0,-0.1328099999999999,0.30013,1.81048,-1.51035,0.165773717467191,0.055,8e-05,93249.425,6.111862,1
2025-11-18 14:11:41.254826,93242.59,91.44000000000231,0.0980667739924452,-0.04063,-0.04063,0.1673,1.71828,-1.55098,0.0973648066671322,0.00017,8e-05,93294.445,6.110095,1
2025-11-18 14:11:43.296557,93242.6,91.4600000000064,0.0980882128984031,-0.22502,-0.1843899999999999,0.1673,1.9433,-1.776,0.0860906705089281,0.00017,0.055,93294.44,6.106276,1
2025-11-18 14:11:45.331000,93249.425,77.79000000000815,0.0834214259230104,0.26575,0.49077,0.30013,1.81038,-1.51025,0.16578287431368,0.055,8e-05,93294.445,6.108385,1
2025-11-18 14:11:47.364921,93294.445,91.77000000000407,0.0983659852416765,-0.1557199999999999,-0.42147,0.16732,1.83329,-1.6659700000000002,0.0912676117799148,0.055,1.03972,93294.44,6.111869,0
2025-11-18 14:11:49.402833,93294.44,91.76000000000931,0.0983552717611138,0.35773,0.51345,0.30013,1.60837,-1.30824,0.1866050722159702,0.055,8e-05,93311.4,6.11405,1
2025-11-18 14:11:51.439385,93294.445,91.75,0.098344547738078,-0.13283,-0.49056,0.1673,1.60837,-1.44107,0.1040183539857122,0.00017,8e-05,93311.395,6.114273,1
2025-11-18 14:11:53.476790,93294.44,91.76000000000931,0.0983552717611138,0.22483,0.35766,0.39213,1.60837,-1.21624,0.2438058406958597,0.055,8e-05,93298.57,6.112018,1
2025-11-18 14:11:55.516883,93311.4,84.94000000000233,0.0910285345627676,-0.31692,-0.54175,0.30013,1.83329,-1.53316,0.1637111422633625,0.055,1.03972,93298.57,6.102796,0
2025-11-18 14:11:57.553658,93311.395,84.93000000000757,0.0910178226357108,0.2250899999999999,0.54201,0.3003,1.60837,-1.30807,0.1867107692881613,0.05517,8e-05,93298.565,6.101143,0
2025-11-18 14:11:59.588808,93298.57,83.0399999999936,0.0890045795985872,-0.22509,-0.45018,0.30013,1.83329,-1.53316,0.1637111422633625,0.055,0.055,93298.565,6.09945,0
2025-11-18 14:12:01.619679,93298.57,83.02000000000407,0.0889831430428184,2.000000000002e-05,0.22511,0.30015,1.83329,-1.53314,0.163722051612129,0.00019,1.03972,93298.565,6.100497,0
2025-11-18 14:12:03.654801,93298.565,83.01000000000931,0.0889724295330901,0.2249199999999999,0.2248999999999999,0.30015,1.60837,-1.30822,0.1866175071656397,0.00019,8e-05,93298.57,6.103338,1
2025-11-18 14:12:05.688258,93298.565,83.01000000000931,0.0889724295330901,0.0,-0.2249199999999999,0.30015,1.60837,-1.30822,0.1866175071656397,0.00019,8e-05,93302.01,6.100976,1
2025-11-18 14:12:07.720176,93298.565,83.01000000000931,0.0889724295330901,0.0,0.0,0.30015,1.60837,-1.30822,0.1866175071656397,0.00019,8e-05,93308.3,6.101079,1
2025-11-18 14:12:09.758139,93298.57,83.02000000000407,0.0889831430428184,-0.07405,-0.07405,0.2261,1.60837,-1.38227,0.1405771060141634,0.00019,8e-05,93318.485,6.091492,1
2025-11-18 14:12:11.789234,93302.01,76.13999999999942,0.0816059589713012,0.0,0.07405,0.2261,1.60837,-1.38227,0.1405771060141634,0.055,8e-05,93318.48,6.093125,1
2025-11-18 14:12:13.821255,93308.3,88.72000000000116,0.0950826453809587,0.1328099999999999,0.1328099999999999,0.35891,1.60837,-1.24946,0.2231513892947518,0.055,8e-05,93320.775,6.093376,1
2025-11-18 14:12:15.849631,93318.485,86.73000000001048,0.0929397857241365,-0.1916999999999999,-0.3245099999999999,0.39213,1.83329,-1.44116,0.2138941465889193,0.055,1.03972,93375.515,6.10256,1
2025-11-18 14:12:17.882359,93318.48,86.72000000000116,0.0929290747127483,0.2838499999999999,0.4755499999999998,0.45106,1.60837,-1.15731,0.280445419897163,0.05515,8e-05,93375.515,6.103356,1
2025-11-18 14:12:19.914631,93320.775,82.1299999999901,0.0880082703985153,-0.09215,-0.3759999999999999,0.35891,1.60837,-1.24946,0.2231513892947518,0.055,8e-05,93375.52,6.109244,1
2025-11-18 14:12:21.952191,93375.515,20.92999999999301,0.0224148696796938,-0.0587199999999999,0.03343,0.30019,1.60837,-1.30818,0.1866423770649788,0.055,8e-05,93375.52,6.106142,1
2025-11-18 14:12:23.985715,93375.515,20.92999999999301,0.0224148696796938,0.0,0.0587199999999999,0.30019,1.60837,-1.30818,0.1866423770649788,0.055,8e-05,93362.54,6.105089,0
2025-11-18 14:12:26.023875,93375.52,20.94000000000233,0.0224255779244949,0.04074,0.04074,0.34096,1.6084,-1.26744,0.2119870678935588,0.055,0.02309,93371.875,6.093893,0
2025-11-18 14:12:28.058333,93375.52,20.919999999998254,0.0224041590344003,-0.0407599999999999,-0.0815,0.30017,1.60837,-1.3081999999999998,0.1866299421153093,0.00021,8e-05,93372.37,6.088492,0
2025-11-18 14:12:30.090804,93362.54,46.879999999990105,0.0502128583905173,0.0586999999999999,0.0994599999999999,0.35887,1.60837,-1.2495,0.2231265193954127,0.055,8e-05,93372.375,6.094547,1
2025-11-18 14:12:32.117768,93371.875,26.23000000001048,0.0280919709495075,-0.0586799999999999,-0.1173799999999999,0.30019,1.60837,-1.30818,0.1866423770649788,0.055,8e-05,93375.665,6.100765,1
2025-11-18 14:12:34.146825,93372.37,27.220000000001164,0.0291520928514518,0.0586799999999999,0.1173599999999999,0.35887,1.60837,-1.2494999999999998,0.2231265193954127,0.055,8e-05,93376.115,6.105066,1
2025-11-18 14:12:36.185351,93372.375,27.23000000001048,0.0291628010961598,0.00018,-0.0584999999999999,0.35908,1.6084,-1.24932,0.223252922158667,0.05521,0.02309,93376.115,6.100183,1
2025-11-18 14:12:38.218533,93375.665,20.629999999990105,0.022093550819681,-0.00012,-0.0003000000000001,0.35887,1.60831,-1.24944,0.2231348434070546,0.055,2e-05,93376.115,6.10073,1
2025-11-18 14:12:40.251891,93376.115,19.729999999995925,0.0211296004336825,-0.0587199999999999,-0.0585999999999998,0.30015,1.60831,-1.30816,0.1866244691632832,0.055,2e-05,93385.975,6.102016,1
2025-11-18 14:12:42.285534,93376.115,19.729999999995925,0.0211296004336825,1.0158699999999998,1.0745899999999995,0.27641,0.5687000000000001,-0.29229,0.4860383330402673,0.055,2e-05,93385.975,6.102829,1
2025-11-18 14:12:44.319263,93376.115,19.729999999995925,0.0211296004336825,0.0,-1.0158699999999998,0.27641,0.5687000000000001,-0.29229,0.4860383330402673,0.055,2e-05,93382.455,6.107749,1
2025-11-18 14:12:46.353907,93385.975,0.0099999999947613,1.070824606667255e-05,-0.9319,-0.9319,0.32923,1.55342,-1.22419,0.2119388188641835,0.055,2e-05,93382.46,6.11114,0
2025-11-18 14:12:48.388363,93385.975,0.0099999999947613,1.070824606667255e-05,0.0,0.9319,0.32923,1.55342,-1.22419,0.2119388188641835,0.055,2e-05,93385.985,6.115372,1
2025-11-18 14:12:50.427012,93382.455,7.05000000000291,0.0075495980481589,-0.0252599999999999,-0.0252599999999999,0.35886,1.60831,-1.24945,0.2231286257002692,0.05515,2e-05,93385.985,6.114349,1
2025-11-18 14:12:52.465047,93382.46,7.060000000012224,0.0075603062930792,9.000000000002062e-05,0.02535,0.35871,1.60807,-1.2493599999999998,0.2230686475091259,0.055,0.02276,93385.985,6.109107,1
2025-11-18 14:12:56.541361,93385.985,0.0100000000093132,1.070824493558988e-05,0.13328,0.26605,0.35894,1.60779,-1.24885,0.2232505488900913,0.05523,0.02248,93382.665,6.099673,0
2025-11-18 14:12:58.574154,93385.985,0.0100000000093132,1.070824493558988e-05,0.0,-0.13328,0.35894,1.60779,-1.24885,0.2232505488900913,0.05523,0.02248,93382.67,6.104097,0
2025-11-18 14:13:00.607439,93385.985,0.0100000000093132,1.070824493558988e-05,0.0,0.0,0.35894,1.60779,-1.24885,0.2232505488900913,0.05523,0.02248,93382.67,6.104904,0
2025-11-18 14:13:02.641034,93382.665,6.650000000008731,0.0071212360452646,-0.13302,-0.13302,0.22592,1.60779,-1.3818700000000002,0.1405158633901193,0.00021,0.02248,93382.67,6.106369,1
2025-11-18 14:13:10.785072,93382.67,6.639999999999418,0.0071105270389028,0.0,0.0,0.16727,1.60779,-1.44052,0.1040372187910112,0.00023,0.02248,93382.665,6.108323,0
2025-11-18 14:13:12.823210,93382.67,6.639999999999418,0.0071105270389028,0.0,0.0,0.16727,1.60779,-1.44052,0.1040372187910112,0.00023,0.02248,93356.32,6.108298,0
2025-11-18 14:13:14.859205,93382.67,6.639999999999418,0.0071105270389028,0.0,0.0,0.16727,1.60779,-1.44052,0.1040372187910112,0.00023,0.02248,93352.81,6.105249,0
2025-11-18 14:13:16.893395,93382.665,6.629999999990105,0.0070998187939807,0.0586999999999999,0.0586999999999999,0.2259699999999999,1.60779,-1.38182,0.1405469619788653,0.00023,1.03972,93349.025,6.105483,0
2025-11-18 14:13:18.931508,93356.32,59.34000000001106,0.0635629167902195,-0.0586799999999999,-0.1173799999999999,0.16729,1.60779,-1.4405,0.1040496582265096,0.00023,0.02248,93354.44,6.11456,0
2025-11-18 14:13:20.964454,93352.81,66.36000000000058,0.0710851660490997,0.0003499999999999,0.0590299999999999,0.16729,1.60744,-1.44015,0.1040723137411038,0.055,0.02213,93357.91,6.131558,1
2025-11-18 14:13:22.998878,93349.025,73.93000000000757,0.079197399222978,0.0586799999999999,0.0583299999999999,0.2259699999999999,1.60744,-1.38147,0.1405775643258846,0.00023,0.02213,93360.2,6.131546,1
2025-11-18 14:13:25.046068,93354.44,63.10000000000582,0.0675918574413877,0.0003499999999999,-0.05833,0.2259699999999999,1.60709,-1.38112,0.1406081800023645,0.00023,0.02178,93364.2,6.118133,1
2025-11-18 14:13:27.096012,93357.91,56.16000000000349,0.0601555883159803,0.0001899999999999,-0.00016,0.22593,1.60686,-1.38093,0.1406034128673313,0.00019,0.02155,93364.195,6.098721,1
2025-11-18 14:13:29.130424,93360.2,51.58000000000175,0.0552483820728766,0.13281,0.13262,0.35874,1.60686,-1.24812,0.2232552929315559,0.055,0.02155,93364.195,6.097719,1
2025-11-18 14:13:33.194733,93364.195,43.59000000001106,0.0466881334970124,0.133,0.32451,0.3,1.60663,-1.30663,0.1867262530887634,0.00017,0.02132,93373.925,6.098505,1
2025-11-18 14:13:35.228143,93364.195,43.59000000001106,0.0466881334970124,7.00000000000145e-05,-0.13293,0.3,1.60656,-1.30656,0.1867343890050791,0.00017,0.02125,93373.93,6.098622,1
2025-11-18 14:13:37.261519,93364.2,43.58000000000175,0.0466774202531609,-0.13277,-0.13284,0.16723,1.60656,-1.43933,0.1040919729110646,0.00023,0.02125,93379.44,6.103055,1
2025-11-18 14:13:39.293238,93373.925,24.130000000004657,0.0258423323213677,0.19151,0.32428,0.35874,1.60656,-1.24782,0.2232969823722737,0.055,0.02125,93379.45,6.107434,1
2025-11-18 14:13:41.326765,93373.93,24.12000000000989,0.0258316213101557,-0.05876,-0.25027,0.29998,1.60656,-1.30658,0.1867219400458122,0.00015,0.02125,93379.445,6.111486,1
2025-11-18 14:13:43.364574,93379.44,13.10000000000582,0.0140287840663917,0.08837,0.14713,0.38812,1.60633,-1.21821,0.2416190944575523,0.055,0.02102,93379.45,6.11006,1
2025-11-18 14:13:45.400672,93379.45,13.080000000001746,0.0140073645753982,-0.22092,-0.30929,0.1672,1.60633,-1.43913,0.1040882010545778,0.00023,0.02102,93383.76,6.109505,1
2025-11-18 14:13:47.438251,93379.445,13.09000000001106,0.0140180743203293,0.13277,0.35369,0.29997,1.60633,-1.30636,0.1867424501814695,0.00014,0.02102,93383.76,6.114499,1
2025-11-18 14:13:49.474634,93379.45,13.080000000001746,0.0140073645753982,-0.13277,-0.26554,0.1672,1.60633,-1.43913,0.1040882010545778,0.00023,0.02102,93385.985,6.111703,1
2025-11-18 14:13:51.510177,93383.76,4.460000000006403,0.0047759910288538,0.13286,0.26563,0.30006,1.60633,-1.30627,0.1867984785193577,0.00023,0.02102,93431.35,6.123075,1
2025-11-18 14:13:53.552750,93383.76,4.460000000006403,0.0047759910288538,0.0,-0.13286,0.30006,1.60633,-1.30627,0.1867984785193577,0.00023,0.02102,93431.355,6.110061,1
2025-11-18 14:13:55.586337,93385.985,0.0100000000093132,1.070824493558988e-05,0.0586799999999999,0.0586799999999999,0.35874,1.60633,-1.24759,0.2233289548224835,0.055,0.02102,93431.35,6.109951,1
2025-11-18 14:13:59.662811,93431.355,90.7100000000064,0.0970873214886013,-0.07446,-0.02051,0.2312399999999999,1.60724,-1.376,0.1438739702844627,0.00023,0.00011,93431.35,6.103383,0
2025-11-18 14:14:01.696288,93431.35,90.72000000000116,0.097098029729851,0.13277,0.20723,0.36401,1.60724,-1.24323,0.2264814215674074,0.09071,0.00011,93431.355,6.104577,1
2025-11-18 14:14:03.733284,93431.35,90.72000000000116,0.097098029729851,0.0,-0.13277,0.36401,1.60724,-1.24323,0.2264814215674074,0.09071,0.00011,93443.565,6.095052,1
2025-11-18 14:14:05.766194,93431.35,90.72000000000116,0.097098029729851,0.0,0.0,0.36401,1.60724,-1.24323,0.2264814215674074,0.09071,0.00011,93437.6,6.095335,1
2025-11-18 14:14:07.800865,93431.355,90.7100000000064,0.0970873214886013,-0.13287,-0.13287,0.2311399999999999,1.60724,-1.3761,0.1438117518230009,0.00013,0.00011,93437.605,6.09933,1
2025-11-18 14:14:09.828336,93443.565,66.29000000000815,0.0709412146251142,0.13287,0.26574,0.36401,1.60724,-1.24323,0.2264814215674074,0.055,0.00011,93448.305,6.108372,1
2025-11-18 14:14:11.861529,93437.6,78.22000000000116,0.0837136227814083,0.0,-0.13287,0.36401,1.60724,-1.24323,0.2264814215674074,0.055,0.00011,93462.11,6.112388,1
2025-11-18 14:14:13.900195,93437.605,78.2100000000064,0.0837029159726497,-0.13287,-0.13287,0.23114,1.60724,-1.3761,0.1438117518230009,0.00013,0.00011,93442.575,6.111744,1
2025-11-18 14:14:15.936708,93448.305,56.810000000012224,0.0607929699741608,-1.9999999999999185e-05,0.13285,0.23112,1.60724,-1.37612,0.1437993081307085,0.055,0.00011,93442.58,6.10798,0
2025-11-18 14:14:17.973917,93462.11,84.4200000000128,0.0903253735658362,-0.0365299999999997,-0.0365099999999997,0.36425,1.7769,-1.41265,0.2049918397208621,0.055,1.06039,93461.795,6.108709,0
2025-11-18 14:14:20.011939,93442.575,46.64999999999418,0.0499237098292659,0.0380099999999999,0.0745399999999997,0.36425,1.73889,-1.37464,0.2094727096021024,0.055,0.00102,93425.415,6.108212,0
2025-11-18 14:14:22.044688,93442.58,46.63999999999942,0.0499130053986088,-0.13277,-0.17078,0.23148,1.73889,-1.50741,0.1331194037575695,0.00023,0.00102,93425.415,6.11438,0
2025-11-18 14:14:24.082626,93461.795,85.05000000000291,0.0909997502187957,-0.03734,0.0954299999999999,0.23182,1.77657,-1.54475,0.1304873998772916,0.00023,1.06006,93422.815,6.112308,0
2025-11-18 14:14:26.120151,93425.415,77.1299999999901,0.082557835038774,-0.0885,-0.0511599999999999,0.14675,1.78,-1.63325,0.082443820224719,0.00023,1.06006,93419.57,6.112861,0
2025-11-18 14:14:28.159068,93425.415,77.1299999999901,0.082557835038774,0.08513,0.17363,0.23188,1.78,-1.54812,0.1302696629213483,0.00023,1.06006,93425.705,6.106939,1
2025-11-18 14:14:30.194934,93422.815,71.92999999999302,0.0769940404814316,-0.08515,-0.17028,0.14673,1.78,-1.63327,0.0824325842696629,0.00023,1.06006,93406.485,6.108126,0
2025-11-18 14:14:32.233012,93419.57,65.43999999998778,0.0700495624203662,-0.0908399999999999,-0.0056899999999999,0.05555,1.77966,-1.72411,0.0312138273602823,0.00023,1.05972,93408.97,6.10651,0
2025-11-18 14:14:34.266007,93425.705,86.73000000001048,0.0928331233893396,2.0000000000006124e-05,0.09086,0.05557,1.77966,-1.72409,0.0312250654619421,0.00023,1.05972,93408.97,6.115591,0
2025-11-18 14:14:36.303060,93406.485,48.29000000000815,0.0516987658833411,0.0417799999999999,0.0417599999999999,0.05557,1.73788,-1.6823100000000002,0.0319757405574608,0.00023,0.00102,93428.2,6.106871,1
2025-11-18 14:14:38.339522,93408.97,43.320000000006985,0.0463767023659579,0.22461,0.18283,0.28018,1.73788,-1.4577,0.1612194167606508,0.055,0.00102,93445.695,6.105354,1
2025-11-18 14:14:40.381598,93408.97,43.320000000006985,0.0463767023659579,0.0,-0.22461,0.28018,1.73788,-1.4577,0.1612194167606508,0.055,0.00102,93445.705,6.096896,1
2025-11-18 14:14:42.409931,93428.2,81.75999999999476,0.0875110512671706,0.7017699999999999,0.7017699999999999,0.18844,0.94437,-0.75593,0.1995404343636498,0.00023,0.05473,93431.59,6.105541,1
2025-11-18 14:14:44.444876,93445.695,91.61000000000058,0.0980355488821615,-0.74329,-1.4450599999999998,0.2801,1.7793199999999998,-1.4992199999999998,0.1574196884202954,0.055,1.05938,93388.08,6.107807,0
2025-11-18 14:14:46.478494,93445.705,91.58999999999652,0.0980141355881434,-0.22455,0.51874,0.05555,1.7793199999999998,-1.7237699999999998,0.0312197918305869,0.00023,1.05938,93430.4,6.111544,0
2025-11-18 14:14:48.515472,93431.59,83.38000000000466,0.089241765017597,0.09246,0.31701,0.14767,1.7789799999999998,-1.6313099999999998,0.083008240677242,0.00023,1.05904,93430.4,6.110138,0
2025-11-18 14:14:50.552683,93388.08,1.1000000000058208,0.0011778805175198,0.2638799999999999,0.1714199999999998,0.28047,1.6479,-1.36743,0.1701984343710176,0.00013,0.00092,93430.4,6.106769,1
2025-11-18 14:14:54.625610,93430.4,85.74000000000524,0.0917688461143324,0.0,0.0338,0.24564,1.6468699999999998,-1.4012299999999998,0.1491556710608609,0.00013,0.00023,93417.31,6.105747,0
2025-11-18 14:14:56.659452,93430.4,85.74000000000524,0.0917688461143324,0.0,0.0,0.24564,1.6468699999999998,-1.4012299999999998,0.1491556710608609,0.00013,0.00023,93417.31,6.112555,0
2025-11-18 14:14:58.697376,93430.4,85.74000000000524,0.0917688461143324,0.04235,0.04235,0.24563,1.60451,-1.35888,0.1530872353553421,0.00013,0.00023,93417.31,6.109173,0
2025-11-18 14:15:00.731357,93417.31,85.94000000000233,0.0919957982091352,9.999999999996125e-06,-0.04234,0.24564,1.60451,-1.3588699999999998,0.1530934677876735,0.0001,0.00023,93414.715,6.104826,0
2025-11-18 14:15:02.772007,93417.31,85.94000000000233,0.0919957982091352,0.0,-9.999999999996125e-06,0.24564,1.60451,-1.3588699999999998,0.1530934677876735,0.0001,0.00023,93414.71,6.097274,0
2025-11-18 14:15:04.806549,93417.31,85.94000000000233,0.0919957982091352,0.0,0.0,0.24564,1.60451,-1.3588699999999998,0.1530934677876735,0.0001,0.00023,93407.475,6.095155,0
2025-11-18 14:15:06.836183,93414.715,80.75,0.0864424839277195,-0.1318,-0.1318,0.24561,1.7362799999999998,-1.4906699999999995,0.1414575990047688,0.0001,1.0587,93407.485,6.103301,0
2025-11-18 14:15:08.869281,93414.71,80.74000000000524,0.0864317836023954,0.13177,0.2635699999999999,0.24561,1.60451,-1.3588999999999998,0.1530747704906794,0.0001,0.00023,93421.71,6.104993,1
2025-11-18 14:15:10.901704,93407.475,95.2100000000064,0.1019297438454539,-0.13175,-0.26352,0.24576,1.7364099999999998,-1.4906499999999998,0.1415333936109559,0.05515,0.00023,93432.15,6.103752,1
2025-11-18 14:15:12.939484,93407.485,95.20999999999184,0.101929732933064,-0.09807,0.0336799999999999,0.14836,1.7370800000000002,-1.58872,0.0854076956731986,0.00023,1.05858,93435.745,6.100337,1
2025-11-18 14:15:14.974274,93421.71,83.56000000001222,0.0894438776597134,0.1179100000000001,0.2159800000000002,0.26604,1.73685,-1.47081,0.1531738492097763,0.055,1.05835,93433.07,6.103219,1
2025-11-18 14:15:17.005456,93432.15,91.63999999999942,0.0980818701057392,-0.1586700000000001,-0.2765800000000002,0.14859,1.7780699999999998,-1.6294799999999998,0.0835681384872361,0.00023,1.05813,93436.265,6.11114,1
2025-11-18 14:15:19.039821,93435.745,84.44999999999709,0.0903829685309376,-0.09305,0.06562,0.05567,1.7781999999999998,-1.7225299999999997,0.0313069396018445,0.00023,1.05813,93430.18,6.110305,0
2025-11-18 14:15:21.077493,93433.07,46.560000000012224,0.0498324629598623,0.2673799999999999,0.36043,0.28148,1.73663,-1.45515,0.1620840363232237,0.00023,0.00102,93422.99,6.110687,0
2025-11-18 14:15:23.116596,93436.265,40.170000000012806,0.0429918725882427,0.1318999999999999,-0.13548,0.28148,1.60473,-1.32325,0.1754064546683865,0.00023,0.00102,93422.99,6.109598,0
2025-11-18 14:15:25.150126,93430.18,52.34000000001106,0.0560204422168629,-0.1328099999999999,-0.2647099999999999,0.14867,1.60473,-1.45606,0.09264486860718,0.00023,0.00102,93423.46,6.113541,0
2025-11-18 14:15:27.188180,93422.99,66.72000000000116,0.0714171104992477,0.1328099999999999,0.2656199999999999,0.28148,1.60473,-1.32325,0.1754064546683865,0.00023,0.00102,93401.72,6.106748,0
2025-11-18 14:15:29.226194,93422.99,66.72000000000116,0.0714171104992477,0.00021,-0.1326,0.28169,1.60473,-1.32304,0.1755373178042412,0.00023,0.00102,93407.86,6.103409,0
2025-11-18 14:15:31.263667,93423.46,67.65999999998894,0.0724229224650735,-0.2635199999999998,-0.2637299999999998,0.14893,1.73549,-1.58656,0.0858143809529297,0.00023,1.05791,93388.005,6.095271,0
2025-11-18 14:15:33.294928,93401.72,43.01999999998952,0.0460591089757121,-0.00012,0.2633999999999998,0.14881,1.73549,-1.58668,0.0857452362157085,0.00023,0.055,93398.395,6.104622,0
2025-11-18 14:15:35.329603,93407.86,55.29999999998836,0.0592027266227792,-0.1269500000000001,-0.1268300000000001,0.05567,1.7693,-1.7136299999999998,0.0314644209574407,0.00023,1.0578,93395.205,6.102582,0
2025-11-18 14:15:37.358938,93388.005,72.34999999999127,0.0774724762564434,0.2244399999999999,0.3513900000000001,0.1491299999999999,1.63832,-1.48919,0.0910261731529859,0.00023,0.00102,93392.405,6.111083,1
2025-11-18 14:15:39.399550,93398.395,91.61000000000058,0.0980851972884551,-0.1305299999999997,-0.3549699999999997,0.14925,1.76897,-1.61972,0.0843711312232542,0.00023,1.05747,93392.02,6.107824,0
2025-11-18 14:15:41.432185,93395.205,85.20999999999185,0.0912359472844369,-0.09362,0.0369099999999997,0.05563,1.76897,-1.71334,0.0314476785926273,0.00023,1.05747,93386.415,6.107429,0
2025-11-18 14:15:43.470021,93392.405,79.61000000000058,0.0852424776939844,0.09362,0.18724,0.14925,1.76897,-1.61972,0.0843711312232542,0.00023,1.05747,93383.775,6.100218,0
2025-11-18 14:15:45.507374,93392.02,80.38000000000466,0.0860673106760134,0.0,-0.09362,0.14925,1.76897,-1.61972,0.0843711312232542,0.00023,1.05747,93379.125,6.096393,0
2025-11-18 14:15:47.539614,93386.415,91.59000000001106,0.0980763636766772,0.0339,0.0339,0.14923,1.7350499999999998,-1.5858199999999998,0.0860090487305841,0.00021,1.05747,93351.23,6.095733,0
2025-11-18 14:15:49.570239,93383.775,86.2899999999936,0.0924036322155466,-0.09358,-0.12748,0.05565,1.7350499999999998,-1.6793999999999998,0.0320740036310192,0.00023,1.05747,93369.465,6.101937,0
2025-11-18 14:15:51.603767,93379.125,76.98999999999069,0.0824488342549693,0.0003299999999999,0.0939099999999999,0.05565,1.7347199999999998,-1.6790699999999998,0.0320801051466519,0.00023,1.05714,93366.865,6.10599,0
2025-11-18 14:15:53.635347,93351.23,30.479999999995925,0.0326508820505053,0.1309999999999999,0.1306699999999999,0.05567,1.60374,-1.54807,0.0347126092758177,0.00023,0.00102,93366.865,6.107321,1
2025-11-18 14:15:55.672176,93369.465,66.94999999999709,0.0717043842973686,-0.13065,-0.2616499999999999,0.05567,1.73439,-1.6787199999999998,0.0320977404159387,0.00023,1.05681,93356.755,6.107207,0
2025-11-18 14:15:57.709757,93366.865,61.75,0.0661369534041868,0.0,0.13065,0.05567,1.73439,-1.6787199999999998,0.0320977404159387,0.00023,1.05681,93351.645,6.102279,0
2025-11-18 14:15:59.742668,93366.865,61.75,0.0661369534041868,-0.2248,-0.2248,0.05567,1.95919,-1.90352,0.0284148040771951,0.00023,1.05681,93351.86,6.102485,0
2025-11-18 14:16:01.779383,93356.755,81.97000000000116,0.0878029661592256,0.1899799999999999,0.41478,0.05567,1.7692100000000002,-1.71354,0.0314660215576443,0.00023,1.05681,93351.86,6.099969,0
2025-11-18 14:16:03.812036,93351.645,81.58999999999651,0.0874007094358074,0.09447,-0.0955099999999999,0.15014,1.7692100000000002,-1.6190700000000002,0.084862735345154,0.00023,1.05681,93351.86,6.101517,1
2025-11-18 14:16:05.845153,93351.86,81.17999999999302,0.0869613096086066,-0.00023,-0.0947,0.14991,1.7692100000000002,-1.6193000000000002,0.0847327338190491,0.00023,0.055,93362.445,6.10598,1
2025-11-18 14:16:07.879352,93351.86,81.17999999999302,0.0869613096086066,0.0341099999999999,0.0343399999999999,0.15012,1.73531,-1.58519,0.0865090387308319,0.00023,0.055,93362.46,6.109605,1
2025-11-18 14:16:09.913553,93351.86,81.17999999999302,0.0869613096086066,0.0003,-0.0338099999999999,0.15014,1.73503,-1.58489,0.0865345267805167,0.00023,0.05472,93382.435,6.112514,1
2025-11-18 14:16:11.951133,93362.445,84.77000000000407,0.0907966795428333,0.1897500000000002,0.1894500000000002,0.20827,1.60341,-1.39514,0.129891917850082,0.055,1.05681,93382.44,6.125876,1
2025-11-18 14:16:13.988957,93362.46,84.75999999999476,0.0907859540119173,-0.1526,-0.3423500000000002,0.05567,1.60341,-1.54774,0.0347197535252992,0.00023,0.055,93382.44,6.122837,1
2025-11-18 14:16:16.026067,93382.435,72.05000000000291,0.0771558377118811,0.09447,0.24707,0.15014,1.60341,-1.45327,0.0936379341528367,0.055,0.0001,93372.795,6.120502,0
2025-11-18 14:16:18.077009,93382.44,72.04000000000815,0.077145124929278,-0.09447,-0.18894,0.05567,1.60341,-1.54774,0.0347197535252992,0.00023,0.0001,93372.795,6.105486,0
2025-11-18 14:16:20.111794,93382.44,72.04000000000815,0.077145124929278,0.09424,0.18871,0.14991,1.60341,-1.4535,0.0934944898684678,0.00023,0.0001,93372.795,6.102353,0
2025-11-18 14:16:22.146569,93372.795,85.48999999999069,0.0915577176414079,0.00021,-0.0940299999999999,0.15012,1.60341,-1.45329,0.0936254607368046,0.00023,1.05681,93358.765,6.09905,0
2025-11-18 14:16:24.182495,93372.795,85.48999999999069,0.0915577176414079,-0.1318999999999999,-0.13211,0.15012,1.73531,-1.58519,0.0865090387308319,0.00023,1.05681,93367.95,6.096294,0
2025-11-18 14:16:26.214147,93372.795,85.48999999999069,0.0915577176414079,-0.00021,0.1316899999999999,0.14991,1.73531,-1.5854,0.086388022889282,0.00023,1.05681,93367.955,6.099839,0
2025-11-18 14:16:28.245619,93358.765,84.1700000000128,0.0901575765275095,0.00068,0.00089,0.15025,1.73497,-1.58472,0.0866009210533899,0.00023,1.05647,93365.115,6.101527,1
2025-11-18 14:16:30.278789,93367.95,91.58000000000176,0.0980850495271682,0.00023,-0.00045,0.15048,1.73497,-1.5844900000000002,0.0867334881871156,0.055,1.05647,93346.255,6.102304,0
2025-11-18 14:16:32.313986,93367.955,91.57000000000698,0.0980743339618041,-0.00023,-0.00046,0.15025,1.73497,-1.58472,0.0866009210533899,0.00023,1.05647,93352.905,6.101127,0
2025-11-18 14:16:34.347146,93365.115,85.8700000000099,0.0919722532339942,-0.09427,-0.09404,0.05565,1.7346400000000002,-1.6789900000000002,0.0320815846515703,0.00023,1.05614,93357.32,6.104698,0
2025-11-18 14:16:36.381093,93346.255,79.63000000000466,0.0853060468253436,0.09517,0.18944,0.15082,1.7346400000000002,-1.5838200000000002,0.0869459945579486,0.00023,1.05614,93357.33,6.106321,1
2025-11-18 14:16:38.415113,93352.905,92.92999999999302,0.0995469824961451,0.1319300000000002,0.0367600000000002,0.15072,1.60261,-1.45189,0.0940465865057624,0.00023,0.055,93357.33,6.108367,1
2025-11-18 14:16:40.451844,93357.32,84.08000000000175,0.0900625682056872,0.0,-0.1319300000000002,0.15072,1.60261,-1.45189,0.0940465865057624,0.00023,1.05601,93357.33,6.109973,1
2025-11-18 14:16:44.523480,93357.33,84.08000000000175,0.0900625585586067,0.0,-0.8289399999999999,0.05565,0.6786000000000001,-0.6229500000000001,0.0820070733863837,0.00023,0.055,93346.955,6.147765,0
2025-11-18 14:16:46.561817,93357.33,84.08000000000175,0.0900625585586067,0.0,0.0,0.05565,0.6786000000000001,-0.6229500000000001,0.0820070733863837,0.00023,0.055,93346.955,6.146112,0
2025-11-18 14:16:48.600159,93357.33,84.08000000000175,0.0900625585586067,0.0,0.0,0.05565,0.6786000000000001,-0.6229500000000001,0.0820070733863837,0.00023,0.055,93340.015,6.142843,0
2025-11-18 14:16:50.671245,93346.955,81.02999999999884,0.0868051882356514,-0.96076,-0.96076,0.1508,1.7345099999999998,-1.5837099999999995,0.08694098044981,0.00023,1.05601,93340.01,6.108521,0
2025-11-18 14:16:52.707929,93346.955,81.02999999999884,0.0868051882356514,0.0,0.96076,0.1508,1.7345099999999998,-1.5837099999999995,0.08694098044981,0.00023,1.05601,93340.01,6.108702,0
2025-11-18 14:16:54.743002,93340.015,67.14999999999418,0.0719412783466921,-0.0951299999999999,-0.0951299999999999,0.05567,1.7345099999999998,-1.6788399999999997,0.0320955197721546,0.00023,0.055,93340.01,6.106243,0
2025-11-18 14:16:56.779766,93340.01,67.13999999999942,0.071930568681104,0.0,0.0951299999999999,0.05567,1.7345099999999998,-1.6788399999999997,0.0320955197721546,0.00023,1.05601,93336.345,6.103718,0
2025-11-18 14:16:58.816631,93340.01,67.13999999999942,0.071930568681104,0.0951299999999999,0.0951299999999999,0.1508,1.7345099999999998,-1.5837099999999995,0.08694098044981,0.00023,1.05601,93336.345,6.10231,0
2025-11-18 14:17:00.849245,93340.01,67.13999999999942,0.071930568681104,0.0009099999999997,-0.0942200000000002,0.15137,1.7341700000000002,-1.5828000000000002,0.0872867135286621,0.00023,1.05567,93341.49,6.107267,1
2025-11-18 14:17:02.883484,93336.345,74.47000000000116,0.0797867111680891,0.13167,0.1307600000000002,0.15114,1.60227,-1.45113,0.0943286711977382,0.00023,1.05567,93341.495,6.109225,1
2025-11-18 14:17:04.918941,93336.345,74.47000000000116,0.0797867111680891,0.00023,-0.13144,0.15137,1.60227,-1.4509,0.0944722175413631,0.00023,1.05567,93341.495,6.11357,1
2025-11-18 14:17:06.956512,93341.49,84.75999999999476,0.0908063498879166,0.05902,0.05879,0.21039,1.60227,-1.39188,0.1313074575446085,0.00023,1.05567,93341.495,6.114303,1
2025-11-18 14:17:08.992709,93341.495,84.75,0.0907956316748515,-0.0583599999999999,-0.1173799999999999,0.15169,1.60193,-1.45024,0.0946920277415367,0.00023,1.05533,93347.225,6.115537,1
2025-11-18 14:17:11.032511,93341.495,84.75,0.0907956316748515,0.0,0.0583599999999999,0.15169,1.6019300000000003,-1.4502400000000004,0.0946920277415367,0.00023,0.49048,93347.23,6.109893,1
2025-11-18 14:17:13.070815,93341.495,84.75,0.0907956316748515,0.05925,0.05925,0.21094,1.6019300000000003,-1.3909900000000004,0.1316786626132227,0.00023,0.49048,93346.63,6.105923,1
2025-11-18 14:17:15.108246,93347.225,73.2899999999936,0.0785133141343983,0.0421899999999999,-0.01706,0.28425,1.63305,-1.3488000000000002,0.1740608064664278,0.055,0.49048,93340.89,6.10508,0
2025-11-18 14:17:17.142404,93347.23,73.27999999999884,0.0785025972382885,-0.13277,-0.1749599999999999,0.15148,1.63305,-1.48157,0.0927589479807721,0.00023,0.49048,93340.89,6.099915,0
2025-11-18 14:17:19.176738,93346.63,72.08000000000175,0.0772175706825214,-0.1008199999999999,0.03195,0.15144,1.7338300000000002,-1.5823900000000002,0.0873442032955941,0.00019,1.05533,93340.89,6.097567,0
2025-11-18 14:17:23.242319,93340.89,83.55999999999767,0.0895213233985637,0.00068,0.00064,0.15182,1.7334900000000002,-1.58167,0.0875805456045318,0.00023,1.05499,93344.23,6.093375,1
2025-11-18 14:17:25.274305,93340.89,83.55999999999767,0.0895213233985637,0.00021,-0.0004699999999999,0.15203,1.7334900000000002,-1.5814600000000003,0.0877016885012316,0.00023,1.05499,93352.365,6.092685,1
2025-11-18 14:17:27.305293,93340.89,83.55999999999767,0.0895213233985637,0.13169,0.13148,0.15182,1.60159,-1.44977,0.0947932991589607,0.00023,1.05499,93350.73,6.097318,1
2025-11-18 14:17:29.335694,93344.23,79.27999999999884,0.0849329412219682,-0.0961499999999999,-0.2278399999999999,0.05567,1.60159,-1.54592,0.0347592080370132,0.055,0.49048,93346.78,6.100796,1
2025-11-18 14:17:31.366990,93352.365,85.77000000000407,0.0918776937252785,0.15515,0.2512999999999999,0.21082,1.60159,-1.39077,0.1316316910070617,0.055,0.49048,93346.785,6.099622,0
2025-11-18 14:17:33.402611,93350.73,82.4600000000064,0.0883335352599882,-0.0589999999999999,-0.2141499999999999,0.15182,1.60159,-1.44977,0.0947932991589607,0.00023,1.05499,93341.735,6.092781,0
2025-11-18 14:17:35.436490,93346.78,90.36000000000058,0.096800339551081,0.0,0.0589999999999999,0.15182,1.60159,-1.44977,0.0947932991589607,0.00023,1.05499,93335.295,6.088904,0
2025-11-18 14:17:37.466612,93346.785,90.35000000000582,0.096789621624361,-0.0960699999999999,-0.0960699999999999,0.05567,1.60151,-1.54584,0.0347609443587614,0.00023,1.05491,93319.455,6.0927,0
2025-11-18 14:17:39.495392,93341.735,80.26999999998952,0.0859958302681962,-0.1319,-0.0358300000000001,0.05567,1.73341,-1.67774,0.0321158871819131,0.00023,1.05491,93319.455,6.098777,0
2025-11-18 14:17:41.525394,93335.295,72.36999999999534,0.0775376560389029,0.0,0.1319,0.05567,1.73341,-1.67774,0.0321158871819131,0.00023,1.05491,93312.765,6.103755,0
2025-11-18 14:17:43.559312,93319.455,40.69000000000233,0.0436029121687458,0.09691,0.09691,0.15224,1.73307,-1.5808300000000002,0.087844114778976,0.00023,1.05457,93312.765,6.099091,0
2025-11-18 14:17:45.594169,93319.455,40.69000000000233,0.0436029121687458,0.00023,-0.0966799999999999,0.15247,1.73307,-1.5806,0.0879768272487551,0.00023,1.05457,93312.77,6.102256,0
2025-11-18 14:17:51.696425,93312.77,27.319999999992437,0.0292778791155727,0.13628,0.23712,0.1565099999999999,1.7279,-1.57139,0.0905781584582441,0.00023,0.055,93312.765,6.107327,0
2025-11-18 14:17:53.726052,93312.765,27.30999999999767,0.0292671640369864,0.0,-0.13628,0.1565099999999999,1.7279,-1.57139,0.0905781584582441,0.00023,1.05032,93310.465,6.108382,0
2025-11-18 14:17:55.762715,93312.765,27.30999999999767,0.0292671640369864,0.0003999999999999,0.0003999999999999,0.15682,1.7278099999999998,-1.57099,0.0907622944652479,0.00023,1.05023,93317.16,6.105098,1
2025-11-18 14:17:57.803752,93312.765,27.30999999999767,0.0292671640369864,-0.00021,-0.0006099999999999,0.15661,1.7278099999999998,-1.5712,0.0906407533235714,0.00023,1.05023,93317.16,6.09614,1
2025-11-18 14:17:59.834434,93310.465,22.710000000006403,0.02433810612776,-0.10094,-0.10073,0.05567,1.7278099999999998,-1.6721399999999995,0.0322199778910875,0.00023,1.05023,93317.16,6.092976,1
2025-11-18 14:18:12.030976,93317.16,36.10000000000582,0.0386852750340942,-0.08816,-0.08816,0.15695,1.95237,-1.7954200000000002,0.0803894753555934,0.00023,0.49048,93339.915,6.097586,1
2025-11-18 14:18:14.061186,93317.16,36.10000000000582,0.0386852750340942,-0.1011999999999999,-0.0130399999999999,0.05563,1.95225,-1.89662,0.0284953259060058,0.00023,0.49036,93339.92,6.102802,1
2025-11-18 14:18:16.095444,93317.16,36.10000000000582,0.0386852750340942,0.23332,0.33452,0.15695,1.82025,-1.6633000000000002,0.0862244197225655,0.00023,0.49036,93336.13,6.102159,1
2025-11-18 14:18:18.128562,93339.915,66.47000000000116,0.0712128353663072,0.12252,-0.1107999999999999,0.05561,1.59639,-1.54078,0.0348348461215617,0.055,0.0001,93336.13,6.104072,0
2025-11-18 14:18:20.163988,93339.92,66.45999999999185,0.071202118021948,0.10149,-0.02103,0.1571,1.59639,-1.43929,0.0984095365167659,0.00023,0.0001,93336.13,6.104453,0
2025-11-18 14:18:22.197603,93336.13,74.0399999999936,0.0793261944758086,-0.0001499999999999,-0.10164,0.15695,1.59639,-1.43944,0.0983155745149994,0.00023,0.0001,93342.99,6.101966,1
2025-11-18 14:18:24.232634,93336.13,74.0399999999936,0.0793261944758086,-0.10128,-0.10113,0.05567,1.59639,-1.54072,0.0348724309222683,0.00023,0.0001,93342.995,6.101203,1
2025-11-18 14:18:26.268441,93336.13,74.0399999999936,0.0793261944758086,0.10128,0.20256,0.15695,1.59639,-1.43944,0.0983155745149994,0.00023,0.0001,93342.995,6.094437,1
2025-11-18 14:18:28.299569,93342.99,87.36000000000058,0.0935903167447288,-0.2332000000000001,-0.3344800000000001,0.05565,1.72829,-1.67264,0.0321994572670095,0.00023,1.04989,93342.995,6.097893,1
2025-11-18 14:18:30.333837,93342.995,87.34999999999127,0.0935795985547616,-1.999999999999633e-05,0.2331800000000001,0.05563,1.72829,-1.6726599999999998,0.0321878851350178,0.00023,1.04989,93349.99,6.099526,1
2025-11-18 14:18:32.362878,93342.995,87.34999999999127,0.0935795985547616,0.0,1.999999999999633e-05,0.05563,1.72829,-1.6726599999999998,0.0321878851350178,0.00023,1.04989,93353.08,6.106262,1
2025-11-18 14:18:34.397462,93342.995,87.34999999999127,0.0935795985547616,0.0,0.0,0.05563,1.72829,-1.6726599999999998,0.0321878851350178,0.00023,1.04989,93358.905,6.102223,1
2025-11-18 14:18:36.433363,93349.99,77.19999999999709,0.0826995268023029,0.10126,0.10126,0.15689,1.72829,-1.5714,0.0907775894091848,0.00017,0.49038,93355.775,6.094749,1
2025-11-18 14:18:38.469140,93353.08,83.36000000000058,0.0892953933603482,-0.10122,-0.20248,0.05561,1.72823,-1.67262,0.0321774300874304,0.00023,1.04983,93362.1,6.096068,1
2025-11-18 14:18:40.499685,93358.905,85.85000000000582,0.0919569482954045,0.2333,0.33452,0.1570099999999999,1.59633,-1.43932,0.0983568560385383,0.00023,1.04983,93354.215,6.102331,0
2025-11-18 14:18:42.528112,93355.775,79.56999999999243,0.0852330774394968,-0.10142,-0.33472,0.05559,1.59633,-1.54074,0.0348236266937287,0.00023,1.04983,93354.225,6.108211,0
2025-11-18 14:18:44.565208,93362.1,79.47999999999593,0.0851309042962785,0.10158,0.203,0.15717,1.59633,-1.43916,0.0984570859408768,0.055,0.49038,93345.735,6.107904,0
2025-11-18 14:18:46.602016,93354.215,84.2899999999936,0.0902905133956657,0.1326,0.0310199999999999,0.2897699999999999,1.59633,-1.3065600000000002,0.1815226175038995,0.055,1.04983,93345.735,6.110266,0
2025-11-18 14:18:48.636323,93354.225,84.27000000000407,0.0902690799479124,-0.23418,-0.36678,0.05559,1.59633,-1.54074,0.0348236266937287,0.00023,1.04983,93345.735,6.111912,0
2025-11-18 14:18:52.712282,93345.735,90.25,0.0966835817405048,-0.22463,-0.32604,0.1571699999999999,1.82113,-1.66396,0.0863035587794391,0.00023,1.04983,93331.6,6.101856,0
2025-11-18 14:18:54.748235,93345.735,90.25,0.0966835817405048,0.0,0.22463,0.1571699999999999,1.82113,-1.66396,0.0863035587794391,0.00023,1.04983,93331.6,6.099799,0
2025-11-18 14:18:56.781343,93345.735,90.25,0.0966835817405048,0.0,0.0,0.1571699999999999,1.82113,-1.66396,0.0863035587794391,0.00023,1.04983,93337.145,6.098811,0
2025-11-18 14:18:58.814138,93331.6,61.979999999995925,0.0664083761555528,0.0927299999999999,0.0927299999999999,0.157,1.72823,-1.57123,0.0908443899249521,0.00023,1.04983,93336.39,6.101947,1
2025-11-18 14:19:00.848034,93331.6,61.979999999995925,0.0664083761555528,-0.10133,-0.1940599999999999,0.05567,1.72823,-1.6725599999999998,0.0322121476886756,0.00023,1.04983,93343.24,6.099198,1
2025-11-18 14:19:02.880154,93337.145,73.06999999999243,0.0782860885663392,-0.0928999999999999,0.00843,0.05567,1.82113,-1.76546,0.0305689324759901,0.00023,1.04983,93343.24,6.103758,1
2025-11-18 14:19:04.916085,93336.39,74.5799999999872,0.0799045259839031,0.10225,0.19515,0.157,1.82021,-1.66321,0.086253783904055,0.00011,1.04983,93344.44,6.101176,1
2025-11-18 14:19:06.947232,93343.24,88.25999999999476,0.0945542494560878,0.1225499999999999,0.0202999999999999,0.05567,1.59633,-1.54066,0.0348737416448979,0.00023,1.04983,93344.445,6.104812,1
2025-11-18 14:19:08.983912,93343.24,88.25999999999476,0.0945542494560878,0.10133,-0.0212199999999999,0.157,1.59633,-1.43933,0.0983505916696422,0.00023,1.04983,93344.445,6.102066,1
2025-11-18 14:19:11.017261,93344.44,85.88000000000466,0.0920033373171499,0.0,-0.10133,0.157,1.59633,-1.43933,0.0983505916696422,0.00023,0.055,93354.26,6.09968,1
2025-11-18 14:19:13.052044,93344.445,85.8700000000099,0.0919926193786999,-0.1013699999999999,-0.1013699999999999,0.05563,1.59633,-1.5407,0.0348486841693133,0.00023,0.055,93354.26,6.098771,1
2025-11-18 14:19:15.085978,93344.445,85.8700000000099,0.0919926193786999,0.0,0.1013699999999999,0.05563,1.59633,-1.5407,0.0348486841693133,0.00023,0.055,93350.33,6.098383,1
2025-11-18 14:19:17.116941,93354.26,95.13999999999942,0.1019128639657144,-0.1232599999999999,-0.1232599999999999,0.15717,1.82113,-1.66396,0.0863035587794391,0.00023,1.04983,93377.895,6.09949,1
2025-11-18 14:19:19.150815,93354.26,95.13999999999942,0.1019128639657144,0.0,0.1232599999999999,0.15717,1.82113,-1.66396,0.0863035587794391,0.00023,1.04983,93388.225,6.097788,1
2025-11-18 14:19:21.184361,93350.33,87.27999999999884,0.0934972591955474,-0.0001699999999999,-0.0001699999999999,0.157,1.82113,-1.66413,0.086210210144251,0.00023,0.055,93385.485,6.094881,1
2025-11-18 14:19:23.216431,93377.895,83.50999999999476,0.0894323008673463,-0.00843,-0.00826,0.05567,1.72823,-1.6725599999999998,0.0322121476886757,0.00023,0.055,93390.38,6.097378,1
2025-11-18 14:19:25.248603,93388.225,91.61000000000058,0.0980958787898587,0.23318,0.24161,0.157,1.59638,-1.43938,0.0983475112441899,0.055,1.04983,93397.44,6.096329,1
2025-11-18 14:19:27.279242,93385.485,86.08999999999651,0.0921877741492658,-0.10135,-0.33453,0.05565,1.59638,-1.5407300000000002,0.0348601210238163,0.00023,1.04983,93397.44,6.103742,1
2025-11-18 14:19:29.313809,93390.38,95.88000000000466,0.1026658206123635,5.000000000003179e-05,0.1014,0.05565,1.59633,-1.54068,0.0348612129071056,0.00023,1.04983,93397.435,6.105823,1
2025-11-18 14:19:31.344932,93397.44,81.77999999999884,0.0875612864763732,0.10135,0.1012999999999999,0.157,1.59633,-1.43933,0.0983505916696422,0.00023,0.055,93397.435,6.108959,0
2025-11-18 14:19:33.382984,93397.44,81.77999999999884,0.0875612864763732,0.0,-0.10135,0.157,1.59633,-1.43933,0.0983505916696422,0.00023,0.055,93397.435,6.105852,0
2025-11-18 14:19:41.519825,93397.435,81.77000000000407,0.0875505842317876,-5.000000000003179e-05,0.2244099999999999,0.1573,1.59631,-1.43901,0.0985397573153084,0.00023,1.04976,93404.25,6.101906,1
2025-11-18 14:19:43.551954,93397.435,81.77000000000407,0.0875505842317876,0.0588799999999999,0.05893,0.2161799999999999,1.59631,-1.38013,0.135424823499195,0.00023,0.49038,93404.25,6.11436,1
2025-11-18 14:19:45.587428,93397.435,81.77000000000407,0.0875505842317876,0.0,-0.0588799999999999,0.2161799999999999,1.59631,-1.38013,0.135424823499195,0.00023,0.49038,93404.255,6.117012,1
2025-11-18 14:19:47.621731,93404.25,68.14000000001397,0.0729517125826865,0.07378,0.07378,0.28996,1.59631,-1.30635,0.1816439162819252,0.00023,0.49038,93404.255,6.11936,1
2025-11-18 14:19:49.666314,93404.25,68.14000000001397,0.0729517125826865,0.00021,-0.07357,0.29017,1.59631,-1.30614,0.1817754696769424,0.00044,0.49038,93404.255,6.155624,1
2025-11-18 14:19:51.704440,93404.255,68.13000000000466,0.0729410025271382,-0.133,-0.13321,0.15717,1.59631,-1.43914,0.0984583194993453,0.00023,0.49038,93406.54,6.154486,1
2025-11-18 14:19:53.741091,93404.255,68.13000000000466,0.0729410025271382,0.0,0.133,0.15717,1.59631,-1.43914,0.0984583194993453,0.00023,0.49038,93406.545,6.152299,1
2025-11-18 14:19:55.821938,93404.255,68.13000000000466,0.0729410025271382,5.000000000005694e-05,5.000000000005694e-05,0.15717,1.59626,-1.43909,0.0984614035307531,0.00023,0.49038,93423.14,6.104789,1
2025-11-18 14:19:57.858926,93406.54,63.560000000012224,0.0680466271419669,0.35726,0.3572099999999999,0.51443,1.59626,-1.08183,0.322272060942453,0.055,0.49038,93423.145,6.099386,1
2025-11-18 14:19:59.893390,93406.545,63.55000000000291,0.068035917611558,0.8253299999999999,0.4680699999999999,0.29015,0.54665,-0.2564999999999999,0.5307783773895546,0.00023,0.49038,93404.28,6.095233,0
2025-11-18 14:20:01.926727,93423.14,66.0,0.0706463088266996,-1.1222900000000002,-1.94762,0.21747,1.59626,-1.37879,0.1362372044654379,0.00046,0.00102,93404.285,6.111288,0
2025-11-18 14:20:03.958312,93423.145,65.99000000000524,0.0706356010601069,-0.00023,1.1220600000000005,0.21724,1.59626,-1.37902,0.1360931176625361,0.00023,0.00102,93404.285,6.1147,0
2025-11-18 14:20:05.988623,93404.28,84.48000000001048,0.0904455341875238,0.00023,0.00046,0.21747,1.59626,-1.37879,0.1362372044654379,0.00046,1.04976,93404.27,6.119357,0
2025-11-18 14:20:08.038015,93404.285,84.47000000000116,0.0904348231989583,-0.0603299999999999,-0.06056,0.15719,1.59631,-1.4391200000000002,0.0984708483941089,0.00023,1.04976,93404.28,6.102897,0
2025-11-18 14:20:10.073012,93404.285,84.47000000000116,0.0904348231989583,0.0,0.0603299999999999,0.15719,1.59631,-1.4391200000000002,0.0984708483941089,0.00023,1.04976,93407.345,6.104249,1
2025-11-18 14:20:12.107980,93404.27,84.4600000000064,0.0904241315734349,0.0597599999999999,0.0597599999999999,0.21702,1.59638,-1.37936,0.1359450757338478,1e-05,0.00022,93414.695,6.107225,1
2025-11-18 14:20:14.140912,93404.28,84.48000000001048,0.0904455341875238,0.0,-0.0597599999999999,0.21702,1.59638,-1.37936,0.1359450757338478,1e-05,0.00022,93414.695,6.107225,1
2025-11-18 14:20:16.177261,93407.345,78.35000000000582,0.083879913298045,0.0,0.0,0.21702,1.59638,-1.37936,0.1359450757338478,0.055,0.00022,93417.245,6.106209,1
2025-11-18 14:20:18.215205,93414.695,82.8700000000099,0.0887119526537124,0.15657,0.15657,0.37359,1.59638,-1.2227900000000005,0.2340232275523371,0.04715,0.00022,93428.675,6.1021,1
2025-11-18 14:20:20.248137,93414.695,82.8700000000099,0.0887119526537124,0.8851199999999999,0.7285499999999999,0.20917,0.54684,-0.33767,0.3825067661473191,0.04715,0.00022,93434.465,6.104026,1
2025-11-18 14:20:22.283470,93417.245,77.77000000000407,0.0832501536520415,-0.0521399999999999,-0.93726,0.15691,0.54672,-0.38981,0.287002487562189,0.00017,0.00022,93434.47,6.102753,1
2025-11-18 14:20:24.317305,93428.675,54.91000000000349,0.0587721061012622,0.6229899999999999,0.6751299999999999,0.28974,0.05656,0.23318,5.122701555869873,0.055,0.00022,93434.47,6.104567,1
2025-11-18 14:20:26.352163,93434.465,43.33000000000175,0.0463747504735021,-1.04954,-1.67253,0.28974,1.1061,-0.8163600000000001,0.2619473826959587,0.055,0.00022,93434.47,6.10964,1
2025-11-18 14:20:30.421872,93434.47,43.320000000006985,0.0463640453036304,0.0,0.07807,0.15689,1.05132,-0.8944300000000001,0.1492314423772019,0.00015,0.00022,93434.475,6.136851,1
2025-11-18 14:20:36.558723,93434.475,43.33000000000175,0.0463747455101575,-0.4901599999999999,-0.4901599999999999,0.15689,1.59638,-1.43949,0.0982786053445921,0.00015,0.00102,93427.055,6.105772,0
2025-11-18 14:20:38.593208,93434.47,43.320000000006985,0.0463640453036304,0.49024,0.9804,0.15689,1.10614,-0.94925,0.141835572350697,0.00015,0.00014,93427.055,6.104583,0
2025-11-18 14:20:40.621432,93434.47,43.320000000006985,0.0463640453036304,0.0,-0.49024,0.15689,1.10614,-0.94925,0.141835572350697,0.00015,0.00014,93439.25,6.108787,1
2025-11-18 14:20:42.664495,93427.055,58.15000000000873,0.062241071389876,0.6248799999999999,0.6248799999999999,0.22232,0.54669,-0.32437,0.4066655691525361,0.055,0.00014,93416.19,6.099955,0
2025-11-18 14:20:44.697791,93427.055,58.15000000000873,0.062241071389876,-0.4921999999999998,-1.1170799999999996,0.28967,1.10624,-0.8165699999999999,0.2618509545849002,0.055,0.00014,93423.1,6.103141,0
2025-11-18 14:20:46.730219,93439.25,82.51999999998952,0.0883140650208445,-0.6217999999999999,-0.1296,0.15704,1.59541,-1.43837,0.0984323778840548,0.00017,1.04978,93447.455,6.10403,1
2025-11-18 14:20:48.764450,93416.19,36.39999999999418,0.0389654084586346,-0.00071,0.6210899999999998,0.1571,1.59618,-1.43908,0.0984224836797855,0.00023,0.00102,93447.455,6.105981,1
2025-11-18 14:20:50.800932,93423.1,22.580000000001743,0.0241696111561292,0.94796,0.94867,0.05553,0.54665,-0.4911199999999999,0.1015823653160157,0.00023,0.00102,93441.16,6.104731,1
2025-11-18 14:20:52.834249,93447.455,71.29000000000815,0.0762888620134257,-0.9466399999999998,-1.8946,0.1571,1.5948600000000002,-1.43776,0.0985039439198424,0.00023,0.49005,93435.48,6.107214,0
2025-11-18 14:20:54.870431,93447.455,71.29000000000815,0.0762888620134257,0.00017,0.9468099999999998,0.15727,1.59486,-1.43759,0.098610536348018,0.0004,0.49005,93428.61,6.108398,0
2025-11-18 14:20:56.905663,93441.16,83.86000000000058,0.0897463173616429,-0.1030999999999999,-0.1032699999999999,0.18629,1.7269799999999995,-1.5406899999999997,0.1078703864549676,0.055,1.04978,93400.13,6.101243,0
2025-11-18 14:20:58.941463,93435.48,72.4600000000064,0.077550840430216,-0.1305400000000001,-0.0274400000000001,0.05553,1.72676,-1.67123,0.0321584933632931,0.00023,1.04956,93400.13,6.101202,0
2025-11-18 14:21:00.978829,93428.61,74.4200000000128,0.0796544013659336,0.1024199999999999,0.23296,0.15762,1.72643,-1.56881,0.0912982281355166,0.00023,1.04923,93400.13,6.092665,0
2025-11-18 14:21:03.006906,93400.13,17.460000000006403,0.018693764130742,0.13144,0.02902,0.15777,1.5951400000000002,-1.4373700000000005,0.0989066790375766,0.00023,0.00102,93386.035,6.096775,0
2025-11-18 14:21:05.042665,93400.13,17.460000000006403,0.018693764130742,-0.1022099999999999,-0.2336499999999999,0.05553,1.59511,-1.53958,0.0348126461497953,0.00023,0.00102,93386.04,6.093569,0
2025-11-18 14:21:07.071494,93400.13,17.460000000006403,0.018693764130742,0.1022300000000001,0.20444,0.15777,1.59512,-1.43735,0.0989079191534179,0.00023,0.00102,93386.035,6.099491,0
2025-11-18 14:21:11.136234,93386.04,45.63999999999942,0.0488724010569453,-0.10243,-0.59257,0.05553,1.10517,-1.04964,0.0502456635630717,0.00023,0.00102,93385.455,6.105041,0
2025-11-18 14:21:13.170985,93386.035,45.64999999999418,0.0488831119128188,0.10224,0.20467,0.15777,1.10517,-0.9474,0.1427563180325198,0.00023,0.00102,93385.455,6.110381,0
2025-11-18 14:21:15.205833,93386.035,45.64999999999418,0.0488831119128188,0.0,-0.10224,0.15777,1.10517,-0.9474,0.1427563180325198,0.00023,0.00102,93385.455,6.114925,0
2025-11-18 14:21:25.397480,93385.455,46.80999999999767,0.0501255789780085,0.0,0.0,0.05551,1.59512,-1.53961,0.0347998896634735,0.00023,0.00102,93391.42,6.103851,1
2025-11-18 14:21:27.429362,93385.455,46.80999999999767,0.0501255789780085,0.0,0.0,0.05551,1.59512,-1.53961,0.0347998896634735,0.00023,0.00102,93394.96,6.105433,1
2025-11-18 14:21:29.467883,93385.455,46.80999999999767,0.0501255789780085,1.000000000001e-05,1.000000000001e-05,0.05551,1.59511,-1.5396,0.034800107829554,0.00023,0.00102,93394.965,6.099659,1
2025-11-18 14:21:31.501331,93391.42,34.88000000000466,0.0373481846619364,-6.938893903907228e-18,-1.000000000001694e-05,0.05551,1.59511,-1.5396,0.034800107829554,0.055,0.00102,93394.965,6.104429,1
2025-11-18 14:21:33.534795,93394.96,27.80000000000291,0.029766060181409,0.1022299999999999,0.1022299999999999,0.15769,1.59506,-1.43737,0.0988614848344262,0.055,0.00102,93401.4,6.108509,1
2025-11-18 14:21:35.567542,93394.965,27.7899999999936,0.0297553513725216,-0.1021999999999999,-0.2044299999999999,0.05549,1.59506,-1.53957,0.034788659987712,0.00023,0.00102,93401.405,6.112314,1
2025-11-18 14:21:37.605760,93394.965,27.7899999999936,0.0297553513725216,0.5922100000000001,0.6944100000000001,0.15777,1.10513,-0.94736,0.1427614850741541,0.00023,0.00095,93401.41,6.108466,1
2025-11-18 14:21:39.643304,93401.4,14.919999999998254,0.0159740646285797,0.5588500000000001,-0.03336,0.15777,0.54628,-0.38851,0.2888079373215201,0.055,0.00095,93401.41,6.100216,1
2025-11-18 14:21:41.679856,93401.405,14.910000000003492,0.0159633572963955,0.0,-0.5588500000000001,0.15777,0.54628,-0.38851,0.2888079373215201,0.00023,0.00095,93401.355,6.094191,0
2025-11-18 14:21:43.714226,93401.41,14.89999999999418,0.0159526499653422,-0.10231,-0.10231,0.05546,0.54628,-0.49082,0.1015230284835615,0.00023,0.00095,93392.77,6.092195,0
2025-11-18 14:21:45.743520,93401.41,14.89999999999418,0.0159526499653422,-0.94663,-0.84432,0.15777,1.59522,-1.43745,0.0989017188851694,0.00023,0.00095,93392.775,6.096748,0
2025-11-18 14:21:47.774047,93401.355,15.00999999999476,0.0160704306698706,-0.1021100000000001,0.8445199999999998,0.05548,1.59504,-1.53956,0.0347828267629651,0.00023,0.00095,93386.53,6.103916,0
2025-11-18 14:21:49.806421,93392.77,32.18000000000757,0.0344566287090612,0.10221,0.2043200000000001,0.15769,1.59504,-1.43735,0.0988627244457819,0.00015,0.00095,93386.53,6.106108,0
2025-11-18 14:21:51.840268,93392.775,32.169999999998254,0.0344459193979387,-0.1023599999999999,-0.2045699999999999,0.05549,1.5952000000000002,-1.53971,0.0347856068204613,0.00023,0.00095,93389.98,6.104249,0
2025-11-18 14:21:53.877963,93386.53,44.66000000000349,0.0478227427445944,0.1024399999999999,0.2047999999999998,0.15777,1.59504,-1.43727,0.0989128799277761,0.00023,0.00095,93389.98,6.097546,1
2025-11-18 14:21:55.912529,93386.53,44.66000000000349,0.0478227427445944,0.0,-0.1024399999999999,0.15777,1.59504,-1.43727,0.0989128799277761,0.00023,0.00095,93389.98,6.096294,1
2025-11-18 14:22:02.008823,93389.98,37.75999999999476,0.0404326031550652,0.4900499999999997,0.9800999999999996,0.05551,1.10516,-1.0496500000000002,0.0502280212819863,0.00023,0.00095,93385.455,6.099251,0
2025-11-18 14:22:04.040784,93389.98,37.75999999999476,0.0404326031550652,-0.4900499999999997,-0.9800999999999996,0.05551,1.5952099999999998,-1.5396999999999998,0.0347979262918361,0.00023,0.00095,93385.455,6.103384,0
2025-11-18 14:22:06.076798,93389.98,37.75999999999476,0.0404326031550652,0.0,0.4900499999999997,0.05551,1.5952099999999998,-1.5396999999999998,0.0347979262918361,0.00023,0.00095,93385.455,6.098977,0
2025-11-18 14:22:10.144168,93385.455,46.80999999999767,0.0501255789780085,-0.1024799999999999,-0.2049599999999999,0.05553,1.59523,-1.5396999999999998,0.0348100273941688,0.00023,0.00095,93387.275,6.10091,1
2025-11-18 14:22:12.175775,93385.455,46.80999999999767,0.0501255789780085,0.0,0.1024799999999999,0.05553,1.59523,-1.5396999999999998,0.0348100273941688,0.00023,0.00095,93387.28,6.102089,1
2025-11-18 14:22:14.211751,93385.455,46.80999999999767,0.0501255789780085,0.0,0.0,0.05553,1.59523,-1.5396999999999998,0.0348100273941688,0.00023,0.00095,93387.28,6.098596,1
2025-11-18 14:22:16.245078,93387.275,43.169999999998254,0.0462268547829436,-0.1318799999999999,-0.1318799999999999,0.05553,1.72711,-1.67158,0.0321519764230419,0.055,0.00095,93387.285,6.101656,1
2025-11-18 14:22:18.277864,93387.28,43.16000000000349,0.0462161442115066,1.2829099999999998,1.4147899999999998,0.15777,0.54644,-0.38867,0.2887233731059219,0.00023,0.00095,93389.675,6.107066,1
2025-11-18 14:22:20.310347,93387.28,43.16000000000349,0.0462161442115066,0.00019,-1.28272,0.15796,0.54644,-0.38848,0.2890710782519581,0.00042,0.00095,93392.065,6.10814,1
2025-11-18 14:22:22.346734,93387.285,43.14999999999418,0.0462054336412009,-0.10238,-0.10257,0.05553,0.54639,-0.49086,0.1016307033437654,0.00023,0.00095,93392.075,6.108149,1
2025-11-18 14:22:24.384930,93389.675,38.36999999999534,0.0410859123345223,0.10241,0.20479,0.15794,0.54639,-0.3884500000000001,0.2890609271765588,0.0004,0.00095,93392.075,6.106433,1
2025-11-18 14:22:26.418487,93392.065,33.58999999999651,0.035966653055585,-0.99406,-1.09647,0.15777,1.54028,-1.38251,0.1024294284156127,0.055,0.00095,93392.075,6.109153,1
2025-11-18 14:22:30.491363,93392.075,33.570000000006985,0.0359452341111459,0.0,0.10224,0.05553,1.54028,-1.48475,0.0360518866699561,0.00023,0.00095,93385.45,6.105092,0
2025-11-18 14:22:32.527640,93392.075,33.570000000006985,0.0359452341111459,0.0,0.0,0.05553,1.54028,-1.48475,0.0360518866699561,0.00023,0.00095,93383.315,6.128163,0
2025-11-18 14:22:34.560715,93392.075,33.570000000006985,0.0359452341111459,-0.0549,-0.0549,0.05553,1.59518,-1.53965,0.0348111184944645,0.00023,0.00095,93383.32,6.129103,0
2025-11-18 14:22:36.596455,93385.45,46.820000000006985,0.0501362899680913,0.2206699999999999,0.27557,0.27613,1.59511,-1.31898,0.1731103184106425,1e-05,0.00095,93383.315,6.124768,0
2025-11-18 14:22:40.689818,93383.32,42.5399999999936,0.0455541739145637,-0.2247899999999999,-0.0041499999999999,0.05545,1.81986,-1.7644099999999998,0.0304693767652456,0.00023,0.055,93383.315,6.102643,0
2025-11-18 14:22:42.721223,93383.315,42.52999999999884,0.0455434678025714,1.0489,1.27369,0.05564,0.77115,-0.71551,0.0721519808078843,0.00023,0.00018,93385.455,6.100182,1
2025-11-18 14:22:44.759280,93383.315,42.52999999999884,0.0455434678025714,0.0,-1.0489,0.05564,0.77115,-0.71551,0.0721519808078843,0.00023,0.00018,93385.455,6.095188,1
2025-11-18 14:22:46.792461,93383.315,42.52999999999884,0.0455434678025714,0.2248,0.2248,0.05564,0.54635,-0.49071,0.1018394801866935,0.00023,0.00018,93385.455,6.095951,1
2025-11-18 14:22:58.997864,93385.455,46.80999999999767,0.0501255789780085,-0.49002,-0.38773,0.05553,1.5951500000000003,-1.5396200000000002,0.0348117731874745,0.00023,0.00095,93401.295,6.111753,1
2025-11-18 14:23:01.035645,93385.455,46.80999999999767,0.0501255789780085,0.0,0.49002,0.05553,1.5951500000000003,-1.5396200000000002,0.0348117731874745,0.00023,0.00095,93390.855,6.106708,1
2025-11-18 14:23:03.073167,93385.455,46.80999999999767,0.0501255789780085,-4.000000000007082e-05,-4.000000000007082e-05,0.05545,1.59511,-1.53966,0.0347624928688303,0.00023,0.00095,93387.805,6.099801,1
2025-11-18 14:23:05.109617,93401.295,78.48999999999069,0.0840352374129188,0.0011299999999999,0.00117,0.05551,1.59404,-1.5385300000000002,0.034823467416125,0.00023,1.04855,93387.815,6.098486,0
2025-11-18 14:23:07.142353,93390.855,57.61000000000058,0.0616869820926262,-0.0291299999999999,-0.0302599999999999,0.15816,1.72582,-1.56766,0.0916433927060759,0.00023,1.04855,93387.81,6.104578,0
2025-11-18 14:23:09.172968,93387.805,51.50999999999476,0.0551570946549121,0.1320000000000001,0.1611300000000001,0.15835,1.59401,-1.43566,0.0993406565830829,0.00023,0.00019,93387.81,6.11379,1
2025-11-18 14:23:11.208103,93387.815,51.52999999999884,0.0551785048188554,-0.1319999999999999,-0.264,0.15816,1.72582,-1.56766,0.0916433927060759,0.00023,0.055,93387.81,6.116748,0
2025-11-18 14:23:13.246931,93387.81,51.52000000000408,0.0551677997374647,0.1320199999999999,0.2640199999999998,0.15835,1.5939900000000002,-1.4356400000000002,0.099341903023231,0.00023,0.00022,93384.165,6.113334,0
2025-11-18 14:23:15.286758,93387.81,51.52000000000408,0.0551677997374647,0.0,-0.1320199999999999,0.15835,1.5939900000000002,-1.4356400000000002,0.099341903023231,0.00023,0.00022,93384.16,6.110249,0
2025-11-18 14:23:17.324851,93387.81,51.52000000000408,0.0551677997374647,0.0,0.0,0.15835,1.5939900000000002,-1.4356400000000002,0.099341903023231,0.00023,0.00022,93342.77,6.105277,0
2025-11-18 14:23:19.360265,93384.165,44.229999999995925,0.0473634903733367,-0.2248699999999998,-0.2248699999999998,0.15816,1.81867,-1.66051,0.0869646499914772,0.00023,1.04855,93334.975,6.103545,0
2025-11-18 14:23:21.397007,93384.16,44.22000000000117,0.0473527844550951,0.1220800000000001,0.34695,0.05553,1.59396,-1.53843,0.0348377625536399,0.00023,0.00019,93334.975,6.100908,0
2025-11-18 14:23:23.430128,93342.77,21.979999999995925,0.0235476191675005,0.5919999999999999,0.4699199999999997,0.15822,1.10465,-0.94643,0.1432308876114606,0.0001,0.00078,93331.775,6.104439,0
2025-11-18 14:23:25.463810,93334.975,37.55000000000291,0.0402314352149372,-0.49003,-1.0820299999999998,0.15822,1.59468,-1.43646,0.099217397847844,0.00019,0.00023,93331.78,6.109384,0
2025-11-18 14:23:27.497915,93334.975,37.55000000000291,0.0402314352149372,0.0,0.49003,0.15822,1.59468,-1.43646,0.099217397847844,0.00019,0.00023,93331.78,6.108074,0
2025-11-18 14:23:29.534567,93331.775,43.94999999999709,0.0470900719503053,0.7146399999999999,0.7146399999999999,0.38293,1.10475,-0.7218199999999999,0.3466214075582711,0.055,0.00023,93322.195,6.109311,0
2025-11-18 14:23:31.573194,93331.78,43.94000000000233,0.0470793549635529,-0.71466,-1.4293,0.1582,1.59468,-1.43648,0.0992048561466877,0.00017,0.00023,93322.205,6.109085,0
2025-11-18 14:23:33.605989,93331.78,43.94000000000233,0.0470793549635529,0.0,0.71466,0.1582,1.59468,-1.43648,0.0992048561466877,0.00017,0.00023,93322.21,6.109989,0
2025-11-18 14:23:35.643878,93322.195,63.11000000000058,0.06762592757275,0.1843699999999999,0.1843699999999999,0.34252,1.59463,-1.25211,0.2147959087688053,0.055,0.00018,93322.21,6.103678,1
2025-11-18 14:23:37.682279,93322.205,63.11000000000058,0.0676259203262509,0.3057899999999999,0.1214199999999999,0.15827,1.1045900000000002,-0.9463200000000002,0.1432839334051548,0.00024,0.00078,93322.21,6.103823,1
2025-11-18 14:23:45.821632,93322.21,63.09999999999127,0.0676152011402122,-0.48994,-0.48994,0.05545,1.59455,-1.5391,0.034774701326393,5e-05,0.00078,93324.6,6.100959,1
2025-11-18 14:23:47.853810,93322.21,63.09999999999127,0.0676152011402122,0.0,0.48994,0.05545,1.59455,-1.5391,0.034774701326393,5e-05,0.00078,93324.6,6.101712,1
2025-11-18 14:23:49.885691,93322.21,63.09999999999127,0.0676152011402122,-6.000000000000001e-05,-6.000000000000001e-05,0.05545,1.5946100000000003,-1.5391600000000003,0.0347733928672214,5e-05,0.00078,93336.625,6.106989,1
2025-11-18 14:23:51.922591,93324.6,58.31999999999243,0.062491561710409,-0.02921,-0.02915,0.15808,1.7264500000000005,-1.5683700000000005,0.0915636131947058,5e-05,0.00078,93336.63,6.107331,1
2025-11-18 14:23:53.955522,93324.6,58.31999999999243,0.062491561710409,0.1320299999999999,0.16124,0.15825,1.5945900000000002,-1.4363400000000002,0.0992418113747107,5e-05,0.00078,93336.63,6.105425,1
2025-11-18 14:23:55.992680,93336.625,34.26999999998952,0.0367165622283744,-0.10286,-0.23489,0.05541,1.59461,-1.5392,0.0347483083638005,0.00015,0.00078,93340.22,6.105132,1
2025-11-18 14:23:58.029922,93336.63,34.25999999999476,0.036705846354207,-6.938893903907228e-18,0.1028599999999999,0.05541,1.59461,-1.5392,0.0347483083638005,5e-05,0.00078,93346.15,6.104966,1
2025-11-18 14:24:00.060947,93336.63,34.25999999999476,0.036705846354207,-0.1220699999999998,-0.1220699999999998,0.15808,1.81935,-1.66127,0.0868881743479814,5e-05,0.00078,93346.155,6.107171,1
2025-11-18 14:24:02.097812,93340.22,27.080000000001743,0.0290121450324434,1.1705200000000002,1.29259,0.05543,0.54618,-0.49075,0.1014866893698048,5e-05,0.00078,93346.155,6.10402,1
2025-11-18 14:24:04.134888,93346.15,15.220000000001164,0.0163049038444554,-0.94562,-2.11614,0.15818,1.59455,-1.43637,0.0992004013671568,0.055,0.00078,93346.155,6.101208,1
2025-11-18 14:24:10.236096,93346.155,15.209999999991853,0.016294190157047,-0.0547799999999999,0.83613,0.15808,1.59455,-1.43647,0.0991376877488946,5e-05,0.00078,93376.81,6.081601,1
2025-11-18 14:24:12.264973,93346.155,15.209999999991853,0.016294190157047,0.0,0.0547799999999999,0.15808,1.59455,-1.43647,0.0991376877488946,5e-05,0.00078,93368.325,6.081401,1
2025-11-18 14:24:14.291203,93346.155,15.209999999991853,0.016294190157047,-0.00012,-0.00012,0.15808,1.59467,-1.43659,0.0991302275705945,5e-05,0.00078,93368.325,6.08544,1
2025-11-18 14:24:16.317697,93376.81,76.52000000000407,0.0819475413649321,-0.2737999999999999,-0.2736799999999998,0.15808,1.8684700000000003,-1.7103900000000003,0.0846039807971227,5e-05,0.49012,93368.315,6.089793,0
2025-11-18 14:24:18.346374,93368.325,83.08999999999651,0.0889916360821472,-7.999999999994123e-05,0.2737199999999999,0.15822,1.86869,-1.71047,0.0846689392033991,5e-05,1.04877,93368.315,6.088577,0
2025-11-18 14:24:20.376643,93368.325,83.11000000000058,0.0890130566227899,0.1177399999999997,0.1178199999999997,0.27574,1.8684700000000003,-1.5927300000000004,0.147575288872714,0.055,0.055,93368.315,6.08919,0
2025-11-18 14:24:24.434951,93368.315,83.07000000000698,0.0889702250704716,0.0,-0.1568099999999999,0.15815,1.59407,-1.43592,0.0992114524456266,0.00012,0.00018,93391.92,6.093947,1
2025-11-18 14:24:26.465833,93368.315,83.07000000000698,0.0889702250704716,0.0,0.0,0.15815,1.59407,-1.43592,0.0992114524456266,0.00012,0.00018,93391.925,6.095444,1
2025-11-18 14:24:28.495603,93368.315,83.07000000000698,0.0889702250704716,0.0,0.0,0.15815,1.59407,-1.43592,0.0992114524456266,0.00012,0.00018,93391.92,6.102178,1
2025-11-18 14:24:32.561277,93391.925,19.50999999999476,0.0208904570710955,-0.1177399999999998,-0.1829599999999998,0.1056999999999999,1.59414,-1.4884400000000002,0.0663053433199091,0.00012,0.00037,93396.915,6.103878,1
2025-11-18 14:24:34.597781,93391.92,19.5,0.0208797506251076,9.9999999999989e-05,0.1178399999999998,0.1056999999999999,1.59404,-1.4883400000000002,0.0663095028982961,0.00012,0.00018,93398.615,6.103943,1
2025-11-18 14:24:36.631737,93391.92,19.5,0.0208797506251076,0.0,-9.9999999999989e-05,0.1056999999999999,1.59404,-1.4883400000000002,0.0663095028982961,0.00012,0.00018,93398.615,6.104204,1
2025-11-18 14:24:38.665155,93396.915,29.49000000000524,0.0315749187218927,-0.1320300000000002,-0.1320300000000002,0.1056999999999999,1.72607,-1.62037,0.0612373773948912,0.00012,0.0004,93398.61,6.108376,1
2025-11-18 14:24:40.701724,93398.615,32.88999999999942,0.0352146549496471,0.08222,0.2142500000000002,0.1056999999999999,1.64385,-1.53815,0.0643002707059646,0.00012,0.00018,93398.61,6.10619,0
2025-11-18 14:24:42.735941,93398.615,32.88999999999942,0.0352146549496471,0.89727,0.8150499999999999,0.17926,0.8201400000000001,-0.6408800000000001,0.2185724388519033,0.00012,0.00022,93398.61,6.101942,0
2025-11-18 14:24:44.773531,93398.61,32.88000000000466,0.035203950037377,-0.84743,-1.7447,0.1057599999999999,1.59407,-1.48831,0.0663458944713845,0.00012,0.00018,93398.615,6.096791,1
2025-11-18 14:24:50.870322,93398.615,32.88999999999942,0.0352146549496471,0.00012,0.00012,0.1057599999999999,1.59395,-1.48819,0.0663508893001662,0.00012,0.00018,93398.61,6.099324,0
2025-11-18 14:24:54.936540,93398.61,32.88000000000466,0.035203950037377,0.0,0.048,0.05788,1.59407,-1.5361900000000002,0.0363095723525315,0.00012,0.00018,93408.955,6.108844,1
2025-11-18 14:24:56.969646,93398.61,32.88000000000466,0.035203950037377,0.0,0.0,0.05788,1.59407,-1.5361900000000002,0.0363095723525315,0.00012,0.00018,93408.965,6.108256,1
2025-11-18 14:24:59.007345,93398.61,32.88000000000466,0.035203950037377,0.0,0.0,0.05788,1.59407,-1.5361900000000002,0.0363095723525315,0.00012,0.00018,93408.955,6.107715,1
2025-11-18 14:25:01.045384,93408.955,53.570000000006985,0.0573499617890029,0.10289,0.10289,0.16065,1.59395,-1.4333,0.1007873521754132,0.00012,0.00018,93408.95,6.10033,0
2025-11-18 14:25:03.077902,93408.965,53.58999999999651,0.0573713668704031,-0.0498699999999999,-0.15276,0.16065,1.64382,-1.48317,0.0977296784319451,0.00012,0.055,93408.95,6.100709,0
2025-11-18 14:25:05.115060,93408.955,53.570000000006985,0.0573499617890029,-0.00025,0.0496199999999999,0.16065,1.64407,-1.48342,0.0977148174956054,0.00012,0.0004,93408.95,6.093153,0
2025-11-18 14:25:11.208213,93408.95,53.55999999999767,0.0573392592465686,0.0,0.0,0.16065,1.59407,-1.43342,0.1007797650040462,0.00012,0.00018,93408.96,6.09701,1
2025-11-18 14:25:13.244376,93408.95,53.55999999999767,0.0573392592465686,0.0,0.0,0.16065,1.59407,-1.43342,0.1007797650040462,0.00012,0.00018,93408.955,6.094297,1
2025-11-18 14:25:15.273591,93408.95,53.55999999999767,0.0573392592465686,0.0,0.0,0.16065,1.59407,-1.43342,0.1007797650040462,0.00012,0.00018,93413.54,6.117831,1
2025-11-18 14:25:17.305223,93408.96,53.58000000000175,0.0573606643302759,0.00012,0.00012,0.16065,1.5939500000000002,-1.4333000000000002,0.1007873521754132,0.00012,0.00018,93413.535,6.119683,1
2025-11-18 14:25:19.338673,93408.955,53.570000000006985,0.0573499617890029,-0.0001200000000001,-0.0002400000000001,0.16065,1.59407,-1.43342,0.1007797650040462,0.00012,0.00018,93413.545,6.120123,1
2025-11-18 14:25:23.424906,93413.535,62.729999999995925,0.0671530094648446,1.04837,1.04829,0.16065,0.54562,-0.38497,0.2944356878413548,0.00012,0.00018,93409.71,6.109995,0
2025-11-18 14:25:25.458796,93413.545,62.75,0.0671744124473597,-1.04855,-2.09692,0.16065,1.59417,-1.43352,0.1007734432337831,0.00012,0.0004,93409.71,6.121483,0
2025-11-18 14:25:27.493059,93413.54,62.74000000000524,0.0671637109566827,-0.0498999999999998,0.9986500000000004,0.16065,1.64407,-1.4834200000000002,0.0977148174956054,0.00012,0.00018,93409.71,6.121285,0
2025-11-18 14:25:29.534901,93409.71,55.08000000000175,0.0589660325462971,0.0002199999999998,0.0501199999999996,0.16065,1.6438500000000005,-1.4832000000000003,0.0977278948809197,0.00012,0.00018,93409.705,6.113507,0
2025-11-18 14:25:31.580279,93409.71,55.08000000000175,0.0589660325462971,0.0,-0.0002199999999998,0.16065,1.6438500000000005,-1.4832000000000003,0.0977278948809197,0.00012,0.00018,93409.705,6.10639,0
2025-11-18 14:25:33.614344,93409.71,55.08000000000175,0.0589660325462971,0.0,0.0,0.16065,1.6438500000000005,-1.4832000000000003,0.0977278948809197,0.00012,0.00018,93409.705,6.111849,0
2025-11-18 14:25:37.686669,93409.705,55.070000000006985,0.0589553301768879,0.0,-0.0498099999999998,0.16065,1.59404,-1.4333900000000002,0.1007816616897944,0.00012,0.00018,93413.545,6.10596,1
2025-11-18 14:25:39.726193,93409.705,55.070000000006985,0.0589553301768879,0.0,0.0,0.16065,1.59404,-1.4333900000000002,0.1007816616897944,0.00012,0.00018,93413.54,6.102799,1
2025-11-18 14:25:41.757992,93409.705,55.070000000006985,0.0589553301768879,0.0,0.0,0.16065,1.59404,-1.4333900000000002,0.1007816616897944,0.00012,0.00018,93413.54,6.103097,1
2025-11-18 14:25:43.792629,93413.545,62.75,0.0671744124473597,-0.0001299999999999,-0.0001299999999999,0.16065,1.59417,-1.43352,0.1007734432337831,0.00012,0.0004,93413.535,6.10141,0
2025-11-18 14:25:45.828992,93413.54,62.74000000000524,0.0671637109566827,0.0001,0.00023,0.16065,1.59407,-1.43342,0.1007797650040462,0.00012,0.00018,93413.535,6.102117,0
2025-11-18 14:25:47.861089,93413.54,62.74000000000524,0.0671637109566827,0.0,-0.0001,0.16065,1.59407,-1.43342,0.1007797650040462,0.00012,0.00018,93413.535,6.103045,0
2025-11-18 14:25:53.964134,93413.535,62.75,0.0671744196384389,0.0,1.04845,0.38523,1.59407,-1.20884,0.2416644187519996,0.00255,0.00018,93416.585,6.098848,1
2025-11-18 14:25:55.989930,93413.535,62.75,0.0671744196384389,0.0,0.0,0.38523,1.59407,-1.20884,0.2416644187519996,0.00255,0.00018,93435.47,6.105505,1
2025-11-18 14:25:58.023699,93413.535,62.75,0.0671744196384389,0.0,0.0,0.38523,1.59407,-1.20884,0.2416644187519996,0.00255,0.00018,93451.24,6.109329,1
2025-11-18 14:26:00.062982,93416.585,56.65000000000873,0.0606423366900093,-0.22459,-0.22459,0.16064,1.59407,-1.43343,0.1007734917538125,0.00011,0.00018,93451.24,6.102277,1
2025-11-18 14:26:02.095435,93435.47,18.880000000004657,0.0202064590674233,-0.0510499999999999,0.17354,0.15937,1.64385,-1.48448,0.0969492350275268,0.00011,0.00018,93451.24,6.101429,1
2025-11-18 14:26:04.133028,93451.24,50.419999999998254,0.0539532701759744,-0.0003399999999999,0.0507099999999999,0.15937,1.64419,-1.48482,0.0969291870160991,0.00011,0.00052,93451.235,6.096192,0
2025-11-18 14:26:06.165259,93451.24,50.419999999998254,0.0539532701759744,0.00034,0.0006799999999999,0.15937,1.64385,-1.48448,0.0969492350275268,0.00011,0.00018,93451.235,6.097017,0
2025-11-18 14:26:08.196864,93451.24,50.419999999998254,0.0539532701759744,0.0,-0.00034,0.15937,1.64385,-1.48448,0.0969492350275268,0.00011,0.00018,93451.235,6.100271,0
2025-11-18 14:26:10.229220,93451.235,50.41000000000349,0.0539425722945271,0.04966,0.04966,0.15937,1.59419,-1.43482,0.0999692633876765,0.00011,0.00018,93451.24,6.100209,1
2025-11-18 14:26:14.297135,93451.235,50.41000000000349,0.0539425722945271,0.0,0.0,0.15937,1.59419,-1.43482,0.0999692633876765,0.00011,0.00018,93451.245,6.108437,1
2025-11-18 14:26:16.329429,93451.24,50.419999999998254,0.0539532701759744,-0.0496599999999999,-0.0496599999999999,0.15937,1.6438500000000005,-1.4844800000000002,0.0969492350275268,0.00011,0.00018,93451.235,6.107968,0
2025-11-18 14:26:20.405572,93451.245,50.43000000000757,0.0539639680562924,-0.04963,-0.0992900000000001,0.15937,1.6438200000000005,-1.4844500000000005,0.0969510043678748,0.00011,0.49012,93447.425,6.097951,0
2025-11-18 14:26:22.437397,93451.235,50.41000000000349,0.0539425722945271,-0.00037,0.04926,0.15937,1.64419,-1.48482,0.0969291870160991,0.00011,0.00018,93447.42,6.099103,0
2025-11-18 14:26:24.470815,93451.235,50.41000000000349,0.0539425722945271,0.0,0.00037,0.15937,1.64419,-1.48482,0.0969291870160991,0.00011,0.00018,93447.42,6.093928,0
2025-11-18 14:26:26.503523,93447.425,42.79000000000815,0.0457904538300634,-0.0001499999999998,-0.0001499999999998,0.15937,1.64434,-1.48497,0.0969203449408273,0.00011,1.04907,93451.235,6.095029,1
2025-11-18 14:26:28.536500,93447.42,42.77999999999884,0.0457797550750987,0.0001499999999998,0.0002999999999996,0.15937,1.6441900000000005,-1.4848200000000005,0.0969291870160991,0.00011,0.00018,93451.23,6.098317,1
2025-11-18 14:26:30.564743,93447.42,42.77999999999884,0.0457797550750987,0.00034,0.0001900000000001,0.15937,1.64385,-1.48448,0.0969492350275268,0.00011,0.00018,93451.23,6.102526,1
2025-11-18 14:26:32.598552,93451.235,50.41000000000349,0.0539425722945271,-0.0003399999999999,-0.00068,0.15937,1.64419,-1.48482,0.0969291870160991,0.00011,0.00052,93448.37,6.102032,0
2025-11-18 14:26:34.634817,93451.23,50.39999999999418,0.0539318744119196,0.0499999999999999,0.0503399999999999,0.15937,1.59419,-1.43482,0.0999692633876765,0.00011,0.00018,93448.36,6.099099,0
2025-11-18 14:26:36.667269,93451.23,50.39999999999418,0.0539318744119196,0.0,-0.0499999999999999,0.15937,1.59419,-1.43482,0.0999692633876765,0.00011,0.00018,93448.365,6.099304,0
2025-11-18 14:26:38.700584,93448.37,44.68000000000757,0.0478124979601116,-0.0495799999999998,-0.0495799999999998,0.15937,1.64377,-1.4844,0.0969539534119737,0.00011,1.04855,93448.365,6.104123,0
2025-11-18 14:26:40.733916,93448.36,44.66000000000349,0.0477911008818169,-8.00000000000245e-05,0.0494999999999998,0.15937,1.6438500000000005,-1.4844800000000002,0.0969492350275268,0.00011,0.00018,93451.235,6.107656,1
2025-11-18 14:26:42.766573,93448.365,44.669999999998254,0.0478017994215289,1.11853,1.11861,0.22969,0.5956400000000001,-0.36595,0.3856188301658719,0.00011,0.00018,93451.235,6.105667,1
2025-11-18 14:26:44.804707,93448.365,44.669999999998254,0.0478017994215289,0.00019,-1.11834,0.22969,0.59545,-0.36576,0.3857418758921824,0.00011,0.00018,93451.23,6.09561,1
2025-11-18 14:26:46.841572,93451.235,50.41000000000349,0.0539425722945271,-1.06909,-1.06928,0.15934,1.59419,-1.43485,0.0999504450536009,0.00011,0.00018,93451.23,6.09109,0
2025-11-18 14:26:48.872240,93451.235,50.41000000000349,0.0539425722945271,-0.04966,1.01943,0.15934,1.64385,-1.48451,0.0969309851872129,0.00011,0.00018,93451.23,6.092932,0
2025-11-18 14:26:54.965172,93451.23,50.39999999999418,0.0539318744119196,0.0,0.0,0.1593399999999999,1.59419,-1.43485,0.0999504450536008,0.00011,0.00018,93451.24,6.106406,1
2025-11-18 14:26:56.997735,93451.23,50.39999999999418,0.0539318744119196,0.0,0.0,0.1593399999999999,1.59419,-1.43485,0.0999504450536008,0.00011,0.00018,93451.235,6.109575,1
2025-11-18 14:26:59.034411,93451.23,50.39999999999418,0.0539318744119196,1.1102230246251563e-16,1.1102230246251563e-16,0.1593399999999999,1.5941900000000002,-1.4348500000000002,0.0999504450536008,0.00011,0.00018,93451.235,6.106415,1
2025-11-18 14:27:01.071578,93451.24,50.419999999998254,0.0539532701759744,-0.05,-0.0500000000000001,0.1593399999999999,1.6441900000000005,-1.4848500000000002,0.0969109409496469,0.00011,0.00052,93435.64,6.102194,0
2025-11-18 14:27:03.107310,93451.235,50.41000000000349,0.0539425722945271,0.0003399999999998,0.0503399999999999,0.1593399999999999,1.64385,-1.48451,0.0969309851872129,0.00011,0.00018,93435.635,6.0996,0
2025-11-18 14:27:05.140826,93451.235,50.41000000000349,0.0539425722945271,0.0,-0.0003399999999998,0.1593399999999999,1.64385,-1.48451,0.0969309851872129,0.00011,0.00018,93441.575,6.102086,0
2025-11-18 14:27:07.173772,93435.64,19.220000000001164,0.0205703091454194,-0.0001599999999999,-0.0001599999999999,0.1593399999999999,1.64401,-1.48467,0.0969215515720707,0.00011,0.055,93441.575,6.102874,1
2025-11-18 14:27:09.206910,93435.635,19.210000000006403,0.0205596076914406,0.00016,0.0003199999999999,0.1593399999999999,1.6438500000000005,-1.4845100000000002,0.0969309851872129,0.00011,0.00018,93441.575,6.10721,1
2025-11-18 14:27:17.351972,93441.575,31.089999999996508,0.0332721275299528,0.0,0.0,0.1593399999999999,1.59415,-1.43481,0.099952952984349,0.00011,0.00018,93435.84,6.10512,0
2025-11-18 14:27:19.389407,93441.575,31.089999999996508,0.0332721275299528,0.49002,0.49002,0.1593399999999999,1.10413,-0.94479,0.1443127167996521,0.00011,0.00018,93435.84,6.102462,0
2025-11-18 14:27:21.423815,93441.575,31.089999999996508,0.0332721275299528,-0.49012,-0.98014,0.1593399999999999,1.5942500000000002,-1.43491,0.0999466833934451,0.00011,0.00018,93429.94,6.102557,0
2025-11-18 14:27:23.457092,93435.84,19.619999999995343,0.0209983663656208,0.0002999999999999,0.4904199999999999,0.1593399999999999,1.59395,-1.43461,0.0999654945261771,0.00011,0.00018,93390.71,6.103621,0
2025-11-18 14:27:25.491869,93435.84,19.619999999995343,0.0209983663656208,0.0,-0.0002999999999999,0.1593399999999999,1.59395,-1.43461,0.0999654945261771,0.00011,0.00018,93365.285,6.107352,0
2025-11-18 14:27:27.526372,93429.94,7.820000000006985,0.0083699079759732,-8.999999999997899e-05,-8.999999999997899e-05,0.1593399999999999,1.59404,-1.4347,0.0999598504428997,0.00011,1.04855,93370.235,6.105175,0
2025-11-18 14:27:29.560713,93390.71,10.379999999990105,0.0111145958736046,0.1350300000000001,0.1351200000000001,0.1595,1.45917,-1.29967,0.1093087165991625,5e-05,0.055,93370.23,6.109021,0
2025-11-18 14:27:31.599221,93365.285,61.2100000000064,0.0655596991965551,0.3999299999999999,0.2648999999999997,0.55958,1.45932,-0.89974,0.3834525669489899,0.0001,0.00025,93370.22,6.107133,1
2025-11-18 14:27:33.631547,93370.235,71.08999999999651,0.0761377541782951,-0.88994,-1.28987,0.1595099999999999,1.94919,-1.7896800000000002,0.0818339925815338,5e-05,1.04717,93370.23,6.108851,0
2025-11-18 14:27:35.669734,93370.23,71.10000000000582,0.0761484683073029,0.17522,1.06516,0.3347299999999999,1.94919,-1.6144600000000002,0.1717277433190196,3e-05,1.04717,93376.12,6.104665,1
2025-11-18 14:27:37.706354,93370.22,71.08000000000175,0.076127056356943,0.6216200000000001,0.4464000000000001,0.3347299999999999,1.3275699999999997,-0.9928399999999996,0.2521373637548303,3e-05,0.00023,93373.965,6.101994,1
2025-11-18 14:27:39.740398,93370.23,71.10000000000582,0.0761484683073029,-0.4897500000000001,-1.1113700000000002,0.3347299999999999,1.81732,-1.48259,0.184188805493804,3e-05,0.00023,93373.965,6.099739,1
2025-11-18 14:27:41.774399,93376.12,82.88000000000466,0.0887593101962307,0.6227,1.1124500000000002,0.4676099999999999,1.3275,-0.8598900000000002,0.3522485875706214,3e-05,0.00023,93373.965,6.101351,0
2025-11-18 14:27:43.808348,93373.965,87.19000000000233,0.0933772063765336,0.09188,-0.5308200000000001,0.33479,1.1028,-0.76801,0.3035817918026841,0.00011,0.00023,93363.09,6.101088,0
2025-11-18 14:27:45.840137,93373.965,87.19000000000233,0.0933772063765336,0.0,-0.09188,0.33479,1.1028,-0.76801,0.3035817918026841,0.00011,0.00023,93363.085,6.098417,0
2025-11-18 14:27:47.875750,93373.965,87.19000000000233,0.0933772063765336,-0.4901199999999999,-0.4901199999999999,0.33479,1.5929199999999997,-1.2581299999999995,0.2101737689275042,0.00011,0.00023,93363.085,6.093541,0
2025-11-18 14:27:49.909436,93363.09,86.0,0.0921134893885795,0.2248899999999999,0.7150099999999999,0.55958,1.59282,-1.0332400000000002,0.3513140216722542,0.0001,0.055,93367.915,6.11671,1
2025-11-18 14:27:51.938554,93363.085,85.99000000000524,0.0921027834502311,-0.22458,-0.44947,0.3348,1.59262,-1.25782,0.2102196380806469,0.0001,0.00023,93367.915,6.141568,1
2025-11-18 14:27:53.969291,93363.085,85.99000000000524,0.0921027834502311,0.0,0.22458,0.3348,1.59262,-1.25782,0.2102196380806469,0.0001,0.00023,93383.945,6.1476,1
2025-11-18 14:27:56.026146,93367.915,76.31000000001222,0.08173043170131,0.2246099999999999,0.2246099999999999,0.55958,1.59279,-1.03321,0.3513206386278166,0.055,0.00023,93391.43,6.121617,1
2025-11-18 14:27:58.080122,93367.915,76.31000000001222,0.08173043170131,0.0,-0.2246099999999999,0.55958,1.59279,-1.03321,0.3513206386278166,0.055,0.00023,93392.62,6.100545,1
2025-11-18 14:28:00.116891,93383.945,91.59000000001106,0.0980789577908826,-0.22462,-0.22462,0.33479,1.59262,-1.2578299999999998,0.2102133591189361,0.00011,0.00023,93398.755,6.0977,1
2025-11-18 14:28:02.147763,93391.43,76.6200000000099,0.0820417890592422,1.17976,1.4043800000000002,0.46768,0.54575,-0.0780699999999999,0.8569491525423729,0.055,0.00023,93398.76,6.102488,1
2025-11-18 14:28:04.180667,93392.62,79.0,0.0845891249222904,-0.99211,-2.17187,0.46778,1.53796,-1.07018,0.3041561549064995,0.0551,0.00023,93410.08,6.106282,1
2025-11-18 14:28:06.214591,93398.755,66.72999999999593,0.0714463485086026,-0.0001,0.99201,0.46768,1.53796,-1.07028,0.3040911337095893,0.055,0.00023,93410.075,6.11189,1
2025-11-18 14:28:08.250251,93398.76,66.72000000000116,0.0714356379035451,-0.18757,-0.18747,0.33474,1.5925899999999995,-1.2578499999999997,0.2101859235584802,9e-05,0.00023,93410.075,6.113342,1
2025-11-18 14:28:10.286949,93410.08,89.36000000000058,0.0956641938428921,-0.0003399999999999,0.18723,0.33474,1.5929299999999995,-1.2581899999999997,0.2101410608124651,9e-05,0.00057,93405.515,6.110547,0
2025-11-18 14:28:12.326481,93410.075,89.35000000000582,0.095653493480233,0.055,0.05534,0.33474,1.5379299999999998,-1.2031899999999998,0.217656200217175,9e-05,0.00023,93405.515,6.115541,0
2025-11-18 14:28:14.363593,93410.075,89.35000000000582,0.095653493480233,0.0,-0.055,0.33474,1.5379299999999998,-1.2031899999999998,0.217656200217175,9e-05,0.00023,93379.3,6.111193,0
2025-11-18 14:28:16.397496,93405.515,80.23000000001048,0.0858942857924507,-0.09697,-0.09697,0.29243,1.59259,-1.30016,0.1836191361241751,9e-05,0.00023,93379.29,6.108782,0
2025-11-18 14:28:18.442022,93405.515,80.23000000001048,0.0858942857924507,0.0,0.09697,0.29243,1.59259,-1.30016,0.1836191361241751,9e-05,0.00023,93379.29,6.099721,0
2025-11-18 14:28:20.474786,93379.3,73.16000000000349,0.0783471283250179,0.52927,0.52927,0.33188,1.10277,-0.77089,0.3009512409659313,0.0001,0.055,93379.29,6.105194,0
2025-11-18 14:28:22.506278,93379.29,73.13999999999942,0.0783257186898716,-0.5292600000000001,-1.0585300000000002,0.29244,1.59259,-1.30015,0.1836254152041643,0.0001,0.00023,93379.295,6.113156,1
2025-11-18 14:28:26.579980,93379.29,73.13999999999942,0.0783257186898716,0.0,0.0,0.29244,1.59259,-1.30015,0.1836254152041643,0.0001,0.00023,93369.555,6.106232,0
2025-11-18 14:28:28.619434,93379.295,73.14999999999418,0.0783364235080101,-0.05007,-0.05007,0.29244,1.64266,-1.35022,0.1780283199201295,0.0001,1.04747,93369.555,6.098718,0
2025-11-18 14:28:30.656557,93379.29,73.13999999999942,0.0783257186898716,0.14187,0.19194,0.38424,1.59259,-1.2083499999999998,0.2412673695050201,0.0001,0.00023,93372.65,6.09,0
2025-11-18 14:28:32.686212,93369.555,92.59000000001106,0.0991650865209875,0.45285,0.3109799999999999,0.51724,1.2727399999999998,-0.7554999999999997,0.4063987931549257,0.0001,0.00023,93372.645,6.089024,1
2025-11-18 14:28:34.718152,93369.555,92.59000000001106,0.0991650865209875,-0.13289,-0.5857399999999999,0.3843499999999999,1.2727399999999998,-0.8883899999999998,0.3019862658516272,0.0001,0.00023,93372.655,6.08861,1
2025-11-18 14:28:36.746557,93372.65,125.27999999999884,0.1341720514518961,-0.31198,-0.17909,0.56237,1.76274,-1.20037,0.3190317346857733,9e-05,0.00045,93372.645,6.096911,0
2025-11-18 14:28:38.775236,93372.645,125.27000000000407,0.1341613488618686,0.22467,0.5366500000000001,0.56237,1.53807,-0.9757,0.3656335537394267,9e-05,0.00023,93372.655,6.105921,1
2025-11-18 14:28:40.806762,93372.655,125.29000000000816,0.1341827540407929,-0.36612,-0.5907900000000001,0.47047,1.81229,-1.3418200000000002,0.2595997329345744,9e-05,1.04717,93372.65,6.110088,0
2025-11-18 14:28:42.843468,93372.645,125.27000000000407,0.1341613488618686,0.97922,1.34534,0.40275,0.76535,-0.3626,0.5262298294897759,9e-05,0.00023,93372.65,6.10695,1
2025-11-18 14:28:44.881157,93372.655,112.04999999998836,0.1200030137302922,-1.11249,-2.09171,0.33765,1.81274,-1.47509,0.1862649911184174,0.0001,0.0001,93376.09,6.101699,1
2025-11-18 14:28:46.916850,93372.65,112.0399999999936,0.1199923103821018,0.04977,1.16226,0.33765,1.7629699999999997,-1.4253199999999997,0.1915233951797251,0.0001,0.00023,93371.005,6.100287,0
2025-11-18 14:28:48.950418,93372.65,112.0399999999936,0.1199923103821018,0.13299,0.0832199999999999,0.47064,1.7629699999999997,-1.2923299999999998,0.2669585982745027,0.0001,0.00023,93360.38,6.09918,0
2025-11-18 14:28:50.982856,93376.09,105.16000000000348,0.1126198366198493,0.0,-0.13299,0.47064,1.7629699999999997,-1.2923299999999998,0.2669585982745027,0.055,0.00023,93358.33,6.098787,0
2025-11-18 14:28:53.017137,93371.005,94.99000000000524,0.1017339376394259,0.2622300000000001,0.2622300000000001,0.5625199999999999,1.59262,-1.0301000000000002,0.3532041541610678,0.05508,0.00023,93361.12,6.101432,0
2025-11-18 14:28:55.049598,93360.38,87.5,0.0937228404597324,-0.0002499999999999,-0.26248,0.56244,1.59279,-1.03035,0.3531162300114893,0.0001,0.055,93361.115,6.105697,1
2025-11-18 14:28:57.081643,93358.33,91.58000000000176,0.0980951565864575,-0.22488,-0.22463,0.33775,1.5929799999999998,-1.2552299999999998,0.2120240053233562,0.00014,0.00059,93361.12,6.10177,1
2025-11-18 14:29:01.155295,93361.115,85.99000000000524,0.0921047268983508,-0.22168,-0.4468299999999999,0.34086,1.59262,-1.2517600000000002,0.2140246888774472,0.055,0.00023,93361.12,6.096485,1
2025-11-18 14:29:03.183413,93361.12,86.0,0.0921154330624996,0.00014,0.22182,0.3409999999999999,1.59262,-1.2516200000000002,0.2141125943413996,0.05514,0.00023,93358.17,6.10523,0
2025-11-18 14:29:05.217280,93361.12,86.0,0.0921154330624996,0.0,-0.00014,0.3409999999999999,1.59262,-1.2516200000000002,0.2141125943413996,0.05514,0.00023,93350.615,6.108018,0
2025-11-18 14:29:07.251780,93361.12,86.0,0.0921154330624996,-0.00059,-0.00059,0.34086,1.59307,-1.25221,0.2139642325823724,0.055,0.00068,93340.1,6.110032,0
2025-11-18 14:29:09.288643,93358.17,80.10000000000582,0.0857985969519387,0.00059,0.00118,0.3409999999999999,1.5926199999999997,-1.2516199999999995,0.2141125943413997,0.05514,1.04717,93340.1,6.102163,0
2025-11-18 14:29:11.325298,93350.615,81.22999999999593,0.0870160309067015,-0.1323099999999999,-0.1329,0.34086,1.72479,-1.38393,0.1976240585810446,0.00325,1.04757,93340.1,6.10081,0
2025-11-18 14:29:15.390806,93340.1,71.47999999999593,0.0765801622239486,-0.13264,-0.3943399999999999,0.33775,1.59262,-1.2548700000000002,0.2120719317853599,0.0001,0.00023,93375.425,6.089994,1
2025-11-18 14:29:17.426108,93340.1,71.47999999999593,0.0765801622239486,0.0,0.13264,0.33775,1.59262,-1.2548700000000002,0.2120719317853599,0.0001,0.00023,93375.425,6.08861,1
2025-11-18 14:29:19.454620,93340.1,71.47999999999593,0.0765801622239486,0.0,0.0,0.33775,1.59262,-1.2548700000000002,0.2120719317853599,0.0001,0.00023,93375.425,6.093991,1
2025-11-18 14:29:21.480800,93375.425,0.8500000000058208,0.0009103037549824,-0.27815,-0.27815,0.28398,1.817,-1.53302,0.1562905888827738,0.00325,0.05471,93380.63,6.100735,1
2025-11-18 14:29:23.514718,93375.425,0.8300000000017462,0.0008888848430962,0.1033699999999999,0.3815199999999999,0.1629,1.59255,-1.42965,0.1022887821418479,0.00023,0.00045,93386.835,6.100418,1
2025-11-18 14:29:25.548611,93375.425,0.8300000000017462,0.0008888848430962,-0.0001499999999999,-0.1035199999999999,0.16304,1.59284,-1.4298,0.1023580522839707,0.00037,0.00045,93386.835,6.100134,1
2025-11-18 14:29:27.581535,93380.63,11.220000000001164,0.0120153397979871,-0.3287699999999999,-0.3286199999999999,0.05872,1.81729,-1.7585699999999995,0.0323118489619158,0.00023,0.055,93386.835,6.098856,1
2025-11-18 14:29:29.615136,93386.835,23.629999999990105,0.0253033524479013,-0.00045,0.3283199999999998,0.05872,1.81774,-1.75902,0.03230384983551,0.00023,1.04762,93386.825,6.094009,0
2025-11-18 14:29:31.648745,93386.835,23.629999999990105,0.0253033524479013,0.00045,0.0009000000000001,0.05872,1.81729,-1.7585699999999995,0.0323118489619158,0.00023,1.04717,93386.83,6.096081,0
2025-11-18 14:29:33.680391,93386.835,23.629999999990105,0.0253033524479013,0.0,-0.00045,0.05872,1.81729,-1.7585699999999995,0.0323118489619158,0.00023,1.04717,93364.72,6.097767,0
2025-11-18 14:29:35.709145,93386.825,23.630000000004657,0.0253033551574375,0.3285399999999999,0.3285399999999999,0.1628099999999999,1.59284,-1.43003,0.1022136561110971,0.00014,0.00045,93381.1,6.106478,0
2025-11-18 14:29:37.744826,93386.83,23.639999999999414,0.0253140619507048,0.0002699999999999,-0.3282699999999999,0.1628099999999999,1.59257,-1.42976,0.102230985137231,0.00014,0.00018,93383.675,6.103353,0
2025-11-18 14:29:39.778158,93364.72,67.83999999999651,0.0726612793354883,0.25092,0.25065,0.41373,1.5925699999999998,-1.1788399999999997,0.2597876388479,0.0001,0.00018,93383.675,6.101427,1
2025-11-18 14:29:41.815623,93381.1,60.24000000000524,0.0645098419273335,-0.08997,-0.34089,0.32376,1.5925699999999998,-1.2688099999999998,0.2032940467295001,0.055,0.00018,93377.44,6.097851,0
2025-11-18 14:29:43.848179,93383.675,65.36999999999534,0.0700015286397706,1.01551,1.10548,0.29255,0.5458500000000001,-0.2533000000000001,0.5359531006686817,0.00013,0.00018,93377.45,6.09573,0
2025-11-18 14:29:45.879585,93383.675,65.36999999999534,0.0700015286397706,0.0,-1.01551,0.29255,0.5458500000000001,-0.2533000000000001,0.5359531006686817,0.00013,0.00018,93377.45,6.095256,0
2025-11-18 14:29:47.913474,93377.44,77.86000000000058,0.0833820246089425,-1.01551,-1.01551,0.32376,1.5925699999999998,-1.2688099999999998,0.2032940467295001,0.055,0.00018,93377.45,6.092978,1
2025-11-18 14:29:49.943909,93377.45,77.86000000000058,0.083382015679375,0.0139399999999999,1.0294499999999998,0.38445,1.63932,-1.25487,0.2345179708659688,0.00023,0.48705,93377.445,6.09988,0
2025-11-18 14:29:51.974841,93377.45,77.86000000000058,0.083382015679375,0.0,-0.0139399999999999,0.38445,1.63932,-1.25487,0.2345179708659688,0.00023,0.48705,93368.99,6.1057,0
2025-11-18 14:29:54.006452,93377.45,77.86000000000058,0.083382015679375,0.00014,0.00014,0.38459,1.63932,-1.25473,0.2346033721299075,0.00023,0.48705,93367.28,6.107488,0
2025-11-18 14:29:56.043789,93377.445,77.84999999999127,0.0833713109198814,-0.09239,-0.09253,0.2926499999999999,1.63977,-1.34712,0.1784701513017069,0.00023,1.04762,93374.81,6.103086,0
2025-11-18 14:29:58.080541,93368.99,82.68000000000757,0.0885518843033512,0.0501400000000001,0.1425300000000001,0.29279,1.58977,-1.29698,0.1841712952188052,0.00023,0.00045,93374.81,6.100136,1
2025-11-18 14:30:00.113940,93367.28,86.10000000000582,0.0922164595562876,-0.00014,-0.0502800000000001,0.29265,1.58977,-1.2971199999999998,0.1840832321656592,0.055,0.00045,93374.81,6.111123,1
2025-11-18 14:30:04.180677,93374.81,83.13999999999942,0.089039003131572,0.0,0.18242,0.15978,1.63932,-1.47954,0.0974672425151892,0.00023,0.48705,93374.805,6.111574,0
2025-11-18 14:30:06.225063,93374.81,83.13999999999942,0.089039003131572,0.0,0.0,0.15978,1.63932,-1.47954,0.0974672425151892,0.00023,0.48705,93372.49,6.10349,0
2025-11-18 14:30:08.259781,93374.81,83.13999999999942,0.089039003131572,0.0,0.0,0.15978,1.63932,-1.47954,0.0974672425151892,0.00023,0.48705,93370.335,6.102524,0
2025-11-18 14:30:10.292251,93374.805,83.1299999999901,0.0890282983723394,0.0495499999999999,0.0495499999999999,0.15978,1.58977,-1.42999,0.1005051045119734,0.00023,0.00045,93375.205,6.108374,1
2025-11-18 14:30:12.328553,93372.49,78.5,0.084071871704396,0.06691,0.01736,0.27624,1.63932,-1.3630799999999998,0.1685088939316302,0.00023,0.055,93375.205,6.106251,1
2025-11-18 14:30:14.362305,93370.335,82.7899999999936,0.0886684191504652,0.04974,-0.0171699999999999,0.2763799999999999,1.5897199999999998,-1.3133399999999995,0.173854515260549,0.00023,0.0004,93375.2,6.102222,1
2025-11-18 14:30:16.400625,93375.205,82.35000000000582,0.0881925774620851,-0.0497399999999998,-0.0994799999999999,0.27624,1.63932,-1.3630799999999998,0.1685088939316302,0.00023,0.48705,93375.21,6.093149,1
2025-11-18 14:30:18.434804,93375.205,82.35000000000582,0.0881925774620851,0.0,0.0497399999999998,0.27624,1.63932,-1.3630799999999998,0.1685088939316302,0.00023,0.48705,93379.99,6.09253,1
2025-11-18 14:30:20.464527,93375.2,82.32000000000698,0.0881604537393301,-0.06691,-0.06691,0.15978,1.58977,-1.42999,0.1005051045119734,0.00023,0.00045,93383.63,6.100133,1
2025-11-18 14:30:22.493774,93375.21,82.34000000001106,0.0881818632590074,-0.04955,0.0173599999999999,0.15978,1.63932,-1.47954,0.0974672425151892,0.00023,0.48705,93402.09,6.111481,1
2025-11-18 14:30:24.527334,93379.99,72.75999999999476,0.0779181921094602,0.16413,0.21368,0.27436,1.58977,-1.31541,0.1725784232939356,0.00023,0.00045,93404.44,6.113002,1
2025-11-18 14:30:26.564660,93383.63,65.47999999999593,0.0701193560370226,0.0,-0.16413,0.27436,1.58977,-1.31541,0.1725784232939356,0.00023,0.00045,93399.195,6.109056,1
2025-11-18 14:30:28.605255,93402.09,67.86000000000058,0.0726536204917904,-0.0316200000000001,-0.0316200000000001,0.29265,1.63968,-1.34703,0.1784799473067916,0.00023,0.0001,93399.195,6.101342,0
2025-11-18 14:30:30.640336,93404.44,63.16000000000349,0.0676199118585834,-0.1329,-0.1012799999999999,0.15975,1.63968,-1.47993,0.0974275468384075,0.00023,0.0001,93390.495,6.103072,0
2025-11-18 14:30:32.673716,93399.195,73.65000000000873,0.0788550693611532,0.27415,0.40705,0.38435,1.5901299999999998,-1.20578,0.2417097973121695,0.00023,0.0001,93385.91,6.107292,0
2025-11-18 14:30:34.706597,93399.195,73.65000000000873,0.0788550693611532,0.0,-0.27415,0.38435,1.5901299999999998,-1.20578,0.2417097973121695,0.00023,0.0001,93385.905,6.115366,0
2025-11-18 14:30:36.743408,93390.495,91.61000000000058,0.0980934944182495,0.13259,0.13259,0.5168900000000001,1.59008,-1.07319,0.3250716945059368,0.05477,0.0004,93397.91,6.116041,1
2025-11-18 14:30:38.781008,93385.91,82.41999999999825,0.0882574255580935,-0.13273,-0.26532,0.38399,1.5899100000000002,-1.20592,0.2415168154172248,0.0001,0.00023,93382.185,6.116321,0
2025-11-18 14:30:40.821963,93385.905,82.41000000000349,0.0882467220294149,0.3953500000000001,0.5280800000000001,0.29229,1.10286,-0.81057,0.2650291061422121,0.0001,0.00023,93382.18,6.106803,0
2025-11-18 14:30:42.859449,93397.91,86.19999999999709,0.092293285791938,0.5205299999999999,0.1251799999999998,0.30287,0.59291,-0.29004,0.5108195172960484,9e-05,0.0004,93382.18,6.101949,0
2025-11-18 14:30:44.897329,93382.185,84.30999999999767,0.0902848867800616,-0.8928099999999999,-1.4133399999999998,0.40706,1.5899099999999995,-1.1828499999999995,0.2560270707146945,0.055,1.04717,93382.19,6.095086,1
2025-11-18 14:30:46.928766,93382.18,84.28000000001339,0.0902527655704904,-0.1329,0.7599099999999999,0.27416,1.5899100000000002,-1.3157500000000002,0.1724374335654219,0.0001,0.00023,93385.775,6.097139,1
2025-11-18 14:30:48.961398,93382.18,84.28000000001339,0.0902527655704904,0.4869599999999999,0.61986,0.27416,1.10295,-0.8287899999999999,0.2485697447753751,0.0001,0.00023,93391.11,6.101881,1
2025-11-18 14:30:50.992415,93382.19,84.30000000000291,0.0902741732658046,-0.4869599999999999,-0.97392,0.27416,1.5899100000000002,-1.3157500000000002,0.1724374335654219,0.0001,0.00023,93398.05,6.105101,1
2025-11-18 14:30:53.025905,93385.775,77.1299999999901,0.0825928788404766,-0.00045,0.4865099999999999,0.27416,1.59036,-1.3162,0.1723886415654317,0.055,0.00068,93398.05,6.10404,1
2025-11-18 14:30:55.063279,93391.11,66.44000000000233,0.0711416750480879,0.1879,0.18835,0.40706,1.5353599999999998,-1.1283,0.2651234889537307,0.055,0.00023,93398.05,6.099789,1
2025-11-18 14:31:01.163068,93398.05,80.30000000000291,0.0859760990727353,-0.48696,-0.97392,0.27415,1.5899099999999995,-1.3157599999999996,0.1724311439012271,9e-05,0.00023,93385.775,6.10177,0
2025-11-18 14:31:03.197602,93398.05,80.30000000000291,0.0859760990727353,0.0,0.48696,0.27415,1.5899099999999995,-1.3157599999999996,0.1724311439012271,9e-05,0.00023,93385.775,6.111362,0
2025-11-18 14:31:05.231240,93398.05,80.30000000000291,0.0859760990727353,0.0,0.0,0.27415,1.5899099999999995,-1.3157599999999996,0.1724311439012271,9e-05,0.00023,93385.775,6.114818,0
2025-11-18 14:31:09.308964,93385.775,82.09000000001106,0.0879041802672956,0.35451,0.222,0.27416,1.1028999999999998,-0.8287399999999998,0.2485810136911778,0.0001,0.00023,93389.42,6.11225,1
2025-11-18 14:31:11.346058,93385.775,82.09000000001106,0.0879041802672956,0.0,-0.35451,0.27416,1.1028999999999998,-0.8287399999999998,0.2485810136911778,0.0001,0.00023,93395.1,6.113464,1
2025-11-18 14:31:13.383754,93385.775,82.09000000001106,0.0879041802672956,0.0,0.0,0.27416,1.1028999999999998,-0.8287399999999998,0.2485810136911778,0.0001,0.00023,93375.245,6.111318,0
2025-11-18 14:31:15.421214,93389.42,74.83999999999651,0.0801375573378617,-0.35411,-0.35411,0.40706,1.5899100000000002,-1.1828500000000002,0.2560270707146945,0.055,0.00023,93375.245,6.109021,0
2025-11-18 14:31:17.459522,93395.1,86.19999999999709,0.0922960626413988,0.4869599999999999,0.84107,0.40706,1.10295,-0.6958899999999999,0.3690647808150868,0.055,0.00023,93375.245,6.097839,0
2025-11-18 14:31:21.530235,93375.245,88.7899999999936,0.0950894426033298,-0.1326799999999999,0.3545000000000001,0.27416,1.5899099999999995,-1.3157499999999998,0.172437433565422,0.0001,0.00023,93378.13,6.095648,1
2025-11-18 14:31:23.557361,93375.245,88.7899999999936,0.0950894426033298,0.0,0.1326799999999999,0.27416,1.5899099999999995,-1.3157499999999998,0.172437433565422,0.0001,0.00023,93386.63,6.100984,1
2025-11-18 14:31:25.591219,93375.245,88.7899999999936,0.0950894426033298,0.0,0.0,0.27416,1.5899099999999995,-1.3157499999999998,0.172437433565422,0.0001,0.00023,93386.63,6.101236,1
2025-11-18 14:31:27.625883,93378.13,83.0,0.0888859093665722,0.48706,0.48706,0.27421,1.1028999999999998,-0.8286899999999997,0.2486263487170188,0.055,0.00023,93357.465,6.096959,0
2025-11-18 14:31:29.658345,93386.63,89.22000000000116,0.0955383013606992,-0.2621300000000002,-0.7491900000000002,0.49899,1.58981,-1.09082,0.3138676948817783,0.055,0.00023,93334.25,6.096894,0
2025-11-18 14:31:31.692455,93386.63,89.22000000000116,0.0955383013606992,0.0,0.2621300000000002,0.49899,1.58981,-1.09082,0.3138676948817783,0.055,0.00023,93340.17,6.096864,0
2025-11-18 14:31:33.722842,93357.465,30.869999999995343,0.0330664505511105,-0.33918,-0.33918,0.38448,1.81448,-1.4300000000000002,0.2118954190732331,0.0001,0.055,93349.835,6.112958,0
2025-11-18 14:31:35.755239,93334.25,77.27999999999884,0.0827991867936999,0.39237,0.7315500000000001,0.55218,1.5898100000000002,-1.03763,0.3473245230562142,0.05447,0.00023,93338.545,6.113243,1
2025-11-18 14:31:37.789319,93340.17,89.11999999999534,0.0954787204694349,0.0,-0.39237,0.55218,1.5898100000000002,-1.03763,0.3473245230562142,0.05447,0.00023,93333.19,6.122795,0
2025-11-18 14:31:39.835800,93349.835,95.06999999999243,0.1018427081311846,-0.30483,-0.30483,0.47225,1.81471,-1.3424599999999998,0.2602344176204462,0.055,1.0473,93333.19,6.114583,0
2025-11-18 14:31:41.868482,93338.545,72.47000000000116,0.0776420930924101,0.0805599999999999,0.3853899999999999,0.32791,1.5898099999999995,-1.2618999999999998,0.2062573515074129,0.0001,1.04707,93333.195,6.118815,0
2025-11-18 14:31:43.912114,93333.19,83.16000000000349,0.0891001368323567,0.1090800000000001,0.0285200000000002,0.43699,1.5898099999999995,-1.1528199999999995,0.2748693240072714,0.055,0.00023,93333.195,6.112748,1
2025-11-18 14:31:45.950383,93333.19,83.16000000000349,0.0891001368323567,0.0,-0.1090800000000001,0.43699,1.5898099999999995,-1.1528199999999995,0.2748693240072714,0.055,0.00023,93329.59,6.108009,0
2025-11-18 14:31:47.987297,93333.195,83.15000000000873,0.0890894177575392,-0.0003499999999999,-0.0003499999999999,0.43694,1.59011,-1.1531700000000005,0.2747860210928803,0.00012,0.00023,93332.625,6.104912,0
2025-11-18 14:31:50.024862,93333.195,83.15000000000873,0.0890894177575392,-0.36924,-0.36889,0.2926,1.81501,-1.5224099999999996,0.1612112329959615,0.00012,0.00023,93332.625,6.101788,0
2025-11-18 14:31:52.058392,93329.59,90.32000000000698,0.0967753099526173,0.3171099999999999,0.68635,0.38451,1.58981,-1.2052999999999998,0.2418590900799467,0.00013,0.00023,93332.625,6.098829,1
2025-11-18 14:32:02.232277,93332.625,84.23000000001048,0.0902471134825689,0.0,0.0917799999999999,0.43699,0.5431,-0.10611,0.804621616645185,0.05512,0.00023,93323.62,6.112705,0
2025-11-18 14:32:04.269723,93332.625,84.23000000001048,0.0902471134825689,0.0,0.0,0.43699,0.5431,-0.10611,0.804621616645185,0.05512,0.00023,93323.605,6.113086,0
2025-11-18 14:32:06.307238,93332.625,84.23000000001048,0.0902471134825689,-1.04719,-1.04719,0.43687,1.59017,-1.1533000000000002,0.2747316324669689,0.055,0.00023,93323.61,6.116097,0
2025-11-18 14:32:08.344982,93323.62,91.5399999999936,0.0980887796679914,-0.1324999999999999,0.91469,0.30401,1.5898100000000002,-1.2858,0.1912241085412722,0.00014,0.00023,93316.35,6.113577,0
2025-11-18 14:32:10.382809,93323.605,91.52999999999884,0.0980780800313048,0.2245299999999999,0.3570299999999999,0.52877,1.5900399999999997,-1.0612699999999995,0.3325513823551609,0.055,0.00023,93313.82,6.109899,0
2025-11-18 14:32:12.423335,93323.61,91.51999999998952,0.098067359374535,-0.22476,-0.4492899999999999,0.30401,1.5900399999999997,-1.2860299999999998,0.1911964478881034,0.00014,0.00023,93298.0,6.107559,0
2025-11-18 14:32:14.458559,93316.35,78.30000000000291,0.0839081254249688,0.22509,0.4498499999999999,0.52887,1.5898100000000002,-1.0609400000000002,0.3326623936193632,0.0001,0.00023,93295.64,6.110413,0
2025-11-18 14:32:16.492708,93313.82,83.34000000001106,0.089311529631957,-0.0002999999999999,-0.2253899999999999,0.52887,1.5901099999999997,-1.0612399999999995,0.3325996314720366,0.055,0.00023,93289.45,6.113974,0
2025-11-18 14:32:18.530894,93298.0,75.04000000000815,0.0804304486698623,-0.22457,-0.22427,0.304,1.58981,-1.28581,0.1912178184814537,0.00013,0.00023,93289.44,6.108664,0
2025-11-18 14:32:20.568972,93295.64,70.55999999999767,0.0756305439353839,0.48723,0.7118000000000001,0.30409,1.10267,-0.7985800000000001,0.2757760708099431,0.0001,0.00023,93289.44,6.103778,0
2025-11-18 14:32:22.606682,93289.45,58.179999999993015,0.0623650369897057,-0.48717,-0.9744,0.30406,1.58981,-1.28575,0.1912555588403645,0.0001,0.055,93275.995,6.098832,0
2025-11-18 14:32:24.639558,93289.44,58.16000000000349,0.0623436050211079,0.48717,0.97434,0.30406,1.1026399999999998,-0.7985799999999998,0.2757563665384895,0.0001,0.00023,93275.995,6.10044,0
2025-11-18 14:32:26.672750,93289.44,58.16000000000349,0.0623436050211079,0.0,-0.48717,0.30406,1.1026399999999998,-0.7985799999999998,0.2757563665384895,0.0001,0.00023,93275.995,6.101372,0
2025-11-18 14:32:30.739998,93275.995,85.05000000000291,0.0911810160802926,0.0,-3.0000000000002247e-05,0.30409,1.1026399999999998,-0.7985499999999999,0.2757835739679316,0.0001,0.00023,93273.025,6.108814,0
2025-11-18 14:32:32.774122,93275.995,85.05000000000291,0.0911810160802926,-3.0000000000002247e-05,-3.0000000000002247e-05,0.30406,1.1026399999999998,-0.7985799999999998,0.2757563665384895,0.0001,0.00023,93269.82,6.111192,0
2025-11-18 14:32:34.811143,93275.995,85.05000000000291,0.0911810160802926,-0.48738,-0.48735,0.30409,1.5900499999999995,-1.2859599999999998,0.1912455583157762,0.0001,0.00023,93269.81,6.10742,0
2025-11-18 14:32:36.848812,93273.025,90.99000000000524,0.0975523201911862,-0.00048,0.4869,0.30361,1.59005,-1.28644,0.1909436810163202,0.05451,0.00023,93269.81,6.107437,0
2025-11-18 14:32:38.885314,93269.82,84.56000000001222,0.0906616952836536,-0.2246099999999999,-0.2241299999999999,0.30363,1.81468,-1.51105,0.1673187559239094,0.00013,0.055,93253.555,6.107807,0
2025-11-18 14:32:40.918563,93269.81,84.54000000000815,0.0906402618382176,0.4634499999999998,0.6880599999999998,0.05502,1.10262,-1.0476,0.0498993306850955,0.00013,0.00023,93253.555,6.104661,0
2025-11-18 14:32:42.956249,93269.81,84.54000000000815,0.0906402618382176,0.3347799999999999,-0.1286699999999998,0.05502,0.76784,-0.71282,0.0716555532402584,0.00013,0.00023,93253.555,6.10061,0
2025-11-18 14:32:47.023224,93253.555,79.40999999998894,0.0851549305546463,-2.0000000000002248e-05,0.7170499999999999,0.1599,1.58981,-1.42991,0.1005780564973172,0.0001,0.00023,93242.96,6.106159,0
2025-11-18 14:32:49.056859,93253.555,79.40999999998894,0.0851549305546463,-0.0001299999999999,-0.0001099999999999,0.16004,1.59008,-1.43004,0.1006490239484805,0.0001,0.0005,93242.96,6.110357,0
2025-11-18 14:32:51.094729,93253.555,79.40999999998894,0.0851549305546463,0.0002,0.0003299999999999,0.16004,1.58988,-1.42984,0.1006616851586283,0.0001,0.0003,93256.305,6.1053,1
2025-11-18 14:32:53.129383,93242.96,83.56000000001222,0.0896153446866253,0.38266,0.3824600000000001,0.05552,1.1027,-1.04718,0.0503491430126054,0.00014,0.00023,93258.89,6.107352,1
2025-11-18 14:32:55.167216,93242.96,83.56000000001222,0.0896153446866253,0.0,-0.38266,0.05552,1.1027,-1.04718,0.0503491430126054,0.00014,0.00023,93258.895,6.104256,1
2025-11-18 14:32:57.200029,93256.305,90.83000000000176,0.0973982402583951,-0.38273,-0.38273,0.1599,1.58981,-1.42991,0.1005780564973172,0.055,0.00023,93258.89,6.102614,1
2025-11-18 14:32:59.236735,93258.89,85.60000000000582,0.0917874960767877,0.9423599999999998,1.32509,0.05552,0.54307,-0.48755,0.1022335978787264,0.00014,0.00023,93258.895,6.103203,1
2025-11-18 14:33:01.271472,93258.895,85.61000000000058,0.0917982139934218,-1.0471,-1.98946,0.05552,1.59017,-1.53465,0.0349145059962142,0.00014,0.00059,93257.12,6.101481,0
2025-11-18 14:33:03.302643,93258.89,85.60000000000582,0.0917874960767877,1.04707,2.09417,0.05552,0.5431,-0.48758,0.1022279506536549,0.00014,0.00023,93260.435,6.103017,1
2025-11-18 14:33:05.339938,93258.895,85.61000000000058,0.0917982139934218,-1.04671,-2.09378,0.05552,1.58981,-1.53429,0.0349224121121391,0.00014,0.00023,93260.43,6.102945,1
2025-11-18 14:33:07.372953,93257.12,75.90000000000873,0.0813878875950798,0.0,1.04671,0.05552,1.58981,-1.53429,0.0349224121121391,0.055,0.00023,93256.835,6.106876,0
2025-11-18 14:33:09.405660,93260.435,82.52999999999884,0.0884941186474187,0.0,0.0,0.05552,1.58981,-1.53429,0.0349224121121391,0.055,0.00023,93248.74,6.10651,0
2025-11-18 14:33:11.442883,93260.43,82.52000000000407,0.088483400730625,1.1509999999999998,1.1509999999999998,0.1599,0.5431900000000001,-0.3832900000000001,0.2943721349803935,0.055,0.00023,93245.7,6.103401,0
2025-11-18 14:33:13.479829,93256.835,75.31000000001222,0.0807554749204304,-1.0466,-2.1976,0.15992,1.58981,-1.42989,0.1005906366169542,0.00013,0.055,93236.995,6.100239,0
2025-11-18 14:33:15.512170,93248.74,91.4600000000064,0.0980817542414046,-0.1044,0.9422,0.05552,1.5898100000000002,-1.5342900000000002,0.0349224121121391,0.00014,0.00023,93217.02,6.09594,0
2025-11-18 14:33:17.546284,93245.7,85.38000000000466,0.0915645439950632,-0.00035,0.1040499999999999,0.05552,1.59016,-1.53464,0.0349147255622075,0.00014,1.04707,93224.255,6.094567,0
2025-11-18 14:33:19.580068,93236.995,88.38999999999942,0.0948014251210041,0.00035,0.0007,0.05552,1.5898100000000002,-1.5342900000000002,0.0349224121121391,0.0001,0.00023,93230.255,6.092559,0
2025-11-18 14:33:21.608110,93217.02,48.44000000000233,0.0519647592253027,-0.02839,-0.02874,0.1599,1.72258,-1.56268,0.0928258774628754,0.0001,0.055,93230.255,6.102431,1
2025-11-18 14:33:23.640851,93224.255,62.91000000000349,0.0674824379127551,0.02826,0.05665,0.05552,1.5899399999999997,-1.5344199999999997,0.0349195567128319,0.0001,0.00036,93224.525,6.102347,1
2025-11-18 14:33:25.672627,93230.255,74.91000000000349,0.0803494530825894,0.1045099999999999,0.0762499999999999,0.1599,1.5898100000000002,-1.4299100000000002,0.1005780564973172,0.0001,0.00023,93224.525,6.104946,0
2025-11-18 14:33:27.710541,93230.255,74.91000000000349,0.0803494530825894,-0.10439,-0.2088999999999999,0.05551,1.5898100000000002,-1.5343000000000002,0.0349161220523207,0.0001,0.00023,93240.655,6.101742,1
2025-11-18 14:33:29.743198,93224.525,86.3700000000099,0.0926472942608288,0.10399,0.20838,0.1599,1.59021,-1.43031,0.1005527571830135,0.055,0.00063,93240.65,6.104902,1
2025-11-18 14:33:31.777573,93224.525,86.34999999999127,0.0926258406787176,0.48755,0.38356,0.16004,1.1028,-0.94276,0.1451215088864708,0.10466,0.00023,93240.655,6.104119,1
2025-11-18 14:33:33.812283,93240.655,91.07000000000698,0.0976719865384976,-0.7120200000000002,-1.1995700000000002,0.1599,1.81468,-1.65478,0.088114708929398,0.055,0.0001,93252.255,6.106095,1
2025-11-18 14:33:35.848100,93240.65,91.05999999999769,0.0976612668401578,0.225,0.9370200000000004,0.16003,1.58981,-1.42978,0.1006598272749574,0.05513,0.00023,93253.35,6.107599,1
2025-11-18 14:33:37.881692,93240.655,91.04999999998836,0.0976505366677104,1.04643,0.8214299999999999,0.1598399999999999,0.5431900000000001,-0.3833500000000001,0.2942616763931588,0.10452,0.00023,93253.355,6.103414,1
2025-11-18 14:33:39.918378,93252.255,67.84999999999127,0.0727596346061457,-1.15096,-2.19739,0.0555,1.58981,-1.5343099999999998,0.0349098319925022,0.055,0.00023,93255.945,6.102248,1
2025-11-18 14:33:41.955699,93253.35,70.0399999999936,0.0751072213491457,0.10418,1.25514,0.1599,1.59003,-1.43013,0.1005641402992396,0.055,0.00045,93255.945,6.098509,1
2025-11-18 14:33:43.985106,93253.355,70.02999999999884,0.0750964938473246,-0.1042,-0.20838,0.05548,1.58981,-1.53433,0.0348972518728653,0.0001,0.00023,93249.8,6.102734,0
2025-11-18 14:33:46.020626,93255.945,64.84999999999127,0.0695398025294701,0.1039699999999999,0.20817,0.1599,1.59026,-1.43036,0.1005495956636021,0.055,0.00068,93256.99,6.105056,1
2025-11-18 14:33:48.054208,93255.945,64.83000000000175,0.0695183561755786,-0.10398,-0.20795,0.05547,1.58981,-1.53434,0.0348909618130468,9e-05,0.00023,93252.845,6.10551,0
2025-11-18 14:33:50.087840,93249.8,77.11999999999534,0.0827025902468373,0.10443,0.20841,0.1599,1.58981,-1.42991,0.1005780564973172,0.055,0.00023,93252.835,6.107662,1
2025-11-18 14:33:52.125682,93256.99,91.47999999999593,0.098094523531154,-0.3302400000000001,-0.4346700000000001,0.05548,1.81563,-1.76015,0.0305568865903295,0.0001,1.04775,93244.95,6.103996,0
2025-11-18 14:33:54.159718,93252.845,83.19000000000233,0.0892090745327955,0.22555,0.5557900000000001,0.05548,1.59008,-1.5346,0.0348913262225799,0.0001,0.055,93244.95,6.107726,0
2025-11-18 14:33:56.195502,93252.835,83.16999999999825,0.0891876370300144,0.4872299999999999,0.2616799999999999,0.05548,1.10285,-1.04737,0.0503060252980913,0.0001,0.00023,93244.95,6.107347,0
2025-11-18 14:34:04.341705,93244.95,84.16000000000349,0.0902568986309751,0.0,0.0,0.0555,1.10285,-1.0473499999999998,0.0503241601305708,0.00012,0.00023,93244.955,6.099365,1
2025-11-18 14:34:08.407875,93244.95,84.16000000000349,0.0902568986309751,-0.0002199999999999,0.1323299999999999,0.0555,1.23562,-1.1801199999999998,0.0449167219695375,0.00012,0.00045,93244.945,6.105128,0
2025-11-18 14:34:10.441070,93244.955,84.16999999999825,0.0902676182319979,0.0002199999999999,0.0004399999999999,0.0555,1.2354,-1.1799,0.0449247207382224,0.00012,0.00023,93248.03,6.109331,1
2025-11-18 14:34:12.472701,93244.95,84.16000000000349,0.0902568986309751,-0.3549,-0.35512,0.0555,1.5903,-1.5348,0.0348990756461045,0.00012,0.48768,93248.025,6.11615,1
2025-11-18 14:34:14.513003,93244.945,84.15000000000873,0.0902461790288028,1.04684,1.40174,0.0555,0.54346,-0.48796,0.1021234313472932,0.00012,0.00023,93241.455,6.108582,0
2025-11-18 14:34:16.550401,93248.03,77.98000000001048,0.0836264315718096,-0.94252,-1.98936,0.16,1.59048,-1.43048,0.1005985614405714,0.0551,0.00063,93231.575,6.099849,0
2025-11-18 14:34:18.588851,93248.025,77.97000000000116,0.0836157119681635,9.999999999987796e-05,0.94262,0.16,1.59038,-1.43038,0.1006048868823803,0.0551,0.00023,93229.275,6.095895,0
2025-11-18 14:34:20.621585,93241.455,89.16999999999825,0.0956334282857322,0.00034,0.0002400000000001,0.16004,1.5900800000000002,-1.4300400000000002,0.1006490239484805,0.05514,0.00023,93229.265,6.09544,0
2025-11-18 14:34:22.650250,93231.575,78.99000000000524,0.0847245152728624,-0.0002699999999999,-0.00061,0.1599,1.59021,-1.4303100000000002,0.1005527571830135,0.0001,0.055,93229.265,6.093649,0
2025-11-18 14:34:24.684746,93229.275,74.38999999999942,0.0797925329785085,0.00027,0.00054,0.16004,1.5900800000000002,-1.4300400000000002,0.1006490239484805,0.0001,0.055,93233.46,6.088702,1
2025-11-18 14:34:26.717025,93229.265,74.36999999999534,0.0797710890459077,-0.0003700000000001,-0.0006400000000001,0.1599,1.59031,-1.4304100000000002,0.1005464343429897,0.0001,0.00023,93227.295,6.083209,0
2025-11-18 14:34:28.743899,93229.265,74.36999999999534,0.0797710890459077,0.0002299999999999,0.0006000000000001,0.1599,1.5900800000000002,-1.4301800000000002,0.1005609780639967,0.0001,0.00023,93220.77,6.086384,0
2025-11-18 14:34:30.773448,93233.46,85.74000000000524,0.0919626923638844,-0.10439,-0.1046199999999999,0.05551,1.5900799999999995,-1.5345699999999998,0.0349101931978265,0.00013,0.00023,93216.69,6.090057,0
2025-11-18 14:34:32.800234,93227.295,98.05000000000292,0.1051730611726993,0.1043899999999999,0.2087799999999999,0.1599,1.5900799999999995,-1.4301799999999998,0.1005609780639967,0.0001,1.04707,93216.69,6.098463,0
2025-11-18 14:34:34.830283,93220.77,85.0,0.0911813965921972,-0.32935,-0.4337399999999999,0.05552,1.81505,-1.75953,0.0305886890168314,0.0001,0.055,93216.69,6.096478,0
2025-11-18 14:34:36.863505,93216.69,83.55999999999767,0.0896405997681291,0.46871,0.7980600000000001,0.2992599999999999,1.5900800000000002,-1.29082,0.1882043670758703,3e-05,0.00023,93216.685,6.095483,0
2025-11-18 14:34:38.898697,93216.69,83.55999999999767,0.0896405997681291,0.0,-0.46871,0.2992599999999999,1.5900800000000002,-1.29082,0.1882043670758703,3e-05,0.00023,93201.505,6.088589,0
2025-11-18 14:34:40.926761,93216.69,83.55999999999767,0.0896405997681291,-0.13956,-0.13956,0.1598,1.59018,-1.43038,0.1004917682274962,3e-05,0.00033,93209.245,6.090033,0
2025-11-18 14:34:42.958988,93216.685,83.55000000000291,0.0896298768830954,1.08192,1.22148,0.19488,0.5433399999999999,-0.3484599999999999,0.3586704457614017,3e-05,0.00023,93204.705,6.094604,0
2025-11-18 14:34:44.987286,93201.505,53.19000000000233,0.0570698938820809,-0.09218,-1.1741,0.32774,0.7683800000000001,-0.44064,0.4265337463234337,3e-05,0.0003,93200.11,6.09976,0
2025-11-18 14:34:47.016794,93209.245,68.66999999999825,0.0736729495019493,-0.8755999999999999,-0.7834199999999999,0.27384,1.5900800000000002,-1.31624,0.1722177500503119,3e-05,0.00023,93196.61,6.103562,0
2025-11-18 14:34:49.053592,93204.705,59.58999999999651,0.0639345406436257,-0.0002299999999999,0.87537,0.27384,1.59031,-1.3164700000000005,0.1721928429048424,3e-05,0.055,93196.605,6.104189,0
2025-11-18 14:34:51.087046,93200.11,50.39999999999418,0.0540771893938689,-0.11406,-0.11383,0.15985,1.59038,-1.43053,0.100510569800928,3e-05,0.055,93198.005,6.103314,0
2025-11-18 14:34:53.120356,93196.61,43.39999999999418,0.0465682174491048,0.11429,0.22835,0.27384,1.5900800000000002,-1.31624,0.1722177500503119,3e-05,0.00023,93198.0,6.104734,1
2025-11-18 14:34:55.157781,93196.605,43.38999999999942,0.0465574899429001,-0.11416,-0.22845,0.15985,1.5902500000000002,-1.4304,0.1005187863543467,3e-05,0.00023,93198.0,6.098899,1
2025-11-18 14:34:57.190360,93198.005,46.19000000000233,0.0495611467219736,0.48751,0.60167,0.15981,1.1027,-0.94289,0.1449260905051237,3e-05,0.0003,93202.41,6.100712,1
2025-11-18 14:34:59.225090,93198.0,46.179999999993015,0.0495504195368924,-0.10444,-0.5919500000000001,0.05537,1.1027,-1.04733,0.0502131132674344,3e-05,0.00023,93202.4,6.099515,1
2025-11-18 14:35:01.256680,93198.0,46.179999999993015,0.0495504195368924,0.0,0.10444,0.05537,1.1027,-1.04733,0.0502131132674344,3e-05,0.00023,93202.4,6.099302,1
2025-11-18 14:35:03.291072,93202.41,55.0,0.0590113495992217,-0.51571,-0.51571,0.15981,1.7228499999999998,-1.5630399999999998,0.0927590910410076,3e-05,0.055,93202.405,6.102434,0
2025-11-18 14:35:05.324605,93202.4,54.979999999995925,0.0589898972558602,0.5156699999999999,1.03138,0.05536,1.10273,-1.04737,0.0502026788062354,3e-05,0.00023,93203.35,6.102572,1
2025-11-18 14:35:07.355982,93202.4,54.979999999995925,0.0589898972558602,-2.000000000000004e-05,-0.5156899999999999,0.05537,1.10276,-1.04739,0.0502103812252892,3e-05,0.00023,93203.345,6.104812,1
2025-11-18 14:35:09.393506,93202.405,54.98999999999069,0.0590006234281086,-0.2539,-0.25388,0.28879,1.59008,-1.3012899999999998,0.1816197927148319,3e-05,0.00023,93203.35,6.10062,1
2025-11-18 14:35:11.427177,93203.35,56.879999999990105,0.061027849320856,-0.3540500000000001,-0.10015,0.15981,1.81515,-1.6553399999999998,0.0880423105528468,3e-05,1.04707,93219.215,6.102241,1
2025-11-18 14:35:13.460794,93203.345,56.86999999999534,0.0610171233661145,0.2250700000000001,0.5791200000000002,0.15981,1.59008,-1.43027,0.1005043771382572,3e-05,0.00023,93219.21,6.104078,1
2025-11-18 14:35:15.494126,93203.35,56.879999999990105,0.061027849320856,-0.13313,-0.3582000000000002,0.1598099999999999,1.72321,-1.5634,0.0927397125132746,3e-05,0.48804,93214.885,6.108407,1
2025-11-18 14:35:17.529418,93219.215,78.2100000000064,0.0838990115932711,-0.1962799999999999,-0.0631499999999998,0.05537,1.81505,-1.75968,0.0305060466653811,0.00013,0.0001,93204.555,6.110182,0
2025-11-18 14:35:19.564872,93219.21,78.19999999999709,0.0838882886907077,0.22497,0.42125,0.05537,1.59008,-1.53471,0.0348221473133427,0.00013,0.00023,93204.55,6.107656,0
2025-11-18 14:35:21.602533,93214.885,79.94999999999709,0.0857695635198145,0.1042199999999998,-0.1207500000000001,0.15981,1.5903,-1.43049,0.1004904734955668,3e-05,0.00045,93199.605,6.113072,0
2025-11-18 14:35:23.639600,93204.555,59.2899999999936,0.0636127708565247,-0.2248499999999999,-0.3290699999999998,0.15981,1.81515,-1.65534,0.0880423105528468,3e-05,0.055,93196.355,6.108373,0
2025-11-18 14:35:25.672528,93204.55,59.27999999999884,0.0636020451791235,0.4874500000000001,0.7123,0.15981,1.3277,-1.16789,0.1203660465466596,3e-05,0.00023,93210.745,6.108242,1
2025-11-18 14:35:27.715605,93199.605,49.38999999999942,0.0529937868298899,0.0923,-0.3951500000000001,0.15981,1.2354,-1.07559,0.1293589120932491,3e-05,0.00023,93210.74,6.098444,1
2025-11-18 14:35:29.747973,93196.355,42.88999999999942,0.0460211131647792,0.02821,-0.0640899999999999,0.05538,1.10276,-1.04738,0.0502194493815517,3e-05,0.00023,93210.74,6.098152,1
2025-11-18 14:35:31.780770,93210.745,71.66999999999825,0.0768902769739671,-0.2248500000000001,-0.2530600000000003,0.05537,1.3276,-1.2722300000000002,0.0417068394094606,3e-05,0.00023,93191.29,6.099208,0
2025-11-18 14:35:33.814049,93210.74,71.66000000000349,0.0768795527210743,0.3292400000000001,0.5540900000000002,0.15981,1.1028,-0.94299,0.1449129488574537,3e-05,0.00023,93191.295,6.104036,0
2025-11-18 14:35:35.846125,93210.74,71.66000000000349,0.0768795527210743,0.0,-0.3292400000000001,0.15981,1.1028,-0.94299,0.1449129488574537,3e-05,0.00023,93199.375,6.104369,0
2025-11-18 14:35:37.879978,93191.29,63.90000000000873,0.0685686398374877,0.35366,0.35366,0.51348,1.1028099999999998,-0.5893299999999998,0.4656105766179125,0.05466,0.00023,93199.375,6.102607,1
2025-11-18 14:35:39.918085,93191.295,63.88999999999942,0.0685579055425717,-0.22506,-0.57872,0.28842,1.1028099999999998,-0.8143899999999998,0.2615319048612182,0.00014,0.00023,93199.38,6.0935,1
2025-11-18 14:35:41.950494,93199.375,47.73000000001048,0.0512127897853504,0.6925899999999999,0.91765,0.42162,0.54342,-0.1218,0.7758639726178646,0.055,0.00023,93206.48,6.089799,1
2025-11-18 14:35:43.982585,93199.375,47.73000000001048,0.0512127897853504,0.00044,-0.6921499999999999,0.42176,0.54312,-0.12136,0.7765503019590514,0.05514,0.00023,93199.845,6.088294,1
2025-11-18 14:35:46.011585,93199.38,47.72000000000117,0.0512020573527432,0.48709,0.48665,0.42162,0.05589,0.36573,7.54374664519592,0.10457,0.00023,93199.845,6.09688,1
2025-11-18 14:35:48.040293,93206.48,33.520000000004075,0.0359631647928385,-0.61604,-1.1031300000000002,0.29281,0.54312,-0.25031,0.5391257917219031,0.055,0.00023,93192.165,6.098477,0
2025-11-18 14:35:50.070879,93199.845,46.79000000000815,0.0502039461546402,0.64886,1.2649,0.45444,0.05589,0.39855,8.130971551261407,0.055,0.00023,93192.16,6.107281,0
2025-11-18 14:35:52.108465,93199.845,46.79000000000815,0.0502039461546402,0.0,-0.64886,0.45444,0.05589,0.39855,8.130971551261407,0.055,0.00023,93192.16,6.10785,0
2025-11-18 14:35:54.138770,93192.165,62.15000000000873,0.0666901557657864,-0.4871,-0.4871,0.45457,0.54312,-0.08855,0.8369605243776698,0.1047,0.00023,93192.16,6.114996,0
2025-11-18 14:36:00.253766,93192.16,62.16000000000349,0.0667008898602666,-1.13869,-2.18518,0.36137,1.10251,-0.7411399999999999,0.3277702696574181,0.05413,0.00023,93192.165,6.101341,1
2025-11-18 14:36:02.291677,93192.16,62.16000000000349,0.0667008898602666,0.0,1.13869,0.36137,1.10251,-0.7411399999999999,0.3277702696574181,0.05413,0.00023,93198.41,6.096924,1
2025-11-18 14:36:04.322218,93192.16,62.16000000000349,0.0667008898602666,0.0,0.0,0.36137,1.10251,-0.7411399999999999,0.3277702696574181,0.05413,0.00023,93198.415,6.094348,1
2025-11-18 14:36:06.355107,93192.165,62.15000000000873,0.0666901557657864,1.04649,1.04649,0.36137,0.05602,0.30535,6.450731881470904,0.10457,0.00023,93189.88,6.095778,0
2025-11-18 14:36:08.388601,93198.41,49.66000000000349,0.053284170835107,-0.48623,-1.53272,0.36224,0.54312,-0.18088,0.666961260863161,0.055,0.00023,93189.88,6.091182,0
2025-11-18 14:36:10.416566,93198.415,49.65000000000873,0.0532734381802616,0.5098199999999999,0.99605,0.3849599999999999,0.05602,0.3289399999999999,6.871831488754016,9e-05,0.00023,93182.865,6.098699,0
2025-11-18 14:36:12.450885,93189.88,66.72000000000116,0.0715957569641694,-0.97701,-1.48683,0.45444,1.10251,-0.6480699999999999,0.4121867375352605,0.10457,0.00023,93182.865,6.1014,0
2025-11-18 14:36:14.479783,93189.88,66.72000000000116,0.0715957569641694,0.078,1.05501,0.53244,1.10251,-0.5700699999999999,0.4829343951528785,0.10457,0.00023,93182.865,6.112674,0
2025-11-18 14:36:16.515265,93182.865,80.75,0.0866575630616208,0.5592899999999998,0.4812899999999998,0.53234,0.54312,-0.01078,0.9801517160111946,0.0001,0.00023,93175.1,6.114504,0
2025-11-18 14:36:18.552285,93182.865,80.75,0.0866575630616208,0.0,-0.5592899999999998,0.53234,0.54312,-0.01078,0.9801517160111946,0.0001,0.00023,93175.1,6.117752,0
2025-11-18 14:36:20.592457,93182.865,80.75,0.0866575630616208,-0.17056,-0.17056,0.30736,0.4887,-0.18134,0.6289339062819725,0.0001,0.00023,93175.1,6.106952,0
2025-11-18 14:36:22.629769,93175.1,96.27999999999884,0.1033323280576021,-0.58301,-0.41245,0.33816,1.10251,-0.7643499999999999,0.3067183064099192,0.0001,0.00023,93163.475,6.10598,0
2025-11-18 14:36:24.670037,93175.1,96.27999999999884,0.1033323280576021,1.01569,1.5987,0.30736,0.05602,0.25134,5.486611924312746,0.0001,0.00023,93163.48,6.105216,0
2025-11-18 14:36:26.699409,93175.1,96.27999999999884,0.1033323280576021,-0.0301299999999999,-1.04582,0.27723,0.05602,0.22121,4.948768297036773,0.0001,0.00023,93163.48,6.107653,0
2025-11-18 14:36:28.735749,93163.475,73.02999999999884,0.078389089715684,-0.03808,-0.00795,0.34668,0.16355,0.18313,2.119718740446347,0.0001,0.00023,93163.485,6.107341,1
2025-11-18 14:36:30.775253,93163.48,73.0,0.078356884049415,0.2529799999999999,0.2910599999999999,0.54518,0.10907,0.43611,4.998441367928853,0.10457,0.00023,93199.975,6.103668,1
2025-11-18 14:36:32.807062,93163.48,73.0,0.078356884049415,-0.0001099999999999,-0.2530899999999999,0.5450699999999999,0.10907,0.4359999999999999,4.9974328412945805,0.10457,0.00023,93199.975,6.099883,1
2025-11-18 14:36:34.843090,93163.485,72.98999999999069,0.0783461460249052,-9.999999999982244e-06,0.0001,0.54506,0.10907,0.43599,4.997341157055102,9e-05,0.00023,93199.995,6.103106,1
2025-11-18 14:36:36.878921,93199.975,0.0099999999947613,1.072961660640071e-05,0.05398,0.0539899999999999,0.59904,0.10907,0.48997,5.492252681764005,0.055,0.00023,93199.995,6.103535,1
2025-11-18 14:36:38.906945,93199.975,0.0099999999947613,1.072961660640071e-05,0.0,-0.05398,0.59904,0.10907,0.48997,5.492252681764005,0.055,0.00023,93199.995,6.108624,1
2025-11-18 14:37:39.926818,93199.995,0.0099999999947613,1.0729614303907754e-05,-0.0920999999999999,-0.1347899999999999,0.36506,1.21113,-0.8460700000000001,0.3014209870121291,0.05435,0.00483,93254.17,6.098049,1
2025-11-18 14:37:41.966023,93199.995,0.0099999999947613,1.0729614303907754e-05,0.0,0.0920999999999999,0.36506,1.21113,-0.8460700000000001,0.3014209870121291,0.05435,0.00483,93254.17,6.092388,1
2025-11-18 14:37:43.994799,93199.995,0.0099999999947613,1.0729614303907754e-05,0.66406,0.66406,0.36571,0.54772,-0.18201,0.6676951727159862,0.055,0.00483,93274.845,6.100336,1
2025-11-18 14:37:46.024867,93254.17,3.4800000000104774,0.0037317366076074,-1.41619,-2.08025,0.22767,1.82587,-1.5982,0.1246912430786419,0.00023,0.0001,93274.845,6.10288,1
2025-11-18 14:37:48.058411,93254.17,3.4800000000104774,0.0037317366076074,0.13185,1.54804,0.22767,1.69402,-1.46635,0.1343962881193846,0.00023,0.0001,93274.845,6.099574,1
2025-11-18 14:37:50.095135,93274.845,70.54999999998836,0.0756366842528533,-0.3022000000000001,-0.4340500000000001,0.05732,1.82587,-1.76855,0.031393253627038,0.00023,0.0001,93279.67,6.095767,1
2025-11-18 14:37:52.127747,93274.845,70.54999999998836,0.0756366842528533,0.13187,0.4340700000000002,0.05732,1.694,-1.63668,0.0338370720188902,0.00023,0.0001,93279.675,6.095417,1
2025-11-18 14:37:54.157985,93274.845,70.54999999998836,0.0756366842528533,0.0,-0.13187,0.05732,1.694,-1.63668,0.0338370720188902,0.00023,0.0001,93279.675,6.09677,1
2025-11-18 14:37:56.190902,93279.67,60.89999999999418,0.0652875380026475,0.0009299999999999,0.0009299999999999,0.19012,1.82587,-1.63575,0.1041257044586964,0.00023,0.0001,93292.43,6.097816,1
2025-11-18 14:37:58.223164,93279.675,60.88999999999942,0.0652768140540792,-0.1328,-0.13373,0.05732,1.82587,-1.76855,0.031393253627038,0.00023,0.0001,93296.92,6.103175,1
2025-11-18 14:38:00.254755,93279.675,60.88999999999942,0.0652768140540792,0.1318500000000001,0.2646500000000001,0.05732,1.69402,-1.6367,0.0338366725304305,0.00023,0.0001,93290.685,6.111667,1
2025-11-18 14:38:02.288718,93292.43,86.41999999999825,0.0926334537539629,0.17557,0.0437199999999999,0.23289,1.69402,-1.46113,0.1374777157294483,0.0002,0.0001,93290.685,6.11359,0
2025-11-18 14:38:04.326339,93296.92,77.44000000000233,0.0830038119157656,-0.1318200000000002,-0.3073900000000003,0.23292,1.82587,-1.59295,0.1275665846966104,0.00023,0.0001,93290.685,6.108695,0
2025-11-18 14:38:08.402308,93290.685,89.91000000000349,0.0963761816091322,0.0,0.0437699999999998,0.0573,1.69402,-1.6367200000000002,0.0338248662943766,0.00023,0.0001,93292.53,6.105228,1
2025-11-18 14:38:10.435034,93290.685,89.91000000000349,0.0963761816091322,0.22321,0.22321,0.28051,1.69402,-1.41351,0.1655883637737453,0.00023,0.0001,93298.16,6.105303,1
2025-11-18 14:38:12.476213,93290.685,89.91000000000349,0.0963761816091322,0.0,-0.22321,0.28051,1.69402,-1.41351,0.1655883637737453,0.00023,0.0001,93298.17,6.102365,1
2025-11-18 14:38:14.507536,93292.53,93.60000000000582,0.1003295762265272,-6.938893903907228e-18,-6.938893903907228e-18,0.28051,1.69402,-1.41351,0.1655883637737453,0.00023,0.00015,93298.17,6.101524,1
2025-11-18 14:38:16.540337,93298.16,82.33999999999651,0.088254687980981,0.30839,0.30839,0.5889,1.69402,-1.10512,0.3476346206066044,0.055,0.00015,93298.17,6.103698,1
2025-11-18 14:38:18.578578,93298.17,82.32000000000698,0.0882332418738834,-0.35764,-0.6660300000000001,0.23126,1.69402,-1.46276,0.1365155074910567,0.00023,0.00015,93288.89,6.107174,0
2025-11-18 14:38:20.609060,93298.17,82.32000000000698,0.0882332418738834,0.0,0.35764,0.23126,1.69402,-1.46276,0.1365155074910567,0.00023,0.00015,93283.74,6.112121,0
2025-11-18 14:38:22.644035,93298.17,82.32000000000698,0.0882332418738834,0.0,0.0,0.23126,1.69402,-1.46276,0.1365155074910567,0.00023,0.00015,93283.74,6.116683,0
2025-11-18 14:38:24.685752,93288.89,91.51999999998952,0.0981038578119962,0.0009800000000001,0.0009800000000001,0.36409,1.82587,-1.46178,0.1994063104164042,0.00023,0.055,93283.74,6.101107,0
2025-11-18 14:38:30.786859,93283.74,81.22000000000116,0.0870676926118111,0.09182,0.0021299999999999,0.45609,1.694,-1.2379099999999998,0.2692384887839433,0.00023,0.00013,93283.73,6.103604,0
2025-11-18 14:38:32.823156,93283.74,81.22000000000116,0.0870676926118111,0.0001999999999999,-0.09162,0.45629,1.694,-1.23771,0.2693565525383707,0.00023,0.00013,93283.73,6.106496,0
2025-11-18 14:38:34.856004,93283.74,81.22000000000116,0.0870676926118111,0.0,-0.0001999999999999,0.45629,1.694,-1.23771,0.2693565525383707,0.00023,0.00013,93283.73,6.11308,0
2025-11-18 14:38:40.969084,93283.73,81.22000000000116,0.087067701945453,-0.18261,-0.18281,0.40587,1.20655,-0.80068,0.336388877377647,0.05442,0.00023,93246.735,6.102637,0
2025-11-18 14:38:43.008005,93283.73,81.22000000000116,0.087067701945453,0.6634099999999999,0.84602,0.40587,0.54314,-0.1372699999999999,0.747265898295099,0.05442,0.00023,93255.05,6.097484,0
2025-11-18 14:38:45.042324,93283.73,81.22000000000116,0.087067701945453,-0.8976799999999999,-1.56109,0.3967,1.43165,-1.0349499999999998,0.2770928648761919,0.05442,0.00023,93273.485,6.093409,0
2025-11-18 14:38:47.071721,93246.735,37.95000000001164,0.0406984759305638,-0.07678,0.8208999999999999,0.22769,1.33942,-1.11173,0.1699914888533843,0.0001,0.00023,93273.485,6.094479,1
2025-11-18 14:38:49.105489,93255.05,54.58000000000175,0.0585276615046603,0.3087600000000001,0.3855400000000002,0.40357,1.20654,-0.80297,0.3344853879689028,0.0001,0.00023,93273.485,6.103022,1
2025-11-18 14:38:51.135733,93273.485,75.01000000000931,0.080419424662871,-0.21517,-0.5239300000000002,0.41328,1.43142,-1.01814,0.2887202917382739,0.055,0.00023,93266.3,6.107167,0
2025-11-18 14:38:53.166200,93273.485,75.01000000000931,0.080419424662871,0.03618,0.2513500000000001,0.22459,1.20655,-0.98196,0.1861423065766027,0.055,0.00023,93268.795,6.112246,0
2025-11-18 14:38:55.208511,93273.485,75.01000000000931,0.080419424662871,0.6634099999999999,0.62723,0.22459,0.54314,-0.3185499999999999,0.4135029642449461,0.055,0.00023,93271.54,6.10105,0
2025-11-18 14:38:57.242900,93266.3,89.38000000000466,0.095833114426116,-0.97516,-1.63857,0.40039,1.6941000000000002,-1.29371,0.2363437813588335,0.055,0.00023,93275.11,6.099716,1
2025-11-18 14:38:59.278446,93268.795,84.38999999999942,0.090480422739459,0.3117500000000001,1.2869100000000002,0.22458,1.20654,-0.98196,0.1861355611915063,0.055,0.00023,93275.105,6.095676,1
2025-11-18 14:39:01.309561,93271.54,78.90000000000873,0.0845917200466602,-0.3117500000000001,-0.6235000000000002,0.40039,1.6941000000000002,-1.29371,0.2363437813588335,0.055,0.00023,93275.1,6.095047,1
2025-11-18 14:39:03.342616,93275.11,86.01999999998952,0.0922218156590643,0.31172,0.6234700000000001,0.22456,1.20655,-0.98199,0.1861174422941444,0.00015,0.055,93275.1,6.101556,0
2025-11-18 14:39:05.374122,93275.105,86.00999999999476,0.0922110996283464,-0.3481299999999999,-0.6598499999999999,0.3641,1.69422,-1.33012,0.214907154914946,0.00017,0.00035,93275.095,6.108493,0
2025-11-18 14:39:07.404608,93275.1,86.0,0.0922003835964796,0.48768,0.8358099999999999,0.3641,1.20654,-0.84244,0.3017720092164371,0.00017,0.00023,93277.94,6.117462,1
2025-11-18 14:39:09.444172,93275.1,86.0,0.0922003835964796,0.0,-0.48768,0.3641,1.20654,-0.84244,0.3017720092164371,0.00017,0.00023,93294.405,6.114988,1
2025-11-18 14:39:11.482615,93275.095,86.01000000000931,0.0922111095142913,0.03614,0.03614,0.40024,1.20654,-0.8063,0.3317254297412436,0.055,0.00023,93316.255,6.110521,1
2025-11-18 14:39:13.522070,93277.94,80.32000000000698,0.0861082481023991,-0.03613,-0.07227,0.36411,1.20654,-0.84243,0.3017802973792829,0.055,0.00023,93322.395,6.103826,1
2025-11-18 14:39:15.559160,93294.405,47.38999999999942,0.0507961865451625,-0.40509,-0.36896,0.44658,1.6941000000000002,-1.2475200000000002,0.2636089959270408,0.055,0.00023,93326.535,6.095034,1
2025-11-18 14:39:17.593136,93316.255,51.77000000000408,0.0554780086277616,0.43848,0.8435700000000002,0.39751,1.20655,-0.80904,0.3294600306659483,0.055,0.00023,93334.07,6.093982,1
2025-11-18 14:39:19.625896,93322.395,39.49000000000524,0.0423156735315303,-0.17925,-0.61773,0.21828,1.20657,-0.98829,0.1809095203759417,0.055,0.00023,93342.135,6.096136,1
2025-11-18 14:39:21.654194,93326.535,31.210000000006403,0.0334417215854059,-0.3118700000000001,-0.1326200000000001,0.39394,1.6941000000000002,-1.3001600000000002,0.2325364500324656,0.055,0.00023,93370.135,6.10512,1
2025-11-18 14:39:23.687118,93334.07,16.139999999999418,0.0172927206538827,0.3154200000000001,0.6272900000000003,0.22183,1.20657,-0.98474,0.1838517450292979,0.055,0.00023,93387.66,6.103663,1
2025-11-18 14:39:25.722032,93342.135,0.0099999999947613,1.0713275408540107e-05,-0.1026000000000001,-0.4180200000000003,0.60676,1.6941000000000002,-1.0873400000000002,0.3581606752848119,0.055,0.00023,93390.505,6.104383,1
2025-11-18 14:39:27.759314,93370.135,56.00999999999476,0.0599870611732485,-0.21137,-0.1087699999999998,0.39531,1.69402,-1.29871,0.2333561587230375,0.055,0.0001,93390.505,6.104771,1
2025-11-18 14:39:29.790781,93387.66,20.94000000000233,0.0224226626944098,1.19982,1.41119,0.4443500000000001,0.54324,-0.0988899999999998,0.8179625948015612,0.055,0.00023,93390.505,6.10919,1
2025-11-18 14:39:33.864085,93390.505,15.25,0.0163292831535711,-1.15086,-1.29497,0.5884600000000001,1.6941000000000002,-1.1056400000000002,0.3473584794286052,0.055,0.00023,93385.865,6.106307,0
2025-11-18 14:39:35.899971,93390.505,15.25,0.0163292831535711,0.2621600000000001,1.4130200000000002,0.36309,1.20657,-0.8434799999999999,0.300927422362565,0.05421,0.00023,93414.405,6.106701,1
2025-11-18 14:39:37.937425,93390.505,15.25,0.0163292831535711,-0.4461700000000001,-0.7083300000000002,0.40445,1.6941000000000002,-1.2896500000000002,0.2387403341007024,0.05421,0.00023,93416.995,6.103582,1
2025-11-18 14:39:39.970392,93385.865,24.52999999999884,0.0262673585558144,0.0007899999999999,0.4469600000000001,0.40524,1.6941000000000002,-1.28886,0.2392066584026917,0.055,0.00023,93431.365,6.106223,1
2025-11-18 14:39:42.006672,93414.405,64.25,0.0687795420845425,0.9754,0.97461,0.2297,0.54316,-0.3134599999999999,0.422895647691288,0.00012,0.00023,93431.365,7.271301,1
2025-11-18 14:39:44.041007,93416.995,59.06999999999243,0.0632326055874441,0.17546,-0.7999400000000001,0.40524,0.54324,-0.1379999999999999,0.7459686326485533,0.055,0.00023,93431.365,5.236966,1
2025-11-18 14:39:46.076615,93431.365,30.330000000001743,0.0324623321087107,0.0048799999999999,-0.17058,0.40512,0.53824,-0.13312,0.7526753864447087,0.055,0.00023,93443.44,5.239854,1
2025-11-18 14:39:49.277973,93431.365,30.330000000001743,0.0324623321087107,0.0,-0.0048799999999999,0.40512,0.53824,-0.13312,0.7526753864447087,0.055,0.00023,93472.39,6.102405,1
2025-11-18 14:39:51.316469,93443.44,6.179999999993015,0.0066136263818979,0.30093,0.30093,0.21852,0.05071,0.16781,4.309209228948926,0.055,0.00023,93472.39,6.09416,1
2025-11-18 14:39:53.347838,93470.745,26.669999999998254,0.0285329917933127,-0.00057,-0.3015,0.21795,0.05071,0.16724,4.297968842437389,0.055,0.00023,93484.075,6.097896,1
2025-11-18 14:39:55.380378,93472.39,23.380000000004657,0.0250127337067177,0.22441,0.22498,0.44236,0.05071,0.39165,8.723328732005522,0.055,0.00023,93484.085,6.100919,1
2025-11-18 14:39:57.410629,93472.39,23.380000000004657,0.0250127337067177,-0.04896,-0.27337,0.3934,0.05071,0.34269,7.757838690593571,0.055,0.00023,93484.085,6.108805,1
2025-11-18 14:39:59.445734,93484.075,0.0099999999947613,1.0697009083912216e-05,-0.16281,-0.11385,0.23059,0.05071,0.1798799999999999,4.547229343324787,0.055,0.00023,93479.09,6.104816,0
2025-11-18 14:40:01.481297,93484.085,0.0099999999947613,1.0697007939652307e-05,-0.00016,0.16265,0.23035,0.05063,0.17972,4.54967410626111,8e-05,0.00023,93479.09,6.103353,0
2025-11-18 14:40:03.519434,93484.085,0.0099999999947613,1.0697007939652307e-05,0.0003799999999999,0.0005399999999999,0.23073,0.05063,0.1801,4.557179537823425,0.00023,0.00023,93479.095,6.097671,0
2025-11-18 14:40:07.584650,93479.09,10.0,0.0106975795335619,0.0,-0.17523,0.40596,0.05063,0.35533,8.018171044835077,9e-05,0.00023,93472.88,6.096557,0
2025-11-18 14:40:09.617105,93479.095,9.989999999990689,0.0106868813823996,-0.13277,-0.13277,0.27319,0.05063,0.2225599999999999,5.395812759233656,0.00023,0.00023,93472.885,6.104295,0
2025-11-18 14:40:11.649654,93479.09,10.0,0.0106975795335619,0.13277,0.26554,0.40596,0.05063,0.35533,8.018171044835077,9e-05,0.00023,93472.89,6.106822,0
2025-11-18 14:40:13.681207,93472.88,22.419999999998254,0.0239855667226667,-0.0144699999999999,-0.14724,0.39149,0.05063,0.34086,7.732372111396405,0.055,0.00023,93460.89,6.114998,0
2025-11-18 14:40:15.721400,93472.885,22.41000000000349,0.0239748671499799,-0.0001299999999999,0.0143399999999999,0.39136,0.05063,0.34073,7.729804463756666,0.0001,0.00023,93460.885,6.112284,0
2025-11-18 14:40:17.756476,93472.89,22.39999999999418,0.0239641675784221,-0.08256,-0.08243,0.3637,0.10553,0.25817,3.44641334217758,0.00023,0.00023,93460.885,6.113946,0
2025-11-18 14:40:21.833684,93460.885,46.41000000000349,0.049657137314721,0.13277,0.26566,0.36358,0.10553,0.25805,3.445276224770208,0.00011,0.00023,93460.58,6.116197,0
2025-11-18 14:40:23.870422,93460.885,46.41000000000349,0.049657137314721,6.0000000000004494e-05,-0.13271,0.36364,0.10553,0.25811,3.445844783473894,0.00011,0.00023,93460.585,6.111819,0
2025-11-18 14:40:25.910497,93460.89,46.39999999999418,0.0496464349954234,0.00012,5.999999999999551e-05,0.36376,0.10553,0.25823,3.446981900881266,0.00023,0.00023,93460.585,6.103304,0
2025-11-18 14:40:27.949881,93460.58,47.01999999998952,0.0503099809566659,-0.13288,-0.133,0.23088,0.10553,0.12535,2.1878138917843266,0.055,0.00023,93469.465,6.10457,1
2025-11-18 14:40:29.982241,93460.585,47.00999999999476,0.0502992785675317,0.18778,0.32066,0.36376,0.05063,0.31313,7.184673118704326,0.00023,0.00023,93469.465,6.10503,1
2025-11-18 14:40:32.013801,93460.585,47.00999999999476,0.0502992785675317,0.0,-0.18778,0.36376,0.05063,0.31313,7.184673118704326,0.00023,0.00023,93444.295,6.109561,0
2025-11-18 14:40:34.054451,93469.465,29.25,0.0312936422606035,0.03097,0.03097,0.39473,0.05063,0.3441,7.796365791032985,0.055,0.00023,93444.295,6.100989,0
2025-11-18 14:40:36.087271,93469.465,29.25,0.0312936422606035,-0.00021,-0.03118,0.39452,0.05063,0.34389,7.79221805253802,0.05479,0.00023,93436.155,6.100732,0
2025-11-18 14:40:38.123362,93444.295,79.57000000000698,0.085152335945182,-0.05483,-0.0546199999999999,0.33982,0.05076,0.28906,6.694641449960599,0.0001,0.00023,93436.155,6.09882,0
2025-11-18 14:40:40.155440,93444.295,79.57000000000698,0.085152335945182,0.24191,0.29674,0.58173,0.05076,0.5309699999999999,11.460401891252957,0.0001,0.00023,93436.155,6.098705,0
2025-11-18 14:40:48.284115,93436.155,95.85000000000582,0.1025834164515928,0.0,0.24189,0.33984,0.05071,0.28913,6.701636758035891,0.0001,0.00023,93432.085,6.114311,0
2025-11-18 14:40:50.324896,93436.155,95.85000000000582,0.1025834164515928,0.01051,0.01051,0.35035,0.05071,0.29964,6.908893709327548,0.0001,0.00023,93432.085,6.110168,0
2025-11-18 14:40:52.360660,93436.155,95.85000000000582,0.1025834164515928,0.0,-0.01051,0.35035,0.05071,0.29964,6.908893709327548,0.0001,0.00023,93444.98,6.109991,1
2025-11-18 14:40:54.398426,93432.085,103.99000000000524,0.1113000956791291,0.2418799999999999,0.2418799999999999,0.59223,0.05071,0.54152,11.678761585486097,0.0001,0.00023,93444.985,6.111052,1
2025-11-18 14:40:56.435064,93432.085,103.99000000000524,0.1113000956791291,-0.24694,-0.48882,0.35036,0.05578,0.29458,6.281104338472572,0.0001,0.00023,93419.195,6.106203,0
2025-11-18 14:40:58.470651,93444.98,78.19999999999709,0.0836856083654756,0.0548699999999999,0.3018099999999999,0.40523,0.05578,0.34945,7.264790247400502,0.055,0.00023,93419.19,6.105781,0
2025-11-18 14:41:00.509478,93444.985,78.19000000000233,0.0836749024038072,-0.04158,-0.09645,0.36365,0.05578,0.30787,6.5193617784152025,0.00012,0.00023,93416.265,6.105753,0
2025-11-18 14:41:02.541267,93419.195,78.2100000000064,0.0837194111981016,-1.1728500000000002,-1.1312700000000002,0.39167,1.2566499999999998,-0.8649799999999999,0.311677873711853,0.0001,1.15132,93416.27,6.110068,0
2025-11-18 14:41:04.576432,93419.19,78.19999999999709,0.0837087112401607,1.02536,2.1982100000000004,0.21614,0.05576,0.16038,3.8762553802008606,0.0001,0.00023,93416.27,6.10748,0
2025-11-18 14:41:06.615231,93416.265,84.04999999998836,0.0899736250426928,0.17553,-0.8498300000000001,0.39167,0.05576,0.33591,7.024210903873745,0.055,0.00023,93416.27,6.103438,1
2025-11-18 14:41:10.683912,93416.27,84.0399999999936,0.0899629154535859,0.0,0.17554,0.21613,0.05576,0.16037,3.8760760401721663,0.00012,0.00023,93423.265,6.102925,1
2025-11-18 14:41:12.718669,93416.27,84.0399999999936,0.0899629154535859,0.0,0.0,0.21613,0.05576,0.16037,3.8760760401721663,0.00012,0.00023,93435.745,6.099066,1
2025-11-18 14:41:14.753900,93416.27,84.0399999999936,0.0899629154535859,0.0,0.0,0.21613,0.05576,0.16037,3.8760760401721663,0.00012,0.00023,93442.675,6.093875,1
2025-11-18 14:41:16.786837,93423.265,88.86999999999534,0.0951261979550761,-1.41376,-1.41376,0.44071,1.6941,-1.25339,0.2601440292780828,0.055,0.055,93442.675,6.091676,1
2025-11-18 14:41:18.817735,93435.745,82.08999999999651,0.0878571685814636,0.0,1.41376,0.44071,1.6941,-1.25339,0.2601440292780828,0.055,0.055,93442.675,6.097453,1
2025-11-18 14:41:20.847775,93442.675,82.77000000000407,0.0885783717129289,0.98106,0.98106,0.21611,0.48844,-0.2723299999999999,0.442449430841045,0.055,0.00023,93426.715,6.106945,0
2025-11-18 14:41:22.878513,93442.675,82.77000000000407,0.0885783717129289,0.0,-0.98106,0.21611,0.48844,-0.2723299999999999,0.442449430841045,0.055,0.00023,93422.265,6.114185,0
2025-11-18 14:41:24.915188,93442.675,82.77000000000407,0.0885783717129289,0.17556,0.17556,0.39167,0.48844,-0.0967699999999999,0.8018794529522563,0.055,0.00023,93415.27,6.114266,0
2025-11-18 14:41:26.954720,93426.715,100.55000000000292,0.1076244626603888,-0.96299,-1.13855,0.63454,1.6942999999999997,-1.0597599999999998,0.3745145487812076,0.055,0.055,93415.265,6.107686,0
2025-11-18 14:41:28.992698,93422.265,91.64999999999418,0.0981029522244982,7.000000000003347e-05,0.96306,0.63454,1.69423,-1.0596899999999998,0.374530022488092,0.055,0.00023,93415.26,6.105761,0
2025-11-18 14:41:31.029454,93415.27,82.30000000000291,0.0881012279898167,-0.24295,-0.2430200000000001,0.39154,1.6941799999999998,-1.3026399999999998,0.2311088550213082,0.0001,0.055,93414.525,6.105732,0
2025-11-18 14:41:33.062406,93415.265,82.29000000000815,0.0880905278168489,-4.999999999993898e-05,0.2429000000000001,0.39154,1.69423,-1.30269,0.2311020345525696,0.0001,0.00023,93416.55,6.112493,1
2025-11-18 14:41:35.098459,93415.26,82.27999999999884,0.0880798276427201,0.00018,0.00023,0.39165,1.69416,-1.30251,0.2311765122538603,0.0001,0.00023,93416.55,6.136247,1
2025-11-18 14:41:37.135186,93414.525,83.75,0.0896541517499553,0.24279,0.2426099999999999,0.63444,1.69416,-1.05972,0.374486471171554,0.055,0.00023,93416.55,6.13811,1
2025-11-18 14:41:39.174899,93416.55,88.16000000000349,0.0943729992169519,-0.0002500000000001,-0.2430400000000001,0.63444,1.6944099999999995,-1.05997,0.3744312179460697,0.055,0.00041,93422.435,6.132923,1
2025-11-18 14:41:41.234706,93416.55,88.13999999999942,0.0943515897343665,-0.2426399999999999,-0.2423899999999998,0.39157,1.6941799999999998,-1.3026099999999998,0.2311265627029005,0.00013,0.00023,93429.885,6.113877,1
2025-11-18 14:41:43.273296,93416.55,88.13999999999942,0.0943515897343665,0.0,0.2426399999999999,0.39157,1.6941799999999998,-1.3026099999999998,0.2311265627029005,0.00013,0.00023,93432.77,6.111814,1
2025-11-18 14:41:45.307822,93422.435,76.36999999999534,0.0817469593893537,1.3938099999999998,1.3938099999999998,0.63444,0.54324,0.0912,1.1678815992931302,0.055,0.00023,93425.59,6.10138,1
2025-11-18 14:41:47.348583,93429.885,91.25,0.0976668225589702,-0.24308,-1.6368899999999995,0.39156,0.5434399999999999,-0.1518799999999999,0.7205211246871781,0.00012,0.00043,93406.525,6.094212,0
2025-11-18 14:41:49.385110,93432.77,85.4600000000064,0.0914668375988493,0.0001,0.24318,0.39156,0.5433399999999999,-0.1517799999999999,0.7206537343100086,0.055,0.00023,93406.52,6.089973,0
2025-11-18 14:41:51.409202,93425.59,99.83999999999652,0.10686579554916,-0.92631,-0.92641,0.61614,1.69423,-1.07809,0.3636696316320689,0.055,0.00023,93406.52,6.101309,0
2025-11-18 14:41:53.442795,93406.525,88.65000000000873,0.0949077165647782,0.0182999999999999,0.94461,0.63444,1.69423,-1.05979,0.374470998624744,0.055,0.055,93406.52,6.102778,0
2025-11-18 14:41:55.475083,93406.52,88.61999999999534,0.0948756039728226,-0.2428499999999999,-0.2611499999999999,0.39156,1.6942,-1.3026399999999998,0.2311179317672057,0.00012,0.00023,93406.525,6.104895,1
2025-11-18 14:41:57.510511,93406.52,88.61999999999534,0.0948756039728226,0.0,0.2428499999999999,0.39156,1.6942,-1.3026399999999998,0.2311179317672057,0.00012,0.00023,93373.695,6.104539,0
2025-11-18 14:41:59.545573,93406.52,88.61999999999534,0.0948756039728226,0.0,0.0,0.39156,1.6942,-1.3026399999999998,0.2311179317672057,0.00012,0.00023,93373.69,6.10506,0
2025-11-18 14:42:01.579978,93406.525,88.6299999999901,0.0948863047843714,-9.999999999964503e-06,-9.999999999964503e-06,0.39157,1.6942199999999998,-1.30265,0.231121105877631,0.00013,0.00022,93352.995,6.110418,0
2025-11-18 14:42:03.615050,93373.695,145.09000000001106,0.1553863751456028,0.1879699999999999,0.1879799999999999,0.57955,1.69423,-1.11468,0.3420728000330534,0.17553,0.00023,93352.995,6.109217,0
2025-11-18 14:42:05.650633,93373.69,145.08000000000175,0.1553756738113292,3.0000000000030003e-05,-0.1879399999999999,0.57955,1.6942,-1.11465,0.3420788572777712,0.17553,0.00023,93352.995,6.107712,0
2025-11-18 14:42:07.690396,93352.995,156.13000000000466,0.1672469105035191,0.0151099999999999,0.0150799999999999,0.59469,1.69423,-1.0995399999999995,0.3510090129439333,0.17576,0.00023,93346.45,6.102508,0
2025-11-18 14:42:09.724267,93352.995,112.00999999999476,0.1199854380676214,0.46924,0.45413,0.5763,1.2066,-0.6302999999999999,0.4776230730979612,0.0001,0.00023,93346.445,6.106086,0
2025-11-18 14:42:11.758345,93352.995,112.00999999999476,0.1199854380676214,-0.46912,-0.93836,0.59468,1.6941000000000002,-1.0994200000000005,0.3510300454518623,0.0001,0.00023,93324.52,6.111514,0
2025-11-18 14:42:13.792904,93346.45,98.91999999999824,0.1059708216006053,-0.2506,0.21852,0.34408,1.6941,-1.3500199999999998,0.2031048934537513,0.0001,0.055,93322.13,6.104292,0
2025-11-18 14:42:15.830353,93346.445,98.90999999998894,0.1059601144960463,5.551115123125783e-17,0.2506,0.34408,1.6941000000000002,-1.3500200000000002,0.2031048934537512,0.0001,0.00023,93309.09,6.103264,0
2025-11-18 14:42:17.869859,93324.52,55.05999999999767,0.0589984282801536,0.4821099999999999,0.4821099999999998,0.33866,1.20657,-0.86791,0.2806799439734123,0.0001,0.00023,93306.1,6.10075,0
2025-11-18 14:42:19.897196,93322.13,50.27999999999884,0.053877895843139,-0.4876599999999997,-0.9697699999999996,0.33866,1.69423,-1.35557,0.1998902156141728,0.0001,0.055,93309.67,6.1097,0
2025-11-18 14:42:21.933617,93309.09,85.89999999999418,0.0920596267737625,0.4876799999999999,0.9753399999999997,0.33866,1.20655,-0.86789,0.2806845965770171,0.0001,0.00023,93324.3,6.104348,1
2025-11-18 14:42:23.970609,93306.1,79.91999999999825,0.0856535639148975,0.02532,-0.4623599999999999,0.3639799999999999,1.2065499999999998,-0.8425699999999998,0.301670050971779,0.0001,1.15109,93324.305,6.101347,1
2025-11-18 14:42:26.006896,93309.67,72.77999999999884,0.077998346795138,-0.4877200000000001,-0.5130400000000002,0.36396,1.6942499999999998,-1.3302899999999998,0.2148207171314741,0.055,0.00038,93309.4,6.102877,0
2025-11-18 14:42:28.037965,93324.3,85.66000000000349,0.0917874551429836,0.02967,0.5173900000000001,0.39348,1.6941000000000002,-1.30062,0.232264919426244,0.055,0.00023,93297.945,6.108497,0
2025-11-18 14:42:30.071956,93324.305,85.65000000000873,0.0917767349030981,-0.02969,-0.05936,0.36395,1.69426,-1.33031,0.2148135469172382,0.00015,0.00039,93297.94,6.111845,0
2025-11-18 14:42:32.109773,93309.4,86.52000000000407,0.0927237770256845,0.02969,0.05938,0.39348,1.6941000000000002,-1.30062,0.232264919426244,0.0001,0.055,93297.935,6.108581,0
2025-11-18 14:42:34.146462,93297.945,81.43000000000757,0.0872795215371652,-0.02944,-0.05913,0.36396,1.69402,-1.33006,0.2148498837085748,0.00016,0.00015,93319.125,6.105565,1
2025-11-18 14:42:36.183801,93297.94,81.41999999999825,0.0872688078643518,0.48745,0.5168900000000001,0.36396,1.20657,-0.8426099999999999,0.3016484746015565,0.00016,0.00023,93349.55,6.104442,1
2025-11-18 14:42:38.218354,93297.935,81.42999999999302,0.0872795308920749,0.02928,-0.45817,0.39324,1.20657,-0.8133299999999999,0.3259156120241677,0.0547,0.00023,93363.72,6.100724,1
2025-11-18 14:42:40.252027,93319.125,78.51000000000931,0.0841306645342091,-0.4870899999999999,-0.5163699999999999,0.39368,1.6941000000000002,-1.30042,0.2323829762115577,0.05514,0.00023,93363.725,6.103397,1
2025-11-18 14:42:42.288243,93349.55,118.86000000000058,0.1273278767814098,-0.1377900000000002,0.3492999999999996,0.2821599999999999,1.7203700000000002,-1.4382100000000002,0.164011230142353,0.00015,0.00027,93358.35,6.10383,1
2025-11-18 14:42:44.319078,93363.72,90.55999999999769,0.0969969919793231,1.09295,1.2307400000000002,0.36409,0.70935,-0.34526,0.5132727144568972,0.055,0.48768,93358.35,6.112569,0
2025-11-18 14:42:46.355424,93363.725,90.52999999999884,0.0969648543907163,-1.17606,-2.26901,0.10662,1.6279399999999995,-1.5213199999999998,0.0654938142683391,0.00023,1.10049,93358.35,6.108309,0
2025-11-18 14:42:52.463733,93358.35,101.27999999999884,0.1084852078041212,-0.0367299999999999,-0.16958,0.23948,1.7572299999999998,-1.51775,0.1362826721601611,0.00023,1.10049,93355.665,6.105256,0
2025-11-18 14:42:54.500004,93358.35,101.27999999999884,0.1084852078041212,0.0,0.0367299999999999,0.23948,1.7572299999999998,-1.51775,0.1362826721601611,0.00023,1.10049,93355.665,6.100657,0
2025-11-18 14:42:56.535709,93358.35,101.27999999999884,0.1084852078041212,0.0,0.0,0.23948,1.7572299999999998,-1.51775,0.1362826721601611,0.00023,1.10049,93355.665,6.098313,0
2025-11-18 14:42:58.568989,93355.665,106.65000000000872,0.1142405230577155,-0.13286,-0.13286,0.1066199999999999,1.7572299999999998,-1.65061,0.0606750396931534,0.00023,1.10049,93336.515,6.101137,0
2025-11-18 14:43:00.600661,93355.665,106.65000000000872,0.1142405230577155,0.13286,0.26572,0.23948,1.7572299999999998,-1.51775,0.1362826721601611,0.00023,1.10049,93336.515,6.115426,0
2025-11-18 14:43:02.634022,93355.665,106.65000000000872,0.1142405230577155,0.0,-0.13286,0.23948,1.7572299999999998,-1.51775,0.1362826721601611,0.00023,1.10049,93346.26,6.123341,0
2025-11-18 14:43:04.670126,93336.515,68.35000000000582,0.0732296465108064,-0.01886,-0.01886,0.10663,1.64324,-1.53661,0.0648900951778194,0.00023,0.00027,93351.22,6.125492,1
2025-11-18 14:43:06.716087,93336.515,68.35000000000582,0.0732296465108064,0.0,0.01886,0.10663,1.64324,-1.53661,0.0648900951778194,0.00023,0.00027,93351.22,6.114042,1
2025-11-18 14:43:08.757363,93346.26,69.63999999999942,0.0746039530667853,0.13273,0.13273,0.23939,1.6432699999999998,-1.4038799999999998,0.1456790423971715,0.055,0.0003,93351.22,6.110734,1
2025-11-18 14:43:10.795618,93351.22,59.76000000000931,0.0640163031613398,0.00016,-0.1325699999999999,0.23948,1.6431999999999998,-1.40372,0.1457400194741967,0.00023,0.48768,93344.275,6.108126,0
2025-11-18 14:43:12.830129,93351.22,59.76000000000931,0.0640163031613398,0.0,-0.00016,0.23948,1.6431999999999998,-1.40372,0.1457400194741967,0.00023,0.48768,93344.275,6.106314,0
2025-11-18 14:43:14.868097,93351.22,59.73999999999069,0.0639948786957371,-0.1332099999999999,-0.1332099999999999,0.1066,1.64353,-1.53693,0.0648603919612054,0.00023,1.10052,93335.54,6.104609,0
2025-11-18 14:43:16.903744,93344.275,73.6299999999901,0.0788800384383403,0.1332099999999999,0.2664199999999999,0.23948,1.6432,-1.40372,0.1457400194741967,0.00023,1.10019,93335.535,6.106083,0
2025-11-18 14:43:18.936443,93344.275,73.61000000000058,0.0788586123787458,-0.0001299999999999,-0.1333399999999998,0.23948,1.6433299999999995,-1.4038499999999998,0.1457284903214814,0.00023,0.00036,93339.77,6.112677,0
2025-11-18 14:43:20.972706,93335.54,84.52000000000407,0.0905550018781742,0.0001299999999999,0.0002599999999998,0.23948,1.6431999999999998,-1.40372,0.1457400194741967,0.00023,1.10019,93339.77,6.112328,1
2025-11-18 14:43:23.009827,93335.535,84.50999999999476,0.0905442926962327,-0.00018,-0.0003099999999999,0.2394,1.6432999999999998,-1.4038999999999997,0.1456824682042232,0.00015,0.00033,93343.26,6.110021,1
2025-11-18 14:43:25.049120,93339.77,82.61999999999534,0.088515324175317,7.00000000000145e-05,0.00025,0.23936,1.6431900000000002,-1.40383,0.1456678777256434,0.055,0.00022,93343.265,6.106468,1
2025-11-18 14:43:27.085034,93339.77,82.60000000000582,0.0884938970816039,-0.0002299999999999,-0.0002999999999999,0.23939,1.64345,-1.40406,0.1456630867991116,0.00014,0.00022,93351.05,6.107386,1
2025-11-18 14:43:29.119848,93343.26,75.6200000000099,0.0810128122801902,-3.0000000000002247e-05,0.0001999999999999,0.23936,1.64345,-1.4040899999999998,0.1456448325169612,0.055,0.00022,93369.68,6.106764,1
2025-11-18 14:43:31.155588,93343.265,75.61000000000058,0.0810020947949491,1.000000000001e-05,4.000000000001225e-05,0.23937,1.64345,-1.4040799999999998,0.1456509172776781,0.00012,0.00022,93369.675,6.107044,1
2025-11-18 14:43:33.192420,93351.05,60.04000000000815,0.064316362804712,0.0893299999999999,0.0893199999999999,0.2738,1.58855,-1.31475,0.1723584400868716,0.055,0.00022,93375.695,6.101643,1
2025-11-18 14:43:35.226612,93369.68,74.71999999998661,0.0800259784546617,-0.0890599999999998,-0.1783899999999998,0.23939,1.6432,-1.40381,0.1456852482960078,0.055,1.10019,93375.7,6.103675,1
2025-11-18 14:43:37.262632,93369.675,74.69000000000233,0.0799938523937267,0.0544499999999998,0.1435099999999997,0.23919,1.58855,-1.34936,0.1505712756916685,0.00012,0.00022,93375.695,6.103403,1
2025-11-18 14:43:39.294063,93375.695,62.65000000000873,0.0670945474622799,0.17582,0.1213700000000001,0.41501,1.58855,-1.17354,0.2612508262251738,0.055,0.00022,93366.755,6.110115,0
2025-11-18 14:43:41.330287,93375.7,62.66000000000349,0.0671052532939549,-0.05478,-0.2306,0.41501,1.6433299999999995,-1.2283199999999996,0.252542094405871,0.055,0.00036,93366.765,6.109229,0
2025-11-18 14:43:43.366035,93375.695,62.65000000000873,0.0670945474622799,-0.1208299999999999,-0.0660499999999998,0.2394,1.58855,-1.3491499999999998,0.1507034717194926,0.00015,0.00022,93366.77,6.104086,0
2025-11-18 14:43:45.404178,93366.755,80.52999999999884,0.0862512572060567,0.17561,0.2964399999999999,0.41501,1.58855,-1.17354,0.2612508262251739,0.055,0.00022,93368.285,6.101063,1
2025-11-18 14:43:47.439516,93366.765,80.52999999999884,0.0862512479681595,-0.2302499999999999,-0.40586,0.23942,1.6432099999999998,-1.40379,0.1457026186549498,0.00017,0.00024,93368.285,6.10143,1
2025-11-18 14:43:49.470121,93366.77,80.52000000000407,0.0862405329005213,-0.13277,0.0974799999999999,0.10665,1.6432099999999998,-1.53656,0.0649034511717918,0.00023,0.00024,93368.285,6.108111,1
2025-11-18 14:43:51.505241,93368.285,36.55000000000291,0.0391460547872362,-0.1286099999999999,0.00416,0.1098,1.7749699999999995,-1.6651699999999998,0.0618602004540922,0.0004,1.10019,93371.14,6.108334,1
2025-11-18 14:43:53.540946,93368.285,36.52999999999884,0.0391246342374167,0.0809599999999998,0.2095699999999997,0.05865,1.64286,-1.58421,0.0356999379131514,0.00023,0.00022,93371.14,6.099386,1
2025-11-18 14:43:55.578232,93368.285,36.52999999999884,0.0391246342374167,0.0,-0.0809599999999998,0.05865,1.64286,-1.58421,0.0356999379131514,0.00023,0.00022,93371.69,6.100843,1
2025-11-18 14:43:57.613575,93371.14,42.23999999999069,0.0452388179045374,-0.1317799999999999,-0.1317799999999999,0.05865,1.7746399999999998,-1.7159899999999997,0.0330489564080602,0.00023,1.09986,93373.73,6.098436,1
2025-11-18 14:43:59.640332,93371.14,42.23999999999069,0.0452388179045374,0.0,0.1317799999999999,0.05865,1.7746399999999998,-1.7159899999999997,0.0330489564080602,0.00023,1.09986,93373.725,6.103677,1
2025-11-18 14:44:01.679075,93371.69,43.33999999999651,0.0464166387049399,0.13176,0.13176,0.05865,1.64288,-1.58423,0.0356995033112582,0.00023,0.00024,93360.5,6.101377,0
2025-11-18 14:44:03.712011,93373.73,47.419999999998254,0.0507851619507952,-0.13176,-0.26352,0.05865,1.7746400000000002,-1.71599,0.0330489564080602,0.00023,0.48768,93360.505,6.104218,0
2025-11-18 14:44:05.744009,93373.725,47.40999999998894,0.0507744550193204,0.13176,0.26352,0.05865,1.64288,-1.58423,0.0356995033112582,0.00023,0.00024,93360.505,6.107724,0
2025-11-18 14:44:07.780452,93360.5,73.88000000000466,0.0791341091789404,0.09211,-0.0396499999999999,0.28252,1.7746400000000002,-1.4921200000000003,0.1591984853266014,0.00023,0.48768,93360.505,6.107424,1
2025-11-18 14:44:11.851733,93360.505,73.86999999999534,0.0791233937734113,0.0,0.17543,0.10699,1.77454,-1.66755,0.0602916812244299,0.00023,0.48758,93365.16,6.101909,1
2025-11-18 14:44:13.887876,93360.505,73.86999999999534,0.0791233937734113,0.00025,0.00025,0.10699,1.77429,-1.6673000000000002,0.0603001764085916,0.00023,0.48733,93346.28,6.10521,0
2025-11-18 14:44:15.919969,93360.505,73.86999999999534,0.0791233937734113,0.0,-0.00025,0.10699,1.77429,-1.6673000000000002,0.0603001764085916,0.00023,0.48733,93346.28,6.105543,0
2025-11-18 14:44:17.953642,93365.16,83.17999999999302,0.0890910485238744,0.1754600000000001,0.1754600000000001,0.28252,1.7743600000000002,-1.4918400000000005,0.159223607385198,0.00023,1.09986,93369.035,6.104783,1
2025-11-18 14:44:19.993086,93346.28,83.55999999999767,0.0895161542591709,0.0,-0.1754600000000001,0.28252,1.7743600000000002,-1.4918400000000005,0.159223607385198,0.00023,1.09986,93369.035,6.096094,1
2025-11-18 14:44:22.025512,93346.28,83.55999999999767,0.0895161542591709,0.0,0.0,0.28252,1.7743600000000002,-1.4918400000000005,0.159223607385198,0.00023,1.09986,93369.04,6.103153,1
2025-11-18 14:44:24.058425,93369.035,38.05000000000291,0.040752268672374,-0.1746299999999999,-0.1746299999999999,0.10789,1.7743600000000002,-1.66647,0.0608050226560562,0.00023,1.09986,93377.83,6.10909,1
2025-11-18 14:44:26.089180,93369.035,38.05000000000291,0.040752268672374,-0.0509599999999998,0.1236700000000001,0.0566,1.7740299999999998,-1.7174299999999998,0.0319047592205317,0.00023,1.09953,93377.835,6.113738,1
2025-11-18 14:44:28.128665,93369.04,38.060000000012224,0.0407629766783638,0.0002199999999998,0.0511799999999997,0.0566,1.77381,-1.71721,0.0319087162661164,0.00023,0.05478,93377.835,6.110967,1
2025-11-18 14:44:32.202918,93377.835,55.65000000000873,0.0595965841358484,-0.0514200000000001,-0.1028200000000002,0.05658,1.77381,-1.71723,0.031897441101358,0.00023,0.05478,93377.83,6.107304,0
2025-11-18 14:44:34.239632,93377.835,55.65000000000873,0.0595965841358484,0.0,0.0514200000000001,0.05658,1.77381,-1.71723,0.031897441101358,0.00023,0.05478,93374.68,6.103563,0
2025-11-18 14:44:36.274021,93377.83,55.66000000000349,0.0596072965071082,0.22733,0.22733,0.28369,1.77359,-1.4899,0.1599524129026437,0.00107,0.05456,93374.685,6.105917,0
2025-11-18 14:44:38.310222,93377.83,55.60000000000582,0.0595430414264347,-0.0412799999999999,-0.2686099999999999,0.1105299999999999,1.6417099999999998,-1.5311799999999998,0.0673261416449921,0.00254,0.00012,93374.69,6.107068,0
2025-11-18 14:44:40.343195,93374.68,49.28000000001339,0.0527766199573732,-0.1807200000000001,-0.1394400000000002,0.05893,1.77083,-1.7119000000000002,0.0332781802883393,0.00022,1.09633,93374.69,6.114308,1
2025-11-18 14:44:42.379938,93374.685,49.27000000000408,0.0527659075904824,-0.05466,0.1260600000000001,0.00404,1.7706,-1.76656,0.002281712413871,0.00011,1.0961,93374.69,6.116506,1
2025-11-18 14:44:44.417290,93374.69,49.27999999999884,0.0527766143052243,1.09621,1.1508700000000005,0.00404,0.6743899999999999,-0.6703499999999999,0.005990598911609,0.00011,0.05466,93327.36,6.113677,0
2025-11-18 14:44:46.457503,93374.69,49.27999999999884,0.0527766143052243,0.0,-1.09621,0.00404,0.6743899999999999,-0.6703499999999999,0.005990598911609,0.00011,0.05466,93318.665,6.109117,0
2025-11-18 14:44:48.496444,93374.69,49.26000000000931,0.0527551952247545,-1.04109,-1.04109,0.05882,1.77026,-1.71144,0.0332267576514184,0.00011,1.0961,93250.69,6.109961,0
2025-11-18 14:44:50.530967,93327.36,17.39999999999418,0.018644050362074,0.3677499999999999,1.40884,0.42311,1.7668,-1.34369,0.2394781525922572,0.0001,0.00022,93229.765,6.103568,0
2025-11-18 14:44:52.566620,93318.665,0.0099999999947613,1.071596983814686e-05,-0.13393,-0.50168,0.29029,1.76791,-1.4776200000000002,0.1641995350442047,0.0001,1.14718,93232.485,6.103352,0
2025-11-18 14:44:54.606405,93250.69,91.19999999999708,0.0978008849049772,0.0003800000000001,0.1343100000000001,0.29047,1.76771,-1.47724,0.1643199393565687,0.00018,0.00023,93204.81,6.096498,0
2025-11-18 14:44:56.634535,93229.765,88.48999999999069,0.0949160388852108,0.62004,0.6196599999999999,0.42329,1.28049,-0.8572,0.3305687666440191,0.055,0.00023,93191.665,6.09934,0
2025-11-18 14:44:58.669972,93232.485,83.04999999998836,0.0890783936521571,-0.61999,-1.24003,0.29052,1.76771,-1.4771899999999998,0.1643482245390929,0.055,0.00023,93192.385,6.095232,0
2025-11-18 14:45:00.702903,93204.81,95.38000000000466,0.1023337744049954,0.13285,0.7528400000000001,0.42334,1.76768,-1.34434,0.2394890477914554,0.055,0.055,93185.96,6.09894,0
2025-11-18 14:45:02.733875,93191.665,70.7899999999936,0.0759617289807984,0.3046799999999999,0.1718299999999999,0.24093,1.28059,-1.0396599999999998,0.1881398417916742,0.0001,0.00041,93186.565,6.098142,0
2025-11-18 14:45:04.765204,93192.385,72.22999999999593,0.0775063327330832,-0.12606,-0.4307399999999999,0.11469,1.28041,-1.16572,0.089572871189697,0.0001,0.00023,93180.77,6.098466,0
2025-11-18 14:45:06.801843,93185.96,59.379999999990105,0.0637220456815491,0.30867,0.43473,0.29056,1.14761,-0.85705,0.2531870583212067,0.0001,0.00023,93175.87,6.093981,0
2025-11-18 14:45:08.832017,93186.565,60.58999999999651,0.0650201024149742,-0.1330199999999999,-0.4416899999999999,0.29056,1.28063,-0.99007,0.2268883284008652,0.0001,0.00045,93154.725,6.097902,0
2025-11-18 14:45:10.863670,93180.77,49.0,0.0525859573815498,-0.17565,-0.0426300000000001,0.11469,1.28041,-1.16572,0.089572871189697,0.0001,0.00023,93175.36,6.105613,0
2025-11-18 14:45:12.895824,93175.87,39.19999999999709,0.0420709782479059,0.30867,0.4843200000000001,0.29056,1.14761,-0.85705,0.2531870583212067,0.0001,0.00023,93175.36,6.108153,0
2025-11-18 14:45:14.929919,93154.725,2.7700000000040745,0.0029735475039017,-0.3034299999999999,-0.6121,0.11988,1.28036,-1.16048,0.0936299165859602,0.00011,0.00018,93175.355,6.107581,1
2025-11-18 14:45:16.969283,93175.36,44.04000000000815,0.0472657148842871,-0.00524,0.2981899999999999,0.11469,1.28041,-1.16572,0.089572871189697,0.00011,0.00023,93182.005,6.100473,1
2025-11-18 14:45:19.003977,93175.36,44.04000000000815,0.0472657148842871,0.0,0.00524,0.11469,1.28041,-1.16572,0.089572871189697,0.00011,0.00023,93182.0,6.10122,1
2025-11-18 14:45:21.037500,93175.355,44.02999999999884,0.0472549849689317,-0.35452,-0.35452,0.11467,1.63491,-1.52024,0.0701384174052394,0.00011,0.00023,93200.21,6.100008,1
2025-11-18 14:45:23.069756,93182.005,57.33000000000175,0.0615247546991522,0.0053099999999999,0.3598299999999999,0.11988,1.63481,-1.51493,0.0733296224026033,0.00011,0.00023,93204.645,6.10364,1
2025-11-18 14:45:25.105197,93182.0,57.320000000006985,0.0615140263141024,1.21949,1.21418,0.24751,0.54295,-0.29544,0.4558614973754489,0.00011,0.00023,93210.135,6.106963,1
2025-11-18 14:45:27.137508,93200.21,75.40000000000873,0.0809011052657593,-1.22463,-2.44412,0.24751,1.76758,-1.52007,0.1400276083685038,0.055,0.0001,93210.135,6.113952,1
2025-11-18 14:45:29.173396,93204.645,66.50999999999476,0.0713591044738111,0.61995,1.84458,0.24751,1.14763,-0.9001199999999999,0.2156705558411683,0.055,0.00023,93210.135,6.109415,1
2025-11-18 14:45:31.212160,93210.135,55.52999999999884,0.0595750665954929,-0.4870599999999999,-1.1070099999999998,0.24763,1.63481,-1.38718,0.1514732598895284,0.05512,0.00023,93196.145,6.110186,0
2025-11-18 14:45:33.251460,93210.135,55.52999999999884,0.0595750665954929,0.4871799999999998,0.9742399999999998,0.24763,1.14763,-0.8999999999999999,0.2157751191586138,0.05512,0.00023,93212.785,6.106236,1
2025-11-18 14:45:35.282811,93210.135,55.52999999999884,0.0595750665954929,0.0,-0.4871799999999998,0.24763,1.14763,-0.8999999999999999,0.2157751191586138,0.05512,0.00023,93199.62,6.106824,0
2025-11-18 14:45:37.322346,93196.145,83.52999999999884,0.089628170778951,-0.6201,-0.6201,0.1147,1.6348,-1.5201,0.0701614876437484,6e-05,0.0001,93163.315,6.098366,0
2025-11-18 14:45:39.357696,93212.785,78.55000000000291,0.084269555941283,-0.1329100000000001,0.4871899999999998,0.1145699999999999,1.76758,-1.65301,0.0648174340058158,6e-05,0.0001,93156.465,6.097371,0
2025-11-18 14:45:41.389635,93199.62,91.4600000000064,0.0981334473252212,0.0001099999999999,0.1330200000000001,0.11457,1.76747,-1.6529,0.0648214679739967,6e-05,0.05489,93169.0,6.101619,0
2025-11-18 14:45:43.420712,93163.315,19.92999999999301,0.0213925406153624,0.48709,0.48698,0.11457,1.28038,-1.1658099999999998,0.0894812477545728,6e-05,0.055,93161.505,6.104897,0
2025-11-18 14:45:45.455067,93156.465,6.2299999999959255,0.0066876732602465,1.9999999999999185e-05,-0.48707,0.11457,1.28036,-1.16579,0.0894826455059514,6e-05,0.00018,93170.25,6.107439,1
2025-11-18 14:45:47.491254,93169.0,31.29999999998836,0.033594865244865,-0.4872200000000002,-0.4872400000000002,0.11457,1.76758,-1.65301,0.0648174340058158,6e-05,0.055,93170.245,6.103874,1
2025-11-18 14:45:49.525609,93161.505,16.30999999999767,0.0175072311251279,0.07793,0.5651500000000003,0.0596999999999999,1.63478,-1.5750799999999998,0.0365186752957584,6e-05,0.055,93176.145,6.10159,1
2025-11-18 14:45:51.562506,93170.25,33.79999999998836,0.0362776744722573,-0.07793,-0.1558600000000001,0.11457,1.76758,-1.65301,0.0648174340058158,6e-05,0.055,93176.145,6.104031,1
2025-11-18 14:45:53.595128,93170.245,33.7899999999936,0.036266943378751,0.13282,0.21075,0.11457,1.63476,-1.52019,0.0700836820083682,6e-05,0.00018,93176.145,6.111449,1
2025-11-18 14:45:55.627199,93176.145,45.58999999999651,0.0489288325890671,-0.19199,-0.32481,0.0554,1.76758,-1.71218,0.0313422871949218,6e-05,0.055,93176.14,6.120022,0
2025-11-18 14:45:57.666537,93176.145,45.58999999999651,0.0489288325890671,0.0,0.19199,0.0554,1.76758,-1.71218,0.0313422871949218,6e-05,0.055,93176.14,6.118091,0
2025-11-18 14:45:59.706577,93176.145,45.58999999999651,0.0489288325890671,0.0,0.0,0.0554,1.76758,-1.71218,0.0313422871949218,6e-05,0.055,93182.29,6.110958,1
2025-11-18 14:46:01.747221,93176.14,45.5799999999872,0.0489181028533562,0.19199,0.19199,0.11459,1.63478,-1.52019,0.0700950586623276,6e-05,0.0002,93182.28,6.107438,1
2025-11-18 14:46:03.784628,93176.14,45.5799999999872,0.0489181028533562,-0.05492,-0.24691,0.05969,1.6348,-1.57511,0.0365121115732811,6e-05,0.00022,93182.28,6.106528,1
2025-11-18 14:46:05.817535,93182.29,57.879999999990105,0.0621148074381839,-0.0779000000000001,-0.0229800000000001,0.11457,1.76758,-1.65301,0.0648174340058158,6e-05,0.055,93182.28,6.114808,0
2025-11-18 14:46:22.101008,93182.28,57.86000000000058,0.0620933507958815,0.0,0.05914,0.05543,1.6347999999999998,-1.5793699999999995,0.0339062882309762,6e-05,0.00022,93165.705,6.103434,0
2025-11-18 14:46:24.138981,93182.28,57.86000000000058,0.0620933507958815,0.0,0.0,0.05543,1.6347999999999998,-1.5793699999999995,0.0339062882309762,6e-05,0.00022,93152.81,6.100873,0
2025-11-18 14:46:26.170322,93182.28,57.86000000000058,0.0620933507958815,0.0,0.0,0.05543,1.6347999999999998,-1.5793699999999995,0.0339062882309762,6e-05,0.00022,93158.605,6.101518,0
2025-11-18 14:46:28.204442,93165.705,78.66999999999825,0.0844409431560661,0.2353899999999998,0.2353899999999998,0.29071,1.63469,-1.34398,0.1778379998654179,2e-05,0.055,93149.01,6.100311,0
2025-11-18 14:46:30.239854,93152.81,52.88000000000466,0.0567669402565576,0.49226,0.2568700000000001,0.2959199999999999,1.14764,-0.85172,0.2578508940085741,2e-05,0.00023,93133.08,6.105588,0
2025-11-18 14:46:32.271840,93158.605,64.47000000000116,0.0692045571098892,-0.4871999999999999,-0.97946,0.2961,1.63502,-1.33892,0.1810987021565485,2e-05,0.00043,93126.375,6.106094,0
2025-11-18 14:46:34.304753,93149.01,45.27999999999884,0.0486102858205351,0.31115,0.7983499999999999,0.11985,1.14762,-1.02777,0.1044335232916819,2e-05,1.09208,93082.655,6.10112,0
2025-11-18 14:46:36.345442,93133.08,13.419999999998254,0.0144094880143534,-0.12062,-0.4317700000000001,0.13182,1.2802099999999998,-1.1483899999999998,0.1029674818975012,2e-05,0.055,93082.645,6.160334,0
2025-11-18 14:46:38.377934,93126.375,0.0100000000093132,1.073809649448207e-05,-0.54218,-0.4215599999999999,0.07704,1.76761,-1.69057,0.0435842748117514,2e-05,0.05523,93082.65,6.228954,0
2025-11-18 14:46:40.405873,93082.655,65.29000000000815,0.0701419614642579,0.62048,1.16266,0.07712,1.1472099999999998,-1.0700899999999998,0.0672239607395333,0.00022,0.055,93082.645,6.236658,0
2025-11-18 14:46:46.642531,93082.645,65.27000000000407,0.0701204827172713,-0.95908,-1.91364,0.0726,1.1472099999999998,-1.0746099999999998,0.0632839671899652,0.00022,0.00023,93077.51,6.15793,0
2025-11-18 14:46:48.675432,93082.645,65.27000000000407,0.0701204827172713,8.000000000000388e-05,0.95916,0.0726,1.14713,-1.07453,0.0632883805671545,0.00022,0.00023,93077.5,6.217424,0
2025-11-18 14:46:50.706983,93082.65,65.27999999999884,0.0701312220913337,-0.4874,-0.4874800000000001,0.0726,1.63453,-1.56193,0.0444164377527484,0.00022,0.00025,93077.5,6.289969,0
2025-11-18 14:46:52.800461,93077.51,55.0,0.0590905364786832,0.4920099999999999,0.97941,0.07729,1.1472099999999998,-1.0699199999999998,0.0673721463376365,0.00022,0.055,93103.975,6.287959,1
2025-11-18 14:46:54.892856,93077.5,54.98000000001048,0.0590690553571061,1.09185,0.59984,0.07729,0.05536,0.0219299999999999,1.3961343930635837,0.00022,0.00023,93103.975,6.293736,1
2025-11-18 14:46:56.996952,93077.5,54.98000000001048,0.0590690553571061,0.0,-1.09185,0.07729,0.05536,0.0219299999999999,1.3961343930635837,0.00022,0.00023,93103.975,6.284742,1
2025-11-18 14:47:03.281694,93103.975,34.629999999990105,0.0371949747580488,0.0,0.00021,0.13376,1.1472099999999998,-1.0134499999999995,0.1165959153075723,0.00179,0.00023,93103.97,6.292621,0
2025-11-18 14:47:07.481341,93103.975,34.629999999990105,0.0371949747580488,1.0917899999999998,1.6340099999999995,0.07886,0.54274,-0.46388,0.1452997752146516,0.00179,0.00023,93100.635,6.294556,0
2025-11-18 14:47:09.574315,93103.97,34.61999999999534,0.037184236074998,0.0,-1.0917899999999998,0.07886,0.54274,-0.46388,0.1452997752146516,0.00179,0.00023,93100.63,6.232664,0
2025-11-18 14:47:11.675503,93103.975,34.629999999990105,0.0371949747580488,0.0,0.0,0.07886,0.54274,-0.46388,0.1452997752146516,0.00179,0.00023,93100.63,6.174534,0
2025-11-18 14:47:13.775897,93100.635,27.930000000007567,0.0299997953827141,-0.66386,-0.66386,0.01939,1.14713,-1.12774,0.0169030537079494,0.00022,0.055,93105.575,6.110077,1
2025-11-18 14:47:15.806979,93100.63,27.919999999998254,0.0299890559279762,-0.4874,0.1764599999999999,0.01939,1.63453,-1.61514,0.0118627373006307,0.00022,0.00025,93105.575,6.112718,1
2025-11-18 14:47:17.850037,93100.63,27.919999999998254,0.0299890559279762,2e-05,0.4874200000000001,0.01939,1.63451,-1.61512,0.0118628824540688,0.00022,0.00023,93102.28,6.10023,1
2025-11-18 14:47:19.885974,93105.575,37.80999999999767,0.0406098131073221,0.4873799999999999,0.4873599999999999,0.01939,1.14713,-1.12774,0.0169030537079494,0.00022,0.00023,93099.235,6.105552,0
2025-11-18 14:47:21.919697,93105.575,37.80999999999767,0.0406098131073221,0.0,-0.4873799999999999,0.01939,1.14713,-1.12774,0.0169030537079494,0.00022,0.00023,93099.235,6.10713,0
2025-11-18 14:47:23.950267,93102.28,31.220000000001164,0.0335330133698134,-0.4874,-0.4874,0.01939,1.63453,-1.61514,0.0118627373006307,0.00022,0.00025,93106.52,6.110913,1
2025-11-18 14:47:25.991526,93099.235,25.130000000004657,0.0269927030012702,2e-05,0.4874200000000001,0.01939,1.63451,-1.61512,0.0118628824540688,0.00022,0.00023,93106.515,6.105059,1
2025-11-18 14:47:28.026827,93099.235,25.130000000004657,0.0269927030012702,0.53516,0.53514,0.06717,1.14713,-1.07996,0.0585548281363053,0.00022,2e-05,93106.515,6.105805,1
2025-11-18 14:47:32.096585,93106.515,39.69000000000233,0.0426285958614199,0.11445,-0.4853699999999999,0.12207,0.4877599999999999,-0.3656899999999999,0.2502665245202559,0.00022,0.00023,93107.385,6.099126,1
2025-11-18 14:47:34.132632,93106.515,39.69000000000233,0.0426285958614199,-0.0549,-0.16935,0.12207,0.54266,-0.42059,0.2249474809272841,0.00022,0.00023,93115.215,6.094497,1
2025-11-18 14:47:36.166769,93106.52,39.69999999999709,0.0426393339585639,0.00013,0.05503,0.12207,0.54253,-0.4204599999999999,0.2250013824120325,0.00022,1e-05,93107.885,6.09732,1
2025-11-18 14:47:38.195711,93107.385,37.97000000000117,0.0407808682415483,-1.09197,-1.0920999999999998,0.12195,1.63438,-1.51243,0.0746154505072259,0.05969,1e-05,93110.98,6.104108,1
2025-11-18 14:47:40.227129,93115.215,22.30999999999767,0.0239595645029629,-0.0050799999999999,1.08689,0.11687,1.63438,-1.51751,0.0715072382187741,0.055,1e-05,93114.97,6.10041,0
2025-11-18 14:47:42.264089,93107.885,36.97000000000117,0.0397066263507125,0.4928300000000001,0.4979100000000001,0.12232,1.1469999999999998,-1.0246799999999998,0.1066434176111595,0.06006,1e-05,93114.97,6.097809,1
2025-11-18 14:47:44.299819,93110.98,30.77999999999884,0.0330573257847773,-0.0001799999999999,-0.4930100000000001,0.12214,1.1469999999999998,-1.02486,0.1064864864864865,0.05988,1e-05,93117.72,6.094186,1
2025-11-18 14:47:46.327539,93114.97,22.79999999998836,0.0244858587185157,-0.4873200000000001,-0.4871400000000001,0.1222,1.63438,-1.51218,0.0747684137103978,0.00035,1e-05,93121.56,6.103153,1
2025-11-18 14:47:48.361898,93114.97,22.79999999998836,0.0244858587185157,0.4874000000000001,0.9747200000000004,0.12222,1.1469999999999998,-1.0247799999999998,0.1065562336530078,0.00037,1e-05,93121.555,6.102397,1
2025-11-18 14:47:50.394005,93117.72,17.29999999998836,0.0185786335833699,0.6043899999999999,0.1169899999999997,0.12214,0.54253,-0.4203899999999999,0.2251304075350672,0.05988,1e-05,93126.355,6.110389,1
2025-11-18 14:47:52.430692,93121.56,9.619999999995343,0.010330582949851,-0.0054,-0.6097899999999999,0.11683,0.5426200000000001,-0.4257900000000001,0.215307213151008,0.00019,1e-05,93168.515,6.111203,1
2025-11-18 14:47:54.464295,93121.555,9.610000000000582,0.0103198448522477,0.48717,0.49257,0.11673,0.05535,0.06138,2.1089430894308943,0.00015,0.00022,93168.515,6.121754,1
2025-11-18 14:47:56.504394,93126.355,0.0099999999947613,1.0738098784990897e-05,-0.47036,-0.95753,0.07886,0.48784,-0.40898,0.1616513611020006,0.05969,0.00022,93168.52,6.118241,1
2025-11-18 14:48:00.586049,93168.515,17.829999999987194,0.0191373663087655,-0.4872800000000001,0.1403799999999997,0.11056,1.63448,-1.52392,0.0676423082570603,0.00023,0.0001,93184.42,6.108404,1
2025-11-18 14:48:02.622635,93168.52,17.819999999992433,0.0191266320426603,0.4874300000000001,0.9747100000000004,0.11061,1.1471,-1.03649,0.0964257693313573,0.00023,0.0001,93184.41,6.107941,1
2025-11-18 14:48:04.658356,93168.515,17.829999999987194,0.0191373663087655,-0.4874300000000001,-0.9748600000000004,0.11056,1.63448,-1.52392,0.0676423082570603,0.00023,0.0001,93184.42,6.10386,1
2025-11-18 14:48:08.730576,93184.41,49.63999999999942,0.0532707134165461,-0.4262900000000001,-0.9120400000000004,0.17002,1.63448,-1.46446,0.1040208506681024,0.05344,0.00011,93164.935,6.101146,0
2025-11-18 14:48:10.762216,93184.42,49.61999999999534,0.0532492448844939,0.4263100000000001,0.8526000000000002,0.10895,1.1471,-1.03815,0.0949786417923459,0.00023,0.00011,93159.63,6.10207,0
2025-11-18 14:48:12.797182,93184.42,49.61999999999534,0.0532492448844939,-0.4857700000000001,-0.9120800000000002,0.11056,1.63448,-1.52392,0.0676423082570603,0.00023,0.00011,93159.605,6.106823,0
2025-11-18 14:48:14.831722,93164.935,10.64999999999418,0.0114313394841033,0.4325799999999998,0.91835,0.05576,1.1470999999999998,-1.0913399999999998,0.0486095370935402,0.00023,0.055,93159.605,6.108779,0
2025-11-18 14:48:16.864286,93159.63,0.0599999999976716,6.440557996813823e-05,0.0594900000000002,-0.3730899999999996,0.11525,1.1471,-1.03185,0.1004707523319675,0.00023,2e-05,93159.605,6.112393,0
2025-11-18 14:48:18.904005,93159.605,0.0099999999947613,1.0734266203427236e-05,-0.4920700000000001,-0.5515600000000004,0.11056,1.63448,-1.52392,0.0676423082570603,0.00023,0.055,93118.89,6.108203,0
2025-11-18 14:48:20.940501,93159.605,0.0099999999947613,1.0734266203427236e-05,0.0002199999999999,0.4922900000000001,0.11078,1.63448,-1.5236999999999998,0.0677769076403504,0.00045,0.055,93118.89,6.102321,0
2025-11-18 14:48:22.976679,93159.605,0.0099999999947613,1.0734266203427236e-05,-0.1332200000000002,-0.1334400000000002,0.11056,1.7674800000000002,-1.6569200000000002,0.0625523343969945,0.00023,1.14687,93118.89,6.106397,0
2025-11-18 14:48:25.012208,93118.89,30.360000000000586,0.0326034814203654,0.1968600000000001,0.3300800000000005,0.12102,1.58108,-1.46006,0.0765426164393958,0.0001,0.00023,93116.47,6.106935,0
2025-11-18 14:48:27.042822,93118.89,30.360000000000586,0.0326034814203654,0.0,-0.1968600000000001,0.12102,1.58108,-1.46006,0.0765426164393958,0.0001,0.00023,93112.275,6.107952,0
2025-11-18 14:48:29.083076,93118.89,30.360000000000586,0.0326034814203654,0.0,0.0,0.12102,1.58108,-1.46006,0.0765426164393958,0.0001,0.00023,93118.475,6.10041,0
2025-11-18 14:48:31.119143,93116.47,59.60000000000582,0.0640058627652077,0.0497299999999999,0.0497299999999999,0.17065,1.58098,-1.41033,0.107939379372288,0.00018,0.00023,93115.155,6.095792,0
2025-11-18 14:48:33.150774,93112.275,51.2100000000064,0.0549981192060943,-0.04963,-0.09936,0.12102,1.58098,-1.45996,0.0765474579058558,0.00018,0.00023,93115.155,6.100584,1
2025-11-18 14:48:35.183486,93118.475,6.650000000008731,0.0071414399774145,0.49891,0.54854,0.13277,1.0938199999999998,-0.9610499999999996,0.1213819458411804,0.00181,0.055,93115.155,6.101016,0
2025-11-18 14:48:39.251358,93115.155,0.0100000000093132,1.0739390391728637e-05,0.0,0.67857,0.07419,1.71381,-1.63962,0.043289512839813,0.00181,0.05506,93116.015,6.108373,1
2025-11-18 14:48:41.284502,93115.155,0.0100000000093132,1.0739390391728637e-05,0.0001799999999999,0.0001799999999999,0.0743699999999999,1.7138099999999998,-1.6394399999999998,0.0433945419854009,0.00199,0.05506,93128.78,6.1163,1
2025-11-18 14:48:43.323899,93115.155,0.0100000000093132,1.0739390391728637e-05,0.19141,0.1912300000000001,0.13295,1.58098,-1.4480300000000002,0.084093410416324,0.00199,0.00023,93128.78,6.112261,1
2025-11-18 14:48:45.359731,93116.015,1.7300000000104774,0.0018578973767407,0.4870299999999999,0.2956199999999999,0.1328,1.0938,-0.961,0.1214115926129091,0.00181,0.00023,93121.585,6.109761,1
2025-11-18 14:48:47.400802,93128.78,27.260000000009317,0.0292712950819384,-0.44397,-0.931,0.17589,1.58086,-1.40497,0.1112622243588932,0.00181,0.055,93121.58,6.104932,0
2025-11-18 14:48:49.436160,93128.78,27.260000000009317,0.0292712950819384,0.00018,0.44415,0.17607,1.58086,-1.40479,0.1113760864339663,0.00199,0.055,93072.62,6.10064,0
2025-11-18 14:48:51.469492,93121.585,12.870000000009895,0.0138206410468742,-0.0003099999999999,-0.0004899999999999,0.17589,1.58099,-1.4051,0.1112530756045262,0.00181,0.055,93067.98,6.096669,0
2025-11-18 14:48:53.505734,93121.58,12.860000000000582,0.0138099031395306,-0.10151,-0.1012,0.07437,1.58098,-1.50661,0.0470404432693645,0.00199,0.00023,93068.98,6.090672,0
2025-11-18 14:48:55.536800,93072.62,26.66000000000349,0.028644299472824,0.3002099999999998,0.4017199999999998,0.0183699999999999,1.22477,-1.2064,0.0149987344562652,0.0001,0.00023,93068.97,6.098935,0
2025-11-18 14:48:57.566161,93067.98,35.94000000000233,0.038616933557602,0.0,-0.3002099999999998,0.0183699999999999,1.22477,-1.2064,0.0149987344562652,0.00018,0.00023,93068.97,6.099935,1
2025-11-18 14:48:59.596406,93068.98,37.94000000000233,0.040765462348467,-0.4871700000000001,-0.4871700000000001,0.0183699999999999,1.71194,-1.69357,0.0107305162564108,0.00018,0.055,93068.97,6.104339,0
2025-11-18 14:49:03.666096,93068.97,37.919999999998254,0.0407439772890988,0.0,-0.2473,0.13298,1.57925,-1.4462700000000002,0.084204527465569,0.00018,0.00023,93074.775,6.095131,1
2025-11-18 14:49:05.700745,93068.97,37.919999999998254,0.0407439772890988,-0.0604199999999999,-0.0604199999999999,0.07256,1.57925,-1.50669,0.0459458603767611,0.00018,0.00023,93074.775,6.095996,1
2025-11-18 14:49:07.731442,93068.97,37.919999999998254,0.0407439772890988,0.0604199999999999,0.1208399999999999,0.13298,1.57925,-1.4462700000000002,0.084204527465569,0.00018,0.00023,93074.77,6.101691,1
2025-11-18 14:49:09.761227,93074.775,49.52999999999884,0.053215277716222,-0.00012,-0.06054,0.13298,1.5793700000000002,-1.44639,0.0841981296339679,0.00018,0.00043,93082.515,6.108747,1
2025-11-18 14:49:11.796741,93074.775,49.52999999999884,0.053215277716222,0.0002099999999999,0.00033,0.13298,1.57916,-1.44618,0.0842093264773677,0.00018,0.00022,93087.85,6.101311,1
2025-11-18 14:49:13.833133,93074.77,49.52000000000408,0.053204536524779,0.4871700000000001,0.4869600000000001,0.13298,1.09199,-0.95901,0.1217776719567028,0.00018,0.00023,93087.85,6.102409,1
2025-11-18 14:49:15.869974,93082.515,65.01000000000931,0.0698412585865447,-0.43252,-0.91969,0.18788,1.57941,-1.39153,0.1189558126135708,0.00018,0.00047,93091.48,6.10014,1
2025-11-18 14:49:17.898052,93087.85,73.91999999999825,0.0794088594805855,0.0002799999999999,0.4327999999999999,0.1878,1.57905,-1.39125,0.1189322694024888,0.055,0.0001,93091.475,6.104795,1
2025-11-18 14:49:19.935542,93087.85,73.90000000000873,0.0793873743995685,0.4870999999999999,0.48682,0.18786,1.09201,-0.90415,0.1720313916539226,0.00016,0.00023,93100.39,6.096191,1
2025-11-18 14:49:21.970114,93091.48,81.16000000000349,0.0871830590726492,-0.4871700000000001,-0.97427,0.18786,1.57918,-1.39132,0.1189604731569548,0.00016,0.00024,93105.325,6.093685,1
2025-11-18 14:49:24.002847,93091.475,81.15000000000873,0.0871723216331127,0.00011,0.4872800000000001,0.18796,1.5791700000000002,-1.3912100000000005,0.1190245508716604,0.11558,0.00023,93105.325,6.09841,1
2025-11-18 14:49:26.031733,93100.39,86.60000000000582,0.0930178702796044,0.487,0.48689,0.1878,1.09201,-0.90421,0.1719764471021327,0.11542,0.00023,93105.33,6.104011,1
2025-11-18 14:49:28.063799,93105.325,76.72999999999593,0.0824120424905835,-0.48712,-0.97412,0.1878399999999999,1.5791700000000002,-1.3913300000000002,0.1189485615861496,0.055,0.00023,93105.33,6.111176,1
2025-11-18 14:49:30.101257,93105.325,76.72999999999593,0.0824120424905835,0.48712,0.97424,0.1878,1.09201,-0.90421,0.1719764471021327,0.055,0.00023,93099.135,6.105214,0
2025-11-18 14:49:32.135744,93105.33,76.72000000000116,0.0824012975411839,5.9999999999994086e-05,-0.48706,0.18786,1.09201,-0.90415,0.1720313916539226,0.00016,0.00023,93102.56,6.1024,0
2025-11-18 14:49:34.174975,93105.33,76.72000000000116,0.0824012975411839,0.0,-5.9999999999994086e-05,0.18786,1.09201,-0.90415,0.1720313916539226,0.00016,0.00023,93102.565,6.094734,0
2025-11-18 14:49:36.206471,93099.135,89.11000000000058,0.0957151750120992,-0.48722,-0.48722,0.1878,1.5791700000000002,-1.3913700000000002,0.1189232318243127,0.055,0.00023,93091.615,6.099702,0
2025-11-18 14:49:38.238144,93102.56,82.27999999999884,0.0883756579840541,9.000000000000022e-05,0.48731,0.18788,1.57916,-1.39128,0.1189746447478406,0.055,0.0001,93091.615,6.10497,0
2025-11-18 14:49:40.269709,93102.565,82.27000000000407,0.0883649123952751,0.0001099999999999,1.9999999999998765e-05,0.18799,1.57916,-1.3911700000000002,0.1190443020339927,0.00029,0.0001,93091.615,6.117754,0
2025-11-18 14:49:44.343114,93091.615,83.19000000000233,0.0893635801677759,-0.0001199999999999,0.1152499999999999,0.07259,1.57925,-1.50666,0.0459648567357923,0.00013,1.03664,93060.345,6.119773,0
2025-11-18 14:49:46.387463,93091.615,83.19000000000233,0.0893635801677759,0.0,0.0001199999999999,0.07259,1.57925,-1.50666,0.0459648567357923,0.00013,1.03664,93060.345,6.109738,0
2025-11-18 14:49:48.424470,93091.615,83.19000000000233,0.0893635801677759,-0.0549,-0.0549,0.01769,1.57925,-1.56156,0.0112015197087224,0.00013,1.03664,93050.025,6.112302,0
2025-11-18 14:49:50.462887,93060.345,20.64999999999418,0.0221899026916289,0.3545299999999999,0.4094299999999999,0.01769,1.22472,-1.20703,0.0144441178391795,0.00013,0.055,93050.025,6.110806,0
2025-11-18 14:49:52.497201,93060.345,20.64999999999418,0.0221899026916289,-0.4872199999999999,-0.8417499999999999,0.01769,1.71194,-1.69425,0.0103333060738109,0.00013,0.055,93050.025,6.111283,0
2025-11-18 14:50:08.783633,93050.025,0.0099999999947613,1.07469073702681e-05,-0.4874,-0.4874,0.0184,1.74611,-1.72771,0.0105377095371998,0.00013,0.5424,93044.575,6.114979,0
2025-11-18 14:50:10.821495,93050.025,0.0099999999947613,1.07469073702681e-05,0.0,0.4874,0.0184,1.74611,-1.72771,0.0105377095371998,0.00013,0.5424,93044.575,6.11225,0
2025-11-18 14:50:12.861562,93050.025,0.0099999999947613,1.07469073702681e-05,0.0,0.0,0.0184,1.74611,-1.72771,0.0105377095371998,0.00013,0.5424,93004.45,6.105118,0
2025-11-18 14:50:14.898612,93044.575,10.889999999999418,0.0117040676471459,0.1311699999999999,0.1311699999999999,0.14392,1.74046,-1.59654,0.0826907828964756,0.01191,1.03079,93006.85,6.100267,0
2025-11-18 14:50:16.933745,93044.575,10.869999999995343,0.0116825725734094,-0.0870199999999999,-0.2181899999999998,0.02296,1.70652,-1.68356,0.0134542812272929,0.00014,0.00023,93006.85,6.101228,0
2025-11-18 14:50:18.966680,93004.45,8.89999999999418,0.0095694345808121,0.18832,0.27534,0.19906,1.6943,-1.49524,0.1174880481614826,0.00081,1.0188,93006.85,6.100774,1
2025-11-18 14:50:25.067454,93006.85,13.69999999999709,0.0147300978368766,0.0,0.0,0.19906,1.56153,-1.36247,0.1274775380556249,0.00081,0.00023,93001.31,6.100323,0
2025-11-18 14:50:27.102824,93006.85,13.69999999999709,0.0147300978368766,0.0,0.0,0.19906,1.56153,-1.36247,0.1274775380556249,0.00081,0.00023,93000.005,6.10117,0
2025-11-18 14:50:29.132939,93006.85,13.69999999999709,0.0147300978368766,-0.0005,-0.0005,0.19856,1.56153,-1.36297,0.1271573392762226,0.00031,0.00023,92990.01,6.103558,0
2025-11-18 14:50:31.167777,93001.31,2.6199999999953434,0.0028171646184288,0.0,0.0005,0.19856,1.56153,-1.36297,0.1271573392762226,0.00031,0.055,92990.005,6.100553,0
2025-11-18 14:50:33.203994,93000.005,0.0099999999947613,1.0752687588308528e-05,-0.13338,-0.13338,0.06552,1.56187,-1.4963499999999998,0.041949714124735,0.00031,0.05523,92988.76,6.094126,0
2025-11-18 14:50:35.236497,92990.01,20.0,0.0215076866859138,0.0001799999999999,0.1335599999999999,0.1983599999999999,1.69453,-1.4961700000000002,0.1170590075124075,0.00011,0.05523,92988.76,6.09609,0
2025-11-18 14:50:37.268330,92990.005,19.99000000000524,0.0214969339984498,0.133,0.1328200000000001,0.1983599999999999,1.56153,-1.3631700000000002,0.1270292597644617,0.00011,0.00023,92988.76,6.096342,0
2025-11-18 14:50:39.298120,92988.76,17.5,0.0188194788273335,0.0,-0.133,0.1983599999999999,1.56153,-1.3631700000000002,0.1270292597644617,0.00011,0.00023,92988.755,6.100172,0
2025-11-18 14:50:41.332587,92988.76,17.5,0.0188194788273335,0.0,0.0,0.1983599999999999,1.56153,-1.3631700000000002,0.1270292597644617,0.00011,0.00023,93001.3,6.099616,1
2025-11-18 14:50:43.364672,92988.76,17.5,0.0188194788273335,0.0,0.0,0.1983599999999999,1.56153,-1.3631700000000002,0.1270292597644617,0.00011,0.00023,93001.3,6.104577,1
2025-11-18 14:50:45.398292,92988.755,17.49000000000524,0.0188087258507818,0.00015,0.00015,0.19851,1.56153,-1.36302,0.1271253193982824,0.00011,0.00023,93001.3,6.108913,1
2025-11-18 14:50:51.507205,93001.3,42.58000000000175,0.0457843062408823,0.00015,0.00039,0.19851,1.56153,-1.36302,0.1271253193982824,0.00011,0.00023,92952.75,6.098518,0
2025-11-18 14:50:53.540965,93001.3,42.58000000000175,0.0457843062408823,0.0,-0.00015,0.19851,1.56153,-1.36302,0.1271253193982824,0.00011,0.00023,92945.225,6.09692,0
2025-11-18 14:50:55.576658,93001.3,42.58000000000175,0.0457843062408823,0.0,0.0,0.19851,1.56153,-1.36302,0.1271253193982824,0.00011,0.00023,92945.22,6.098563,0
2025-11-18 14:50:57.605723,92952.75,14.5,0.0155993233121128,-0.09552,-0.09552,0.50546,1.964,-1.45854,0.2573625254582485,0.0001,0.4024,92945.22,6.105722,0
2025-11-18 14:51:01.675221,92945.22,29.54000000000815,0.0317821615786246,0.18391,-0.11965,0.50546,1.47653,-0.97107,0.3423296512769805,0.1333,0.00023,92940.105,6.104262,0
2025-11-18 14:51:03.711445,92945.22,29.54000000000815,0.0317821615786246,0.0,-0.18391,0.50546,1.47653,-0.97107,0.3423296512769805,0.1333,0.00023,92940.105,6.105795,0
2025-11-18 14:51:05.743941,92945.225,29.52999999999884,0.0317714008438828,-0.18391,-0.18391,0.32155,1.47653,-1.15498,0.2177741055041211,0.00015,0.00023,92940.095,6.106859,0
2025-11-18 14:51:07.779483,92940.105,39.77000000000408,0.0427909996443452,0.18369,0.3676,0.50546,1.47675,-0.97129,0.3422786524462502,0.1333,0.00045,92940.095,6.099436,0
2025-11-18 14:51:09.817240,92940.105,39.75,0.0427694804089149,0.8348899999999999,0.6511999999999999,0.32155,0.4579499999999999,-0.1363999999999999,0.7021508898351349,0.00015,0.00023,92947.14,6.098289,1
2025-11-18 14:51:11.850800,92940.095,39.76999999998952,0.042791004248478,0.18391,-0.6509799999999999,0.50546,0.4579499999999999,0.04751,1.1037449503220875,0.055,0.00023,92947.135,6.098924,1
2025-11-18 14:51:13.878919,92940.095,39.76999999998952,0.042791004248478,0.0,-0.18391,0.50546,0.4579499999999999,0.04751,1.1037449503220875,0.055,0.00023,92941.2,6.111133,1
2025-11-18 14:51:15.915529,92947.14,25.67999999999301,0.0276286069695022,-0.18391,-0.18391,0.32155,0.4579499999999999,-0.1363999999999999,0.7021508898351349,0.1333,0.00023,92941.205,6.11371,0
2025-11-18 14:51:17.949724,92947.135,25.69000000000233,0.0276393672596818,0.18405,0.3679599999999999,0.5056,0.4579499999999999,0.04765,1.1040506605524625,0.05514,0.00023,92941.195,6.110153,0
2025-11-18 14:51:22.029239,92941.205,37.55000000000291,0.0404018863323355,-0.18391,-0.18377,0.32155,0.4579499999999999,-0.1363999999999999,0.7021508898351349,0.00015,0.00023,92941.2,6.100901,0
2025-11-18 14:51:24.059877,92941.195,37.56999999999243,0.0404234096624133,0.18391,0.36782,0.50546,0.4579499999999999,0.04751,1.1037449503220875,0.055,0.00023,92941.2,6.104264,1
2025-11-18 14:51:28.130140,92941.2,37.55999999999767,0.0404126479967954,0.0,0.18391,0.32155,0.4579499999999999,-0.1363999999999999,0.7021508898351349,0.00015,0.00023,92929.515,6.100785,0
2025-11-18 14:51:30.164141,92941.2,37.55999999999767,0.0404126479967954,0.0,0.0,0.32155,0.4579499999999999,-0.1363999999999999,0.7021508898351349,0.00015,0.00023,92929.52,6.098749,0
2025-11-18 14:51:32.194120,92941.2,37.55999999999767,0.0404126479967954,0.0,0.0,0.32155,0.4579499999999999,-0.1363999999999999,0.7021508898351349,0.00015,0.00023,92929.535,6.105269,0
2025-11-18 14:51:34.230925,92929.515,60.929999999993015,0.0655658215799286,-0.9127499999999998,-0.9127499999999998,0.3726,1.4217499999999998,-1.0491499999999998,0.2620713908915069,0.055,0.00023,92929.535,6.102086,1
2025-11-18 14:51:36.262890,92929.52,60.919999999998254,0.0655550572089452,0.96394,1.87669,0.3726,0.4578099999999999,-0.0852099999999999,0.8138747515344794,0.1333,9e-05,92929.525,6.102222,1
2025-11-18 14:51:38.299389,92929.535,60.91000000000349,0.0655442857860028,-1.01871,-1.98265,0.3726,1.4765199999999998,-1.1039199999999998,0.2523501205537344,0.00014,0.00022,92943.845,6.097565,1
2025-11-18 14:51:40.333011,92929.535,60.91000000000349,0.0655442857860028,-0.18391,0.8348,0.18869,1.4765199999999998,-1.2878299999999998,0.1277937312058082,0.00014,0.00022,92947.145,6.112118,1
2025-11-18 14:51:42.365112,92929.525,60.93000000000757,0.0655658145245093,0.18406,0.36797,0.37275,1.4765199999999998,-1.10377,0.2524517107794002,0.00029,0.00022,92947.145,6.113052,1
2025-11-18 14:51:44.396954,92943.845,32.29000000000815,0.0347414075671263,-0.0001499999999999,-0.1842099999999999,0.3726,1.4765199999999998,-1.1039199999999998,0.2523501205537345,0.055,0.00022,92959.985,6.108801,1
2025-11-18 14:51:46.445129,92947.145,25.69000000000233,0.0276393642860168,0.13286,0.13301,0.50546,1.4765199999999998,-0.9710599999999998,0.3423319697667489,0.1333,0.00022,92959.995,6.097586,1
2025-11-18 14:51:48.478164,92947.145,25.69000000000233,0.0276393642860168,-0.13274,-0.2656,0.37272,1.4765199999999998,-1.1038,0.252431392734267,0.00014,0.00022,92959.995,6.098918,1
2025-11-18 14:51:50.505755,92959.985,0.0100000000093132,1.0757316719998635e-05,0.7333699999999999,0.8661099999999998,0.5746899999999999,0.94512,-0.37043,0.6080603521245979,0.18844,0.00022,92959.995,6.099961,1
2025-11-18 14:51:56.605716,92959.995,0.0099999999947613,1.075731554714618e-05,-4e-05,0.1981899999999999,0.21581,0.94504,-0.7292299999999999,0.2283607043088123,0.00026,0.26954,92952.665,6.093306,0
2025-11-18 14:51:58.639811,92959.995,0.0099999999947613,1.075731554714618e-05,2.4530074152484538e-18,4.000000000000245e-05,0.21581,0.94504,-0.7292299999999999,0.2283607043088123,0.0551,0.26954,92946.385,6.091032,0
2025-11-18 14:52:00.670986,92959.995,0.0099999999947613,1.075731554714618e-05,0.0,-2.4530074152484538e-18,0.21581,0.94504,-0.7292299999999999,0.2283607043088123,0.0551,0.26954,92946.385,6.094208,0
2025-11-18 14:52:02.699022,92952.665,14.669999999998254,0.0157822263622008,0.40698,0.40698,0.3576899999999999,0.67994,-0.32225,0.5260611230402682,0.00016,0.13733,92946.385,6.104335,0
2025-11-18 14:52:10.839056,92946.385,27.229999999995925,0.0292964594588546,0.0,0.13307,0.35761,0.8128299999999999,-0.4552199999999999,0.4399566945117675,8e-05,0.13733,92975.155,6.110816,1
2025-11-18 14:52:12.876767,92946.385,27.229999999995925,0.0292964594588546,0.0002199999999999,0.0002199999999999,0.35783,0.8128299999999999,-0.4549999999999999,0.4402273538132205,8e-05,0.13733,93001.075,6.105483,1
2025-11-18 14:52:14.914951,92946.385,27.229999999995925,0.0292964594588546,-0.0002199999999999,-0.0004399999999999,0.35761,0.8128299999999999,-0.4552199999999999,0.4399566945117675,8e-05,0.13733,93001.075,6.102406,1
2025-11-18 14:52:16.949872,92975.155,53.98999999999069,0.0580692766793351,-0.0600699999999999,-0.0598499999999999,0.3473199999999999,0.8626100000000001,-0.5152900000000001,0.4026385040748425,8e-05,0.0001,93001.075,6.105589,1
2025-11-18 14:52:21.017357,93001.075,2.1300000000046566,0.0022902961067973,0.0,-0.29453,0.45489,0.67565,-0.2207599999999999,0.6732627839857915,0.00022,0.00015,93028.44,6.106654,1
2025-11-18 14:52:23.055461,93001.075,2.1300000000046566,0.0022902961067973,0.05489,0.05489,0.50978,0.67565,-0.1658699999999999,0.7545030711167025,0.00022,0.00015,93028.44,6.101021,1
2025-11-18 14:52:25.093928,93001.075,2.1300000000046566,0.0022902961067973,-0.0302,-0.08509,0.47958,0.67565,-0.1960699999999999,0.709805372604159,0.00022,0.00015,93028.44,6.092065,1
2025-11-18 14:52:27.124011,93028.44,56.86000000000058,0.0611210937214475,-0.1329,-0.1027,0.34668,0.67565,-0.32897,0.5131058980241249,0.00022,0.00015,93026.76,6.094925,0
2025-11-18 14:52:29.156482,93028.44,56.86000000000058,0.0611210937214475,0.0,0.1329,0.34668,0.67565,-0.32897,0.5131058980241249,0.00022,0.00015,93026.76,6.096774,0
2025-11-18 14:52:31.185993,93028.44,56.86000000000058,0.0611210937214475,0.0,0.0,0.34668,0.67565,-0.32897,0.5131058980241249,0.00022,0.00015,93026.765,6.099189,0
2025-11-18 14:52:33.218936,93026.76,53.5,0.0575103335857338,0.0,0.0,0.34668,0.67565,-0.32897,0.5131058980241249,0.00022,0.00015,93025.295,6.111082,0
2025-11-18 14:52:35.253256,93026.76,53.5,0.0575103335857338,0.0,0.0,0.34668,0.67565,-0.32897,0.5131058980241249,0.00022,0.00015,93023.675,6.113403,0
2025-11-18 14:52:37.285182,93026.765,53.51000000000931,0.057521080089165,0.0009199999999999,0.0009199999999999,0.34668,0.67473,-0.32805,0.5138055222088835,0.00022,0.05412,93023.675,6.117074,0
2025-11-18 14:52:39.330018,93025.295,50.55000000000291,0.0543400587979892,-0.18603,-0.1869499999999999,0.16308,0.67716,-0.51408,0.240829346092504,0.00023,0.00254,93023.675,6.105849,0
2025-11-18 14:52:41.366659,93023.675,47.30999999999767,0.0508580208210411,-0.0008799999999999,0.18515,0.16308,0.67804,-0.51496,0.2405167836705799,0.00023,0.055,93010.385,6.108573,0
2025-11-18 14:52:43.402256,93023.675,47.30999999999767,0.0508580208210411,0.0,0.0008799999999999,0.16308,0.67804,-0.51496,0.2405167836705799,0.00023,0.055,93007.44,6.101266,0
2025-11-18 14:52:45.435867,93023.675,47.30999999999767,0.0508580208210411,0.0,0.0,0.16308,0.67804,-0.51496,0.2405167836705799,0.00023,0.055,93007.44,6.100214,0
2025-11-18 14:52:47.475232,93010.385,20.729999999995925,0.0222878337725361,-0.719,-0.719,0.10812,1.34208,-1.23396,0.0805615164520744,0.00023,0.055,93007.44,6.094923,0
2025-11-18 14:52:49.503522,93007.44,14.839999999996508,0.0159557127902848,0.0,0.719,0.10812,1.34208,-1.23396,0.0805615164520744,0.00023,0.00254,93005.975,6.100189,0
2025-11-18 14:52:51.536081,93007.44,14.839999999996508,0.0159557127902848,0.0,0.0,0.10812,1.34208,-1.23396,0.0805615164520744,0.00023,0.00254,93005.975,6.105591,0
2025-11-18 14:52:53.570155,93007.44,14.839999999996508,0.0159557127902848,0.0,0.0,0.10812,1.34208,-1.23396,0.0805615164520744,0.00023,0.00254,93005.975,6.106853,0
2025-11-18 14:52:55.603711,93005.975,11.90999999998894,0.0128056288856591,0.0,0.0,0.10812,1.34208,-1.23396,0.0805615164520744,0.00023,0.00254,93004.505,6.104616,0
2025-11-18 14:52:57.641672,93005.975,11.90999999998894,0.0128056288856591,0.0,0.0,0.10812,1.34208,-1.23396,0.0805615164520744,0.00023,0.00254,93004.505,6.099799,0
2025-11-18 14:52:59.677008,93005.975,11.90999999998894,0.0128056288856591,0.0,0.0,0.10812,1.34208,-1.23396,0.0805615164520744,0.00023,0.00254,93004.505,6.092857,0
2025-11-18 14:53:01.708327,93004.505,8.970000000001164,0.0096446940930454,-0.3544,-0.3544,0.10812,1.69648,-1.58836,0.0637319626520796,0.00023,0.00254,93003.04,6.098606,0
2025-11-18 14:53:03.741471,93004.505,8.970000000001164,0.0096446940930454,0.0,0.3544,0.10812,1.69648,-1.58836,0.0637319626520796,0.00023,0.00254,93003.04,6.105341,0
2025-11-18 14:53:05.769865,93004.505,8.970000000001164,0.0096446940930454,0.0,0.0,0.10812,1.69648,-1.58836,0.0637319626520796,0.00023,0.00254,93003.04,6.114663,0
2025-11-18 14:53:07.806933,93003.04,6.039999999993597,0.006494411365471,0.0,0.0,0.10812,1.69648,-1.58836,0.0637319626520796,0.00023,0.00254,93006.415,6.111471,1
2025-11-18 14:53:09.846812,93003.04,6.039999999993597,0.006494411365471,0.0,0.0,0.10812,1.69648,-1.58836,0.0637319626520796,0.00023,0.00254,93006.415,6.106669,1
2025-11-18 14:53:11.884528,93003.04,6.039999999993597,0.006494411365471,0.0,0.0,0.10812,1.69648,-1.58836,0.0637319626520796,0.00023,0.00254,93006.415,6.1098,1
2025-11-18 14:53:13.918404,93006.415,12.789999999993595,0.0137517395977402,0.0,0.0,0.10812,1.69648,-1.58836,0.0637319626520796,0.00023,0.00254,93010.635,6.113612,1
2025-11-18 14:53:15.953481,93006.415,12.789999999993595,0.0137517395977402,0.0,0.0,0.10812,1.69648,-1.58836,0.0637319626520796,0.00023,0.00254,93010.635,6.113144,1
2025-11-18 14:53:17.994328,93006.415,12.789999999993595,0.0137517395977402,0.0549,0.0549,0.16302,1.69648,-1.53346,0.0960930868622088,0.00023,0.00254,93010.635,6.104329,1
2025-11-18 14:53:20.032016,93010.635,21.229999999995925,0.022825346800391,-0.0549,-0.1098,0.10812,1.69648,-1.58836,0.0637319626520796,0.00023,0.055,93010.62,6.098296,0
2025-11-18 14:53:22.066625,93010.635,21.229999999995925,0.022825346800391,0.0,0.0549,0.10812,1.69648,-1.58836,0.0637319626520796,0.00023,0.055,93000.005,6.098595,0
2025-11-18 14:53:24.098657,93010.635,21.229999999995925,0.022825346800391,0.0,0.0,0.10812,1.69648,-1.58836,0.0637319626520796,0.00023,0.055,93000.005,6.105556,0
2025-11-18 14:53:26.130312,93010.62,21.24000000000524,0.0228361019419129,0.23879,0.23879,0.34453,1.6941000000000002,-1.3495700000000002,0.2033705212207071,0.10544,0.00016,93000.005,6.106992,0
2025-11-18 14:53:30.204213,93000.005,0.0099999999947613,1.0752687588308528e-05,-0.00023,0.13261,0.34453,1.82717,-1.4826400000000002,0.1885593568195624,0.10544,0.05523,93001.34,6.096654,1
2025-11-18 14:53:32.237304,93000.005,0.0099999999947613,1.0752687588308528e-05,0.0,0.00023,0.34453,1.82717,-1.4826400000000002,0.1885593568195624,0.10544,0.05523,93001.335,6.09846,1
2025-11-18 14:53:36.300867,93001.34,2.679999999993015,0.002881678909135,0.61974,0.61974,0.34402,1.20692,-0.8629,0.2850396049448182,0.10493,0.055,93000.005,6.102209,0
2025-11-18 14:53:38.335764,93001.335,2.6699999999982538,0.0028709265302463,-0.1328499999999999,-0.7525899999999999,0.34402,1.33977,-0.99575,0.2567754166759965,0.10493,0.00023,93000.005,6.100207,0
2025-11-18 14:54:43.829055,93000.005,0.0099999999947613,1.0752687588308528e-05,0.0,0.0,0.34358,1.82694,-1.48336,0.1880631000470732,0.10437,0.055,92972.09,6.093134,0
2025-11-18 14:54:45.858779,93000.005,0.0099999999947613,1.0752687588308528e-05,1.11522,1.11522,0.34368,0.71182,-0.36814,0.4828186901182883,0.10437,0.055,92986.7,6.103089,0
2025-11-18 14:54:47.887894,93000.005,0.0099999999947613,1.0752687588308528e-05,0.0,-1.11522,0.34368,0.71182,-0.36814,0.4828186901182883,0.10437,0.055,92980.055,6.108229,0
2025-11-18 14:54:49.922189,92972.09,55.77999999999884,0.0599965000248986,-1.24998,-1.24998,0.10483,1.72295,-1.61812,0.0608433210482022,0.0001,0.00013,92986.7,6.107307,1
2025-11-18 14:54:51.961868,92986.7,85.0,0.0914109222071543,0.18386,1.43384,0.28879,1.72305,-1.43426,0.1676039580975595,0.0001,0.00023,92986.695,6.103309,0
2025-11-18 14:54:53.996123,92980.055,98.2899999999936,0.1057108430404709,-0.1841299999999999,-0.36799,0.10481,1.7232,-1.61839,0.060822887650882,0.0001,0.00038,92986.695,6.102179,1
2025-11-18 14:54:56.029496,92986.7,111.58000000000176,0.1199956552926404,0.09561,0.27974,0.23765,1.76043,-1.52278,0.1349954272535687,0.0001,0.0001,92986.695,6.105634,0
2025-11-18 14:55:02.135130,92986.695,111.56999999999243,0.1199849075182126,-0.0001299999999999,-0.0002599999999999,0.23765,1.59021,-1.35256,0.1494456706975808,0.0001,0.00023,92986.68,6.110082,0
2025-11-18 14:55:04.170749,92986.695,111.56999999999243,0.1199849075182126,0.0,0.0001299999999999,0.23765,1.59021,-1.3525600000000002,0.1494456706975808,0.0001,0.00023,92961.54,6.107084,0
2025-11-18 14:55:06.209734,92986.695,111.56999999999243,0.1199849075182126,0.0,0.0,0.23765,1.59021,-1.35256,0.1494456706975808,0.0001,0.00023,92968.44,6.10276,0
2025-11-18 14:55:08.245212,92986.68,111.56000000001222,0.1199741726449554,-0.2971500000000002,-0.2971500000000002,0.10481,1.75452,-1.64971,0.0597371360828032,0.0001,1.10232,92968.44,6.10797,0
2025-11-18 14:55:10.277833,92961.54,61.27999999999884,0.0659197341180006,0.2933300000000001,0.5904800000000003,0.28872,1.6451,-1.35638,0.175503008935627,0.0001,0.00023,92964.695,6.118516,1
2025-11-18 14:55:12.312494,92968.44,75.08000000000175,0.0807585886135141,5.999999999983796e-05,-0.2932700000000002,0.28873,1.64505,-1.3563200000000002,0.1755144220540409,0.0001,0.00023,92957.35,6.11728,0
2025-11-18 14:55:14.353182,92968.44,75.08000000000175,0.0807585886135141,0.0,-5.999999999983796e-05,0.28873,1.64505,-1.3563200000000002,0.1755144220540409,0.0001,0.00023,92942.685,6.114059,0
2025-11-18 14:55:16.396349,92964.695,67.59000000001106,0.0727050199003084,-5.999999999989347e-05,-5.999999999989347e-05,0.28873,1.64511,-1.35638,0.1755080207402544,0.0001,0.00023,92942.685,6.107489,0
2025-11-18 14:55:18.429774,92957.35,52.90000000000873,0.0569078184780533,4.999999999988347e-05,0.0001099999999997,0.28872,1.64505,-1.3563300000000005,0.1755083432114525,0.0001,0.00023,92938.24,6.107748,0
2025-11-18 14:55:20.467241,92942.685,82.20999999999185,0.0884523617969416,0.4872700000000002,0.4872200000000003,0.28874,1.1578,-0.8690599999999999,0.2493867680082916,0.0001,0.00023,92936.4,6.10655,0
2025-11-18 14:55:22.503838,92942.685,82.20999999999185,0.0884523617969416,0.0,-0.4872700000000002,0.28874,1.1578,-0.8690599999999999,0.2493867680082916,0.0001,0.00023,92929.55,6.104195,0
2025-11-18 14:55:24.537522,92938.24,73.31999999999243,0.0788911001542448,-0.1839300000000002,-0.1839300000000002,0.10481,1.1578,-1.05299,0.0905251338745897,0.0001,1.10232,92929.545,6.103529,0
2025-11-18 14:55:26.573791,92936.4,69.63999999999942,0.0749329649093352,-0.43605,-0.2521199999999998,0.28878,1.77782,-1.48904,0.1624348921713109,0.0001,0.055,92929.545,6.104556,0
2025-11-18 14:55:28.608033,92929.55,55.94000000000233,0.0601961378269907,-0.0510799999999999,0.3849700000000001,0.10483,1.64495,-1.54012,0.063728380801848,0.0001,0.00013,92929.545,6.104873,0
2025-11-18 14:55:30.641051,92929.545,55.929999999993015,0.0601853802254094,0.18382,0.2349,0.28878,1.64508,-1.3563,0.1755416149974469,0.0001,0.00023,92937.515,6.102166,1
2025-11-18 14:55:32.678347,92929.545,55.929999999993015,0.0601853802254094,0.0001799999999999,-0.18364,0.28896,1.64508,-1.3561200000000002,0.1756510321686483,0.0001,0.00023,92937.7,6.095933,1
2025-11-18 14:55:34.712906,92929.545,55.929999999993015,0.0601853802254094,-0.0001799999999999,-0.0003599999999999,0.28878,1.64508,-1.3563,0.1755416149974469,0.0001,0.00023,92937.695,6.09528,1
2025-11-18 14:55:36.743217,92937.515,85.76999999998952,0.0922878129461386,0.1329299999999999,0.1331099999999999,0.42168,1.64505,-1.22337,0.2563326342664356,0.055,0.00023,92954.0,6.103177,1
2025-11-18 14:55:38.774280,92937.7,90.72000000000116,0.0976137778318176,-0.1327700000000001,-0.2657,0.42168,1.77782,-1.35614,0.2371893667525396,0.055,0.055,92956.69,6.100939,1
2025-11-18 14:55:40.808186,92937.695,90.68999999998778,0.0975815033932009,-0.0513600000000001,0.0814099999999999,0.2377,1.6452,-1.4075,0.1444809141745684,0.00015,0.00023,92962.635,6.108889,1
2025-11-18 14:55:42.846394,92954.0,83.98000000001048,0.090345762420133,0.0001499999999998,0.05151,0.2377,1.64505,-1.40735,0.1444940883255828,0.00015,0.00023,92962.63,6.107276,1
2025-11-18 14:55:44.875219,92956.69,78.39999999999418,0.0843403524802724,0.05102,0.0508700000000001,0.28872,1.64505,-1.3563299999999998,0.1755083432114525,0.055,0.00023,92962.63,6.108417,1
2025-11-18 14:55:46.917075,92962.635,90.27000000000407,0.0971035298214213,-9.999999999982244e-06,-0.0510299999999999,0.28871,1.64505,-1.35634,0.1755022643688641,0.00013,0.00023,92962.63,6.101515,0
2025-11-18 14:55:48.953670,92962.63,90.25999999999476,0.0970927780334901,0.4870899999999999,0.4870999999999998,0.28871,1.15796,-0.8692499999999999,0.2493264016028188,0.00013,0.00023,92954.94,6.098558,0
2025-11-18 14:55:50.983636,92962.63,90.25999999999476,0.0970927780334901,0.0,-0.4870899999999999,0.28871,1.15796,-0.8692499999999999,0.2493264016028188,0.00013,0.00023,92962.01,6.100822,0
2025-11-18 14:55:53.018590,92962.63,90.25999999999476,0.0970927780334901,0.0,0.0,0.28871,1.15796,-0.8692499999999999,0.2493264016028188,0.00013,0.00023,92972.085,6.09881,1
2025-11-18 14:55:55.052228,92954.94,105.63999999999942,0.113646461393014,9.999999999982244e-06,9.999999999982244e-06,0.28872,1.15796,-0.8692399999999999,0.2493350374797057,0.055,0.00023,92972.085,6.10229,1
2025-11-18 14:55:57.084458,92962.01,85.94000000000233,0.0924463659940252,-0.4869399999999999,-0.4869499999999999,0.28887,1.64505,-1.35618,0.1755995258502781,0.05515,0.00023,92972.085,6.107065,1
2025-11-18 14:55:59.117400,92972.085,77.22999999999593,0.0830679445340995,0.08364,0.57058,0.31779,1.59033,-1.27254,0.1998264511139197,0.055,0.00023,92981.615,6.112452,1
2025-11-18 14:56:01.154518,92972.085,77.22999999999593,0.0830679445340995,1.04732,0.96368,0.31779,0.54301,-0.2252199999999999,0.58523784092374,0.055,0.00023,92987.16,6.107109,1
2025-11-18 14:56:03.191523,92972.085,77.22999999999593,0.0830679445340995,0.0,-1.04732,0.31779,0.54301,-0.2252199999999999,0.58523784092374,0.055,0.00023,93003.28,6.106063,1
2025-11-18 14:56:05.229852,92981.615,58.169999999998254,0.0625607546179943,-0.66602,-0.66602,0.26672,1.15796,-0.8912399999999998,0.2303361083284397,0.055,0.00023,93003.28,6.101652,1
2025-11-18 14:56:07.261627,92987.16,47.08000000000175,0.0506306462096506,-0.6184000000000001,0.0476199999999998,0.13541,1.64505,-1.50964,0.082313607489134,0.00013,0.00023,93012.765,6.101777,1
2025-11-18 14:56:09.297586,93003.28,79.32000000000698,0.0852873145979442,0.4870500000000002,1.1054500000000005,0.13541,1.158,-1.02259,0.1169343696027633,0.00013,0.00023,93004.475,6.104586,1
2025-11-18 14:56:11.331504,93003.28,79.32000000000698,0.0852873145979442,-3.0000000000000024e-05,-0.4870800000000002,0.13541,1.15803,-1.02262,0.1169313402934293,0.00013,0.00023,93007.02,6.108838,1
2025-11-18 14:56:13.363404,93012.765,60.35000000000582,0.0648835673254158,-0.3848,-0.38477,0.23763,1.64505,-1.40742,0.1444515364274642,0.00012,0.00023,93006.92,6.116025,0
2025-11-18 14:56:15.402172,93004.475,76.93000000000757,0.082716449934272,0.51767,0.90247,0.26828,1.15803,-0.8897499999999998,0.231669300449902,0.055,0.00023,93020.275,6.103207,1
2025-11-18 14:56:17.440342,93007.02,71.83999999999651,0.0772414813419422,-0.51766,-1.03533,0.23764,1.64505,-1.40741,0.1444576152700525,0.055,0.00023,93014.57,6.09683,1
2025-11-18 14:56:19.479429,93006.92,72.04000000000815,0.077456602153913,0.51769,1.03535,0.26828,1.158,-0.8897199999999998,0.2316753022452504,0.055,0.00023,93014.57,6.091771,1
2025-11-18 14:56:21.505379,93020.275,83.75,0.0900341350313144,-0.65047,-1.16816,0.23763,1.77782,-1.54019,0.1336637004871134,0.00012,0.055,93014.33,6.102018,0
2025-11-18 14:56:23.537172,93014.57,95.1200000000099,0.1022635486032025,0.65051,1.30098,0.26828,1.15796,-0.8896799999999998,0.2316833051228022,0.055,0.00023,93018.61,6.099994,1
2025-11-18 14:56:25.571200,93014.57,95.1200000000099,0.1022635486032025,-0.48727,-1.13778,0.26841,1.64536,-1.37695,0.1631314727476054,0.05513,0.00023,93006.58,6.096731,0
2025-11-18 14:56:27.607397,93014.33,81.05999999999767,0.0871478620552313,0.0206099999999999,0.50788,0.42148,1.77782,-1.35634,0.2370768694243512,0.055,0.055,93006.575,6.092422,0
2025-11-18 14:56:29.637166,93018.61,72.45999999999185,0.0778983904403558,0.61989,0.59928,0.42148,1.15793,-0.7364499999999998,0.3639943692623907,0.055,0.00023,93006.575,6.095593,0
2025-11-18 14:56:33.699819,93006.575,83.92999999999302,0.090240931891098,0.6200400000000001,1.2401100000000005,0.42148,1.15796,-0.7364799999999998,0.3639849390307092,0.055,0.00023,93002.235,6.097644,0
2025-11-18 14:56:35.732759,93006.575,83.92999999999302,0.090240931891098,0.0,-0.6200400000000001,0.42148,1.15796,-0.7364799999999998,0.3639849390307092,0.055,0.00023,93009.24,6.102213,1
2025-11-18 14:56:37.762035,93006.58,83.91999999999825,0.0902301751123396,-0.13361,-0.13361,0.28787,1.15796,-0.8700899999999998,0.2486009879443159,0.00012,0.00023,93018.26,6.110817,1
2025-11-18 14:56:39.797463,93002.235,92.61000000000058,0.0995782520710395,0.13361,0.26722,0.42148,1.15796,-0.7364799999999998,0.3639849390307092,0.055,0.00023,93022.195,6.114129,1
2025-11-18 14:56:41.834972,93009.24,78.59999999999127,0.0845077327800886,-0.48709,-0.6207,0.42148,1.64505,-1.22357,0.2562110574146682,0.055,0.00023,93020.81,6.104451,1
2025-11-18 14:56:43.872852,93018.26,85.83999999999651,0.0922829560561512,-0.13288,0.35421,0.2885999999999999,1.64505,-1.3564500000000002,0.175435397100392,0.00012,0.00023,93013.965,6.101039,0
2025-11-18 14:56:45.911592,93022.195,80.34999999999127,0.0863772350243845,0.6199500000000002,0.7528300000000002,0.4215,1.158,-0.7364999999999999,0.3639896373056995,0.055,0.00023,93013.955,6.098378,0
2025-11-18 14:56:47.939423,93020.81,77.55999999999767,0.0833791922474096,-0.6199400000000002,-1.2398900000000004,0.28861,1.64505,-1.35644,0.1754414759429804,0.00011,0.055,93010.82,6.099479,0
2025-11-18 14:56:49.973891,93013.965,91.22999999999593,0.0980820460669491,0.04143,0.6613700000000002,0.33035,1.64536,-1.31501,0.2007767297126465,0.00012,0.00054,93028.235,6.102058,1
2025-11-18 14:56:52.009970,93013.955,91.23000000001048,0.098082056611839,0.67125,0.62982,0.5142,1.15796,-0.6437599999999999,0.4440567895264085,0.055,0.00023,93045.495,6.10107,1
2025-11-18 14:56:54.038902,93010.82,84.93999999998778,0.0913227084762695,-0.67093,-1.34218,0.33036,1.64505,-1.31469,0.2008206437494301,0.00013,0.00023,93048.015,6.099379,1
2025-11-18 14:56:56.075949,93028.235,67.86999999999534,0.0729563449204376,0.6199900000000003,1.2909200000000003,0.46323,1.15793,-0.6946999999999999,0.4000500893836415,0.055,0.00023,93048.015,6.101148,1
2025-11-18 14:56:58.111040,93045.495,77.13000000000466,0.0828949322049441,-0.7125900000000001,-1.3325800000000003,0.46313,1.87042,-1.40729,0.2476074892270185,0.055,0.0001,93048.015,6.103183,1
2025-11-18 14:57:02.177097,93048.015,72.07000000000698,0.07745463457765,-1.10201,-2.20392,0.23766,1.64505,-1.40739,0.1444697729552293,0.00013,0.00023,93055.745,6.108434,1
2025-11-18 14:57:04.214223,93048.015,72.07000000000698,0.07745463457765,1.10197,2.20398,0.23766,0.54308,-0.30542,0.4376150843337998,0.00013,0.00023,93067.985,6.100821,1
2025-11-18 14:57:06.249179,93048.015,72.07000000000698,0.07745463457765,0.0,-1.10197,0.23766,0.54308,-0.30542,0.4376150843337998,0.00013,0.00023,93069.51,6.099357,1
2025-11-18 14:57:08.285531,93055.745,56.61000000000058,0.0608345030175198,-0.5640799999999999,-0.5640799999999999,0.28853,1.15803,-0.8694999999999999,0.2491558940614665,0.055,0.00023,93069.51,6.114083,1
2025-11-18 14:57:10.315044,93067.985,81.08999999999651,0.0871298545896276,-0.26154,0.3025399999999999,0.5140100000000001,1.64505,-1.13104,0.3124585878848667,0.055,0.00023,93073.2,6.126171,1
2025-11-18 14:57:12.348536,93069.51,84.1200000000099,0.090384058108837,0.30325,0.56479,0.33024,1.15803,-0.8277899999999999,0.2851739592238543,0.00011,0.00023,93083.035,6.127318,1
2025-11-18 14:57:14.399614,93069.51,84.1200000000099,0.090384058108837,0.0,-0.30325,0.33024,1.15803,-0.8277899999999999,0.2851739592238543,0.00011,0.00023,93083.04,6.11473,1
2025-11-18 14:57:16.441215,93073.2,76.74000000000524,0.0824512319335804,-0.30335,-0.30335,0.5139100000000001,1.64505,-1.13114,0.312397799458983,0.055,0.00023,93083.04,6.111617,1
2025-11-18 14:57:18.475854,93083.035,57.070000000006985,0.061310850038363,-0.0508799999999999,0.25247,0.46303,1.64505,-1.18202,0.2814686483693505,0.055,0.00023,93074.405,6.112588,0
2025-11-18 14:57:20.514344,93083.04,57.060000000012224,0.0613001036493997,0.26162,0.3125,0.23763,1.15803,-0.9204,0.2052019377736328,0.0001,0.00023,93074.405,6.102571,0
2025-11-18 14:57:22.552832,93083.04,57.060000000012224,0.0613001036493997,0.0,-0.26162,0.23763,1.15803,-0.9204,0.2052019377736328,0.0001,0.00023,93068.01,6.092225,0
2025-11-18 14:57:24.588442,93074.405,74.33000000000175,0.0798608382186292,-0.48701,-0.48701,0.23764,1.64505,-1.40741,0.1444576152700525,0.00011,0.00023,93066.39,6.088685,0
2025-11-18 14:57:26.616915,93074.405,74.33000000000175,0.0798608382186292,0.0,0.48701,0.23764,1.64505,-1.40741,0.1444576152700525,0.00011,0.00023,93071.505,6.094752,0
2025-11-18 14:57:28.645057,93068.01,87.1200000000099,0.0936089640253508,0.18372,0.18372,0.42136,1.64505,-1.22369,0.2561381113036078,0.055,0.00023,93075.695,6.098933,1
2025-11-18 14:57:30.677127,93066.39,83.88000000000466,0.0901292077623346,0.48705,0.30333,0.42136,1.158,-0.73664,0.3638687392055268,0.055,0.00023,93075.685,6.102214,1
2025-11-18 14:57:32.711667,93071.505,80.13000000000466,0.0860950943041102,4.000000000004e-05,-0.48701,0.42136,1.15796,-0.7365999999999999,0.3638813085080659,0.055,0.00023,93062.705,6.097925,0
2025-11-18 14:57:34.743990,93075.695,88.49000000000524,0.0950731552420911,-0.6200600000000001,-0.6201000000000001,0.28847,1.64513,-1.35666,0.1753478448511667,0.00011,0.00031,93062.7,6.100228,0
2025-11-18 14:57:36.779341,93075.685,88.48999999999069,0.0950731654566825,0.6195300000000001,1.2395900000000002,0.42083,1.15796,-0.7371299999999998,0.3634236070330582,0.05447,0.00023,93062.71,6.100458,0
2025-11-18 14:57:38.809592,93062.705,91.29000000000816,0.0980951499314447,-0.6192300000000002,-1.2387600000000003,0.51396,1.87032,-1.35636,0.274797895547286,0.055,0.055,93074.275,6.108671,1
2025-11-18 14:57:40.844218,93062.7,91.25999999999476,0.0980629188708201,-0.0002299999999999,0.6190000000000002,0.28846,1.64505,-1.3565900000000002,0.1753502933041548,0.0001,0.00023,93060.145,6.111763,0
2025-11-18 14:57:42.879799,93062.71,91.27999999999884,0.0980843992185471,-0.22526,-0.2250300000000001,0.28847,1.87032,-1.58185,0.1542356388211642,0.00011,0.055,93060.14,6.108038,0
2025-11-18 14:57:44.918263,93074.275,91.2899999999936,0.0980829557898717,0.84511,1.07037,0.42136,1.1581,-0.73674,0.3638373197478629,0.055,0.00045,93060.14,6.099935,0
2025-11-18 14:57:46.955981,93060.145,85.99000000000524,0.0924026069377016,-3.999999999999837e-05,-0.8451500000000001,0.42136,1.15814,-0.73678,0.3638247534840347,0.055,0.00049,93060.14,6.099358,0
2025-11-18 14:57:51.018198,93060.14,85.98000000001048,0.0923918661631182,-0.0001099999999999,-0.00022,0.42136,1.15814,-0.73678,0.3638247534840347,0.055,0.00023,93046.015,6.101739,0
2025-11-18 14:57:53.055339,93060.14,85.98000000001048,0.0923918661631182,0.0,0.0001099999999999,0.42136,1.15814,-0.73678,0.3638247534840347,0.055,0.00023,93029.195,6.101335,0
2025-11-18 14:57:55.088270,93060.14,85.98000000001048,0.0923918661631182,-0.2615200000000001,-0.2615200000000001,0.64714,1.64544,-0.9983,0.3932929793854531,0.05513,0.00023,93029.175,6.107521,0
2025-11-18 14:57:57.119937,93046.015,60.70999999999185,0.0652472865173128,-0.1326400000000001,0.1288799999999999,0.5141100000000001,1.64505,-1.13094,0.3125193763107504,0.0001,0.055,93030.675,6.112893,0
2025-11-18 14:57:59.156674,93029.195,77.96999999998661,0.0838123988926128,0.26138,0.3940200000000001,0.28854,1.1581,-0.8695599999999999,0.2491494689577757,0.00013,0.055,93041.72,6.107473,1
2025-11-18 14:58:01.195791,93029.175,77.99000000000524,0.0838339155431672,-0.35412,-0.6154999999999999,0.42154,1.64522,-1.22368,0.2562210525036165,0.0001,0.0004,93053.3,6.100379,1
2025-11-18 14:58:03.232830,93030.675,74.97000000000116,0.0805863227370984,0.4870400000000001,0.8411600000000001,0.42141,1.15805,-0.73664,0.36389620482708,0.055,0.00023,93053.3,6.092824,1
2025-11-18 14:58:05.264147,93041.72,85.27999999999884,0.0916578068419187,-0.4870000000000001,-0.9740400000000002,0.42141,1.64505,-1.22364,0.2561685055165496,0.055,0.00023,93055.945,6.095003,1
2025-11-18 14:58:07.296170,93053.3,91.25999999999476,0.0980728249293628,0.48695,0.97395,0.42141,1.1581,-0.7366899999999998,0.3638804939124428,0.055,0.00023,93055.945,6.09635,1
2025-11-18 14:58:09.325654,93053.3,91.25999999999476,0.0980728249293628,0.0,-0.48695,0.42141,1.1581,-0.7366899999999998,0.3638804939124428,0.055,0.00023,93055.945,6.10214,1
2025-11-18 14:58:11.359150,93055.945,85.96999999998661,0.0923852850024645,-0.09118,-0.09118,0.33023,1.1581,-0.8278699999999999,0.2851480873845091,0.055,0.00023,93055.95,6.107959,1
2025-11-18 14:58:13.392520,93055.945,85.96999999998661,0.0923852850024645,0.1837799999999999,0.27496,0.5140100000000001,1.1581,-0.6440899999999998,0.4438390467144462,0.055,0.00023,93051.66,6.109883,0
2025-11-18 14:58:15.427794,93055.945,85.96999999998661,0.0923852850024645,0.0,-0.1837799999999999,0.5140100000000001,1.1581,-0.6440899999999998,0.4438390467144462,0.055,0.00023,93055.15,6.110563,0
2025-11-18 14:58:17.467109,93055.95,85.95999999999185,0.0923745338154001,0.3893699999999999,0.3893699999999999,0.28846,0.54318,-0.25472,0.5310578445450863,9e-05,0.00023,93049.915,6.099116,0
2025-11-18 14:58:19.502403,93051.66,90.17999999999302,0.0969139078228083,-0.9689600000000002,-1.35833,0.42137,1.64505,-1.22368,0.2561441901461961,0.055,0.00023,93059.62,6.095765,1
2025-11-18 14:58:21.538357,93055.15,83.18000000000757,0.0893878522575135,-0.1331999999999999,0.8357600000000003,0.28847,1.64535,-1.35688,0.1753243990640289,0.055,0.00023,93062.015,6.090395,1
2025-11-18 14:58:23.566225,93049.915,83.2899999999936,0.0895110973502701,-0.09217,0.0410299999999998,0.42137,1.87042,-1.44905,0.2252809529410507,0.055,0.055,93065.76,6.099351,1
2025-11-18 14:58:25.598168,93059.62,89.31999999999243,0.0959814793999722,1.19444,1.28661,0.28848,0.54309,-0.2546099999999999,0.5311826769043806,0.055,0.00023,93069.5,6.10226,1
2025-11-18 14:58:27.628752,93062.015,84.52999999999884,0.0908319038653943,0.13289,-1.06155,0.42137,0.54309,-0.1217199999999999,0.775875085160839,0.055,0.00023,93069.5,6.110586,1
2025-11-18 14:58:29.665576,93065.76,92.0,0.098854831250505,-1.1935,-1.32639,0.33023,1.64545,-1.3152199999999998,0.2006928195934243,0.0001,0.00063,93069.5,6.109705,1
2025-11-18 14:58:31.700428,93069.5,84.51999999998952,0.090813854162738,0.18414,1.37764,0.51397,1.64505,-1.13108,0.3124342725145133,0.055,0.00023,93069.505,6.110721,1
2025-11-18 14:58:33.739338,93069.5,84.51999999998952,0.090813854162738,0.0,-0.18414,0.51397,1.64505,-1.13108,0.3124342725145133,0.055,0.00023,93056.455,6.111509,0
2025-11-18 14:58:35.775281,93069.5,84.51999999998952,0.090813854162738,0.0,0.0,0.51397,1.64505,-1.13108,0.3124342725145133,0.055,0.00023,93044.7,6.10838,0
2025-11-18 14:58:37.811149,93069.505,84.50999999999476,0.0908031046259403,-0.22643,-0.22643,0.28799,1.6455,-1.35751,0.1750167122455181,9e-05,0.00068,93044.7,6.103691,0
2025-11-18 14:58:39.850847,93056.455,89.98999999999069,0.0967047369255477,0.0010599999999999,0.22749,0.42137,1.77782,-1.35645,0.2370149958938475,0.055,0.055,93044.7,6.101943,0
2025-11-18 14:58:43.914840,93044.7,89.17999999999302,0.0958464050074781,0.0,-0.48678,0.28847,1.15814,-0.8696699999999999,0.2490804220560554,0.0001,0.00023,93044.305,6.112564,0
2025-11-18 14:58:45.952790,93044.7,89.17999999999302,0.0958464050074781,0.5659799999999999,0.5659799999999999,0.37204,0.67573,-0.30369,0.5505749337753245,0.0001,0.00023,93044.3,6.108435,0
2025-11-18 14:58:47.986613,93044.7,89.17999999999302,0.0958464050074781,-1.18638,-1.75236,0.28843,1.7785,-1.49007,0.1621759910036548,0.0001,1.103,93044.3,6.102489,0
2025-11-18 14:58:50.027404,93044.305,89.94999999999709,0.0966743746433455,0.1329599999999999,1.31934,0.28843,1.64554,-1.35711,0.1752798473449445,0.0001,0.00072,93034.89,6.096082,0
2025-11-18 14:58:52.061225,93044.3,89.94000000000233,0.0966636322697922,0.4873999999999999,0.35444,0.28843,1.15814,-0.86971,0.2490458839173157,0.0001,0.00023,93027.445,6.090985,0
2025-11-18 14:58:54.089102,93044.3,89.94000000000233,0.0966636322697922,0.0,-0.4873999999999999,0.28843,1.15814,-0.86971,0.2490458839173157,0.0001,0.00023,93023.295,6.100088,0
2025-11-18 14:58:56.123486,93034.89,92.04000000000816,0.0989306269938172,0.22754,0.22754,0.51597,1.15814,-0.6421699999999999,0.445516086138118,0.0001,0.055,93014.24,6.105328,0
2025-11-18 14:58:58.152210,93027.445,77.15000000000873,0.0829325152378512,-0.4508000000000001,-0.6783400000000002,0.2903799999999999,1.38335,-1.0929700000000002,0.209910723967181,0.0001,0.055,93014.24,6.109519,0
2025-11-18 14:59:00.189190,93023.295,68.85000000000582,0.0740137188217272,-0.26168,0.1891200000000001,0.2904,1.64505,-1.35465,0.1765295887662988,0.0001,0.055,93014.24,6.108511,0
2025-11-18 14:59:02.228814,93014.24,86.91999999999825,0.0934480569856811,0.4870000000000001,0.7486800000000001,0.2904,1.15805,-0.86765,0.2507663745088727,0.00013,0.00023,93017.18,6.106414,1
2025-11-18 14:59:04.261729,93014.24,86.91999999999825,0.0934480569856811,0.0,-0.4870000000000001,0.2904,1.15805,-0.86765,0.2507663745088727,0.00013,0.00023,93022.99,6.107109,1
2025-11-18 14:59:06.297701,93014.24,86.91999999999825,0.0934480569856811,0.0,0.0,0.2904,1.15805,-0.86765,0.2507663745088727,0.00013,0.00023,93022.99,6.102044,1
2025-11-18 14:59:08.335228,93017.18,81.0399999999936,0.087123690483837,-0.35413,-0.35413,0.42327,1.64505,-1.22178,0.2572991702379867,0.055,0.00023,93028.92,6.101309,1
2025-11-18 14:59:10.368838,93022.99,92.63999999999942,0.0995882845735225,-0.13311,0.22102,0.2903799999999999,1.64527,-1.35489,0.176493827760793,0.00011,0.00045,93032.075,6.098835,1
2025-11-18 14:59:12.399745,93022.99,92.63999999999942,0.0995882845735225,0.0002199999999999,0.13333,0.2903799999999999,1.64505,-1.35467,0.1765174310811221,0.00011,0.00023,93061.085,6.119057,1
2025-11-18 14:59:14.436537,93028.92,80.76000000000931,0.0868117140347424,0.6198000000000001,0.6195800000000001,0.42327,1.15814,-0.7348699999999999,0.3654739496088556,0.055,0.00023,93061.085,6.118332,1
2025-11-18 14:59:16.467673,93032.075,87.07000000000698,0.0935913769525263,-0.6196800000000002,-1.2394800000000004,0.51597,1.87052,-1.35455,0.275843081068366,0.0551,0.055,93062.685,6.121336,1
2025-11-18 14:59:18.518802,93061.085,29.00999999999476,0.0311730730412124,0.5275000000000003,1.1471800000000003,0.33109,1.15814,-0.82705,0.2858808088832092,0.00087,0.00023,93062.685,6.10477,1
2025-11-18 14:59:20.554869,93061.085,29.00999999999476,0.0311730730412124,-0.5268600000000002,-1.0543600000000004,0.29114,1.64505,-1.3539100000000002,0.1769794231178383,0.00087,0.00023,93066.385,6.106443,1
2025-11-18 14:59:22.589009,93062.685,32.20999999999185,0.0346110796179928,0.3012600000000002,0.8281200000000004,0.10549,1.15814,-1.05265,0.0910857063912825,0.00087,0.00023,93062.64,6.105799,0
2025-11-18 14:59:24.623572,93062.685,32.20999999999185,0.0346110796179928,0.18565,-0.1156100000000001,0.29114,1.15814,-0.867,0.2513858428169306,0.00087,0.00023,93062.635,6.105047,0
2025-11-18 14:59:26.661312,93066.385,39.61000000000058,0.0425610170632506,-0.6729700000000001,-0.85862,0.10547,1.64544,-1.53997,0.0640983566705562,0.00087,0.00023,93062.635,6.094509,0
2025-11-18 14:59:28.694808,93062.64,32.11999999999534,0.0345143872987004,0.18561,0.8585800000000001,0.29114,1.6455,-1.35436,0.1769310240048617,0.00087,0.00068,93070.035,6.095379,1
2025-11-18 14:59:30.728619,93062.635,32.11000000000058,0.0345036437019009,-0.1855499999999999,-0.3711599999999999,0.10549,1.6454,-1.53991,0.0641120700133706,0.00087,0.00023,93070.03,6.093191,1
2025-11-18 14:59:32.755821,93062.635,32.11000000000058,0.0345036437019009,0.0,0.1855499999999999,0.10549,1.6454,-1.53991,0.0641120700133706,0.00087,0.00023,93070.03,6.10723,1
2025-11-18 14:59:34.790187,93070.035,46.91000000000349,0.0504029035768639,0.22582,0.22582,0.33096,1.64505,-1.3140899999999998,0.2011853743047324,0.00087,0.00023,93081.275,6.108459,1
2025-11-18 14:59:36.821810,93070.03,46.89999999999418,0.0503921616872737,0.8758300000000001,0.6500100000000001,0.10496,0.54322,-0.43826,0.1932182172968594,0.00036,0.00023,93086.215,6.118005,1
2025-11-18 14:59:38.863051,93070.03,46.89999999999418,0.0503921616872737,0.2255999999999999,-0.6502300000000001,0.3305599999999999,0.54322,-0.21266,0.6085195684989506,0.00036,0.00023,93084.775,6.110728,1
2025-11-18 14:59:40.898646,93081.275,69.38999999999942,0.0745477540998438,-1.3279299999999998,-1.55353,0.10495,1.64554,-1.54059,0.0637784557045103,0.00036,0.00072,93079.33,6.107946,0
2025-11-18 14:59:42.939815,93086.215,79.27000000000407,0.0851576143685765,0.13339,1.4613199999999995,0.23785,1.64505,-1.4072,0.1445852709644084,0.00036,0.00023,93091.785,6.099243,1
2025-11-18 14:59:44.973779,93084.775,76.38999999999942,0.0820649778656062,-0.1331699999999999,-0.2665599999999999,0.10494,1.64531,-1.54037,0.0637812934948429,0.00036,0.00049,93099.935,6.100704,1
2025-11-18 14:59:47.006592,93079.33,65.5,0.0703700810910435,-0.0919999999999998,0.04117,0.23795,1.87032,-1.63237,0.1272242183155823,0.00036,0.055,93099.93,6.101609,1
2025-11-18 14:59:49.039058,93091.785,65.33000000000175,0.0701780506196134,1.32704,1.41904,0.23785,0.54318,-0.30533,0.4378843109098273,0.055,0.00023,93103.225,6.105087,1
2025-11-18 14:59:51.074483,93099.935,81.63000000000466,0.0876799752867761,-1.00963,-2.33667,0.33035,1.64531,-1.31496,0.2007828311989838,0.055,0.00049,93106.675,6.104689,1
2025-11-18 14:59:53.108201,93099.93,81.6200000000099,0.0876692388490624,0.4873000000000001,1.49693,0.33048,1.15814,-0.82766,0.2853541022674288,0.05513,0.00023,93106.675,6.105723,1
2025-11-18 14:59:55.144145,93103.225,75.02999999999884,0.08058797103967,-0.4870400000000002,-0.9743400000000004,0.33035,1.64505,-1.3147000000000002,0.2008145649068417,0.055,0.00023,93106.675,6.10415,1
2025-11-18 14:59:57.179172,93106.675,81.91000000000349,0.0879743584442291,-0.2258600000000001,0.2611800000000001,0.10498,1.64554,-1.54056,0.0637966868019009,0.00013,0.00023,93109.93,6.103994,1
2025-11-18 14:59:59.213924,93106.675,81.91000000000349,0.0879743584442291,0.4874,0.7132600000000001,0.10498,1.15814,-1.05316,0.0906453451223513,0.00013,0.00023,93109.925,6.101452,1
2025-11-18 15:00:01.248295,93106.675,81.91000000000349,0.0879743584442291,0.0,-0.4874,0.10498,1.15814,-1.05316,0.0906453451223513,0.00013,0.00023,93112.465,6.103803,1
2025-11-18 15:00:03.283166,93109.93,88.41999999999825,0.0949630184449695,-0.4871700000000001,-0.4871700000000001,0.10498,1.64531,-1.54033,0.0638056050227616,0.00013,0.00049,93116.665,6.106225,1
2025-11-18 15:00:05.315376,93109.925,88.41000000000349,0.0949522835508711,0.4871700000000001,0.9743400000000002,0.10498,1.15814,-1.05316,0.0906453451223513,0.00013,0.00023,93116.655,6.108599,1
2025-11-18 15:00:07.352098,93112.465,83.33000000000175,0.0894939254373748,0.1855,-0.3016700000000001,0.2904799999999999,1.15814,-0.86766,0.2508159635277254,0.055,0.00023,93116.655,6.103411,1
2025-11-18 15:00:09.389391,93116.665,91.72999999999593,0.0985108304727149,-0.44704,-0.6325400000000001,0.33035,1.64505,-1.3147,0.2008145649068417,0.055,0.00023,93116.65,6.10334,0
2025-11-18 15:00:11.423975,93116.655,91.69000000000231,0.098467884182483,-0.22539,0.2216499999999999,0.10496,1.64505,-1.54009,0.0638035318075438,0.00011,0.00023,93116.65,6.102964,0
2025-11-18 15:00:13.455509,93116.655,91.69000000000231,0.098467884182483,-0.00049,0.2249,0.10496,1.64554,-1.54058,0.0637845327369738,0.00011,0.00072,93111.125,6.101552,0
2025-11-18 15:00:15.492731,93116.65,91.68000000000757,0.0984571502518696,1.10232,1.10281,0.10496,0.54322,-0.43826,0.1932182172968594,0.00011,0.00023,93126.125,6.098954,1
2025-11-18 15:00:17.526939,93116.65,91.68000000000757,0.0984571502518696,-1.10222,-2.20454,0.10496,1.64544,-1.54048,0.0637884091793076,0.00011,0.00023,93126.125,6.103013,1
2025-11-18 15:00:19.557061,93111.125,80.63000000000466,0.0865954524768169,-1.1102230246251563e-16,1.10222,0.10496,1.64544,-1.54048,0.0637884091793076,0.00011,0.00023,93126.125,6.112474,1
2025-11-18 15:00:21.591685,93126.125,72.73000000001048,0.0780983853886441,1.10222,1.10222,0.10496,0.54322,-0.43826,0.1932182172968594,0.055,0.00023,93131.12,6.113842,1
2025-11-18 15:00:23.629952,93126.125,72.73000000001048,0.0780983853886441,0.0,-1.10222,0.10496,0.54322,-0.43826,0.1932182172968594,0.055,0.00023,93134.86,6.114434,1
2025-11-18 15:00:25.669535,93126.125,72.73000000001048,0.0780983853886441,0.1855899999999999,0.1855899999999999,0.29055,0.54322,-0.25267,0.5348661684032251,0.055,0.00023,93151.875,6.106829,1
2025-11-18 15:00:27.705527,93131.12,62.74000000000524,0.0673673848226084,0.0,-0.1855899999999999,0.29055,0.54322,-0.25267,0.5348661684032251,0.055,0.00023,93157.265,6.107017,1
2025-11-18 15:00:29.744386,93134.86,55.26000000000931,0.0593333151518231,-0.1855899999999999,-0.1855899999999999,0.10496,0.54322,-0.43826,0.1932182172968594,0.055,0.00023,93157.27,6.100974,1
2025-11-18 15:00:31.776364,93151.875,65.52999999999884,0.0703474836121106,-0.4816500000000001,-0.2960600000000001,0.23785,1.15776,-0.91991,0.2054398148148148,0.055,0.00023,93157.265,6.104978,1
2025-11-18 15:00:33.812544,93157.265,54.75,0.0587715837299431,2.220446049250313e-16,0.4816500000000003,0.23785,1.15776,-0.91991,0.2054398148148148,0.055,0.00023,93152.13,6.099698,0
2025-11-18 15:00:35.845360,93157.27,54.74000000000524,0.0587608460402556,-0.1333900000000001,-0.1333900000000003,0.10495,1.15825,-1.0533,0.0906108353118929,0.0001,0.00023,93160.365,6.102885,1
2025-11-18 15:00:37.881342,93157.265,54.75,0.0587715837299431,1.3272499999999998,1.46064,0.32988,0.05593,0.2739500000000001,5.898086894332202,0.05473,0.00023,93160.36,6.103011,1
2025-11-18 15:00:39.912242,93152.13,65.02000000000407,0.0697997995322319,-1.32677,-2.65402,0.10494,1.15776,-1.05282,0.0906405472636816,9e-05,0.00023,93160.355,6.103118,1
2025-11-18 15:00:41.948245,93160.365,81.49000000000524,0.0874728217305774,-6.938893903907228e-18,1.32677,0.10494,1.15776,-1.05282,0.0906405472636816,9e-05,0.055,93166.935,6.100146,1
2025-11-18 15:00:43.984353,93160.36,81.48000000001048,0.0874620922461124,-0.0003099999999999,-0.0003099999999999,0.10494,1.15807,-1.05313,0.0906162839897415,9e-05,0.00054,93171.005,6.095951,1
2025-11-18 15:00:46.015360,93160.355,81.47000000000116,0.0874513627604802,1.2382,1.23851,0.24105,0.05598,0.1850699999999999,4.306002143622722,9e-05,0.00023,93160.66,6.096318,1
2025-11-18 15:00:48.048391,93166.935,68.30999999999767,0.0733200034969462,0.04925,-1.18895,0.2903,0.05598,0.23432,5.185780635941407,0.055,0.00023,93160.655,6.099026,0
2025-11-18 15:00:50.080304,93171.005,76.43000000000757,0.082031958332968,-0.18547,-0.23472,0.10488,0.05603,0.04885,1.871854363733714,8e-05,0.00023,93160.655,6.099124,0
2025-11-18 15:00:52.111678,93160.66,85.89999999999418,0.0922063025315558,-1.4037100000000002,-1.2182400000000002,0.2903,1.64516,-1.35486,0.176457001142746,0.055,0.055,93175.175,6.104201,1
2025-11-18 15:00:54.147417,93160.655,85.86999999999534,0.0921741050446622,1.58886,2.99257,0.29003,0.05603,0.234,5.176334106728538,9e-05,0.00023,93177.99,6.100428,1
2025-11-18 15:00:56.179428,93160.655,85.86999999999534,0.0921741050446622,0.0,-1.58886,0.29003,0.05603,0.234,5.176334106728538,9e-05,0.00023,93180.685,6.101641,1
2025-11-18 15:00:58.215879,93175.175,56.83000000000175,0.0609926410119452,-0.3141,-0.3141,0.46274,0.54284,-0.0800999999999999,0.8524427087171175,0.055,0.00023,93180.685,6.104595,1
2025-11-18 15:01:00.247845,93177.99,62.4600000000064,0.0670329978141902,0.01469,0.32879,0.42302,0.48843,-0.0654099999999999,0.8660811170485024,0.05508,0.00023,93186.97,6.104803,1
2025-11-18 15:01:02.281069,93180.685,57.070000000006985,0.0612465984769343,-1.10181,-1.1165,0.42294,1.59016,-1.16722,0.2659732353976958,0.055,0.00023,93186.97,6.104595,1
2025-11-18 15:01:04.320474,93180.685,57.070000000006985,0.0612465984769343,0.91634,2.01815,0.23755,0.48843,-0.25088,0.4863542370452265,0.055,0.00023,93188.82,6.100989,1
2025-11-18 15:01:06.352648,93186.97,44.5,0.0477534573771418,-0.02679,-0.94313,0.26517,0.54284,-0.27767,0.4884864785203743,0.055,0.00023,93188.82,6.106542,1
2025-11-18 15:01:08.385664,93186.97,44.5,0.0477534573771418,0.0,0.02679,0.26517,0.54284,-0.27767,0.4884864785203743,0.055,0.00023,93199.2,6.110277,1
2025-11-18 15:01:10.421463,93188.82,40.80000000000291,0.0437820760043993,0.1189699999999999,0.1189699999999999,0.32973,0.48843,-0.1586999999999999,0.6750813832074197,0.055,0.00023,93202.095,6.111015,1
2025-11-18 15:01:12.459190,93188.82,40.80000000000291,0.0437820760043993,0.0,-0.1189699999999999,0.32973,0.48843,-0.1586999999999999,0.6750813832074197,0.055,0.00023,93196.005,6.104939,1
2025-11-18 15:01:14.495941,93199.2,20.04000000000815,0.0215023304921159,0.133,0.133,0.46273,0.48843,-0.0256999999999999,0.9473824294167026,0.05509,0.00023,93189.12,6.103241,0
2025-11-18 15:01:16.532478,93202.095,14.25,0.0152893558884057,-0.0546,-0.1876,0.46254,0.54284,-0.0802999999999999,0.8520742760297694,0.055,0.00023,93186.725,6.095334,0
2025-11-18 15:01:18.564129,93196.005,26.430000000007567,0.0283595847268427,0.48691,0.5415100000000002,0.46264,0.05603,0.40661,8.25700517579868,0.055,0.00023,93179.935,6.102275,0
2025-11-18 15:01:20.599182,93189.12,40.19999999999709,0.0431380830723555,-0.68428,-1.1711900000000002,0.26517,0.54284,-0.27767,0.4884864785203743,0.055,0.00023,93179.935,6.098322,0
2025-11-18 15:01:22.627812,93186.725,44.99000000000524,0.0482794088964981,0.48686,1.17114,0.26517,0.05598,0.20919,4.736870310825295,0.055,0.00023,93177.695,6.101276,0
2025-11-18 15:01:24.666404,93179.935,58.570000000006985,0.0628568800783204,-1.10178,-1.58864,0.26517,1.15776,-0.8925899999999999,0.2290371061359867,0.055,0.00023,93173.45,6.093913,0
2025-11-18 15:01:26.697504,93179.935,58.570000000006985,0.0628568800783204,0.0541599999999998,1.1559399999999995,0.31982,1.15825,-0.83843,0.2761234621195769,9e-05,0.00023,93165.35,6.098951,0
2025-11-18 15:01:28.729088,93177.695,63.05000000000291,0.0676664087902184,0.0005100000000001,-0.0536499999999997,0.3198399999999999,1.15776,-0.83792,0.2762576008844665,0.0001,0.00023,93164.59,6.100139,0
2025-11-18 15:01:30.760317,93173.45,71.54000000000815,0.0767815295022435,0.19545,0.1949399999999999,0.51529,1.15776,-0.6424699999999999,0.4450749723604202,0.00011,0.00023,93142.03,6.220591,0
2025-11-18 15:01:32.796455,93165.35,84.08000000000175,0.0902481448306712,-0.19545,-0.3909,0.3198399999999999,1.15776,-0.83792,0.2762576008844665,0.00011,0.00023,93142.02,6.234703,0
2025-11-18 15:01:34.829227,93164.59,85.60000000000582,0.0918804022000266,0.13245,0.3279,0.4527299999999999,1.1582,-0.7054699999999999,0.3908910378173027,0.0001,0.00067,93129.75,6.231578,0
2025-11-18 15:01:36.980908,93142.03,91.38000000000466,0.0981082332004194,-0.38983,-0.5222800000000001,0.54969,1.64499,-1.0953,0.3341600860795506,0.055,0.055,93135.68,6.108856,0
2025-11-18 15:01:39.031158,93142.02,91.36000000000058,0.0980867711479744,0.4868000000000001,0.8766300000000002,0.54969,1.1581899999999998,-0.6084999999999998,0.4746112468593236,0.055,0.00023,93146.475,6.089725,1
2025-11-18 15:01:41.060805,93129.75,91.33999999999652,0.0980782188291029,-0.7126699999999999,-1.19947,0.32437,1.64554,-1.32117,0.1971207020187901,8e-05,0.00065,93154.61,6.098824,1
2025-11-18 15:01:43.089764,93135.68,79.4600000000064,0.0853163900236798,0.4877399999999999,1.2004099999999998,0.32439,1.1578199999999998,-0.8334299999999999,0.2801730838990517,0.055,0.00023,93150.37,6.102537,1
2025-11-18 15:01:45.120883,93146.475,78.2899999999936,0.0840504162932559,1.06753,0.5797899999999999,0.29001,0.05591,0.2340999999999999,5.187086388839205,0.055,0.00023,93153.96,6.106717,1
2025-11-18 15:01:47.159629,93154.61,62.01999999998952,0.0665774887576573,-0.96898,-2.03651,0.42294,1.1578199999999998,-0.7348799999999999,0.3652899414416749,0.055,0.00023,93153.96,6.104151,0
2025-11-18 15:01:49.192301,93150.37,70.5,0.0756840794083802,0.9163699999999998,1.88535,0.23745,0.0559599999999999,0.1814899999999999,4.243209435310937,7e-05,0.00023,93150.11,6.109135,0
2025-11-18 15:01:51.227600,93153.96,63.31999999999243,0.0679734924849061,-1.0095599999999998,-1.92593,0.32975,1.1578199999999998,-0.8280699999999999,0.284802473614206,0.055,0.00023,93155.35,6.110136,1
2025-11-18 15:01:53.263780,93153.96,63.31999999999243,0.0679734924849061,1.23484,2.2444,0.46268,0.05591,0.4067699999999999,8.275442675728849,0.055,0.00023,93161.25,6.11197,1
2025-11-18 15:01:55.301436,93150.11,85.17999999999302,0.0914437996906208,-1.1021,-2.33694,0.4627799999999999,1.15811,-0.69533,0.3995993472122682,0.055,0.00052,93161.245,6.106457,1
2025-11-18 15:01:57.337736,93155.35,74.68000000000757,0.0801671616284062,-0.22504,0.8770599999999998,0.23745,1.1578199999999998,-0.92037,0.2050836917655594,0.055,0.00023,93161.245,6.1064,1
2025-11-18 15:01:59.375750,93161.25,86.48000000001048,0.0928282950261084,0.18515,0.41019,0.42294,1.15816,-0.7352199999999999,0.3651827035988119,0.055,0.00057,93163.765,6.099766,1
2025-11-18 15:02:01.407893,93161.245,86.47000000000116,0.0928175659309846,1.10221,0.91706,0.423,0.05601,0.36699,7.552222817354044,0.05506,0.00023,93163.77,6.095484,1
2025-11-18 15:02:03.444136,93161.245,86.47000000000116,0.0928175659309846,0.0,-1.10221,0.423,0.05601,0.36699,7.552222817354044,0.05506,0.00023,93163.77,6.087149,1
2025-11-18 15:02:05.475516,93163.765,81.42999999999302,0.0874052266994501,-5.999999999999756e-05,-5.999999999999756e-05,0.42294,0.05601,0.36693,7.551151580074985,0.055,0.00023,93163.77,6.087846,1
2025-11-18 15:02:09.531285,93163.77,81.41999999999825,0.08739448822219,0.0,0.13298,0.28996,0.05601,0.23395,5.176932690590966,5e-05,0.00023,93160.845,6.095869,0
2025-11-18 15:02:11.563362,93163.77,81.41999999999825,0.08739448822219,0.03977,0.03977,0.3297299999999999,0.05601,0.2737199999999999,5.886984467059452,5e-05,0.00023,93181.485,6.095353,1
2025-11-18 15:02:13.594978,93163.77,81.41999999999825,0.08739448822219,0.0,-0.03977,0.3297299999999999,0.05601,0.2737199999999999,5.886984467059452,5e-05,0.00023,93181.485,6.098864,1
2025-11-18 15:02:15.627154,93160.845,87.26999999998952,0.0936766943236609,0.18548,0.18548,0.51521,0.05601,0.4591999999999999,9.19853597571862,0.055,0.00023,93174.945,6.102047,1
2025-11-18 15:02:17.658715,93181.485,55.48999999999069,0.0595504568316234,-1.77445,-1.95993,0.32974,1.6449899999999995,-1.3152499999999998,0.2004510665718333,0.055,0.00011,93174.95,6.106332,0
2025-11-18 15:02:19.693842,93181.485,55.47000000000117,0.0595289933402554,-0.0380799999999999,1.73637,0.23743,1.59076,-1.35333,0.1492557016771857,5e-05,0.00023,93174.95,6.103175,0
2025-11-18 15:02:21.729201,93174.945,68.55000000000291,0.073571280347955,1.07698,1.11506,0.26703,0.54338,-0.27635,0.4914240494681438,0.055,0.00023,93167.555,6.104615,0
2025-11-18 15:02:23.765047,93174.95,68.54000000000815,0.0735605439015616,-1.07697,-2.15395,0.23744,1.59076,-1.35332,0.1492619879805879,6e-05,0.00023,93166.845,6.103627,0
2025-11-18 15:02:25.797017,93174.95,68.54000000000815,0.0735605439015616,1.04738,2.12435,0.23744,0.54338,-0.30594,0.4369686039235894,6e-05,0.00023,93166.845,6.097745,0
2025-11-18 15:02:27.833816,93167.555,83.33000000000175,0.0894410076555102,0.18542,-0.86196,0.42286,0.54338,-0.1205199999999999,0.778203099120321,0.055,0.00023,93166.845,6.095542,0
2025-11-18 15:02:29.868674,93166.845,81.88999999999942,0.0878960750468682,-1.23524,-1.4206599999999998,0.28993,1.64569,-1.35576,0.1761753428653027,7e-05,0.0008,93166.84,6.095446,0
2025-11-18 15:02:31.894762,93166.845,81.88999999999942,0.0878960750468682,0.00057,1.23581,0.28993,1.64512,-1.35519,0.1762363839719899,7e-05,0.00023,93166.835,6.104737,0
2025-11-18 15:02:33.929358,93166.845,81.88999999999942,0.0878960750468682,0.0,-0.00057,0.28993,1.64512,-1.35519,0.1762363839719899,7e-05,0.00023,93166.835,6.107882,0
2025-11-18 15:02:35.964120,93166.84,81.89999999999418,0.0879068131966203,0.13278,0.13278,0.42271,1.64512,-1.22241,0.2569478214355184,0.05485,0.00023,93151.07,6.100725,0
2025-11-18 15:02:37.999499,93166.835,81.88999999999942,0.0878960844811347,0.4866999999999999,0.3539199999999999,0.42271,1.15842,-0.73571,0.3649021943681911,0.05485,0.00023,93142.76,6.102821,0
2025-11-18 15:02:40.037240,93166.835,81.88999999999942,0.0878960844811347,-0.4866999999999999,-0.9733999999999998,0.42271,1.64512,-1.22241,0.2569478214355184,0.05485,0.00023,93142.755,6.10048,0
2025-11-18 15:02:42.064845,93151.07,80.25999999999476,0.0861611144133875,0.4867799999999999,0.9734799999999998,0.42286,1.15849,-0.73563,0.3650096245975364,0.0001,0.055,93142.755,6.108621,0
2025-11-18 15:02:44.102320,93142.76,85.86000000000058,0.0921810777348669,-0.13274,-0.6195199999999998,0.28992,1.1582899999999998,-0.8683699999999999,0.2503000112234415,6e-05,0.0007,93131.72,6.110261,0
2025-11-18 15:02:46.137720,93142.755,85.84999999999127,0.0921703464751405,1.18587,1.31861,0.37364,0.05614,0.3175,6.655504096900605,6e-05,0.00023,93123.875,6.104545,0
2025-11-18 15:02:48.173466,93142.755,85.84999999999127,0.0921703464751405,0.0,-1.18587,0.37364,0.05614,0.3175,6.655504096900605,6e-05,0.00023,93120.33,6.100692,0
2025-11-18 15:02:50.212581,93131.72,78.58000000000175,0.0843751194544691,-0.96,-0.96,0.51532,1.1578199999999998,-0.6424999999999998,0.4450778186592044,0.0001,1.10238,93108.2,6.095808,0
2025-11-18 15:02:52.242265,93123.875,62.89000000001397,0.0675337017494321,-0.0928799999999999,0.86712,0.42298,1.1583599999999998,-0.7353799999999998,0.3651541835008116,0.0001,0.00077,93108.195,6.097874,0
2025-11-18 15:02:54.274158,93120.33,55.80000000000291,0.0599224680582671,-0.61962,-0.52674,0.2899899999999999,1.64499,-1.355,0.1762867859379084,0.0001,0.055,93108.195,6.105463,0
2025-11-18 15:02:56.308389,93108.2,80.04000000000815,0.0859645015154499,0.7121299999999999,1.33175,0.51542,1.1582899999999998,-0.6428699999999998,0.4449835533415639,0.055,0.0007,93108.195,6.104933,0
2025-11-18 15:02:58.340139,93108.195,80.03000000001339,0.0859537659386624,1.10221,0.39008,0.51548,0.05614,0.45934,9.182044887780547,0.05506,0.00023,93111.955,6.11106,1
2025-11-18 15:03:00.379621,93108.195,80.03000000001339,0.0859537659386624,-1.77793,-2.88014,0.3271199999999999,1.64571,-1.31859,0.1987713509670597,0.055,0.00023,93111.95,6.10389,1
2025-11-18 15:03:02.413322,93108.195,80.03000000001339,0.0859537659386624,0.0,1.77793,0.3271199999999999,1.64571,-1.31859,0.1987713509670597,0.055,0.00023,93114.34,6.118969,1
2025-11-18 15:03:04.451199,93111.955,91.35000000000582,0.0981077027112209,0.00072,0.00072,0.3271199999999999,1.64499,-1.31787,0.1988583517225028,0.055,0.055,93114.345,6.108856,1
2025-11-18 15:03:06.483511,93111.95,91.32000000000698,0.0980754886993634,-0.03786,-0.0385800000000001,0.29005,1.64578,-1.35573,0.1762386224161188,6e-05,0.00023,93114.345,6.109646,1
2025-11-18 15:03:08.532291,93114.34,86.5399999999936,0.0929394978259993,0.0377399999999999,0.0756,0.3271199999999999,1.64511,-1.31799,0.1988438463081495,0.055,0.00023,93128.275,6.095233,1
2025-11-18 15:03:10.560055,93114.345,86.54999999998836,0.092950232319186,0.18827,0.15053,0.51539,1.64511,-1.12972,0.3132860416628675,0.055,0.00023,93134.32,6.102729,1
2025-11-18 15:03:12.593157,93114.345,86.54999999998836,0.092950232319186,0.0,-0.18827,0.51539,1.64511,-1.12972,0.3132860416628675,0.055,0.00023,93139.255,6.109167,1
2025-11-18 15:03:14.627524,93128.275,79.06999999999243,0.0849043966507405,1.049,1.049,0.4627799999999999,0.5435,-0.08072,0.8514811407543698,0.055,0.00023,93157.645,6.107932,1
2025-11-18 15:03:16.662784,93134.32,66.97999999999593,0.0719176346592705,-0.13294,-1.18194,0.32984,0.5435,-0.2136599999999999,0.6068813247470102,6e-05,0.00023,93157.64,6.114101,1
2025-11-18 15:03:18.702324,93139.255,57.11000000000058,0.0613167885012614,0.13294,0.26588,0.4627799999999999,0.5435,-0.08072,0.8514811407543698,0.055,0.00023,93157.635,6.105645,1
2025-11-18 15:03:20.735456,93157.645,81.2899999999936,0.0872606859050522,-1.27429,-1.4072300000000002,0.28998,1.64499,-1.35501,0.176280706873598,6e-05,0.0001,93157.635,6.103441,0
2025-11-18 15:03:24.807969,93157.635,81.2899999999936,0.0872606952720446,0.13228,-0.9698699999999996,0.42292,0.5435,-0.1205799999999999,0.7781416743330267,0.055,0.00023,93157.64,6.089913,1
2025-11-18 15:03:26.838897,93157.635,81.2899999999936,0.0872606952720446,0.0,-0.13228,0.42292,0.5435,-0.1205799999999999,0.7781416743330267,0.055,0.00023,93164.875,6.092543,1
2025-11-18 15:03:28.869618,93157.64,81.27999999999884,0.0872499560959239,-0.13295,-0.13295,0.28997,0.5435,-0.25353,0.5335234590616376,5e-05,0.00023,93166.065,6.098749,1
2025-11-18 15:03:30.897882,93157.64,81.27999999999884,0.0872499560959239,0.0397599999999999,0.17271,0.3297299999999999,0.5435,-0.21377,0.6066789328426863,5e-05,0.00023,93166.065,6.105398,1
2025-11-18 15:03:32.931440,93164.875,66.80999999999767,0.071711575848728,-1.000000000001e-05,-0.03977,0.3297299999999999,0.54351,-0.21378,0.6066677706021967,0.055,0.00023,93166.065,6.098626,1
2025-11-18 15:03:34.968367,93166.065,69.19000000000233,0.0742652380993039,0.1854,0.18541,0.51513,0.54351,-0.02838,0.9477838494231936,0.05491,0.00023,93170.35,6.095397,1
2025-11-18 15:03:37.003280,93166.065,69.19000000000233,0.0742652380993039,0.0,-0.1854,0.51513,0.54351,-0.02838,0.9477838494231936,0.05491,0.00023,93170.35,6.092759,1
2025-11-18 15:03:39.030066,93166.065,69.19000000000233,0.0742652380993039,0.0,0.0,0.51513,0.54351,-0.02838,0.9477838494231936,0.05491,0.00023,93159.36,6.103194,0
2025-11-18 15:03:41.063764,93170.35,77.74000000000524,0.083438561731286,-0.8395699999999999,-0.8395699999999999,0.28987,1.1578199999999998,-0.8679499999999998,0.2503584322260801,4e-05,0.00023,93159.35,6.103423,0
2025-11-18 15:03:43.096039,93170.35,77.74000000000524,0.083438561731286,1.10161,1.94118,0.28987,0.05621,0.23366,5.156911581569116,4e-05,0.00023,93159.355,6.105108,0
2025-11-18 15:03:45.133260,93159.36,85.9200000000128,0.0922290578209348,-1.10151,-2.20312,0.28997,1.1578199999999998,-0.8678499999999998,0.2504448014371837,5e-05,0.055,93159.35,6.098818,0
2025-11-18 15:03:49.201147,93159.355,85.91000000000349,0.0922183284759791,-1.10168,-2.20336,0.28997,1.1578199999999998,-0.8678499999999998,0.2504448014371837,5e-05,0.00023,93159.35,6.101574,0
2025-11-18 15:03:51.232078,93159.35,85.90000000000873,0.0922075991298873,0.0397599999999999,1.14144,0.3297299999999999,1.1578199999999998,-0.8280899999999999,0.2847851997719853,5e-05,0.00023,93168.41,6.108368,1
2025-11-18 15:03:53.263558,93159.35,85.90000000000873,0.0922075991298873,1.1018599999999998,1.0620999999999998,0.3297299999999999,0.05596,0.2737699999999999,5.892244460328805,5e-05,0.00023,93174.2,6.109841,1
2025-11-18 15:03:55.302721,93159.35,85.90000000000873,0.0922075991298873,0.0,-1.1018599999999998,0.3297299999999999,0.05596,0.2737699999999999,5.892244460328805,5e-05,0.00023,93174.2,6.105748,1
2025-11-18 15:03:57.340446,93168.41,81.61999999999534,0.0876048008117723,-0.9163699999999998,-0.9163699999999998,0.51522,1.1578199999999998,-0.6425999999999998,0.4449914494481008,0.055,0.00023,93174.2,6.100801,1
2025-11-18 15:04:07.508402,93174.2,70.04000000000815,0.0751710237383397,0.0,-1.10195,0.26657,0.05596,0.21061,4.763581129378127,0.05509,0.00023,93167.67,6.100365,0
2025-11-18 15:04:09.538420,93174.2,70.04000000000815,0.0751710237383397,-1.10195,-1.10195,0.26648,1.1578199999999998,-0.8913399999999998,0.230156673748942,0.055,0.00023,93159.455,6.102607,0
2025-11-18 15:04:11.576800,93174.2,70.04000000000815,0.0751710237383397,0.0521299999999999,1.15408,0.31898,1.1581899999999998,-0.8392099999999998,0.2754124970859704,0.055,0.00023,93164.815,6.100704,0
2025-11-18 15:04:13.608767,93167.67,83.10000000000582,0.0891940305043646,-0.02898,-0.0811099999999999,0.29,1.1581899999999998,-0.8681899999999998,0.2503906958271096,0.00012,0.00023,93164.82,6.101788,0
2025-11-18 15:04:15.641027,93159.455,82.30999999999767,0.0883538874288151,-0.4869300000000001,-0.4579500000000001,0.29,1.64512,-1.35512,0.1762789340595215,0.0001,0.00023,93151.815,6.102059,0
2025-11-18 15:04:17.677504,93164.815,83.41000000000349,0.0895295074648122,0.0291099999999999,0.51604,0.31898,1.64499,-1.32601,0.1939099933738199,0.055,0.055,93151.81,6.095418,0
2025-11-18 15:04:19.710555,93164.82,83.40000000000873,0.0895187689945719,-0.02899,-0.0580999999999999,0.2899899999999999,1.64499,-1.355,0.1762867859379084,0.00011,0.055,93147.92,6.097035,0
2025-11-18 15:04:21.743086,93151.815,67.02999999999884,0.0719578035060281,-0.0006399999999999,0.02835,0.29,1.64564,-1.35564,0.1762232322986801,0.0001,0.055,93147.91,6.090277,0
2025-11-18 15:04:23.772922,93151.81,67.02000000000407,0.071947072203969,0.13523,0.13587,0.42471,1.64512,-1.2204099999999998,0.2581635382221358,0.0001,0.00023,93154.91,6.096009,1
2025-11-18 15:04:25.807590,93147.92,59.23999999999069,0.0635977700843891,-0.10513,-0.24036,0.31958,1.64512,-1.32554,0.1942593853335927,0.0001,0.055,93154.895,6.094491,1
2025-11-18 15:04:27.833363,93147.91,59.22000000000117,0.0635763056841545,0.0,0.10513,0.31958,1.64512,-1.32554,0.1942593853335927,0.0001,0.00023,93154.895,6.101517,1
2025-11-18 15:04:29.868931,93154.91,73.22000000000116,0.0786002584297501,-0.02828,-0.02828,0.2918199999999999,1.64564,-1.35382,0.1773291849979339,0.0001,0.00075,93146.92,6.102282,0
2025-11-18 15:04:31.902081,93154.895,73.19000000000233,0.0785680666593015,1.1028,1.13108,0.2918199999999999,0.5428400000000001,-0.2510200000000001,0.537580134109498,0.0001,0.00023,93151.41,6.106597,0
2025-11-18 15:04:33.934880,93154.895,73.19000000000233,0.0785680666593015,0.0,-1.1028,0.2918199999999999,0.5428400000000001,-0.2510200000000001,0.537580134109498,0.0001,0.00023,93151.41,6.11558,0
2025-11-18 15:04:35.971213,93146.92,89.11999999999534,0.0956768082079314,-0.00037,-0.00037,0.2918199999999999,0.5432100000000001,-0.2513900000000001,0.5372139688150069,0.00011,0.00023,93151.41,6.113191,1
2025-11-18 15:04:38.008678,93151.41,80.16000000000349,0.0860534478222106,0.13302,0.13339,0.42471,0.5430800000000001,-0.11837,0.7820394785298665,0.055,0.00047,93138.52,6.103745,0
2025-11-18 15:04:40.050460,93151.41,80.13999999999942,0.0860319774010929,-0.18721,-0.32023,0.23748,0.5430600000000001,-0.3055800000000001,0.4372997458844326,0.0001,8e-05,93138.51,6.098052,0
2025-11-18 15:04:42.084404,93151.41,80.13999999999942,0.0860319774010929,0.0,0.18721,0.23748,0.5430600000000001,-0.3055800000000001,0.4372997458844326,0.0001,8e-05,93129.965,6.102138,0
2025-11-18 15:04:44.112423,93138.52,79.0399999999936,0.0848628472945389,-1.0196999999999998,-1.0196999999999998,0.31969,1.64497,-1.32528,0.1943439697988413,0.0001,0.055,93124.685,6.105482,0
2025-11-18 15:04:46.148512,93138.51,79.02000000000407,0.0848413830111777,1.05267,2.07237,0.27041,0.5430200000000001,-0.2726100000000001,0.4979742919229493,0.0001,8e-05,93134.25,6.101275,0
2025-11-18 15:04:48.186542,93129.965,86.35000000000582,0.0927198888134509,-1.08059,-2.13326,0.29179,1.64499,-1.3532,0.1773810175137842,0.00011,0.055,93134.245,6.094332,1
2025-11-18 15:04:50.217905,93124.685,84.11000000000058,0.0903197685984125,0.02752,1.10811,0.31967,1.64535,-1.3256799999999995,0.1942869298325584,0.0001,0.00047,93140.305,6.099502,1
2025-11-18 15:04:52.249787,93134.25,88.76000000000931,0.0953032853112676,0.0002699999999999,-0.0272500000000001,0.31955,1.64496,-1.32541,0.1942600427973932,0.055,8e-05,93140.295,6.104817,1
2025-11-18 15:04:54.280874,93134.245,88.75,0.0952925532386073,0.48688,0.48661,0.31955,1.15808,-0.83853,0.2759308510638298,0.055,8e-05,93140.295,6.111564,1
2025-11-18 15:04:56.317407,93140.305,86.66999999999825,0.0930531631821457,-0.5146600000000001,-1.00154,0.2918,1.64499,-1.35319,0.1773870965780947,0.00012,0.055,93140.295,6.11061,0
2025-11-18 15:05:00.392438,93140.295,86.64999999999418,0.0930317001894767,0.0,-0.4869100000000002,0.2918,1.15808,-0.8662799999999999,0.2519687759049461,0.00012,8e-05,93132.46,6.105273,0
2025-11-18 15:05:02.428017,93140.295,86.64999999999418,0.0930317001894767,0.0,0.0,0.2918,1.15808,-0.8662799999999999,0.2519687759049461,0.00012,8e-05,93132.46,6.1022,0
2025-11-18 15:05:04.465002,93140.295,86.64999999999418,0.0930317001894767,0.0,0.0,0.2918,1.15808,-0.8662799999999999,0.2519687759049461,0.00012,8e-05,93132.46,6.105668,0
2025-11-18 15:05:06.497711,93132.46,91.34000000001106,0.0980753649157459,-0.45913,-0.45913,0.31955,1.64496,-1.32541,0.1942600427973932,0.04925,8e-05,93134.895,6.10628,1
2025-11-18 15:05:08.530217,93132.46,91.34000000001106,0.0980753649157459,0.0,0.45913,0.31955,1.64496,-1.32541,0.1942600427973932,0.04925,8e-05,93134.9,6.114128,1
2025-11-18 15:05:10.570670,93132.46,91.34000000001106,0.0980753649157459,-0.00035,-0.00035,0.31967,1.64543,-1.3257599999999998,0.1942774836972706,0.04937,0.00055,93121.815,6.109331,0
2025-11-18 15:05:12.603991,93134.895,86.44999999999709,0.0928223519229791,1.10226,1.10261,0.31955,0.54305,-0.2235,0.5884356873216094,0.055,8e-05,93125.22,6.110056,0
2025-11-18 15:05:14.644345,93134.9,86.44000000000233,0.0928116098261793,-0.02776,-1.13002,0.29179,0.54305,-0.25126,0.5373170058005708,0.00011,8e-05,93122.915,6.105055,0
2025-11-18 15:05:16.680001,93121.815,60.27000000000408,0.064721676655469,-1.10228,-1.07452,0.29179,1.64533,-1.35354,0.1773443625290975,0.00011,8e-05,93116.625,6.104674,0
2025-11-18 15:05:18.714047,93125.22,67.08000000000175,0.0720320445954401,0.1704999999999999,1.27278,0.46229,1.64533,-1.18304,0.2809709906219421,0.00011,0.055,93116.62,6.101648,0
2025-11-18 15:05:20.749400,93122.915,62.47000000000117,0.0670833811420112,-0.18506,-0.35556,0.27723,1.64533,-1.3681,0.1684950739365355,0.00011,8e-05,93122.665,6.101009,0
2025-11-18 15:05:22.784675,93116.625,49.89000000001397,0.0535779727841445,0.13308,0.31814,0.41031,1.64533,-1.23502,0.2493785441218479,0.00011,0.055,93129.515,6.104451,1
2025-11-18 15:05:24.815695,93116.62,49.88000000000466,0.0535672364396438,0.4873,0.3542200000000001,0.41031,1.15803,-0.7477199999999999,0.3543172456672107,0.00011,8e-05,93114.045,6.110958,0
2025-11-18 15:05:26.850409,93122.665,61.97000000000117,0.0665466350216686,0.0,-0.4873,0.41031,1.15803,-0.7477199999999999,0.3543172456672107,0.00011,8e-05,93114.045,6.112126,0
2025-11-18 15:05:28.889126,93129.515,75.6700000000128,0.0812524364590675,-0.4873200000000002,-0.4873200000000002,0.41031,1.64535,-1.23504,0.2493755128088249,0.00011,0.055,93114.045,6.100932,0
2025-11-18 15:05:30.926653,93114.045,106.58999999999652,0.1144725266741408,0.7126100000000002,1.1999300000000004,0.6355999999999999,1.15803,-0.52243,0.5488631555313765,0.0001,8e-05,93112.76,6.098802,0
2025-11-18 15:05:32.962535,93114.045,106.58999999999652,0.1144725266741408,-0.58971,-1.30232,0.5027200000000001,1.61486,-1.11214,0.3113087202605799,0.0001,0.46593,93112.895,6.207318,0
2025-11-18 15:05:34.990058,93114.045,106.57000000000698,0.1144510476373429,-0.1037199999999997,0.4859900000000002,0.40798,1.6238399999999995,-1.2158599999999995,0.2512439649226525,0.00023,0.00043,93112.89,6.214753,0
2025-11-18 15:05:37.025455,93112.76,109.13999999999942,0.1172127214358154,1.10226,1.2059799999999998,0.40797,0.5215700000000001,-0.1136,0.7821960618900625,0.0001,0.00043,93103.55,6.210288,0
2025-11-18 15:05:39.169853,93112.895,82.85000000000582,0.0889780088998476,-1.04709,-2.14935,0.46285,1.6235399999999998,-1.1606899999999998,0.285086908853493,0.055,0.055,93103.55,6.109473,0
2025-11-18 15:05:41.204811,93112.89,82.83999999999651,0.088967274026181,0.0023499999999999,1.04944,0.4652,1.6235399999999998,-1.1583399999999997,0.2865343631816894,0.055,0.00013,93103.55,6.105956,0
2025-11-18 15:05:43.235743,93103.55,88.10000000000582,0.0946258225384594,-0.1331799999999999,-0.1355299999999999,0.33231,1.62383,-1.2915199999999998,0.2046458065191553,0.00011,0.00013,93112.845,6.111606,1
2025-11-18 15:05:45.279326,93103.55,88.10000000000582,0.0946258225384594,0.0,0.1331799999999999,0.33231,1.62383,-1.2915199999999998,0.2046458065191553,0.00011,0.00013,93112.84,6.098453,1
2025-11-18 15:05:47.310767,93103.55,88.10000000000582,0.0946258225384594,0.0,0.0,0.33231,1.62383,-1.2915199999999998,0.2046458065191553,0.00011,0.00013,93112.84,6.103073,1
2025-11-18 15:05:49.347349,93112.845,91.33000000000176,0.0980852856552731,0.22568,0.22568,0.5577000000000001,1.62354,-1.06584,0.3435086292915481,0.055,0.00013,93101.56,6.10305,0
2025-11-18 15:05:51.377779,93112.84,91.32000000000698,0.0980745512649028,1.10227,0.8765899999999998,0.5577,0.5212700000000001,0.0364299999999998,1.0698870067335542,0.055,0.00013,93101.555,6.106333,0
2025-11-18 15:05:53.413840,93112.84,91.32000000000698,0.0980745512649028,-0.6366899999999999,-1.7389599999999996,0.55782,1.15808,-0.60026,0.4816765681127383,0.05512,0.00013,93105.35,6.108067,0
2025-11-18 15:05:55.450399,93101.56,91.32000000000698,0.0980864337826423,-0.4658899999999999,0.1707999999999999,0.55782,1.62397,-1.06615,0.3434915669624439,0.05512,0.00056,93109.14,6.103143,1
2025-11-18 15:05:57.484112,93101.555,91.31000000001222,0.0980756980911997,-0.0001200000000002,0.4657699999999997,0.5577,1.62397,-1.0662699999999998,0.3434176739718098,0.055,0.00013,93104.16,6.109447,1
2025-11-18 15:05:59.521907,93105.35,83.72000000000116,0.0899196447894789,-0.2249499999999998,-0.2248299999999996,0.33232,1.6235399999999998,-1.2912199999999998,0.2046885201473324,0.055,0.00013,93094.15,6.108321,0
2025-11-18 15:06:01.553542,93109.14,91.29999999998836,0.0980569684136147,0.59834,0.8232899999999999,0.4652,1.1580799999999998,-0.6928799999999997,0.401699364465322,0.055,0.00013,93094.145,6.107648,0
2025-11-18 15:06:03.593559,93104.16,81.32000000000698,0.0873430360147247,-0.78576,-1.3841,0.1449,1.62354,-1.47864,0.0892494179385786,0.00011,0.00013,93094.145,6.107189,0
2025-11-18 15:06:05.630228,93094.15,81.74000000000524,0.0878035837912535,0.65553,1.44129,0.33493,1.15804,-0.82311,0.2892214431280439,0.0001,0.00043,93094.145,6.110176,0
2025-11-18 15:06:07.661190,93094.145,81.72999999999593,0.0877928466929858,0.09256,-0.56297,0.42749,1.15804,-0.7305499999999999,0.369149597595938,0.0001,0.00013,93074.05,6.113705,0
2025-11-18 15:06:09.700748,93094.145,81.72999999999593,0.0877928466929858,-0.09752,-0.19008,0.32997,1.15804,-0.82807,0.2849383440986494,0.0001,0.00013,93074.05,6.105411,0
2025-11-18 15:06:11.740404,93094.145,81.72999999999593,0.0877928466929858,0.0,0.09752,0.32997,1.15804,-0.82807,0.2849383440986494,0.0001,0.00013,93074.04,6.103141,0
2025-11-18 15:06:13.774895,93074.05,82.19999999999709,0.0883167757285699,-0.4711300000000002,-0.4711300000000002,0.32871,1.62791,-1.2992,0.2019214821458189,0.0001,0.055,93074.04,6.105858,0
2025-11-18 15:06:15.806159,93074.05,82.17999999999302,0.0882952874619649,-0.0343999999999998,0.4367300000000003,0.29459,1.62819,-1.3336,0.1809309724295076,0.0001,0.00039,93078.49,6.115187,1
2025-11-18 15:06:17.843545,93074.04,82.18000000000757,0.088295296948545,-9.999999999918982e-06,0.0343899999999999,0.29461,1.62822,-1.33361,0.1809399221235459,0.0001,0.00013,93076.14,6.112546,1
2025-11-18 15:06:19.880753,93074.04,82.18000000000757,0.088295296948545,1.10228,1.1022899999999998,0.29461,0.52594,-0.2313299999999999,0.560158953492794,0.0001,0.00013,93076.085,6.107139,1
2025-11-18 15:06:21.921346,93078.49,91.08000000000176,0.0978528981293118,0.167,-0.93528,0.46176,0.5260900000000001,-0.06433,0.8777205421125662,0.0001,0.00056,93076.08,6.098765,0
2025-11-18 15:06:23.956091,93076.14,86.38000000000466,0.0928057394730858,-0.13246,-0.29946,0.32887,0.52566,-0.19679,0.6256325381425255,0.0001,0.00013,93059.705,6.098321,0
2025-11-18 15:06:25.987892,93076.085,86.49000000000524,0.0929239771956515,-0.9697699999999998,-0.8373099999999998,0.46176,1.62832,-1.16656,0.2835806229733713,0.055,0.00052,93048.08,6.101693,0
2025-11-18 15:06:28.020111,93076.08,86.48000000001048,0.0929132382885167,0.0001,0.9698699999999998,0.46176,1.62822,-1.16646,0.2835980395769613,0.055,0.00013,93044.885,6.105551,0
2025-11-18 15:06:30.054412,93059.705,53.70999999999185,0.0577156353547347,-0.1668100000000001,-0.1669100000000002,0.29466,1.62793,-1.3332699999999995,0.1810028686737145,0.00012,0.055,93044.875,6.104913,0
2025-11-18 15:06:32.089585,93048.08,55.55999999999767,0.0597110655050568,-0.2831300000000001,-0.11632,0.23745,1.85385,-1.6164,0.1280847965045715,0.0001,1.10273,93030.97,6.106803,0
2025-11-18 15:06:34.125662,93044.885,49.169999999998254,0.0528454627032944,-0.1325299999999999,0.1506000000000002,0.10457,1.8535,-1.74893,0.0564175883463717,0.0001,0.055,93042.05,6.102972,0
2025-11-18 15:06:36.159325,93044.875,49.14999999999418,0.0528239733784307,0.4723299999999998,0.6048599999999997,0.33005,1.60665,-1.2766,0.2054274421933837,0.0001,0.47032,93042.05,6.098659,0
2025-11-18 15:06:38.196388,93030.97,76.94000000000233,0.0827036415937642,0.1685499999999999,-0.3037799999999998,0.5202199999999999,1.62827,-1.1080500000000002,0.3194924674654694,0.055,0.00047,93046.75,6.098275,1
2025-11-18 15:06:40.228634,93042.05,54.75999999999476,0.0588551090608974,0.8196299999999999,0.6510799999999999,0.23747,0.5258900000000001,-0.28842,0.4515583106733347,0.055,0.00019,93062.38,6.097545,1
2025-11-18 15:06:42.257984,93042.05,54.75999999999476,0.0588551090608974,-1.00846,-1.82809,0.27639,1.57327,-1.2968799999999998,0.1756786819808424,0.055,0.00019,93071.21,6.10748,1
2025-11-18 15:06:44.294663,93046.75,45.35999999998603,0.0487496876569961,-0.0389299999999999,0.96953,0.23746,1.57327,-1.33581,0.1509340418364298,0.00011,0.00019,93071.21,6.111868,1
2025-11-18 15:06:46.326179,93062.38,76.61999999999534,0.0823318724494208,0.6789699999999999,0.7178999999999999,0.22718,0.88402,-0.6568400000000001,0.256985136082894,4e-05,0.47032,93071.215,6.119286,1
2025-11-18 15:06:48.365464,93071.21,58.939999999987776,0.0633278540162825,-0.73359,-1.4125599999999998,0.23756,1.6279899999999998,-1.3904299999999998,0.1459222722498295,0.055,0.00019,93071.215,6.116668,1
2025-11-18 15:06:50.406531,93071.21,58.939999999987776,0.0633278540162825,0.22516,0.95875,0.46304,1.62831,-1.16527,0.2843684556380542,0.055,0.00051,93071.215,6.110822,1
2025-11-18 15:06:56.517353,93071.215,58.929999999993015,0.0633171061535975,0.0,-0.00035,0.23755,1.6279899999999998,-1.39044,0.1459161297059564,0.00011,0.00019,93069.86,6.121756,0
2025-11-18 15:06:58.558277,93071.215,58.929999999993015,0.0633171061535975,-0.0001999999999999,-0.0001999999999999,0.23755,1.62819,-1.39064,0.1458982059833312,0.00011,0.00039,93063.375,6.111951,0
2025-11-18 15:07:00.598159,93071.215,58.929999999993015,0.0633171061535975,-0.00023,-3.0000000000022037e-05,0.23755,1.62842,-1.39087,0.1458775991451837,0.00011,0.00062,93063.37,6.105807,0
2025-11-18 15:07:02.639109,93069.86,61.63999999999942,0.0662298191917334,0.1905199999999999,0.1907499999999999,0.42764,1.6279899999999998,-1.2003499999999998,0.2626797461900872,0.055,0.00019,93050.54,6.095713,0
2025-11-18 15:07:04.670228,93063.375,74.60999999998603,0.080171173675988,-0.1905699999999999,-0.3810899999999999,0.23754,1.6284599999999998,-1.3909199999999995,0.1458678751704064,0.0001,0.00066,93050.535,6.104447,0
2025-11-18 15:07:06.703966,93063.37,74.59999999999127,0.0801604326170342,9.99999999999404e-05,0.1906699999999998,0.23754,1.6283599999999998,-1.3908199999999995,0.1458768331327225,0.0001,0.00019,93050.52,6.107013,0
2025-11-18 15:07:08.734822,93050.54,48.919999999998254,0.0525735799061437,-0.1070299999999999,-0.1071299999999998,0.23748,1.7353299999999998,-1.4978499999999997,0.1368500515752047,4e-05,0.10753,93050.52,6.116445,0
2025-11-18 15:07:10.774675,93050.535,48.91000000000349,0.0525628358826776,-0.0003299999999999,0.1066999999999999,0.23748,1.73566,-1.49818,0.1368240323565675,4e-05,0.00043,93055.46,6.115935,1
2025-11-18 15:07:12.810979,93050.52,48.919999999998254,0.0525735912061515,0.0826599999999998,0.0829899999999998,0.26533,1.68085,-1.41552,0.157854656870036,0.055,0.00019,93059.455,6.11878,1
2025-11-18 15:07:14.851267,93050.52,48.919999999998254,0.0525735912061515,0.0,-0.0826599999999998,0.26533,1.68085,-1.41552,0.157854656870036,0.055,0.00019,93061.905,6.114429,1
2025-11-18 15:07:16.890610,93055.46,39.0399999999936,0.0419534759163982,1.10228,1.10228,0.26533,0.57857,-0.31324,0.4585961940646767,0.055,0.00019,93061.92,6.110916,1
2025-11-18 15:07:18.929759,93059.455,31.05000000000291,0.033365766004113,0.0,-1.10228,0.26533,0.57857,-0.31324,0.4585961940646767,0.055,0.00019,93063.11,6.102179,1
2025-11-18 15:07:20.965696,93061.905,26.14999999999418,0.0280995752236043,0.0,0.0,0.26533,0.57857,-0.31324,0.4585961940646767,0.055,0.00019,93063.11,6.093943,1
2025-11-18 15:07:23.001526,93061.92,26.139999999999414,0.0280888251607095,-1.2629399999999995,-1.2629399999999995,0.10458,1.6807599999999998,-1.57618,0.0622218520193246,4e-05,0.00043,93045.535,6.097374,0
2025-11-18 15:07:25.031938,93063.11,23.739999999990687,0.0255095708707678,1.2351599999999998,2.4980999999999995,0.23755,0.57857,-0.34102,0.4105812606944709,0.00011,0.00019,93045.54,6.10282,0
2025-11-18 15:07:27.059639,93063.11,23.739999999990687,0.0255095708707678,0.0,-1.2351599999999998,0.23755,0.57857,-0.34102,0.4105812606944709,0.00011,0.00019,93045.53,6.116185,0
2025-11-18 15:07:29.098900,93045.535,58.91000000000349,0.0633130864366608,-1.15708,-1.15708,0.23756,1.73566,-1.4981,0.1368701243331067,0.00012,0.00043,93045.53,6.109448,0
2025-11-18 15:07:31.134758,93045.54,58.90000000000873,0.0633023356090025,-0.13296,1.02412,0.1046,1.73566,-1.63106,0.060265259324983,4e-05,0.00043,93045.535,6.107013,0
2025-11-18 15:07:35.208348,93045.53,58.89999999999418,0.0633023424123589,0.0,-0.2450000000000001,0.29479,1.68085,-1.38606,0.1753815034060148,0.00012,0.00019,93045.535,6.100343,1
2025-11-18 15:07:39.273820,93045.53,58.919999999998254,0.0633238372654745,0.15426,0.2092100000000001,0.42761,1.71436,-1.2867499999999998,0.2494283581044822,0.05494,0.00017,93045.535,6.106763,1
2025-11-18 15:07:43.340248,93045.535,58.91000000000349,0.0633130864366608,0.0,0.07806,0.29465,1.65946,-1.36481,0.1775577597531727,4e-05,0.00017,93032.325,6.104963,0
2025-11-18 15:07:45.380583,93045.535,58.91000000000349,0.0633130864366608,0.0,0.0,0.29465,1.65946,-1.36481,0.1775577597531727,4e-05,0.00017,93035.095,6.096595,0
2025-11-18 15:07:47.416283,93045.535,58.91000000000349,0.0633130864366608,-0.1121699999999999,-0.1121699999999999,0.23748,1.71446,-1.4769799999999995,0.1385159175483826,4e-05,1.10255,93035.11,6.097416,0
2025-11-18 15:07:49.445211,93032.325,85.25,0.0916348161781402,0.22574,0.33791,0.46314,1.7143799999999998,-1.2512399999999997,0.2701501417422042,0.0001,0.00019,93035.11,6.107293,1
2025-11-18 15:07:51.477178,93035.095,79.69000000000233,0.0856558484730975,-0.2255200000000002,-0.4512600000000003,0.23762,1.71438,-1.47676,0.1386040434442772,0.055,0.00019,93035.105,6.114052,1
2025-11-18 15:07:53.513699,93035.11,79.70000000001164,0.085666583293137,-0.00012,0.2254000000000002,0.23748,1.71436,-1.47688,0.1385239972934506,4e-05,0.00017,93035.105,6.113243,0
2025-11-18 15:07:55.552504,93035.11,79.70000000001164,0.085666583293137,0.0,0.00012,0.23748,1.71436,-1.47688,0.1385239972934506,4e-05,0.00017,93035.105,6.106997,0
2025-11-18 15:08:03.689112,93035.105,79.69000000000233,0.0856558392662665,0.0,0.0,0.2376,1.65955,-1.4219499999999998,0.1431713416287548,0.00016,0.00019,93035.11,6.097567,1
2025-11-18 15:08:07.750415,93035.105,79.69000000000233,0.0856558392662665,0.0,0.0,0.2376,1.65955,-1.4219499999999998,0.1431713416287548,0.00016,0.00019,93038.945,6.110491,1
2025-11-18 15:08:09.786679,93035.11,79.70000000001164,0.085666583293137,0.0023899999999997,0.0023899999999997,0.2949,1.71446,-1.41956,0.1720075125695554,0.00016,1.10255,93037.395,6.106555,1
2025-11-18 15:08:11.819204,93035.105,79.69000000000233,0.0856558392662665,-8.999999999984021e-05,-0.0024799999999995,0.2949,1.7145499999999998,-1.41965,0.1719984835671167,0.00016,0.00019,93037.405,6.103757,1
2025-11-18 15:08:13.860906,93038.945,72.00999999999476,0.0773976962013001,0.13284,0.1329299999999998,0.42774,1.7145499999999998,-1.2868099999999998,0.2494765390335657,0.055,0.00019,93037.405,6.089591,0
2025-11-18 15:08:15.893234,93037.395,75.11000000000058,0.0807309791939043,-0.13285,-0.26569,0.29489,1.7145499999999998,-1.41966,0.1719926511329503,0.055,0.00019,93037.405,6.087486,1
2025-11-18 15:08:17.922961,93037.405,75.11000000000058,0.0807309705166439,-2.000000000015878e-05,0.1328299999999998,0.29478,1.71446,-1.4196799999999998,0.1719375196854986,4e-05,1.10255,93015.645,6.085822,0
2025-11-18 15:08:19.950497,93037.405,75.11000000000058,0.0807309705166439,0.00013,0.0001500000000001,0.29491,1.71446,-1.41955,0.1720133453098935,0.00017,1.10255,93015.645,6.091519,0
2025-11-18 15:08:21.980720,93037.405,75.11000000000058,0.0807309705166439,-0.00013,-0.00026,0.29478,1.71446,-1.4196799999999998,0.1719375196854986,4e-05,1.10255,93015.645,6.099601,0
2025-11-18 15:08:24.008783,93015.645,72.7100000000064,0.0781696455472693,-0.0270099999999999,-0.0268799999999999,0.2676,1.71429,-1.4466899999999998,0.1560996097509756,0.0001,1.10238,92992.6,6.131162,0
2025-11-18 15:08:26.042016,93015.645,72.69000000000233,0.0781481437880717,-0.16302,-0.13601,0.10464,1.7143499999999998,-1.6097099999999998,0.0610377110858342,4e-05,0.00016,92992.595,6.134998,0
2025-11-18 15:08:28.080321,93015.645,72.69000000000233,0.0781481437880717,0.0,0.16302,0.10464,1.7143499999999998,-1.6097099999999998,0.0610377110858342,4e-05,0.00016,92992.595,6.136981,0
2025-11-18 15:08:30.139945,92992.6,82.97999999999593,0.0892329067044,0.2256999999999999,0.2256999999999999,0.33028,1.71429,-1.38401,0.1926628516762041,4e-05,1.10238,92992.595,6.10973,0
2025-11-18 15:08:32.177014,92992.595,82.97000000000116,0.0892221579578472,0.08649,-0.1392099999999999,0.33042,1.62794,-1.29752,0.2029681683600132,0.00018,0.00014,92992.485,6.104692,0
2025-11-18 15:08:34.217302,92992.595,82.97000000000116,0.0892221579578472,0.0,-0.08649,0.33042,1.62794,-1.29752,0.2029681683600132,0.00018,0.00014,92988.655,6.096363,0
2025-11-18 15:08:36.249675,92992.595,82.97000000000116,0.0892221579578472,-7.000000000000001e-05,-7.000000000000001e-05,0.33035,1.62794,-1.29759,0.2029251692322813,0.00011,0.00014,92983.36,6.097657,0
2025-11-18 15:08:38.281706,92992.485,83.1700000000128,0.0894373346405495,-0.0628799999999999,-0.0628099999999999,0.2676,1.62807,-1.3604699999999998,0.164366397022241,0.0001,0.00023,92983.365,6.09993,0
2025-11-18 15:08:40.313665,92988.655,75.51000000000931,0.0812034543353802,-0.0733800000000001,-0.0105000000000002,0.25908,1.69293,-1.43385,0.1530364515957541,0.0001,1.08102,92995.645,6.103519,1
2025-11-18 15:08:42.347332,92983.36,86.05999999999767,0.092554194642996,0.0862399999999999,0.1596200000000001,0.25906,1.60667,-1.34761,0.16124032937691,0.00015,0.00023,92995.645,6.103728,1
2025-11-18 15:08:44.381636,92983.365,86.06999999999243,0.092564944277928,4e-05,-0.0861999999999999,0.25906,1.60663,-1.34757,0.1612443437505835,0.00015,0.00019,92995.65,6.104835,1
2025-11-18 15:08:46.417184,92995.645,76.88999999999942,0.0826812911507839,1.11412,1.11408,0.37867,0.61212,-0.23345,0.6186205319218454,0.055,0.00021,93018.085,6.109453,1
2025-11-18 15:08:48.451060,92995.645,76.86999999999534,0.0826597847673354,-1.11417,-2.2282900000000003,0.25905,1.6066700000000005,-1.3476200000000005,0.1612341053234329,0.00014,0.00023,93018.085,6.132671,1
2025-11-18 15:08:50.486471,92995.65,76.8799999999901,0.0826705335141913,0.22556,1.33973,0.48461,1.60667,-1.12206,0.3016238555521668,0.07081,0.00023,93018.085,6.13181,1
2025-11-18 15:08:54.583731,93018.085,52.65000000000873,0.0566018962871668,-0.13907,-0.10732,0.25905,1.55193,-1.29288,0.1669211884556649,0.00014,0.00023,93027.72,6.109846,1
2025-11-18 15:08:56.618281,93018.085,52.65000000000873,0.0566018962871668,0.0,0.13907,0.25905,1.55193,-1.29288,0.1669211884556649,0.00014,0.00023,93027.72,6.110562,1
2025-11-18 15:08:58.657462,93018.085,52.65000000000873,0.0566018962871668,0.0,0.0,0.25905,1.55193,-1.29288,0.1669211884556649,0.00014,0.00023,93021.68,6.105218,1
2025-11-18 15:09:00.693577,93027.72,33.38000000000466,0.0358817780334771,1.0309500000000005,1.0309500000000005,0.2954699999999999,0.5574,-0.26193,0.530086114101184,0.055,0.00023,92995.975,6.106041,0
2025-11-18 15:09:02.728843,93027.72,33.38000000000466,0.0358817780334771,0.0,-1.0309500000000005,0.2954699999999999,0.5574,-0.26193,0.530086114101184,0.055,0.00023,92995.975,6.107718,0
2025-11-18 15:09:04.762680,93021.68,45.4600000000064,0.0488703278633608,-1.0309700000000002,-1.0309700000000002,0.25903,1.55193,-1.2929,0.166908301276475,0.00012,0.00023,93003.335,6.111254,0
2025-11-18 15:09:06.799618,92995.975,96.8700000000099,0.104165798573551,1.1663,2.1972700000000005,0.4308,0.5574,-0.1266,0.7728740581270184,0.0001,0.00023,93003.335,6.107322,1
2025-11-18 15:09:08.836561,92995.975,96.8700000000099,0.104165798573551,-0.03642,-1.2027200000000002,0.39438,0.5574,-0.16302,0.707534983853606,0.0001,0.00023,93003.335,6.107768,1
2025-11-18 15:09:12.906940,93003.335,111.59000000001106,0.1199849446259223,-0.0001799999999997,1.0453100000000006,0.42975,1.63844,-1.2086899999999998,0.2622921803666903,0.0001,0.00023,93003.33,6.114147,0
2025-11-18 15:09:14.944329,93003.335,111.59000000001106,0.1199849446259223,0.0002799999999997,0.0004599999999994,0.42975,1.63816,-1.20841,0.2623370122576549,0.0001,0.00023,93003.33,6.109319,0
2025-11-18 15:09:16.984362,93003.335,111.59000000001106,0.1199849446259223,0.0,-0.0002799999999997,0.42975,1.63816,-1.20841,0.2623370122576549,0.0001,0.00023,93003.33,6.103165,0
2025-11-18 15:09:21.053648,93003.33,111.60000000000582,0.1199957033796594,-1.11611,-2.19685,0.39438,1.63816,-1.24378,0.2407457147043024,0.0001,0.00023,93032.585,6.101991,1
2025-11-18 15:09:23.087527,93003.33,111.60000000000582,0.1199957033796594,0.0,1.11611,0.39438,1.63816,-1.24378,0.2407457147043024,0.0001,0.00023,93032.585,6.095871,1
2025-11-18 15:09:25.122411,93003.33,111.60000000000582,0.1199957033796594,1.11709,1.11709,0.43073,0.55742,-0.12669,0.7727207491657996,0.0001,0.00023,93040.515,6.092383,1
2025-11-18 15:09:27.155639,93032.585,53.09000000001106,0.0570660269195046,-1.0623,-2.17939,0.44917,1.63816,-1.18899,0.2741917761390828,0.055,0.00023,93033.02,6.095442,1
2025-11-18 15:09:29.183398,93032.585,53.09000000001106,0.0570660269195046,0.0,1.0623,0.44917,1.63816,-1.18899,0.2741917761390828,0.055,0.00023,93033.02,6.101144,1
2025-11-18 15:09:31.214794,93040.515,68.95000000001164,0.0741075003722965,-0.0547699999999999,-0.0547699999999999,0.44917,1.69293,-1.24376,0.2653210705699586,0.055,0.47032,93033.02,6.101498,0
2025-11-18 15:09:35.284542,93033.02,83.91999999999825,0.0902045316813302,-2.0000000000000025e-05,0.13304,0.31622,1.69306,-1.37684,0.1867742430864825,5e-05,0.00023,93042.45,6.099486,1
2025-11-18 15:09:37.316292,93033.02,83.91999999999825,0.0902045316813302,0.0,2.0000000000000025e-05,0.31622,1.69306,-1.37684,0.1867742430864825,5e-05,0.00023,93042.46,6.108821,1
2025-11-18 15:09:39.352199,93033.02,83.91999999999825,0.0902045316813302,0.0,0.0,0.31622,1.69306,-1.37684,0.1867742430864825,5e-05,0.00023,93051.05,6.105868,1
2025-11-18 15:09:41.384028,93042.45,65.04000000000815,0.0699035762708399,1.26852,1.26852,0.44917,0.55749,-0.10832,0.8057005506825234,0.055,0.00023,93045.06,6.108719,1
2025-11-18 15:09:43.425113,93042.46,65.06000000001222,0.0699250643201095,-1.1143999999999998,-2.3829199999999995,0.44932,1.67204,-1.2227199999999998,0.2687256285734791,0.05515,0.44943,93041.065,6.096266,0
2025-11-18 15:09:45.458067,93051.05,47.88000000000466,0.0514556257022405,-0.19019,0.9242099999999998,0.2591299999999999,1.67204,-1.41291,0.154978349800244,0.055,0.44943,93022.17,6.098821,0
2025-11-18 15:09:47.492747,93045.06,59.86000000000058,0.0643344203335465,1.0000000000051634e-05,0.1902000000000001,0.25914,1.67204,-1.4129,0.1549843305184086,0.00023,0.44943,93019.47,6.098533,0
2025-11-18 15:09:49.521379,93041.065,51.86999999999534,0.055749576813201,-0.1327799999999999,-0.13279,0.12636,1.67204,-1.54568,0.0755723547283557,0.00023,1.08102,93016.97,6.109834,0
2025-11-18 15:09:51.556888,93022.17,71.05999999999767,0.0763903916668442,0.0,0.1327799999999999,0.12636,1.67204,-1.54568,0.0755723547283557,0.00023,1.08102,93016.97,6.110763,0
2025-11-18 15:09:53.591280,93019.47,65.66000000000349,0.0705873727296054,0.0,0.0,0.12636,1.67204,-1.54568,0.0755723547283557,0.00023,1.08102,93016.97,6.105138,0
2025-11-18 15:10:03.765747,93016.97,60.66000000000349,0.065213906666712,0.19273,0.19273,0.31909,1.67204,-1.35295,0.1908387359154087,0.00023,1.08102,93022.92,6.108163,1
2025-11-18 15:10:05.803014,93016.97,60.66000000000349,0.065213906666712,0.0,-0.19273,0.31909,1.67204,-1.35295,0.1908387359154087,0.00023,1.08102,93022.885,6.109844,1
2025-11-18 15:10:07.838542,93016.97,60.66000000000349,0.065213906666712,0.0,0.0,0.31909,1.67204,-1.35295,0.1908387359154087,0.00023,1.08102,93028.915,6.109911,1
2025-11-18 15:10:09.873910,93022.92,72.55999999999767,0.078002281588234,-0.19275,-0.19275,0.12634,1.67204,-1.5457,0.0755603932920265,0.00023,1.08102,93028.915,6.110963,1
2025-11-18 15:10:11.912858,93022.885,72.49000000000524,0.077927060636751,0.19275,0.3855,0.31909,1.67204,-1.35295,0.1908387359154087,0.00023,1.08102,93026.17,6.105914,1
2025-11-18 15:10:13.948453,93028.915,84.55000000000291,0.0908857208535678,-0.19277,-0.38552,0.12632,1.67204,-1.54572,0.0755484318556972,0.00023,1.08102,93026.17,6.104452,0
2025-11-18 15:10:15.984873,93028.915,84.55000000000291,0.0908857208535678,0.0,0.19277,0.12632,1.67204,-1.54572,0.0755484318556972,0.00023,1.08102,93017.945,6.103213,0
2025-11-18 15:10:18.018772,93026.17,79.05999999999767,0.0849868375748433,0.0,0.0,0.12632,1.67204,-1.54572,0.0755484318556972,0.00023,1.08102,93017.945,6.10705,0
2025-11-18 15:10:20.052905,93026.17,79.05999999999767,0.0849868375748433,0.0,0.0,0.12632,1.67204,-1.54572,0.0755484318556972,0.00023,1.08102,93011.645,6.112506,0
2025-11-18 15:10:22.088086,93017.945,83.90999999998894,0.0902084001103109,0.0,0.0,0.12632,1.67204,-1.54572,0.0755484318556972,0.00023,1.08102,93019.385,6.114046,1
2025-11-18 15:10:24.125822,93017.945,83.90999999998894,0.0902084001103109,0.0,0.0,0.12632,1.67204,-1.54572,0.0755484318556972,0.00023,1.08102,93028.53,6.113141,1
2025-11-18 15:10:26.165411,93011.645,71.30999999999767,0.0766678193897093,0.0,0.0,0.12632,1.67204,-1.54572,0.0755484318556972,0.00023,1.08102,93028.53,6.116618,1
2025-11-18 15:10:28.202132,93019.385,80.83000000000175,0.0868958658455995,0.19272,0.19272,0.31904,1.67204,-1.353,0.1908088323245855,0.055,1.08102,93037.26,6.116241,1
2025-11-18 15:10:30.238963,93028.53,87.32000000000698,0.0938636781641148,-0.19272,-0.38544,0.12632,1.67204,-1.54572,0.0755484318556972,0.00023,1.08102,93032.375,6.118041,1
2025-11-18 15:10:32.282029,93028.53,87.32000000000698,0.0938636781641148,0.22552,0.41824,0.35184,1.67204,-1.3201999999999998,0.2104255879045956,0.00023,1.08102,93038.32,6.106509,1
2025-11-18 15:10:34.318373,93037.26,75.44000000000233,0.0810857929393044,-0.0927,-0.31822,0.25914,1.67204,-1.4129,0.1549843305184086,0.055,1.08102,93040.815,6.106262,1
2025-11-18 15:10:36.357004,93032.375,85.20999999999185,0.0915917711441762,0.0001799999999999,0.09288,0.25932,1.67204,-1.41272,0.1550919834453721,0.00023,1.08102,93044.315,6.104657,1
2025-11-18 15:10:38.388538,93038.32,73.34000000001106,0.0788277346366648,-2.000000000004819e-05,-0.0002,0.2593,1.67204,-1.41274,0.1550800220090428,0.00039,0.44943,93043.71,6.105783,1
2025-11-18 15:10:40.424635,93040.815,68.35000000000582,0.0734623831487351,-0.133,-0.1329799999999999,0.1263,1.67204,-1.54574,0.0755364704193679,0.055,0.44943,93043.715,6.109342,1
2025-11-18 15:10:42.461661,93044.315,61.35000000000582,0.0659363229231209,0.13276,0.26576,0.25906,1.67204,-1.41298,0.1549364847730915,0.00015,0.44943,93050.955,6.107324,1
2025-11-18 15:10:44.494321,93043.71,62.560000000012224,0.0672372157129291,0.0006599999999998,-0.1321000000000001,0.2593,1.67162,-1.4123200000000002,0.1551189863725009,0.05516,0.44901,93050.96,6.106797,1
2025-11-18 15:10:46.533977,93043.715,62.55000000000291,0.0672264644635082,0.9775600000000002,0.9769000000000004,0.38144,0.8162,-0.43476,0.4673364371477579,0.00023,0.44901,93050.96,6.106243,1
2025-11-18 15:10:48.568985,93050.955,48.070000000006985,0.0516598674350058,-0.9777600000000002,-1.9553200000000004,0.2591,1.67162,-1.4125200000000002,0.1549993419557076,0.00023,0.44901,93050.96,6.109586,1
2025-11-18 15:10:50.601118,93050.96,48.060000000012224,0.0516491178597321,-0.13285,0.8449100000000002,0.12625,1.67162,-1.54537,0.0755255381007645,0.00023,0.44901,93043.97,6.114961,0
2025-11-18 15:10:52.640220,93050.96,48.060000000012224,0.0516491178597321,0.0,0.13285,0.12625,1.67162,-1.54537,0.0755255381007645,0.00023,0.44901,93029.915,6.111327,0
2025-11-18 15:10:54.678571,93050.96,48.060000000012224,0.0516491178597321,0.0,0.0,0.12625,1.67162,-1.54537,0.0755255381007645,0.00023,0.44901,93021.355,6.105481,0
2025-11-18 15:10:56.716079,93043.97,62.05999999999767,0.0666996474892437,0.1884099999999998,0.1884099999999998,0.3190199999999999,1.67598,-1.35696,0.190348333512333,0.00023,0.08649,93021.355,6.100185,0
2025-11-18 15:10:58.751547,93029.915,64.68999999998778,0.0695367721232334,-0.19276,-0.3811699999999999,0.1262599999999999,1.67598,-1.54972,0.0753350278642943,0.00023,0.055,93021.355,6.102876,0
2025-11-18 15:11:02.816264,93021.355,81.7899999999936,0.087926046658849,0.0,-0.13284,0.2591,1.67598,-1.41688,0.1545961168987696,0.00023,1.08102,93008.205,6.105694,0
2025-11-18 15:11:04.854423,93021.355,81.7899999999936,0.087926046658849,0.0,0.0,0.2591,1.67598,-1.41688,0.1545961168987696,0.00023,1.08102,92994.835,6.102917,0
2025-11-18 15:11:06.888040,93021.355,81.7899999999936,0.087926046658849,-0.13282,-0.13282,0.12628,1.67598,-1.5497,0.075346961180921,0.00023,1.08102,92994.835,6.101537,0
2025-11-18 15:11:08.921958,93008.205,55.48999999999069,0.0596614029912637,0.19282,0.32564,0.3191,1.67598,-1.35688,0.1903960667788398,0.00023,1.08102,92987.715,6.104308,0
2025-11-18 15:11:10.957340,92994.835,82.22999999999593,0.0884242657132473,-0.1928,-0.3856199999999999,0.1263,1.67598,-1.54968,0.0753588944975477,0.00023,1.08102,92987.05,6.106114,0
2025-11-18 15:11:12.989577,92994.835,82.22999999999593,0.0884242657132473,0.0,0.1928,0.1263,1.67598,-1.54968,0.0753588944975477,0.00023,1.08102,92984.51,6.109969,0
2025-11-18 15:11:15.026266,92987.715,67.99000000000524,0.0731171854260589,0.42042,0.42042,0.31915,1.44841,-1.12926,0.2203450680401267,0.00023,1.08102,92981.66,6.109595,0
2025-11-18 15:11:17.063454,92987.05,69.27999999999884,0.0745049982766404,-0.22757,-0.6479900000000001,0.31915,1.67598,-1.35683,0.1904259000704065,0.00023,1.08102,92971.965,6.101178,0
2025-11-18 15:11:19.099546,92984.51,64.19999999999709,0.0690437579334419,-0.19283,0.0347399999999999,0.12632,1.67598,-1.54966,0.0753708278141743,0.00023,1.08102,92971.965,6.104844,0
2025-11-18 15:11:21.135861,92981.66,58.5,0.0629156330398919,0.0,0.19283,0.12632,1.67598,-1.54966,0.0753708278141743,0.00023,1.08102,92971.965,6.107399,0
2025-11-18 15:11:25.204390,92971.965,39.11000000000058,0.0420664444383859,0.0,-0.1929,0.31922,1.67598,-1.35676,0.1904676666786,0.00023,1.08102,92966.865,6.113346,0
2025-11-18 15:11:27.243260,92971.965,39.11000000000058,0.0420664444383859,0.0,0.0,0.31922,1.67598,-1.35676,0.1904676666786,0.00023,1.08102,92963.865,6.104038,0
2025-11-18 15:11:29.280409,92971.965,39.11000000000058,0.0420664444383859,-0.13919,-0.13919,0.31944,1.81539,-1.49595,0.1759621899426569,0.00023,1.08102,92947.605,6.104594,0
2025-11-18 15:11:31.317736,92966.865,28.91000000000349,0.0310971011015628,-0.19312,-0.05393,0.12632,1.81539,-1.68907,0.0695828444576647,0.00023,1.08102,92947.6,6.120687,0
2025-11-18 15:11:33.347298,92963.865,22.91000000000349,0.0246439839823822,0.0,0.19312,0.12632,1.81539,-1.68907,0.0695828444576647,0.00023,1.08102,92947.6,6.121535,0
2025-11-18 15:11:35.385003,92947.605,79.02999999999884,0.0850263973988343,0.19281,0.19281,0.3191299999999999,1.81539,-1.49626,0.1757914277372906,0.0001,1.08102,92947.6,6.142773,0
2025-11-18 15:11:39.468833,92947.6,79.0,0.08499412572245,0.1929,0.38587,0.31906,1.81539,-1.49633,0.1757528685296272,7e-05,1.08102,92947.605,6.129655,1
2025-11-18 15:11:41.527776,92947.6,79.0,0.08499412572245,0.0,-0.1929,0.31906,1.81539,-1.49633,0.1757528685296272,7e-05,1.08102,92956.575,6.101609,1
2025-11-18 15:11:43.561732,92947.6,79.0,0.08499412572245,0.0,0.0,0.31906,1.81539,-1.49633,0.1757528685296272,7e-05,1.08102,92962.665,6.100563,1
2025-11-18 15:11:45.598488,92947.605,79.00999999999476,0.0850048798998045,-0.26355,-0.26355,0.05551,1.81539,-1.75988,0.0305774516770501,7e-05,0.45337,92962.67,6.093434,1
2025-11-18 15:11:47.629385,92956.575,61.070000000006985,0.0656973430873577,0.3428399999999999,0.60639,0.25894,1.67598,-1.41704,0.1545006503657561,0.055,0.45337,92962.675,6.093934,1
2025-11-18 15:11:49.662295,92962.665,48.88999999999942,0.0525910052169862,0.0,-0.3428399999999999,0.25894,1.67598,-1.41704,0.1545006503657561,0.055,0.45337,92962.675,6.096906,1
2025-11-18 15:11:51.691922,92962.67,48.88000000000466,0.0525802453823719,0.17096,0.17096,0.4299,1.67598,-1.24608,0.2565066408907027,0.00023,0.45337,92947.6,6.100267,0
2025-11-18 15:11:53.723319,92962.675,48.86999999999534,0.0525694855488994,-0.3965999999999999,-0.56756,0.2041,1.84678,-1.64268,0.1105166830916514,7e-05,0.45337,92947.59,6.108055,0
2025-11-18 15:11:55.759201,92962.675,48.86999999999534,0.0525694855488994,0.0,0.3965999999999999,0.2041,1.84678,-1.64268,0.1105166830916514,7e-05,0.45337,92947.595,6.09622,0
2025-11-18 15:11:57.792189,92947.6,111.5,0.1199600635196605,0.06004,0.06004,0.26424,1.84688,-1.58264,0.1430737243350948,7e-05,1.08102,92947.595,6.09782,0
2025-11-18 15:11:59.831374,92947.59,111.52000000000407,0.1199815939283676,0.13293,0.0728899999999999,0.39717,1.84688,-1.44971,0.2150491639954951,0.0001,1.08102,92947.595,6.086803,1
2025-11-18 15:12:07.955784,92947.595,111.51000000000931,0.1199708287234428,0.0,0.0,0.26444,1.84688,-1.58244,0.1431820150740708,7e-05,1.08102,92933.58,6.106134,0
2025-11-18 15:12:09.994594,92947.595,111.51000000000931,0.1199708287234428,0.0,0.0,0.26444,1.84688,-1.58244,0.1431820150740708,7e-05,1.08102,92933.58,6.107537,0
2025-11-18 15:12:12.025611,92947.595,111.51000000000931,0.1199708287234428,-0.13836,-0.13836,0.12608,1.84688,-1.7208,0.0682664818504721,7e-05,1.08102,92940.245,6.109369,0
2025-11-18 15:12:14.061918,92933.58,83.48000000001048,0.0898275951491489,-0.0390999999999999,0.09926,0.05549,1.81539,-1.7599,0.0305664347605748,7e-05,1.08102,92920.76,6.105687,0
2025-11-18 15:12:16.102131,92933.58,83.48000000001048,0.0898275951491489,0.0,0.0390999999999999,0.05549,1.81539,-1.7599,0.0305664347605748,7e-05,1.08102,92918.885,6.103284,0
2025-11-18 15:12:18.134980,92940.245,70.15000000000873,0.0754786045593152,0.0705899999999998,0.0705899999999998,0.12608,1.81539,-1.68931,0.0694506414599617,7e-05,0.45337,92938.455,6.100593,0
2025-11-18 15:12:20.167605,92920.76,50.33999999999651,0.0541751918516341,-9.999999999990572e-05,-0.0706899999999998,0.12608,1.81549,-1.68941,0.0694468160111044,7e-05,1.08102,92941.16,6.104526,1
2025-11-18 15:12:22.205415,92918.885,54.08999999999651,0.0582120631344171,0.0002199999999999,0.0003199999999999,0.1263,1.81549,-1.68919,0.0695679954172151,7e-05,1.08102,92941.16,6.099637,1
2025-11-18 15:12:24.235573,92938.455,72.36999999999534,0.0778687358209207,-1.999999999999225e-05,-0.0002399999999999,0.12608,1.81529,-1.68921,0.0694544673302888,0.055,0.0001,92934.815,6.100938,0
2025-11-18 15:12:26.272131,92941.16,66.9600000000064,0.0720455823878316,-0.07055,-0.07053,0.05553,1.81529,-1.75976,0.0305901536393634,7e-05,0.0001,92934.815,6.104274,0
2025-11-18 15:12:28.305052,92941.16,66.9600000000064,0.0720455823878316,-0.00745,0.0630999999999999,0.12608,1.89329,-1.7672100000000002,0.0665930734330187,7e-05,0.0001,92937.405,6.107365,0
2025-11-18 15:12:30.336511,92934.815,79.64999999999418,0.0857052332863568,0.00015,0.0076,0.12623,1.89329,-1.76706,0.0666723005984291,0.00022,0.0001,92932.155,6.112559,0
2025-11-18 15:12:32.376405,92934.815,79.64999999999418,0.0857052332863568,-0.00015,-0.0003,0.12608,1.89329,-1.7672100000000002,0.0665930734330187,7e-05,0.0001,92932.495,6.100124,0
2025-11-18 15:12:34.412417,92937.405,74.47000000000116,0.0801292009390634,8.99999999999998e-05,0.0002399999999999,0.12617,1.89329,-1.7671200000000002,0.066640609732265,0.055,0.0001,92932.49,6.103696,0
2025-11-18 15:12:36.449070,92932.155,84.95000000001164,0.0914107716538066,0.2658,0.26571,0.2592,1.76052,-1.5013200000000002,0.1472292277281712,0.05519,0.00023,92926.95,6.103851,0
2025-11-18 15:12:38.476529,92932.495,85.63000000000466,0.0921421511388504,-0.0002499999999999,-0.26605,0.25901,1.76058,-1.50157,0.1471162912222108,0.055,0.00029,92926.95,6.113502,0
2025-11-18 15:12:40.516113,92932.49,85.6200000000099,0.0921313955969649,0.0002699999999999,0.0005199999999999,0.25922,1.76052,-1.5013,0.1472405880080885,0.05521,0.00023,92925.845,6.111191,0
2025-11-18 15:12:42.552921,92926.95,96.69999999999708,0.1040602322577003,0.25354,0.25327,0.31922,1.56698,-1.24776,0.203716703467817,0.055,0.00029,92914.625,6.113068,0
2025-11-18 15:12:44.590031,92926.95,96.67999999999302,0.1040387099759467,-0.1607999999999999,-0.4143399999999999,0.12622,1.53478,-1.40856,0.0822397998410195,0.00021,0.00023,92918.31,6.112334,0
2025-11-18 15:12:46.627304,92925.845,98.88999999999942,0.1064181875343715,1.07811,1.2389100000000002,0.38145,0.7119,-0.3304499999999999,0.5358196375895491,0.0001,0.00023,92913.205,6.11006,0
2025-11-18 15:12:48.665989,92914.625,87.23000000001048,0.093881883503281,-0.93991,-2.01802,0.31936,1.58972,-1.2703600000000002,0.2008907228945977,0.055,0.055,92909.45,6.104761,0
2025-11-18 15:12:50.702365,92918.31,76.04000000000815,0.0818353239528443,-0.19296,0.74695,0.12636,1.58968,-1.46332,0.0794876956368577,0.00021,1.08102,92909.445,6.103294,0
2025-11-18 15:12:52.737364,92913.205,86.23000000001048,0.0928070450266035,0.19296,0.38592,0.31936,1.58972,-1.2703600000000002,0.2008907228945977,0.0001,0.00023,92919.755,6.100891,1
2025-11-18 15:12:54.770750,92909.45,78.72000000000116,0.0847276568745172,-0.1929500000000001,-0.3859100000000002,0.12636,1.58967,-1.46331,0.0794881956632508,0.0001,0.00023,92922.98,6.103132,1
2025-11-18 15:12:56.805659,92909.445,78.7100000000064,0.0847168982658398,-4.999999999999449e-05,0.1929000000000001,0.12636,1.58972,-1.46336,0.0794856955941926,0.0001,0.45337,92922.98,6.106975,1
2025-11-18 15:12:58.838255,92919.755,58.05000000000291,0.0624732598573929,1.30665,1.3067000000000002,0.35205,0.50876,-0.15671,0.691976570485101,0.055,0.00023,92925.675,6.111186,1
2025-11-18 15:13:00.873882,92922.98,51.61999999999534,0.0555513824459733,-1.1136500000000005,-2.4203,0.31936,1.58972,-1.2703600000000002,0.2008907228945977,0.055,0.00023,92946.38,6.115483,1
2025-11-18 15:13:02.912634,92922.98,51.61999999999534,0.0555513824459733,0.0,1.1136500000000005,0.31936,1.58972,-1.2703600000000002,0.2008907228945977,0.055,0.00023,92946.38,6.113074,1
2025-11-18 15:13:04.949441,92925.675,46.20999999999185,0.0497279142712623,-0.1381,-0.1381,0.12632,1.53478,-1.40846,0.0823049557591315,0.055,0.00023,92946.38,6.110407,1
2025-11-18 15:13:11.059848,92946.38,64.63999999999942,0.0695454734224177,-0.0779,-0.0779,0.12631,1.53478,-1.40847,0.0822984401673204,0.00016,0.00023,92939.735,6.158081,0
2025-11-18 15:13:13.141149,92946.38,64.63999999999942,0.0695454734224177,0.1329,0.2108,0.25921,1.53478,-1.27557,0.1688906553382243,0.00016,0.00023,92939.735,6.111871,0
2025-11-18 15:13:15.177972,92946.38,64.63999999999942,0.0695454734224177,-0.1877999999999999,-0.3207,0.12631,1.58968,-1.46337,0.0794562427658396,0.00016,0.00023,92927.715,6.109934,0
2025-11-18 15:13:17.217929,92939.735,77.92999999999302,0.0838500346487893,0.13284,0.32064,0.25915,1.58968,-1.33053,0.1630202304866388,0.055,0.00023,92924.415,6.115075,0
2025-11-18 15:13:19.253020,92939.735,77.92999999999302,0.0838500346487893,0.0,-0.13284,0.25915,1.58968,-1.33053,0.1630202304866388,0.055,0.00023,92924.41,6.116522,0
2025-11-18 15:13:21.287906,92927.715,74.2100000000064,0.0798577690197229,0.0,0.0,0.25915,1.58968,-1.33053,0.1630202304866388,0.0001,1.08102,92924.41,6.118944,0
2025-11-18 15:13:23.333004,92924.415,67.61000000000058,0.0727580582562726,0.06371,0.06371,0.3229,1.58972,-1.26682,0.2031175301310922,0.0001,0.00023,92924.41,6.106827,0
2025-11-18 15:13:29.439831,92924.41,67.60000000000582,0.0727473007361637,0.0,0.0,0.3229,1.58968,-1.26678,0.2031226410346736,0.0001,0.00023,92912.65,6.109979,0
2025-11-18 15:13:31.468881,92924.41,67.60000000000582,0.0727473007361637,-0.19658,-0.19658,0.12632,1.58968,-1.46336,0.0794625333400432,0.0001,0.00023,92912.65,6.13342,0
2025-11-18 15:13:33.512505,92924.41,67.60000000000582,0.0727473007361637,0.0,0.19658,0.12632,1.58968,-1.46336,0.0794625333400432,0.0001,0.00023,92897.055,6.128814,0
2025-11-18 15:13:35.549810,92912.65,91.05999999999769,0.0980060303952127,0.1965399999999999,0.1965399999999999,0.3229,1.58972,-1.26682,0.2031175301310922,0.0001,0.00023,92887.2,6.124489,0
2025-11-18 15:13:37.602301,92912.65,91.05999999999769,0.0980060303952127,0.0,-0.1965399999999999,0.3229,1.58972,-1.26682,0.2031175301310922,0.0001,0.00023,92887.195,6.107004,0
2025-11-18 15:13:39.641319,92897.055,80.31000000001222,0.0864505338732344,0.0001699999999999,0.0001699999999999,0.32308,1.58973,-1.26665,0.2032294792197417,0.0001,0.00023,92887.19,6.10112,0
2025-11-18 15:13:41.674299,92887.2,60.60000000000582,0.0652404206392332,-0.1966,-0.19677,0.12647,1.58972,-1.46325,0.0795548901693379,0.0001,0.055,92922.745,6.108237,1
2025-11-18 15:13:43.709305,92887.195,60.59000000001106,0.0652296584044884,0.0,0.1966,0.12647,1.58972,-1.46325,0.0795548901693379,0.0001,0.00023,92922.735,6.106513,1
2025-11-18 15:13:45.742439,92887.19,60.58000000000175,0.0652188961685693,0.00018,0.00018,0.12665,1.5897200000000002,-1.4630700000000003,0.0796681176559394,0.0001,0.00023,92922.735,6.108812,1
2025-11-18 15:13:47.782536,92922.745,70.91000000000349,0.0763107030469273,-0.13311,-0.13329,0.12631,1.72249,-1.5961800000000002,0.0733298887076267,0.055,0.45337,92910.655,6.102047,0
2025-11-18 15:13:49.815818,92922.735,70.88999999999942,0.0762891880011919,0.3204999999999999,0.4536099999999999,0.25915,1.53483,-1.27568,0.1688460611272909,0.055,0.00023,92910.65,6.107218,0
2025-11-18 15:13:51.851251,92922.735,70.88999999999942,0.0762891880011919,-0.0547499999999999,-0.3752499999999999,0.2593,1.58973,-1.3304300000000002,0.1631094588389223,0.05515,0.00023,92910.645,6.101937,0
2025-11-18 15:13:53.884583,92910.655,87.35000000000582,0.0940150513415343,-0.0001400000000002,0.0546099999999997,0.25915,1.58972,-1.33057,0.1630161286264247,0.0001,1.08102,92916.29,6.101228,1
2025-11-18 15:13:55.923036,92910.65,87.34000000001106,0.0940042933721926,-0.13294,-0.1327999999999997,0.12631,1.58982,-1.46351,0.0794492458265715,0.0001,0.00033,92919.485,6.096016,1
2025-11-18 15:13:57.953188,92910.645,87.33000000000175,0.0939935354016773,9.999999999993348e-05,0.1330399999999999,0.12631,1.58972,-1.46341,0.0794542435145811,0.0001,0.00023,92919.485,6.105671,1
2025-11-18 15:13:59.985811,92916.29,83.77999999999884,0.0901671816642688,0.13284,0.13274,0.25915,1.58972,-1.33057,0.1630161286264247,0.055,0.00023,92919.485,6.10862,1
2025-11-18 15:14:02.019052,92919.485,77.38999999999942,0.0832871598459671,0.0637299999999998,-0.0691100000000001,0.32289,1.58973,-1.2668400000000002,0.2031099620690306,0.055,0.00023,92922.135,6.110954,1
2025-11-18 15:14:04.058859,92919.485,77.38999999999942,0.0832871598459671,0.0001299999999999,-0.0635999999999998,0.32302,1.58973,-1.2667100000000002,0.2031917369616223,0.05513,0.00023,92922.14,6.108478,1
2025-11-18 15:14:06.094431,92919.485,77.38999999999942,0.0832871598459671,0.0,-0.0001299999999999,0.32302,1.58973,-1.2667100000000002,0.2031917369616223,0.05513,0.00023,92925.93,6.112624,1
2025-11-18 15:14:08.130006,92922.135,72.08999999999651,0.0775810844208395,1.08079,1.08079,0.32289,0.50881,-0.1859199999999999,0.6345983766042335,0.055,0.00023,92932.62,6.110389,1
2025-11-18 15:14:10.167337,92922.14,72.0799999999872,0.0775703185483967,-0.19654,-1.27733,0.12635,0.50881,-0.3824599999999999,0.2483245219237043,0.0002,0.00023,92932.62,6.105099,1
2025-11-18 15:14:12.207055,92925.93,64.5,0.0694101205121111,0.1328,0.32934,0.25915,0.50881,-0.24966,0.509325681492109,0.055,0.00023,92981.3,6.098521,1
2025-11-18 15:14:14.240395,92932.62,51.11999999999534,0.0550075958258739,-0.13282,-0.26562,0.12633,0.50881,-0.38248,0.2482852145201548,0.055,0.00023,92981.3,6.104748,1
2025-11-18 15:14:16.272436,92932.62,51.11999999999534,0.0550075958258739,0.13282,0.26564,0.25915,0.50881,-0.24966,0.509325681492109,0.055,0.00023,92981.3,6.108103,1
2025-11-18 15:14:18.305576,92981.3,14.139999999999418,0.0152073588990468,-1.13952,-1.27234,0.28703,1.67621,-1.38918,0.1712374941087334,0.055,0.00023,92986.615,6.109757,1
2025-11-18 15:14:20.345143,92981.3,14.139999999999418,0.0152073588990468,0.0863699999999999,1.22589,0.28703,1.58984,-1.30281,0.1805401801439138,0.055,0.00023,92988.365,6.104736,1
2025-11-18 15:14:22.380539,92981.3,14.139999999999418,0.0152073588990468,0.45337,0.3670000000000001,0.28703,1.13647,-0.8494400000000001,0.2525627601256522,0.055,0.00023,93016.26,6.109545,1
2025-11-18 15:14:24.415333,92986.615,3.5099999999947613,0.0037747368263644,0.7097800000000002,0.2564100000000001,0.45553,0.59519,-0.13966,0.7653522404610292,0.055,0.00023,93013.61,6.105309,1
2025-11-18 15:14:26.449879,92988.365,0.0099999999947613,1.0754033576954828e-05,-1.0260200000000002,-1.7358000000000002,0.45553,1.62121,-1.16568,0.2809814891346586,0.055,0.00023,93005.615,6.100851,1
2025-11-18 15:14:28.490084,93016.26,55.80000000000291,0.0599895115112163,0.0001,1.02612,0.45553,1.62111,-1.16558,0.2809988217949429,0.055,0.0001,93005.615,6.100732,0
2025-11-18 15:14:30.520642,93013.61,61.0799999999872,0.0656678092592978,-0.10137,-0.10147,0.32264,1.58959,-1.26695,0.2029705773186796,0.00011,0.0001,92999.575,6.104194,0
2025-11-18 15:14:32.550730,93005.615,77.06999999999243,0.0828659645979357,0.5860000000000001,0.68737,0.45553,1.13648,-0.6809499999999999,0.4008253554835985,0.055,0.0001,92986.405,6.112934,0
2025-11-18 15:14:34.590816,93005.615,77.06999999999243,0.0828659645979357,0.0,-0.5860000000000001,0.45553,1.13648,-0.6809499999999999,0.4008253554835985,0.055,0.0001,92986.405,6.105344,0
2025-11-18 15:14:36.624836,92999.575,89.14999999999418,0.0958606531266343,0.0,0.0,0.45553,1.1364800000000002,-0.6809500000000002,0.4008253554835984,0.055,0.0001,92986.4,6.108083,0
2025-11-18 15:14:38.663664,92986.405,85.19000000000233,0.0916155431538646,-0.64949,-0.64949,0.25915,1.58959,-1.33044,0.1630294604269025,0.055,0.0001,92986.4,6.105593,0
2025-11-18 15:14:42.732919,92986.4,85.18000000000757,0.0916047938193193,1.08092,0.8845700000000001,0.45564,0.50881,-0.0531699999999999,0.8955012676637646,0.055,0.0001,92986.405,6.099174,1
2025-11-18 15:14:44.769257,92986.4,85.18000000000757,0.0916047938193193,0.0,-1.08092,0.45564,0.50881,-0.0531699999999999,0.8955012676637646,0.055,0.0001,92991.445,6.102433,1
2025-11-18 15:14:46.803721,92986.405,85.16999999999825,0.0915940346333405,-0.07077,-0.07077,0.38487,0.50881,-0.1239399999999999,0.7564120202040056,0.00014,0.0001,92991.445,6.104115,1
2025-11-18 15:14:48.832093,92986.405,85.16999999999825,0.0915940346333405,0.0,0.07077,0.38487,0.50881,-0.1239399999999999,0.7564120202040056,0.00014,0.0001,92991.445,6.116546,1
2025-11-18 15:15:01.058870,92991.445,75.09000000001106,0.0807493635570573,0.0,0.0,0.45558,1.58973,-1.13415,0.2865769658998697,0.055,0.0001,92999.44,6.103439,1
2025-11-18 15:15:03.096387,92991.445,75.09000000001106,0.0807493635570573,0.03881,0.03881,0.49449,1.58983,-1.0953400000000002,0.3110332551279067,0.055,0.0001,92999.435,6.100228,1
2025-11-18 15:15:05.131768,92991.445,75.09000000001106,0.0807493635570573,9.99999999999404e-05,-0.0387100000000001,0.49449,1.58973,-1.09524,0.3110528202902379,0.055,0.0001,93002.785,6.102233,1
2025-11-18 15:15:07.162309,92999.44,59.11999999999534,0.0635702752618675,-0.2353699999999999,-0.2354699999999999,0.25912,1.58973,-1.33061,0.1629962320645644,0.055,0.00024,93002.785,6.111516,1
2025-11-18 15:15:09.196615,92999.435,59.11000000000058,0.0635595259261527,0.2513199999999999,0.4866899999999999,0.45554,1.53483,-1.07929,0.2968016001772183,0.055,0.0001,93015.055,6.113514,1
2025-11-18 15:15:11.234001,93002.785,52.41000000000349,0.0563531511448861,-0.19644,-0.4477599999999999,0.2591,1.53483,-1.2757300000000005,0.1688134842295237,0.00015,0.0001,93025.285,6.11397,1
2025-11-18 15:15:13.273825,93002.785,52.41000000000349,0.0563531511448861,0.0,0.19644,0.2591,1.53483,-1.2757300000000005,0.1688134842295237,0.00015,0.0001,93027.735,6.113389,1
2025-11-18 15:15:15.310129,93015.055,64.3700000000099,0.0692038509250033,0.0552900000000001,0.0552900000000001,0.45554,1.67598,-1.22044,0.2718051528061194,0.055,0.0001,93023.145,6.105902,1
2025-11-18 15:15:17.347971,93025.285,43.88999999999942,0.0471807208115507,0.93921,0.88392,0.25909,0.54032,-0.28123,0.4795121409535091,0.055,0.0001,93034.395,6.107873,1
2025-11-18 15:15:19.387214,93027.735,71.36999999999534,0.0767190558815554,-1.08102,-2.02023,0.25909,1.62134,-1.36225,0.1597999185858611,0.055,0.0001,93034.395,6.101689,1
2025-11-18 15:15:21.416031,93023.145,80.55000000000291,0.0865913531519525,1.08102,2.16204,0.25909,0.54032,-0.28123,0.4795121409535091,0.00014,0.0001,93034.4,6.104899,1
2025-11-18 15:15:25.488903,93034.395,58.05000000000291,0.0623962782796651,0.19634,1.19087,0.45543,1.53485,-1.07942,0.2967260644362641,0.055,0.0001,93034.4,6.09985,1
2025-11-18 15:15:27.520930,93034.4,58.05999999999767,0.0624070236385655,-0.0863399999999999,-0.2826799999999999,0.45558,1.62134,-1.16576,0.2809897985616835,0.05515,0.00036,93034.395,6.103702,0
2025-11-18 15:15:29.552010,93034.395,58.05000000000291,0.0623962782796651,-0.05479,0.0315499999999999,0.45543,1.67598,-1.22055,0.2717395195646726,0.055,0.0001,93037.295,6.10442,1
2025-11-18 15:15:31.588753,93034.4,58.05999999999767,0.0624070236385655,0.0,0.05479,0.45543,1.67598,-1.22055,0.2717395195646726,0.055,0.0001,93037.3,6.101492,1
2025-11-18 15:15:33.624632,93034.395,58.05000000000291,0.0623962782796651,-0.0465999999999999,-0.0465999999999999,0.3226,1.58975,-1.26715,0.2029249882056927,0.00017,0.0001,93039.845,6.099016,1
2025-11-18 15:15:35.656430,93037.295,72.20999999999185,0.0776140363926013,0.99453,1.04113,0.3226,0.59522,-0.27262,0.5419844763280804,0.055,0.00026,93039.84,6.099471,1
2025-11-18 15:15:37.690245,93037.3,72.22000000000116,0.0776247805987503,0.13299,-0.8615400000000002,0.45543,0.59506,-0.13963,0.7653513931368265,0.055,0.0001,93038.515,6.09941,1
2025-11-18 15:15:39.723648,93039.845,67.13000000000466,0.0721518828841607,-1.1588700000000005,-1.2918600000000002,0.32258,1.62108,-1.2985000000000002,0.1989907962592839,0.055,0.0001,93028.17,6.099466,0
2025-11-18 15:15:41.755901,93039.84,67.11999999999534,0.0721411386777915,1.21361,2.3724800000000004,0.45543,0.54032,-0.08489,0.8428893988747409,0.055,0.0001,93028.17,6.10194,0
2025-11-18 15:15:43.789655,93038.515,64.45000000001164,0.0692723868174504,-1.18229,-2.3959,0.3225699999999999,1.58975,-1.26718,0.202906117314043,0.00014,1.08102,93028.17,6.104077,0
2025-11-18 15:15:45.823114,93028.17,73.33999999999651,0.0788363352734946,0.0464599999999999,1.22875,0.4555,1.67622,-1.22072,0.2717423727195714,0.055,0.00034,93032.455,6.103149,1
2025-11-18 15:15:47.857841,93028.17,73.32000000000698,0.0788148364092371,-0.1413999999999999,-0.1878599999999999,0.2591,1.62122,-1.36212,0.1598179149035911,0.00015,0.0001,93023.875,6.103358,0
2025-11-18 15:15:49.893732,93028.17,73.32000000000698,0.0788148364092371,-0.05476,0.0866399999999998,0.2591,1.67598,-1.41688,0.1545961168987696,0.00015,0.0001,93023.875,6.098937,0
2025-11-18 15:15:51.926263,93032.455,81.88999999999942,0.0880230452910217,0.0,0.05476,0.2591,1.67598,-1.41688,0.1545961168987696,0.00015,0.0001,93023.875,6.10577,0
2025-11-18 15:16:00.060914,93023.875,89.29000000000815,0.0959861110924568,0.0,0.0,0.25912,1.58975,-1.33063,0.1629941814750747,0.00017,0.0001,93033.505,6.118743,1
2025-11-18 15:16:02.100779,93023.875,89.29000000000815,0.0959861110924568,0.0,0.0,0.25912,1.58975,-1.33063,0.1629941814750747,0.00017,0.0001,93033.5,6.113347,1
2025-11-18 15:16:04.139495,93023.875,89.29000000000815,0.0959861110924568,0.0,0.0,0.25912,1.58975,-1.33063,0.1629941814750747,0.00017,0.0001,93023.335,6.107659,0
2025-11-18 15:16:06.179657,93033.505,79.7899999999936,0.0857648005414754,-0.0862500000000001,-0.0862500000000001,0.2591,1.67598,-1.41688,0.1545961168987696,0.00015,0.0001,93023.335,6.103469,0
2025-11-18 15:16:08.214126,93033.5,79.77999999999884,0.0857540563345449,0.0,0.0862500000000001,0.2591,1.67598,-1.41688,0.1545961168987696,0.00015,0.0001,93023.33,6.104177,0
2025-11-18 15:16:10.247154,93023.335,87.22999999999593,0.0937721701764357,0.1962400000000001,0.1962400000000001,0.4555,1.67614,-1.22064,0.271755342632477,0.055,1.08102,93023.33,6.106306,0
2025-11-18 15:16:12.283126,93023.335,87.2100000000064,0.0937506701947488,-0.19622,-0.3924600000000001,0.25912,1.67598,-1.41686,0.1546080502153963,0.00017,0.0001,93036.05,6.101681,1
2025-11-18 15:16:14.318303,93023.33,87.19999999999709,0.0937399252424065,0.0862499999999999,0.28247,0.25912,1.58973,-1.33061,0.1629962320645644,0.00017,0.0001,93036.05,6.104703,1
2025-11-18 15:16:16.353460,93023.33,87.19999999999709,0.0937399252424065,0.0,-0.0862499999999999,0.25912,1.58973,-1.33061,0.1629962320645644,0.00017,0.0001,93043.49,6.103093,1
2025-11-18 15:16:18.384807,93036.05,74.72000000000116,0.0803129539570963,0.1993100000000001,0.1993100000000001,0.48994,1.62124,-1.1313,0.3022007845846389,0.055,0.00026,93043.49,6.10875,1
2025-11-18 15:16:20.423006,93036.05,74.69999999999709,0.0802914569137416,0.8500800000000001,0.65077,0.2591,0.54032,-0.28122,0.4795306485045899,0.00015,0.0001,93043.49,6.106355,1
2025-11-18 15:16:22.456553,93043.49,59.81999999999243,0.0642925152528053,-1e-05,-0.85009,0.25909,0.54032,-0.28123,0.4795121409535091,0.00014,0.0001,93036.145,6.108097,0
2025-11-18 15:16:24.493557,93043.49,59.81999999999243,0.0642925152528053,0.0,1e-05,0.25909,0.54032,-0.28123,0.4795121409535091,0.00014,0.0001,93036.15,6.106494,0
2025-11-18 15:16:26.529361,93043.49,59.81999999999243,0.0642925152528053,0.0,0.0,0.25909,0.54032,-0.28123,0.4795121409535091,0.00014,0.0001,93028.125,6.105255,0
2025-11-18 15:16:28.564650,93036.145,74.50999999999476,0.0800871532241525,-0.93963,-0.93963,0.45538,1.67624,-1.22086,0.2716675416408152,0.055,0.0001,93022.73,6.103103,0
2025-11-18 15:16:30.600051,93036.15,74.5,0.0800764004099481,-0.13285,0.80678,0.32253,1.67624,-1.35371,0.1924127809860163,0.00015,0.0001,93020.165,6.099951,0
2025-11-18 15:16:32.634616,93028.125,85.63000000000466,0.0920474318922419,0.2193999999999999,0.35225,0.45544,1.58975,-1.13431,0.2864852964302563,0.055,1.08102,93046.56,6.0989,1
2025-11-18 15:16:34.667753,93022.73,74.81999999999243,0.0804319546416154,-0.2190600000000001,-0.43846,0.32261,1.67598,-1.35337,0.1924903638468239,0.00017,0.0001,93046.57,6.100866,1
2025-11-18 15:16:36.700002,93020.165,79.88999999999942,0.0858846036233105,0.08598,0.3050400000000001,0.32249,1.58988,-1.26739,0.2028392079905401,1e-05,0.0001,93046.555,6.10336,1
2025-11-18 15:16:38.733516,93046.56,27.10000000000582,0.0291252035540119,-0.0308899999999999,-0.11687,0.32313,1.62141,-1.29828,0.1992895072807001,0.00078,0.0001,93046.555,6.103743,0
2025-11-18 15:16:40.768619,93046.57,27.12000000000989,0.0291466950367003,-0.05457,-0.02368,0.32313,1.67598,-1.35285,0.1928006300791179,0.00078,0.45337,93046.565,6.115286,0
2025-11-18 15:16:42.803362,93046.555,27.09000000001106,0.0291144578109432,-0.1102899999999999,-0.0557199999999999,0.12678,1.58992,-1.46314,0.079739861125088,0.00078,0.0001,93046.56,6.114057,1
2025-11-18 15:16:44.837259,93046.555,27.09000000001106,0.0291144578109432,0.19644,0.3067299999999999,0.32322,1.58992,-1.2667,0.2032932474589916,0.00078,0.0001,93046.565,6.118069,1
2025-11-18 15:16:46.883905,93046.565,27.110000000000586,0.0291359492959257,1.05715,0.8607100000000001,0.38551,0.5950599999999999,-0.2095499999999999,0.6478506369105638,0.00078,0.0001,93046.56,6.107864,0
2025-11-18 15:16:48.917419,93046.56,27.10000000000582,0.0291252035540119,-1.33959,-2.3967400000000003,0.12684,1.67598,-1.54914,0.0756810940464683,0.00078,0.0001,93046.565,6.111435,1
2025-11-18 15:16:55.028854,93046.565,27.110000000000586,0.0291359492959257,0.0,-0.1963699999999999,0.32321,1.67598,-1.35277,0.1928483633456246,0.00078,0.0001,93053.995,6.102983,1
2025-11-18 15:16:57.061279,93046.565,27.110000000000586,0.0291359492959257,-0.19681,-0.19681,0.12683,1.67641,-1.54958,0.075655716680287,0.00078,0.00053,93053.995,6.106552,1
2025-11-18 15:16:59.095667,93046.56,27.10000000000582,0.0291252035540119,0.0549999999999999,0.25181,0.12683,1.62141,-1.49458,0.0782220413097242,0.00078,0.0001,93053.995,6.117433,1
2025-11-18 15:17:01.131837,93053.995,41.97000000000117,0.0451028459336981,0.14181,0.08681,0.32321,1.67598,-1.35277,0.1928483633456246,0.00078,0.0001,93053.99,6.122617,0
2025-11-18 15:17:03.167831,93053.995,41.97000000000117,0.0451028459336981,0.0,-0.14181,0.32321,1.67598,-1.35277,0.1928483633456246,0.00078,0.0001,93050.18,6.125722,0
2025-11-18 15:17:05.213100,93053.995,41.97000000000117,0.0451028459336981,-0.0637999999999999,-0.0637999999999999,0.25984,1.67641,-1.41657,0.1549978823796088,0.00078,0.00053,93053.99,6.117975,0
2025-11-18 15:17:07.254454,93053.99,41.9600000000064,0.0450921019077273,0.0003099999999999,0.0641099999999999,0.25972,1.67598,-1.41626,0.154966049714197,0.00078,0.0001,93053.985,6.109684,0
2025-11-18 15:17:09.293553,93050.18,34.34000000001106,0.0369048184538826,-0.13319,-0.1335,0.12686,1.67631,-1.54945,0.0756781263608759,0.00078,1.08102,93053.995,6.104974,1
2025-11-18 15:17:13.364138,93053.985,41.95000000001164,0.0450813578806019,0.1966399999999998,0.1965999999999998,0.32321,1.67598,-1.35277,0.1928483633456246,0.00078,0.0001,93054.0,6.104686,1
2025-11-18 15:17:17.434168,93053.99,41.9600000000064,0.0450921019077273,-0.0089199999999999,-0.0089199999999999,0.25972,1.62141,-1.36169,0.1601815703615988,0.00078,0.0001,93053.995,6.099984,1
2025-11-18 15:17:19.468824,93054.0,41.98000000001048,0.0451135899585299,-0.1877899999999997,-0.1788699999999997,0.12683,1.6763100000000002,-1.5494800000000002,0.0756602299097422,0.00078,0.00043,93053.995,6.096477,0
2025-11-18 15:17:21.500725,93053.995,41.97000000000117,0.0451028459336981,0.0549,0.2426899999999998,0.12683,1.6214100000000002,-1.4945800000000002,0.0782220413097242,0.00078,0.0001,93055.365,6.096693,1
2025-11-18 15:17:23.534152,93053.995,41.97000000000117,0.0451028459336981,0.0,-0.0549,0.12683,1.6214100000000002,-1.4945800000000002,0.0782220413097242,0.00078,0.0001,93059.505,6.102093,1
2025-11-18 15:17:25.565301,93053.995,41.97000000000117,0.0451028459336981,1.15902,1.15902,0.25983,0.5953900000000001,-0.3355600000000001,0.4364030299467575,0.00078,0.0001,93059.51,6.102275,1
2025-11-18 15:17:27.597418,93055.365,39.229999999995925,0.0421576982691926,0.05479,-1.10423,0.25972,0.54049,-0.28077,0.4805269292678865,0.055,0.0001,93063.6,6.100238,1
2025-11-18 15:17:29.636245,93059.505,30.94999999999709,0.0332582899511415,0.0,-0.05479,0.25972,0.54049,-0.28077,0.4805269292678865,0.055,0.0001,93074.84,6.099976,1
2025-11-18 15:17:31.667576,93059.51,30.94000000000233,0.0332475423522027,-0.1329,-0.1329,0.12682,0.54049,-0.41367,0.2346389387407722,0.0001,0.0001,93074.975,6.097679,1
2025-11-18 15:17:33.697656,93063.6,22.75999999999476,0.0244563932622365,0.39837,0.53127,0.12682,0.14212,-0.0153,0.8923444976076554,0.055,0.0001,93074.975,6.106796,1
2025-11-18 15:17:35.736221,93074.84,0.2799999999988358,0.000300833178976,-0.8931200000000001,-1.29149,0.25972,1.1681400000000002,-0.9084200000000002,0.2223363637920112,0.055,0.0001,93074.975,6.108144,1
2025-11-18 15:17:43.878553,93074.975,0.0099999999947613,1.0744026517075412e-05,-0.0407599999999999,-0.08143,0.25972,1.1681400000000002,-0.9084200000000002,0.2223363637920112,0.055,0.0001,93072.455,6.097399,0
2025-11-18 15:17:45.909583,93074.975,0.0099999999947613,1.0744026517075412e-05,0.0,0.0407599999999999,0.25972,1.1681400000000002,-0.9084200000000002,0.2223363637920112,0.055,0.0001,93072.455,6.105686,0
2025-11-18 15:17:47.943270,93074.975,0.0099999999947613,1.0744026517075412e-05,0.0,0.0,0.25972,1.1681400000000002,-0.9084200000000002,0.2223363637920112,0.055,0.0001,93072.455,6.103914,0
2025-11-18 15:17:52.015269,93072.455,5.05000000000291,0.0054258802993892,0.0,-7.999999999999674e-05,0.2598,1.1681400000000002,-0.90834,0.2224048487338846,0.05508,0.0001,93074.975,6.107262,1
2025-11-18 15:17:54.047184,93072.455,5.05000000000291,0.0054258802993892,0.0,0.0,0.2598,1.1681400000000002,-0.90834,0.2224048487338846,0.05508,0.0001,93074.975,6.116039,1
2025-11-18 15:17:56.083426,93072.455,5.05000000000291,0.0054258802993892,-7.999999999999674e-05,-7.999999999999674e-05,0.25972,1.1681400000000002,-0.9084200000000002,0.2223363637920112,0.055,0.0001,93074.33,6.113146,1
2025-11-18 15:17:58.122531,93074.975,0.0099999999947613,1.0744026517075412e-05,-0.13286,-0.13278,0.12686,1.1681400000000002,-1.0412800000000002,0.1085999965757529,0.055,0.0001,93074.33,6.109249,0
2025-11-18 15:18:00.163223,93074.975,0.0099999999947613,1.0744026517075412e-05,0.19617,0.32903,0.32303,1.1681400000000002,-0.8451100000000001,0.2765336346670776,0.055,0.0001,93067.065,6.10772,0
2025-11-18 15:18:02.196572,93074.33,1.3000000000029104,0.0013967331271714,0.00012,-0.19605,0.32315,1.1681400000000002,-0.8449900000000001,0.2766363620798877,0.05512,0.0001,93069.41,6.109935,0
2025-11-18 15:18:04.231780,93074.33,1.3000000000029104,0.0013967331271714,0.0,-0.00012,0.32315,1.1681400000000002,-0.8449900000000001,0.2766363620798877,0.05512,0.0001,93069.41,6.114418,0
2025-11-18 15:18:06.270943,93067.065,15.830000000001746,0.0170092395199115,-0.00012,-0.00012,0.32303,1.1681400000000002,-0.8451100000000001,0.2765336346670776,0.055,0.0001,93069.41,6.113655,1
2025-11-18 15:18:16.459552,93069.41,11.139999999999418,0.0119695612124321,0.0,0.0,0.45525,1.1681400000000002,-0.7128900000000001,0.3897221223483486,0.055,0.0001,93074.405,6.107376,1
2025-11-18 15:18:18.494724,93069.41,11.139999999999418,0.0119695612124321,0.0,0.0,0.45525,1.1681400000000002,-0.7128900000000001,0.3897221223483486,0.055,0.0001,93074.975,6.105906,1
2025-11-18 15:18:20.530327,93069.41,11.139999999999418,0.0119695612124321,0.0,0.0,0.45525,1.1681400000000002,-0.7128900000000001,0.3897221223483486,0.055,0.0001,93074.975,6.098348,1
2025-11-18 15:18:22.566928,93074.405,1.1499999999941792,0.0012355706168566,0.0,0.0,0.45525,1.1681400000000002,-0.7128900000000001,0.3897221223483486,0.055,0.0001,93074.98,6.099111,1
2025-11-18 15:18:24.600630,93074.975,0.0099999999947613,1.0744026517075412e-05,0.62765,0.62765,0.45525,0.54049,-0.0852399999999999,0.8422912542322708,0.055,0.0001,93074.985,6.105596,1
2025-11-18 15:18:26.628675,93074.975,0.0099999999947613,1.0744026517075412e-05,0.0,-0.62765,0.45525,0.54049,-0.0852399999999999,0.8422912542322708,0.055,0.0001,93074.77,6.115318,0
2025-11-18 15:18:28.666039,93074.98,0.0200000000040745,2.148805189544444e-05,-1.08102,-1.08102,0.45515,1.62141,-1.16626,0.2807124663101868,0.0549,0.00043,93074.77,6.1135,0
2025-11-18 15:18:30.706226,93074.985,0.0100000000093132,1.0744025378369092e-05,-0.13277,0.94825,0.32238,1.62141,-1.29903,0.1988269469165726,0.00023,0.00043,93074.765,6.111822,0
2025-11-18 15:18:32.743993,93074.77,0.4400000000023283,0.0004727382082194,-0.19607,-0.0633,0.12631,1.62141,-1.4951,0.0779013327905958,0.00023,0.00043,93074.76,6.110769,0
2025-11-18 15:18:34.779539,93074.77,0.4400000000023283,0.0004727382082194,0.0,0.19607,0.12631,1.62141,-1.4951,0.0779013327905958,0.00023,0.00043,93074.76,6.109251,0
2025-11-18 15:18:36.818048,93074.765,0.4500000000116415,0.0004834822843889,0.22518,0.22518,0.3514899999999999,1.62141,-1.26992,0.216780456516242,5e-05,0.00043,93067.025,6.100913,0
2025-11-18 15:18:38.854762,93074.76,0.4400000000023283,0.0004727382590106,0.45314,0.2279599999999999,0.3514899999999999,1.16827,-0.8167800000000002,0.3008636702132212,5e-05,0.00023,93073.115,6.102271,0
2025-11-18 15:18:40.888790,93074.76,0.4400000000023283,0.0004727382590106,-0.0291899999999999,-0.48233,0.3223,1.16827,-0.8459700000000001,0.2758780076523406,5e-05,0.00023,93073.115,6.104638,0
2025-11-18 15:18:42.918961,93067.025,15.90999999998894,0.0170952063848489,0.13295,0.16214,0.45525,1.16827,-0.7130200000000001,0.3896787557670744,0.055,0.00023,93068.425,6.109264,1
2025-11-18 15:18:44.957033,93073.115,3.7299999999959255,0.0040076019804386,0.0,-0.13295,0.45525,1.16827,-0.7130200000000001,0.3896787557670744,0.055,0.00023,93068.425,6.10931,0
2025-11-18 15:18:46.993428,93073.115,3.7299999999959255,0.0040076019804386,0.59757,0.59757,0.42517,0.54062,-0.1154499999999999,0.7864488920128742,0.055,0.00023,93068.425,6.113148,0
2025-11-18 15:18:51.066343,93068.425,13.110000000000582,0.0140864100794663,0.0,0.59753,0.45529,1.16827,-0.7129800000000002,0.3897129944276579,0.05511,0.00023,93071.82,6.11838,1
2025-11-18 15:18:53.106576,93068.425,13.110000000000582,0.0140864100794663,-0.0001099999999999,-0.0001099999999999,0.45518,1.16827,-0.7130900000000001,0.3896188381110531,0.055,0.00023,93074.715,6.108407,1
2025-11-18 15:18:55.144035,93068.425,13.110000000000582,0.0140864100794663,0.0,0.0001099999999999,0.45518,1.16827,-0.7130900000000001,0.3896188381110531,0.055,0.00023,93074.975,6.105693,1
2025-11-18 15:18:57.184723,93071.82,6.319999999992433,0.006790454941133,0.62765,0.62765,0.45518,0.54062,-0.0854399999999999,0.8419592319928971,0.055,0.00023,93074.975,6.10108,1
2025-11-18 15:18:59.214983,93074.715,0.5299999999988358,0.0005694349963884,0.0,-0.62765,0.45518,0.54062,-0.0854399999999999,0.8419592319928971,0.055,0.00023,93074.975,6.107299,1
2025-11-18 15:19:27.720407,93074.975,0.0099999999947613,1.0744026517075412e-05,0.0,0.0,0.45518,1.16827,-0.7130900000000001,0.3896188381110531,0.055,0.00023,93074.715,6.106974,0
2025-11-18 15:19:29.757298,93074.975,0.0099999999947613,1.0744026517075412e-05,0.0,0.0,0.45518,1.16827,-0.7130900000000001,0.3896188381110531,0.055,0.00023,93074.715,6.106003,0
2025-11-18 15:19:33.827381,93074.715,0.5299999999988358,0.0005694349963884,0.0,0.0,0.45518,1.16827,-0.7130900000000001,0.3896188381110531,0.055,0.00023,93074.975,6.096596,1
2025-11-18 15:19:35.863301,93074.715,0.5299999999988358,0.0005694349963884,1.02571,1.02571,0.45487,0.14225,0.31262,3.19768014059754,0.05469,0.00023,93074.975,6.095255,1
2025-11-18 15:19:39.923977,93074.975,0.0099999999947613,1.0744026517075412e-05,0.0,1.02571,0.45518,1.16827,-0.7130900000000001,0.3896188381110531,0.055,0.00023,93072.355,6.096913,0
2025-11-18 15:19:41.958556,93074.975,0.0099999999947613,1.0744026517075412e-05,0.0,0.0,0.45518,1.16827,-0.7130900000000001,0.3896188381110531,0.055,0.00023,93072.355,6.091628,0
2025-11-18 15:19:43.991035,93074.975,0.0099999999947613,1.0744026517075412e-05,0.0,0.0,0.45518,1.16827,-0.7130900000000001,0.3896188381110531,0.055,0.00023,93065.36,6.093497,0
2025-11-18 15:19:46.020890,93072.355,5.25,0.0056407727085018,-0.13288,-0.13288,0.3223,1.16827,-0.8459700000000001,0.2758780076523406,0.00012,0.00023,93065.36,6.098634,0
2025-11-18 15:19:48.050184,93072.355,5.25,0.0056407727085018,0.0,0.13288,0.3223,1.16827,-0.8459700000000001,0.2758780076523406,0.00012,0.00023,93074.975,6.101488,1
2025-11-18 15:19:50.084532,93065.36,19.239999999990687,0.020673642695833,0.0,0.0,0.3223,1.16827,-0.8459700000000001,0.2758780076523406,0.00012,0.00023,93074.975,6.106614,1
2025-11-18 15:19:52.119524,93065.36,19.239999999990687,0.020673642695833,0.0,0.0,0.3223,1.16827,-0.8459700000000001,0.2758780076523406,0.00012,0.00023,93068.455,6.105584,1
2025-11-18 15:19:54.151672,93074.975,0.0099999999947613,1.0744026517075412e-05,0.13288,0.13288,0.45518,1.16827,-0.7130900000000001,0.3896188381110531,0.055,0.00023,93068.455,6.105713,0
2025-11-18 15:19:56.191146,93074.975,0.0099999999947613,1.0744026517075412e-05,0.0,-0.13288,0.45518,1.16827,-0.7130900000000001,0.3896188381110531,0.055,0.00023,93068.455,6.101428,0
2025-11-18 15:20:12.460742,93068.455,13.05000000000291,0.014021936863573,-0.00012,-0.00024,0.45518,1.16827,-0.7130900000000001,0.3896188381110531,0.055,0.00023,93064.26,6.097029,0
2025-11-18 15:20:14.487926,93068.455,13.05000000000291,0.014021936863573,0.0,0.00012,0.45518,1.16827,-0.7130900000000001,0.3896188381110531,0.055,0.00023,93064.26,6.103642,0
2025-11-18 15:20:16.523458,93068.455,13.05000000000291,0.014021936863573,1.02614,1.02614,0.4553,0.14225,0.31305,3.200702987697716,0.05512,0.00023,93064.26,6.10344,0
2025-11-18 15:20:20.591568,93064.26,21.44000000000233,0.0230378450331011,0.0,1.02614,0.45518,1.16827,-0.7130900000000001,0.3896188381110531,0.055,0.00023,93066.86,6.106252,1
