timestamp,mid_price,spread,spread_pct,ofi_current,ofi_momentum,total_bid_volume,total_ask_volume,volume_imbalance,volume_ratio,bid_depth_l1,ask_depth_l1,future_price,price_increase
2025-11-18 13:20:31.816511,93445.48000000001,75.81999999999243,0.08113822091768635,-0.02370999999999998,0.0,0.31875,1.39852,-1.07977,0.2279195149157681,0.0001,0.00023,93440.035,0
2025-11-18 13:20:33.846721,93440.035,64.92999999999302,0.06948841575240529,0.61034,0.63405,0.47436,0.94379,-0.46943,0.5026118098305767,0.0001,0.00023,93431.64000000001,0
2025-11-18 13:20:35.882038,93431.64000000001,48.13999999999942,0.051524301617738286,-0.28746000000000005,-0.8978,0.31875,1.07564,-0.75689,0.2963352050872039,0.0001,0.00023,93415.64,0
2025-11-18 13:20:37.917525,93415.64,80.11999999999534,0.08576722270488683,0.28791,0.57537,0.47487999999999997,0.94386,-0.46898000000000006,0.5031254635221325,0.0001,0.00023,93411.70000000001,0
2025-11-18 13:20:39.955965,93411.70000000001,72.24000000000524,0.07733506616409425,-0.13182999999999997,-0.41974,0.47483,1.07564,-0.60081,0.4414395150793946,0.0001,0.00023,93411.705,1
2025-11-18 13:20:42.010618,93411.705,72.23000000001048,0.07732435672811076,-0.15557000000000004,-0.023740000000000067,0.31923,1.0756100000000002,-0.7563800000000002,0.2967897286191091,0.00015,0.0002,93411.98000000001,1
2025-11-18 13:20:44.048735,93411.98000000001,111.5399999999936,0.11940652580107347,-0.32302999999999993,-0.1674599999999999,0.5435599999999999,1.62297,-1.0794100000000002,0.3349168499725811,0.26375,0.0001,93435.94,1
2025-11-18 13:20:46.082135,93435.94,63.60000000000582,0.06806802607220072,0.22418999999999997,0.5472199999999999,0.54367,1.3988900000000002,-0.8552200000000002,0.38864385334086304,0.26386,0.00023,93429.655,0
2025-11-18 13:20:48.120381,93429.655,76.16999999999825,0.08152657740200181,-0.06862999999999997,-0.29281999999999997,0.47475,1.3986,-0.9238500000000001,0.33944658944658945,0.26375,0.00023,93429.005,0
2025-11-18 13:20:50.169771,93429.005,61.88999999999942,0.06624281185484038,0.2986,0.36722999999999995,0.31906999999999996,0.94432,-0.6252500000000001,0.33788334462893926,0.00011,0.055,93415.695,0
2025-11-18 13:20:52.207577,93415.695,88.3700000000099,0.09459866460342653,-0.2990299999999999,-0.5976299999999999,0.47485999999999995,1.39914,-0.9242800000000001,0.3393941992938519,0.26386,0.88839,93391.76000000001,0
2025-11-18 13:20:54.238221,93391.76000000001,64.24000000000524,0.06878551169825392,0.23084999999999994,0.5298799999999999,0.47529999999999994,1.16873,-0.6934300000000001,0.4066807560343278,0.0001,0.00054,93388.01000000001,0
2025-11-18 13:20:56.272863,93388.01000000001,56.74000000000524,0.060757264235532196,-0.06323000000000001,-0.29407999999999995,0.31905999999999995,1.07572,-0.7566600000000001,0.2966013460751868,0.0001,0.00023,93378.72,0
2025-11-18 13:20:58.303019,93378.72,75.32000000000698,0.08066077581702445,-0.000489999999999993,0.06274000000000002,0.31905999999999995,1.07621,-0.7571500000000002,0.2964663030449447,0.00011,0.00072,93376.425,0
2025-11-18 13:21:00.340105,93376.425,69.92999999999302,0.07489042335899346,0.13194,0.13243,0.31905,0.94426,-0.62521,0.3378836337449431,9e-05,0.00054,93376.42000000001,0
2025-11-18 13:21:02.375405,93376.42000000001,69.91999999999825,0.07487971802731166,0.0,-0.13194,0.31905,0.94426,-0.62521,0.3378836337449431,9e-05,0.00023,93381.01999999999,1
2025-11-18 13:21:04.413645,93381.01999999999,79.91999999999825,0.0855848436866488,-0.35299,-0.35299,0.4204,1.3986,-0.9782000000000001,0.3005863005863006,0.00011,0.00023,93383.66500000001,1
2025-11-18 13:21:06.456807,93383.66500000001,85.2100000000064,0.09124722187762324,-0.13177000000000005,0.22121999999999997,0.4204,1.53037,-1.1099700000000001,0.27470480994792107,0.00011,0.88839,93383.66,0
2025-11-18 13:21:08.495463,93383.66,85.19999999999709,0.09123651825169102,0.5860500000000001,0.7178200000000001,0.4204,0.94432,-0.52392,0.4451880718400542,0.00011,0.00023,93380.37,0
2025-11-18 13:21:10.533779,93380.37,78.61999999999534,0.08419328387753802,-0.4542800000000001,-1.0403300000000002,0.4204,1.3986,-0.9782000000000001,0.3005863005863006,0.00011,0.00023,93373.38,0
2025-11-18 13:21:12.568324,93373.38,64.63999999999942,0.06922743934084791,0.0011699999999999489,0.45545,0.5533399999999999,1.53037,-0.9770300000000001,0.3615726915713193,0.00011,0.055,93390.37,1
2025-11-18 13:21:14.603280,93390.37,98.61999999999534,0.10559975295096845,0.37627000000000005,0.3751000000000001,0.42045,1.02121,-0.60076,0.4117174724101801,0.00011,0.00023,93393.725,1
2025-11-18 13:21:16.638125,93393.725,105.33000000000175,0.11278059634092306,0.0,-0.37627000000000005,0.42045,1.02121,-0.60076,0.4117174724101801,0.00011,0.00023,93393.725,0
2025-11-18 13:21:18.672813,93393.725,105.33000000000175,0.11278059634092306,0.0,0.0,0.42045,1.02121,-0.60076,0.4117174724101801,0.00011,0.00023,93395.405,1
2025-11-18 13:21:20.707059,93395.405,108.69000000000233,0.1163761750377359,0.0,0.0,0.42045,1.02121,-0.60076,0.4117174724101801,0.00011,0.00023,93395.405,0
2025-11-18 13:21:22.743177,93395.405,108.69000000000233,0.1163761750377359,0.0,0.0,0.42045,1.02121,-0.60076,0.4117174724101801,0.00011,0.00023,93395.405,0
2025-11-18 13:21:24.772733,93395.405,108.69000000000233,0.1163761750377359,-0.3995,-0.3995,0.47534,1.4756,-1.00026,0.322133369476823,0.00011,0.00023,93395.405,0
2025-11-18 13:21:26.804295,93395.405,108.69000000000233,0.1163761750377359,0.13156,0.5310600000000001,0.47544,1.3441400000000001,-0.8687000000000001,0.3537131548797,0.00011,0.00023,93396.655,1
2025-11-18 13:21:28.837426,93396.655,106.19000000000233,0.1136978620915303,-9.999999999998205e-05,-0.13166,0.47534,1.3441400000000001,-0.8688000000000001,0.353638757867484,0.26375,0.00023,93409.8,1
2025-11-18 13:21:30.870423,93409.8,101.33999999999651,0.10848968737755194,-0.023379999999999984,-0.023280000000000002,0.45196,1.3441400000000001,-0.8921800000000002,0.3362447364113857,0.26375,0.00023,93409.805,1
2025-11-18 13:21:32.901604,93409.805,101.33000000000175,0.1084789760561022,-0.13291999999999998,-0.10954,0.31904,1.3441400000000001,-1.0251000000000001,0.23735622777389256,8e-05,0.00023,93383.14,0
2025-11-18 13:21:34.936234,93383.14,69.48000000001048,0.07440315243202411,-0.05493999999999998,0.07798,0.31905,1.39909,-1.08004,0.22804108384735794,0.0001,0.00072,93379.465,0
2025-11-18 13:21:36.973549,93379.465,76.80999999999767,0.08225577218716949,0.45488,0.5098199999999999,0.31904999999999994,0.94421,-0.62516,0.3379015261435485,0.00011,0.00023,93379.465,0
2025-11-18 13:21:39.008927,93379.465,76.80999999999767,0.08225577218716949,0.0,-0.45488,0.31904999999999994,0.94421,-0.62516,0.3379015261435485,0.00011,0.00023,93379.465,0
2025-11-18 13:21:41.041526,93379.465,76.80999999999767,0.08225577218716949,0.0,0.0,0.31904999999999994,0.94421,-0.62516,0.3379015261435485,0.00011,0.00023,93385.67,1
2025-11-18 13:21:43.071156,93385.67,89.22000000000116,0.09553928348964158,-0.5861599999999999,-0.5861599999999999,0.31904999999999994,1.53037,-1.2113200000000002,0.20847899527565225,0.00011,0.055,93385.66500000001,0
2025-11-18 13:21:45.100862,93385.66500000001,89.2100000000064,0.09552858032333592,0.13177000000000005,0.71793,0.31904999999999994,1.3986,-1.0795500000000002,0.22812097812097806,0.00011,0.00023,93385.66,0
2025-11-18 13:21:47.138093,93385.66,89.19999999999709,0.09551787715586857,-0.0005399999999998739,-0.13230999999999993,0.31904999999999994,1.39914,-1.0800900000000002,0.22803293451691747,0.00011,0.00023,93381.095,0
2025-11-18 13:21:49.175706,93381.095,80.07000000000698,0.08574540703341182,0.1568499999999999,0.15738999999999978,0.47536,1.3986,-0.9232400000000001,0.33988273988273987,0.00011,0.00023,93381.095,0
2025-11-18 13:21:51.208688,93381.095,80.07000000000698,0.08574540703341182,-0.28879,-0.4456399999999999,0.31905999999999995,1.5310899999999998,-1.21203,0.20838748865187545,0.00011,0.88911,93381.09,0
2025-11-18 13:21:53.243564,93381.09,80.05999999999767,0.08573470281830901,0.13200000000000006,0.42079000000000005,0.31905999999999995,1.39909,-1.08003,0.22804823135037772,0.00011,0.00023,93381.09,0
2025-11-18 13:21:55.276263,93381.09,80.05999999999767,0.08573470281830901,0.6111800000000001,0.47918,0.47536,0.94421,-0.46885,0.5034473263363023,0.00011,0.00023,93381.09,0
2025-11-18 13:21:57.306779,93381.09,80.05999999999767,0.08573470281830901,9.00000000000345e-05,-0.61109,0.47545000000000004,0.94421,-0.46875999999999995,0.5035426441151862,0.00011,0.00023,93384.685,1
2025-11-18 13:21:59.339832,93384.685,72.86999999999534,0.0780320670353981,-0.45448000000000005,-0.4545700000000001,0.47536,1.3986,-0.9232400000000001,0.33988273988273987,0.26375,0.00023,93397.67,1
2025-11-18 13:22:01.374176,93397.67,78.88000000000466,0.08445606833661339,0.2980199999999999,0.7525,0.31904,0.94426,-0.62522,0.33787304344142505,0.26375,0.00023,93397.465,0
2025-11-18 13:22:03.411277,93397.465,67.00999999999476,0.07174712932518539,-0.45471999999999996,-0.7527399999999999,0.31903,1.39897,-1.0799400000000001,0.22804634838488314,7e-05,0.0006,93390.155,0
2025-11-18 13:22:05.449380,93390.155,81.61000000000058,0.08738608475379507,0.6109800000000001,1.0657,0.47536,0.94432,-0.46896000000000004,0.5033886818027787,0.26375,0.00023,93390.16,1
2025-11-18 13:22:07.485486,93390.16,81.60000000000582,0.0873753723090375,-0.15632,-0.7673000000000001,0.31904,0.94432,-0.6252800000000001,0.3378515757370383,8e-05,0.00023,93390.16,0
2025-11-18 13:22:09.523213,93390.16,81.60000000000582,0.0873753723090375,0.0,0.15632,0.31904,0.94432,-0.6252800000000001,0.3378515757370383,8e-05,0.00023,93386.41,0
2025-11-18 13:22:11.554809,93386.41,89.10000000000582,0.09541002807582583,0.15632,0.15632,0.47536,0.94432,-0.46896000000000004,0.5033886818027787,0.26375,0.00023,93386.41500000001,1
2025-11-18 13:22:13.588195,93386.41500000001,89.09000000001106,0.09539931477186597,-0.15631000000000003,-0.31263,0.31904999999999994,0.94432,-0.6252700000000001,0.3378621653676719,9e-05,0.00023,93386.41500000001,0
2025-11-18 13:22:15.623700,93386.41500000001,89.09000000001106,0.09539931477186597,0.0,0.15631000000000003,0.31904999999999994,0.94432,-0.6252700000000001,0.3378621653676719,9e-05,0.00023,93376.33,0
2025-11-18 13:22:17.654950,93376.33,70.54000000000815,0.07554377003252125,-0.4297399999999999,-0.4297399999999999,0.47536,1.53037,-1.05501,0.3106176937603325,0.00011,0.055,93376.325,0
2025-11-18 13:22:19.694410,93376.325,70.52999999999884,0.07553306472491698,0.45465000000000005,0.88439,0.47536,1.07572,-0.60036,0.441899379020563,0.00011,0.00023,93376.325,0
2025-11-18 13:22:21.731209,93376.325,70.52999999999884,0.07553306472491698,0.0,-0.45465000000000005,0.47536,1.07572,-0.60036,0.441899379020563,0.00011,0.00023,93376.325,0
2025-11-18 13:22:23.769479,93376.325,70.52999999999884,0.07553306472491698,0.0,0.0,0.47536,1.07572,-0.60036,0.441899379020563,0.00011,0.00023,93370.78,0
2025-11-18 13:22:25.807238,93370.78,59.44000000000233,0.06366017291491229,0.13146000000000002,0.13146000000000002,0.47536,0.94426,-0.4689,0.5034206680363459,0.00011,0.00023,93370.78,0
2025-11-18 13:22:27.842550,93370.78,59.44000000000233,0.06366017291491229,-0.15629,-0.28775000000000006,0.31906999999999996,0.94426,-0.62519,0.3379048143519793,0.00011,0.00023,93370.78,0
2025-11-18 13:22:29.874554,93370.78,59.44000000000233,0.06366017291491229,-0.13195,0.02434,0.31906999999999996,1.07621,-0.7571400000000001,0.29647559491177367,0.00011,0.00072,93365.44,0
2025-11-18 13:22:31.907687,93365.44,48.76000000000931,0.05222489178009477,-0.4541599999999999,-0.3222099999999999,0.31906999999999996,1.53037,-1.2113,0.20849206401066406,0.00011,0.055,93365.43,0
2025-11-18 13:22:33.938141,93365.43,48.74000000000524,0.05220347616886169,0.13143,0.5855899999999998,0.31906999999999996,1.39894,-1.07987,0.2280798318727036,0.00011,0.00023,93361.14,0
2025-11-18 13:22:35.976405,93361.14,40.16000000000349,0.043015755805898996,0.028199999999999996,-0.10322999999999999,0.31906999999999996,1.37074,-1.05167,0.2327720793148226,0.00011,0.00072,93361.13500000001,0
2025-11-18 13:22:38.009865,93361.13500000001,40.15000000000873,0.043005047014487055,0.9141100000000001,0.8859100000000001,0.34479000000000004,0.48235,-0.13755999999999996,0.7148128952005806,0.00011,0.00023,93361.13500000001,0
2025-11-18 13:22:40.048043,93361.13500000001,40.15000000000873,0.043005047014487055,0.00010999999999999899,-0.9140000000000001,0.3449,0.48235,-0.13745000000000002,0.7150409453716181,0.00011,0.00023,93335.435,0
2025-11-18 13:22:42.082149,93335.435,91.55000000000291,0.09808707700350132,0.9429700000000001,0.94286,0.8331,0.027579999999999997,0.8055199999999999,30.206671501087747,0.26372,0.00023,93332.995,0
2025-11-18 13:22:44.120297,93332.995,86.65000000000873,0.09283962225792576,-1.14104,-2.08401,0.60831,0.9438300000000001,-0.33552000000000004,0.6445122532659483,0.00011,0.00023,93332.98999999999,0
2025-11-18 13:22:46.154357,93332.98999999999,86.63999999999942,0.09282891290635759,0.7550499999999999,1.89609,0.47541,0.05588,0.41953,8.507695060844668,0.00011,0.00023,93352.92499999999,1
2025-11-18 13:22:48.182659,93352.92499999999,72.11000000000058,0.07724449983757936,-0.85693,-1.61198,0.45192,0.88932,-0.4374,0.5081635406827688,0.0001,0.00023,93352.91500000001,0
2025-11-18 13:22:50.218047,93352.91500000001,72.1299999999901,0.07726593218860932,0.15618000000000004,1.01311,0.60825,0.88947,-0.28122,0.6838341933960673,0.055,0.00023,93362.51000000001,1
2025-11-18 13:22:52.260637,93362.51000000001,69.08000000000175,0.07399115555055422,-0.06470000000000004,-0.22088000000000008,0.54355,0.88947,-0.34592,0.6110942471359349,8e-05,0.00023,93365.5,1
2025-11-18 13:22:54.295063,93365.5,63.10000000000582,0.06758385056579339,0.13246000000000002,0.19716000000000006,0.67622,0.88968,-0.21345999999999998,0.7600710367772683,0.05475,0.00023,93359.41,0
2025-11-18 13:22:56.335427,93359.41,75.27999999999884,0.08063461412191747,-0.12227000000000002,-0.25473,0.60825,0.94398,-0.3357300000000001,0.64434627852285,0.055,0.00023,93359.41,0
2025-11-18 13:22:58.373437,93359.41,75.27999999999884,0.08063461412191747,-0.0008999999999999703,0.12137000000000005,0.60788,0.9445100000000001,-0.3366300000000001,0.6435929741347365,0.05463,0.00023,93359.41,0
2025-11-18 13:23:00.405028,93359.41,75.27999999999884,0.08063461412191747,-0.0003899999999999971,0.0005099999999999731,0.60764,0.94466,-0.3370200000000001,0.6432367200897676,0.05439,0.00023,93359.41,0
2025-11-18 13:23:02.435644,93359.41,75.27999999999884,0.08063461412191747,0.0006799999999999515,0.0010699999999999486,0.60764,0.94398,-0.3363400000000001,0.6437000783914912,0.05439,0.00023,93359.41,0
2025-11-18 13:23:04.472963,93359.41,75.27999999999884,0.08063461412191747,-0.0010199999999999515,-0.001699999999999903,0.6073,0.94466,-0.3373600000000001,0.642876802235725,0.05405,0.00023,93359.41,0
2025-11-18 13:23:06.506899,93359.41,75.27999999999884,0.08063461412191747,0.0,0.0010199999999999515,0.6073,0.94466,-0.3373600000000001,0.642876802235725,0.05405,0.00023,93359.41,0
2025-11-18 13:23:08.540933,93359.41,75.27999999999884,0.08063461412191747,0.0006799999999999999,0.0006799999999999999,0.6073,0.94398,-0.3366800000000001,0.6433399012690946,0.05405,0.00023,93362.61,1
2025-11-18 13:23:10.578743,93362.61,68.88000000000466,0.07377685778065186,-0.15556000000000003,-0.15624000000000002,0.45174000000000003,0.94398,-0.49224,0.4785482743278459,7e-05,0.00023,93364.64,1
2025-11-18 13:23:12.612294,93364.64,64.82000000000698,0.0694267122970827,-0.24337000000000003,-0.08781,0.60825,1.34386,-0.7356100000000001,0.4526141115890048,0.26357,0.00023,93367.58499999999,1
2025-11-18 13:23:14.644858,93367.58499999999,58.93000000000757,0.0631161232241442,0.013219999999999843,0.2565899999999999,0.67647,1.39886,-0.72239,0.4835866348312197,0.26357,0.00023,93373.45000000001,1
2025-11-18 13:23:16.675292,93373.45000000001,47.19999999999709,0.050549701226630356,0.3862500000000002,0.37303000000000036,0.60784,0.94398,-0.33614,0.6439119472870188,0.05467,0.00023,93373.455,1
2025-11-18 13:23:18.706225,93373.455,47.19000000000233,0.05053898883789009,-0.07871999999999996,-0.46497000000000016,0.4749,0.88976,-0.41486,0.5337394353533537,6e-05,0.00023,93373.45000000001,0
2025-11-18 13:23:20.736934,93373.45000000001,47.19999999999709,0.050549701226630356,0.07845999999999997,0.15717999999999993,0.60758,0.94398,-0.33640000000000003,0.6436365177228331,0.05441,0.00023,93373.45000000001,0
2025-11-18 13:23:22.773935,93373.45000000001,47.19999999999709,0.050549701226630356,-0.00032000000000000084,-0.07877999999999998,0.60726,0.94398,-0.33672,0.6432975274899891,0.05409,0.00023,93366.89,0
2025-11-18 13:23:24.812851,93366.89,60.320000000006985,0.06460534350025687,-0.13204000000000005,-0.13172000000000006,0.47522,0.94398,-0.46876000000000007,0.5034216826627682,5e-05,0.00023,93358.20000000001,0
2025-11-18 13:23:26.849189,93358.20000000001,77.69999999999709,0.08322782572928472,0.13229,0.26433000000000006,0.60821,0.9446800000000001,-0.33647000000000005,0.6438264809247576,0.26361,0.00023,93364.31,1
2025-11-18 13:23:28.883329,93364.31,65.47999999999593,0.07013386592799317,0.054940000000000044,-0.07734999999999995,0.60817,0.8897,-0.28153000000000006,0.6835674946611217,0.055,0.00023,93364.315,1
2025-11-18 13:23:30.921377,93364.315,65.47000000000116,0.07012315144174856,-0.13322,-0.18816000000000005,0.47495,0.8897,-0.41475000000000006,0.533831628638867,4e-05,0.00023,93364.31,0
2025-11-18 13:23:32.969231,93364.31,65.47999999999593,0.07013386592799317,0.30316999999999994,0.43638999999999994,0.8324,0.94398,-0.11158000000000001,0.881798343185237,0.05453,0.00023,93357.725,0
2025-11-18 13:23:35.001166,93357.725,78.65000000000873,0.08424584039511324,-0.38070000000000004,-0.68387,0.45170000000000005,0.94398,-0.49228,0.4785059005487405,3e-05,0.00023,93357.725,0
2025-11-18 13:23:37.033697,93357.725,78.65000000000873,0.08424584039511324,-0.45478,-0.07407999999999998,0.45170000000000005,1.39876,-0.94706,0.32292887986502333,3e-05,0.00023,93348.13,0
2025-11-18 13:23:39.069281,93348.13,91.55999999999767,0.09808445011163873,0.7019,1.15668,0.6994800000000001,0.94464,-0.24515999999999993,0.7404725609756099,0.05433,0.88854,93348.13,0
2025-11-18 13:23:41.102245,93348.13,91.5399999999936,0.09806302493686118,-0.2242099999999999,-0.9261099999999999,0.47461000000000003,0.94398,-0.46937,0.5027754825314096,3e-05,0.00023,93348.13,0
2025-11-18 13:23:43.132737,93348.13,91.5399999999936,0.09806302493686118,0.0,0.2242099999999999,0.47461000000000003,0.94398,-0.46937,0.5027754825314096,3e-05,0.00023,93348.125,0
2025-11-18 13:23:45.166782,93348.125,91.52999999999884,0.09805231760145032,0.22432000000000002,0.22432000000000002,0.69951,0.9445600000000001,-0.2450500000000001,0.7405670365037689,0.2636,0.00023,93348.13500000001,1
2025-11-18 13:23:47.199017,93348.13500000001,91.55000000000291,0.09807373227114062,0.0005799999999999139,-0.2237400000000001,0.69951,0.94398,-0.24447000000000008,0.7410220555520244,0.2636,0.00023,93362.535,1
2025-11-18 13:23:49.228745,93362.535,69.02999999999884,0.07393758106503731,-0.09201999999999982,-0.09259999999999974,0.60825,0.94474,-0.33649000000000007,0.6438279314943793,0.26357,0.00023,93362.535,0
2025-11-18 13:23:51.266207,93362.535,69.02999999999884,0.07393758106503731,0.0007599999999999829,0.09277999999999981,0.60825,0.94398,-0.3357300000000001,0.64434627852285,0.26357,0.00023,93362.535,0
2025-11-18 13:23:53.301245,93362.535,69.02999999999884,0.07393758106503731,0.0,-0.0007599999999999829,0.60825,0.94398,-0.3357300000000001,0.64434627852285,0.26357,0.00023,93362.535,0
2025-11-18 13:23:55.330421,93362.535,69.02999999999884,0.07393758106503731,-0.0008599999999999372,-0.0008599999999999372,0.60822,0.94481,-0.33659000000000006,0.6437484785300748,0.26357,0.00023,93362.535,0
2025-11-18 13:23:57.366678,93362.535,69.02999999999884,0.07393758106503731,0.0,0.0008599999999999372,0.60822,0.94481,-0.33659000000000006,0.6437484785300748,0.26357,0.00023,93362.535,0
2025-11-18 13:23:59.401156,93362.535,69.02999999999884,0.07393758106503731,0.0,0.0,0.60822,0.94481,-0.33659000000000006,0.6437484785300748,0.26357,0.00023,93362.53,0
2025-11-18 13:24:01.435753,93362.53,69.04000000000815,0.07394829595985472,2.0000000000020002e-05,2.0000000000020002e-05,0.60824,0.94481,-0.33657000000000004,0.6437696468072945,0.05502,0.00023,93362.53,0
2025-11-18 13:24:03.467105,93362.53,69.04000000000815,0.07394829595985472,-1.9999999999999185e-05,-4.000000000001919e-05,0.60822,0.94481,-0.33659000000000006,0.6437484785300748,0.055,0.00023,93362.53,0
2025-11-18 13:24:05.505206,93362.53,69.04000000000815,0.07394829595985472,0.0,1.9999999999999185e-05,0.60822,0.94481,-0.33659000000000006,0.6437484785300748,0.055,0.00023,93364.775,1
2025-11-18 13:24:07.545336,93364.775,64.55000000000291,0.06913742361613671,-0.13298000000000004,-0.13298000000000004,0.47524,0.94481,-0.46957000000000004,0.5030006032959007,2e-05,0.00023,93364.775,0
2025-11-18 13:24:09.578720,93364.775,64.55000000000291,0.06913742361613671,0.0,0.13298000000000004,0.47524,0.94481,-0.46957000000000004,0.5030006032959007,2e-05,0.00023,93364.775,0
2025-11-18 13:24:11.608903,93364.775,64.55000000000291,0.06913742361613671,0.22563000000000005,0.22563000000000005,0.70004,0.94398,-0.24394000000000005,0.7415835081251722,0.26359,0.00023,93375.755,1
2025-11-18 13:24:13.648261,93375.755,42.58999999999651,0.045611411656051946,-0.19427999999999992,-0.41991,0.45169000000000004,0.88991,-0.43821999999999994,0.5075681810520165,2e-05,0.00023,93369.66,0
2025-11-18 13:24:15.685030,93369.66,54.779999999998836,0.05867002193217673,0.10242999999999997,0.2967099999999999,0.60819,0.94398,-0.33579000000000003,0.6442827178541918,0.055,0.00023,93369.67,1
2025-11-18 13:24:17.716869,93369.67,54.779999999998836,0.0586700156485493,-0.13358999999999993,-0.2360199999999999,0.47521,0.94459,-0.46938,0.5030859949819498,2e-05,0.00011,93361.675,0
2025-11-18 13:24:19.754145,93361.675,70.75,0.07578055984963851,-0.32119,-0.18760000000000004,0.60819,1.39876,-0.79057,0.43480654293803084,0.055,0.00023,93355.83499999999,0
2025-11-18 13:24:21.783395,93355.83499999999,82.43000000000757,0.08829656978592455,0.45415000000000005,0.77534,0.60822,0.94464,-0.33642000000000005,0.6438643292682926,0.05503,0.00023,93347.285,0
2025-11-18 13:24:23.817436,93347.285,65.33000000000175,0.06998596691912544,-0.13303000000000004,-0.58718,0.47529000000000005,0.94474,-0.46945,0.5030907974680865,3e-05,0.88877,93353.75,1
2025-11-18 13:24:25.851560,93353.75,78.26000000000931,0.08383166182398598,0.00010000000000004764,0.13313000000000008,0.47529000000000005,0.94464,-0.46935,0.5031440548780488,3e-05,0.00023,93349.955,0
2025-11-18 13:24:27.887186,93349.955,85.85000000000582,0.09196576473979642,0.13297000000000003,0.13287,0.60826,0.94464,-0.33638,0.6439066734417345,0.055,0.00023,93349.955,0
2025-11-18 13:24:29.926131,93349.955,85.85000000000582,0.09196576473979642,0.00066,-0.13231000000000004,0.60826,0.94398,-0.33572,0.6443568719676265,0.055,0.00023,93349.95999999999,1
2025-11-18 13:24:31.968250,93349.95999999999,85.84000000001106,0.09195504743656137,-0.13297000000000003,-0.13363000000000003,0.47529000000000005,0.94398,-0.46869,0.5034958367762029,3e-05,0.00023,93349.95499999999,0
2025-11-18 13:24:33.999786,93349.95499999999,85.83000000000175,0.09194433998388298,-0.0005799999999999664,0.13239000000000006,0.47529000000000005,0.9445600000000001,-0.46927,0.5031866689252139,3e-05,0.00023,93340.41500000001,0
2025-11-18 13:24:36.031568,93340.41500000001,88.44999999999709,0.09476066717723194,-0.3211000000000001,-0.32052000000000014,0.60826,1.39863,-0.79037,0.43489700635622003,0.055,0.88854,93353.98999999999,1
2025-11-18 13:24:38.064670,93353.98999999999,86.13999999999942,0.09227243527566355,0.62497,0.9460700000000002,0.56959,0.73499,-0.1654,0.7749629246656418,0.055,0.00011,93353.985,0
2025-11-18 13:24:40.094602,93353.985,86.13000000000466,0.09226172830223012,-0.5715800000000001,-1.1965500000000002,0.6074,1.34438,-0.7369799999999999,0.4518067808208989,0.05392,0.00023,93356.985,1
2025-11-18 13:24:42.126613,93356.985,80.13000000000466,0.0858318207255779,0.0016299999999999648,0.57321,0.60851,1.34386,-0.7353500000000001,0.45280758412334615,0.26382,0.00023,93366.35,1
2025-11-18 13:24:44.165834,93366.35,61.40000000000873,0.06576245081874652,-0.0007399999999999629,-0.0023699999999999277,0.60848,1.34457,-0.73609,0.4525461671761232,0.055,0.00023,93366.35,0
2025-11-18 13:24:46.198567,93366.35,61.40000000000873,0.06576245081874652,0.0,0.0007399999999999629,0.60848,1.34457,-0.73609,0.4525461671761232,0.055,0.00023,93366.35,0
2025-11-18 13:24:48.237686,93366.35,61.40000000000873,0.06576245081874652,0.40062,0.40062,0.6085100000000001,0.94398,-0.33546999999999993,0.6446217080870358,0.05503,0.00023,93366.35,0
2025-11-18 13:24:50.271302,93366.35,61.40000000000873,0.06576245081874652,0.0,-0.40062,0.6085100000000001,0.94398,-0.33546999999999993,0.6446217080870358,0.05503,0.00023,93366.35,0
2025-11-18 13:24:52.345072,93366.35,61.40000000000873,0.06576245081874652,0.06764000000000006,0.06764000000000006,0.67669,0.94452,-0.26783,0.7164379790793207,0.055,0.00023,93366.35,0
2025-11-18 13:24:54.383202,93366.35,61.40000000000873,0.06576245081874652,0.0,-0.06764000000000006,0.67669,0.94452,-0.26783,0.7164379790793207,0.055,0.00023,93366.35,0
2025-11-18 13:24:56.420292,93366.35,61.40000000000873,0.06576245081874652,0.0,0.0,0.67669,0.94452,-0.26783,0.7164379790793207,0.055,0.00023,93366.35,0
2025-11-18 13:24:58.462293,93366.35,61.40000000000873,0.06576245081874652,0.0,0.0,0.67669,0.94452,-0.26783,0.7164379790793207,0.055,0.00023,93366.35,0
2025-11-18 13:25:00.497444,93366.35,61.40000000000873,0.06576245081874652,0.0,0.0,0.67669,0.94452,-0.26783,0.7164379790793207,0.055,0.00023,93366.35,0
2025-11-18 13:25:02.529642,93366.35,61.40000000000873,0.06576245081874652,0.0,0.0,0.67669,0.94452,-0.26783,0.7164379790793207,0.055,0.00023,93366.35,0
2025-11-18 13:25:04.567166,93366.35,61.40000000000873,0.06576245081874652,-0.06858999999999998,-0.06858999999999998,0.6081000000000001,0.94452,-0.33641999999999994,0.6438190827086775,0.05467,0.00023,93366.35,0
2025-11-18 13:25:06.605726,93366.35,61.40000000000873,0.06576245081874652,-4.000000000000531e-05,0.06854999999999997,0.60806,0.94452,-0.33646,0.6437767331554652,0.05463,0.00023,93366.35,0
2025-11-18 13:25:08.641366,93366.35,61.40000000000873,0.06576245081874652,-0.1320500000000001,-0.1320100000000001,0.47547000000000006,0.94398,-0.46851,0.5036865187821776,4e-05,0.00023,93366.35,0
2025-11-18 13:25:10.678486,93366.35,61.40000000000873,0.06576245081874652,0.0,0.1320500000000001,0.47547000000000006,0.94398,-0.46851,0.5036865187821776,4e-05,0.00023,93366.35,0
2025-11-18 13:25:12.716916,93366.35,61.40000000000873,0.06576245081874652,0.0,0.0,0.47547000000000006,0.94398,-0.46851,0.5036865187821776,4e-05,0.00023,93366.35,0
2025-11-18 13:25:14.749730,93366.35,61.40000000000873,0.06576245081874652,0.0,0.0,0.47547000000000006,0.94398,-0.46851,0.5036865187821776,4e-05,0.00023,93350.6,0
2025-11-18 13:25:16.781139,93350.6,80.5399999999936,0.08627689591710562,-0.4546500000000001,-0.4546500000000001,0.47547000000000006,1.39863,-0.92316,0.3399540979386972,0.0001,0.88854,93346.595,0
2025-11-18 13:25:18.812414,93346.595,72.52999999999884,0.07769967399453492,0.5870900000000001,1.0417400000000003,0.60843,0.9445000000000001,-0.3360700000000001,0.6441821069348861,0.0001,0.00075,93339.39,0
2025-11-18 13:25:20.850077,93339.39,86.9200000000128,0.0931225284416502,-0.13285999999999998,-0.7199500000000001,0.47547000000000006,0.9444000000000001,-0.46893000000000007,0.5034625158831004,4e-05,0.00023,93333.68,0
2025-11-18 13:25:22.887154,93333.68,86.19999999999709,0.09235679981759758,0.22528000000000004,0.35814,0.70033,0.94398,-0.24365000000000003,0.7418907180236869,0.0001,0.88854,93310.32,0
2025-11-18 13:25:24.924559,93310.32,75.1200000000099,0.08050556465781052,-0.6798,-0.90508,0.4755400000000001,1.39899,-0.9234499999999999,0.3399166541576424,4e-05,0.00047,93305.555,0
2025-11-18 13:25:26.962498,93305.555,84.6299999999901,0.09070199518130524,0.5580700000000001,1.23787,0.57896,0.9443400000000001,-0.36538000000000004,0.613084270495796,0.0001,0.00023,93310.715,1
2025-11-18 13:25:28.996021,93310.715,74.30999999999767,0.07963715635444191,-0.10341999999999998,-0.66149,0.47553999999999996,0.9443400000000001,-0.4688000000000001,0.5035686299426053,0.055,0.00023,93330.605,1
2025-11-18 13:25:31.029378,93330.605,80.35000000000582,0.08609180236215744,0.13295,0.23637,0.60854,0.94439,-0.33585,0.6443736168320291,0.05504,0.88854,93324.16,0
2025-11-18 13:25:33.066928,93324.16,93.22000000000116,0.09988838903023736,-0.4543999999999999,-0.5873499999999999,0.6085,1.39875,-0.7902499999999999,0.43503127792672036,0.055,0.00023,93326.465,1
2025-11-18 13:25:35.101286,93326.465,88.58999999999651,0.09492484259421645,0.32145000000000007,0.7758499999999999,0.47553999999999996,0.9443400000000001,-0.4688000000000001,0.5035686299426053,0.26379,0.00023,93333.405,1
2025-11-18 13:25:37.137944,93333.405,89.73000000001048,0.09613921189311637,-0.45493000000000006,-0.7763800000000001,0.4755400000000001,1.39927,-0.9237299999999999,0.33984863535986626,4e-05,0.00075,93321.045,0
2025-11-18 13:25:39.169814,93321.045,91.26999999998952,0.09780216241683697,0.13156999999999996,0.5865,0.60754,1.3997,-0.79216,0.4340501536043438,0.26283,0.88949,93321.045,0
2025-11-18 13:25:41.203036,93321.045,91.25,0.09778073102374711,-0.13296999999999992,-0.2645399999999999,0.47456999999999994,1.3997,-0.92513,0.3390512252625562,3e-05,0.00023,93311.025,0
2025-11-18 13:25:43.241422,93311.025,81.1299999999901,0.08694578159439371,0.1031699999999999,0.23613999999999982,0.578,1.39996,-0.8219600000000001,0.412868939112546,0.0001,0.88949,93311.02,0
2025-11-18 13:25:45.277981,93311.02,81.11999999999534,0.08693506940551646,-0.00015999999999991021,-0.10332999999999981,0.57802,1.40014,-0.82212,0.41283014555687286,0.0001,0.00067,93301.69,0
2025-11-18 13:25:47.311336,93301.69,75.82000000000698,0.08126326543496369,-0.10299000000000014,-0.10283000000000023,0.47459,1.3997,-0.9251099999999999,0.3390655140387226,3e-05,0.88949,93294.565,0
2025-11-18 13:25:49.340735,93294.565,79.07000000000698,0.08475306144576265,-0.00027999999999994696,0.10271000000000019,0.47459,1.39998,-0.9253899999999999,0.3389976999671424,0.0001,0.88989,93294.56,0
2025-11-18 13:25:51.370885,93294.56,79.05999999999767,0.08474234724939768,0.10331000000000012,0.10359000000000007,0.57802,1.4001,-0.8220799999999999,0.41284193986143847,0.0001,0.00023,93294.56,0
2025-11-18 13:25:53.415703,93294.56,79.05999999999767,0.08474234724939768,0.0,-0.10331000000000012,0.57802,1.4001,-0.8220799999999999,0.41284193986143847,0.0001,0.00023,93291.515,0
2025-11-18 13:25:55.455671,93291.515,72.97000000000116,0.07821718834773041,-0.10303000000000007,-0.10303000000000007,0.47459,1.3997,-0.9251099999999999,0.3390655140387226,0.0001,0.00023,93282.255,0
2025-11-18 13:25:57.486873,93282.255,91.49000000000524,0.09807867530647199,0.10307000000000002,0.2061000000000001,0.57802,1.40006,-0.8220400000000001,0.41285373483993537,0.055,0.00059,93282.26000000001,1
2025-11-18 13:25:59.521099,93282.26000000001,91.4600000000064,0.09804650959357802,0.35145000000000004,0.24838000000000002,0.47459,0.94518,-0.47059,0.5021159990689604,3e-05,0.00023,93275.67,0
2025-11-18 13:26:01.560540,93275.67,80.26000000000931,0.08604601821676469,-0.35116,-0.7026100000000001,0.57805,1.3998000000000002,-0.8217500000000002,0.4129518502643234,0.0001,0.00033,93270.23499999999,0
2025-11-18 13:26:03.597402,93270.23499999999,91.11000000000058,0.09768389669008617,0.4547,0.80586,0.5781,0.94515,-0.3670500000000001,0.6116489446119663,0.055,0.00023,93270.23499999999,0
2025-11-18 13:26:05.630282,93270.23499999999,91.11000000000058,0.09768389669008617,3.0000000000002247e-05,-0.45467,0.57813,0.94515,-0.36702,0.6116806856054594,0.05503,0.00023,93261.155,0
2025-11-18 13:26:07.663069,93261.155,82.91000000000349,0.08890089341055608,-0.22506999999999996,-0.22509999999999997,0.57813,1.17022,-0.59209,0.4940353095999043,0.0001,0.00053,93261.15,0
2025-11-18 13:26:09.698528,93261.15,82.90000000000873,0.08889017559831584,0.22510000000000005,0.45017,0.57813,0.9451200000000001,-0.36699000000000004,0.6117001015744032,0.0001,0.00023,93261.15,0
2025-11-18 13:26:11.732635,93261.15,82.90000000000873,0.08889017559831584,-0.22483000000000009,-0.44993000000000016,0.5781,1.16992,-0.5918200000000001,0.494136351203501,0.0001,0.00023,93262.04999999999,1
2025-11-18 13:26:13.769260,93262.04999999999,84.69999999999709,0.09081936328870864,0.2248,0.4496300000000001,0.57813,0.94515,-0.36702,0.6116806856054594,0.0001,0.00023,93262.04999999999,0
2025-11-18 13:26:15.807914,93262.04999999999,84.69999999999709,0.09081936328870864,-3.0000000000002247e-05,-0.22483,0.5781,0.94515,-0.3670500000000001,0.6116489446119663,0.0001,0.00023,93254.41500000001,0
2025-11-18 13:26:17.847003,93254.41500000001,69.43000000000757,0.0744522390709411,-0.8361000000000001,-0.8360700000000001,0.42142,1.62457,-1.20315,0.25940402691173664,0.0001,0.88949,93242.65,0
2025-11-18 13:26:19.877530,93242.65,82.94000000000233,0.08895071086032232,0.45435000000000014,1.2904500000000003,0.42142,1.17022,-0.7488,0.36012031925620824,3e-05,0.00023,93225.405,0
2025-11-18 13:26:21.908558,93225.405,53.88999999999942,0.05780613127934324,-0.16942000000000015,-0.6237700000000003,0.15964,1.07786,-0.91822,0.14810828864602082,0.0001,0.88949,93230.445,1
2025-11-18 13:26:23.944243,93230.445,0.00999999999476131,1.072610990407834e-05,0.18327,0.35269000000000017,0.36995,1.1049,-0.73495,0.33482668114761516,0.00251,0.055,93204.385,0
2025-11-18 13:26:25.981101,93204.385,35.529999999998836,0.038120524050449814,-0.5026200000000001,-0.6858900000000001,0.15964,1.39721,-1.23757,0.11425626784806865,3e-05,0.00023,93201.245,0
2025-11-18 13:26:28.019614,93201.245,29.25,0.031383700936613024,0.0008299999999999697,0.5034500000000001,0.15964,1.39638,-1.23674,0.1143241810968361,3e-05,0.88616,93199.625,0
2025-11-18 13:26:30.057819,93199.625,25.989999999990687,0.027886378298185948,-0.18753,-0.18835999999999997,0.10486999999999999,1.52914,-1.42427,0.06858103247577069,0.00023,0.88616,93199.62,0
2025-11-18 13:26:32.088590,93199.62,25.979999999995925,0.027875650136766572,0.13278000000000006,0.3203100000000001,0.10486999999999999,1.39636,-1.29149,0.07510240912085708,0.00023,0.00022,93199.62,0
2025-11-18 13:26:34.119689,93199.62,25.979999999995925,0.027875650136766572,0.0,-0.13278000000000006,0.10486999999999999,1.39636,-1.29149,0.07510240912085708,0.00023,0.00022,93199.63,1
2025-11-18 13:26:36.153039,93199.63,26.0,0.027897106458469847,-0.033330000000000026,-0.033330000000000026,0.10486999999999999,1.42969,-1.3248199999999999,0.07335156572403807,0.00023,0.055,93209.4,1
2025-11-18 13:26:38.185538,93209.4,45.5399999999936,0.04885773323290741,0.7490699999999999,0.7824,0.15977,0.73552,-0.57575,0.21722046987165544,0.00023,0.055,93209.39,0
2025-11-18 13:26:40.219325,93209.39,45.55999999999767,0.04887919554027515,-0.62056,-1.36963,0.42512999999999995,1.62144,-1.19631,0.2621928656009473,0.10257,0.055,93209.38,0
2025-11-18 13:26:42.250176,93209.38,45.5399999999936,0.04885774371634442,0.67973,1.30029,0.42512999999999995,0.9417099999999999,-0.51658,0.45144471227872696,0.10257,0.00023,93205.38500000001,0
2025-11-18 13:26:44.289802,93205.38500000001,37.55000000000291,0.040287371807973225,-0.6797300000000002,-1.3594600000000001,0.42512999999999995,1.62144,-1.19631,0.2621928656009473,0.10257,0.88616,93205.375,0
2025-11-18 13:26:46.326522,93205.375,37.529999999998836,0.04026591814044934,0.22497,0.9047000000000002,0.42512999999999995,1.39647,-0.9713400000000001,0.30443188897720674,0.10257,0.00023,93205.38,1
2025-11-18 13:26:48.365603,93205.38,37.5399999999936,0.04027664497477892,9.999999999993348e-05,-0.22487000000000007,0.42512999999999995,1.39637,-0.9712399999999999,0.30445369064073274,0.10257,0.00023,93205.38,0
2025-11-18 13:26:50.401454,93205.38,37.5399999999936,0.04027664497477892,-0.00011999999999995348,-0.00021999999999988695,0.42512999999999995,1.39649,-0.97136,0.3044275290191838,0.10257,0.00023,93212.78,1
2025-11-18 13:26:52.438788,93212.78,52.33999999999651,0.056151098593987335,0.00011999999999995348,0.00023999999999990695,0.42512999999999995,1.39637,-0.9712399999999999,0.30445369064073274,0.10257,0.00023,93212.78,0
2025-11-18 13:26:54.468684,93212.78,52.33999999999651,0.056151098593987335,0.0,-0.00011999999999995348,0.42512999999999995,1.39637,-0.9712399999999999,0.30445369064073274,0.10257,0.00023,93206.88,0
2025-11-18 13:26:56.505547,93206.88,40.5399999999936,0.04349464331387726,-0.00014999999999998348,-0.00014999999999998348,0.42513,1.39652,-0.97139,0.3044209893163005,0.10257,0.00023,93202.83499999999,0
2025-11-18 13:26:58.540035,93202.83499999999,32.44999999999709,0.03481653750124349,0.00015999999999999348,0.00030999999999997696,0.42512999999999995,1.39636,-0.97123,0.30445587097883064,0.10257,0.00022,93200.09,0
2025-11-18 13:27:00.574010,93200.09,26.960000000006403,0.028927010692807703,-1.0000000000051634e-05,-0.00017000000000004512,0.42512999999999995,1.39637,-0.9712399999999999,0.30445369064073274,0.10257,0.88616,93196.23999999999,0
2025-11-18 13:27:02.609601,93196.23999999999,19.25999999999476,0.020666069789934405,0.0,1.0000000000051634e-05,0.42512999999999995,1.39637,-0.9712399999999999,0.30445369064073274,0.10257,0.00023,93201.69,1
2025-11-18 13:27:04.647274,93201.69,30.160000000003492,0.03235992823735652,-0.00021999999999988695,-0.00021999999999988695,0.42513,1.39659,-0.97146,0.3044057311021846,0.10257,0.00023,93210.33,1
2025-11-18 13:27:06.683009,93210.33,47.44000000000233,0.05089564643747353,0.00021999999999999797,0.00043999999999988493,0.42512999999999995,1.39637,-0.9712399999999999,0.30445369064073274,0.10257,0.00023,93207.985,0
2025-11-18 13:27:08.719109,93207.985,42.75,0.045865169169787334,0.4546299999999999,0.4544099999999999,0.42512999999999995,0.9417399999999999,-0.51661,0.4514303310892603,0.10257,0.88616,93207.985,0
2025-11-18 13:27:10.752193,93207.985,42.75,0.045865169169787334,3.0000000000057758e-05,-0.4545999999999999,0.42512999999999995,0.9417099999999999,-0.51658,0.45144471227872696,0.10257,0.00023,93213.825,1
2025-11-18 13:27:12.786146,93213.825,54.429999999993015,0.058392625771974294,-0.45466000000000006,-0.45469000000000015,0.42513,1.39637,-0.9712399999999999,0.3044536906407328,0.10257,0.00023,93213.82,0
2025-11-18 13:27:14.819284,93213.82,54.419999999998254,0.05838190088121939,-0.00014999999999992797,0.45451000000000014,0.42513,1.39652,-0.97139,0.3044209893163005,0.10257,0.00023,93222.275,1
2025-11-18 13:27:16.858596,93222.275,71.33000000000175,0.07651604726445664,0.000150000000000039,0.00029999999999996696,0.42512999999999995,1.39637,-0.9712399999999999,0.30445369064073274,0.10257,0.00023,93233.7,1
2025-11-18 13:27:18.894345,93233.7,74.04000000000815,0.07941334517455399,-0.17121999999999998,-0.17137000000000002,0.42411,1.56657,-1.14246,0.270725214960072,0.055,0.00023,93242.765,1
2025-11-18 13:27:20.926827,93242.765,74.20999999999185,0.07958794443728888,0.19539,0.36661,0.42411,1.3711799999999998,-0.9470699999999999,0.3093029361571785,0.055,0.00023,93242.765,0
2025-11-18 13:27:22.961342,93242.765,74.20999999999185,0.07958794443728888,0.0,-0.19539,0.42411,1.3711799999999998,-0.9470699999999999,0.3093029361571785,0.055,0.00023,93248.985,1
2025-11-18 13:27:25.000575,93248.985,61.76999999998952,0.06624200788886819,0.03052,0.03052,0.42512999999999995,1.34168,-0.91655,0.3168639317870133,0.26641,0.00023,93248.985,0
2025-11-18 13:27:27.032365,93248.985,61.76999999998952,0.06624200788886819,-0.0010299999999999828,-0.03154999999999998,0.4241,1.34168,-0.9175800000000001,0.3160962375529187,2e-05,0.00023,93261.51000000001,1
2025-11-18 13:27:29.063985,93261.51000000001,86.81999999999243,0.093093067011238,0.0010299999999999689,0.0020599999999999516,0.42512999999999995,1.34168,-0.91655,0.3168639317870133,0.26641,0.00023,93268.62,1
2025-11-18 13:27:31.098145,93268.62,72.59999999999127,0.07783968498728863,-0.0010200000000000209,-0.0020499999999999898,0.42411,1.34168,-0.91757,0.3161036908949973,0.055,0.00023,93278.45000000001,1
2025-11-18 13:27:33.133925,93278.45000000001,92.25999999999476,0.09890816153140919,0.000200000000000089,0.0012200000000001099,0.64918,1.56655,-0.9173700000000001,0.41440107242028656,0.055,0.0001,93282.04000000001,1
2025-11-18 13:27:35.163064,93282.04000000001,85.06000000001222,0.0911858274111632,0.22486999999999993,0.22466999999999984,0.64918,1.34168,-0.6925,0.4838560610577783,0.055,0.00023,93282.04000000001,0
2025-11-18 13:27:37.196069,93282.04000000001,85.06000000001222,0.0911858274111632,1.9999999999999185e-05,-0.22484999999999994,0.6492,1.34168,-0.69248,0.4838709677419355,0.05502,0.00023,93287.765,1
2025-11-18 13:27:39.229492,93287.765,96.48999999999069,0.10343264199757674,-0.05590000000000004,-0.05592000000000004,0.64799,1.39637,-0.7483799999999999,0.46405322371577734,0.26641,0.055,93300.735,1
2025-11-18 13:27:41.262231,93300.735,74.52999999999884,0.07988147145893205,-0.22416000000000016,-0.16826000000000013,0.42411,1.3966500000000002,-0.9725400000000002,0.30366233487273114,0.055,0.00023,93300.735,0
2025-11-18 13:27:43.295040,93300.735,74.52999999999884,0.07988147145893205,0.0,0.22416000000000016,0.42411,1.3966500000000002,-0.9725400000000002,0.30366233487273114,0.055,0.00023,93304.32,1
2025-11-18 13:27:45.334350,93304.32,81.69999999999709,0.08756293384914769,0.13325000000000004,0.13325000000000004,0.55708,1.39637,-0.8392899999999999,0.3989487027077351,0.055,0.00023,93293.83,0
2025-11-18 13:27:47.366986,93293.83,91.48000000001048,0.09805578782649452,-0.13300000000000003,-0.2662500000000001,0.4241,1.39639,-0.9722900000000001,0.3037117137762373,2e-05,0.00025,93304.565,1
2025-11-18 13:27:49.396743,93304.565,90.19000000000233,0.09666193717317295,0.13271999999999998,0.26572,0.55708,1.39665,-0.8395699999999999,0.39886872158378983,0.26641,0.00051,93304.555,0
2025-11-18 13:27:51.432638,93304.555,90.18999999998778,0.09666194753298783,0.47846000000000005,0.34574000000000005,0.58066,0.94177,-0.36111000000000004,0.616562430317381,0.055,0.00023,93304.555,0
2025-11-18 13:27:53.464238,93304.555,90.18999999998778,0.09666194753298783,0.0,-0.47846000000000005,0.58066,0.94177,-0.36111000000000004,0.616562430317381,0.055,0.00023,93304.555,0
2025-11-18 13:27:55.497409,93304.555,90.18999999998778,0.09666194753298783,0.0,0.0,0.58066,0.94177,-0.36111000000000004,0.616562430317381,0.055,0.00023,93304.565,1
2025-11-18 13:27:57.529781,93304.565,90.16999999999825,0.09664050199472904,-0.10253999999999999,-0.10253999999999999,0.47811999999999993,0.94177,-0.46365000000000006,0.5076823428225574,3e-05,0.00023,93304.56,0
2025-11-18 13:27:59.555578,93304.56,90.17999999999302,0.09665122476328383,0.10254000000000002,0.20508,0.58066,0.94177,-0.36111000000000004,0.616562430317381,0.26641,0.00023,93304.57,1
2025-11-18 13:28:01.582867,93304.57,90.15999999998894,0.09662977922730787,-0.10254000000000002,-0.20508000000000004,0.47811999999999993,0.94177,-0.46365000000000006,0.5076823428225574,3e-05,0.00023,93300.66,0
2025-11-18 13:28:03.615601,93300.66,97.97999999999593,0.10501533429666621,0.10253999999999999,0.20508,0.58066,0.94177,-0.36111000000000004,0.616562430317381,0.055,0.00023,93297.43,0
2025-11-18 13:28:05.641886,93297.43,91.5,0.09807344103690745,-0.45457,-0.55711,0.5806899999999999,1.39637,-0.81568,0.415856828777473,0.26644,0.88616,93297.42499999999,0
2025-11-18 13:28:07.673705,93297.42499999999,91.49000000000524,0.09806272788343863,9.71445146547012e-17,0.4545700000000001,0.5806899999999999,1.39637,-0.81568,0.415856828777473,0.26644,0.00023,93294.275,0
2025-11-18 13:28:09.701245,93294.275,85.19000000000233,0.09131321294902858,-0.10257000000000005,-0.10257000000000015,0.47812,1.39637,-0.9182499999999999,0.3424020854071629,3e-05,0.00023,93294.275,0
2025-11-18 13:28:11.738723,93294.275,85.19000000000233,0.09131321294902858,0.0,0.10257000000000005,0.47812,1.39637,-0.9182499999999999,0.3424020854071629,3e-05,0.00023,93294.275,0
2025-11-18 13:28:13.770522,93294.275,85.19000000000233,0.09131321294902858,0.0,0.0,0.47812,1.39637,-0.9182499999999999,0.3424020854071629,3e-05,0.00023,93213.075,0
2025-11-18 13:28:15.805337,93213.075,52.86999999999534,0.05671951064804519,-0.26888999999999996,-0.26888999999999996,0.5256799999999999,1.7128199999999998,-1.1871399999999999,0.30690907392487243,2e-05,0.31668,93213.07999999999,1
2025-11-18 13:28:17.849324,93213.07999999999,52.86000000000058,0.0567087794974703,0.322,0.5908899999999999,0.5258,1.39094,-0.86514,0.378017743396552,0.00022,0.31668,93213.065,0
2025-11-18 13:28:19.886399,93213.065,52.86999999999534,0.05671951673297659,0.13292,-0.18908,0.52594,1.25816,-0.73222,0.41802314491002734,0.00022,0.00022,93213.065,0
2025-11-18 13:28:21.922125,93213.065,52.86999999999534,0.05671951673297659,0.0,-0.13292,0.52594,1.25816,-0.73222,0.41802314491002734,0.00022,0.00022,93213.065,0
2025-11-18 13:28:23.955638,93213.065,52.86999999999534,0.05671951673297659,0.0,0.0,0.52594,1.25816,-0.73222,0.41802314491002734,0.00022,0.00022,93213.065,0
2025-11-18 13:28:25.983547,93213.065,52.86999999999534,0.05671951673297659,-0.00014,-0.00014,0.5258,1.25816,-0.7323599999999999,0.4179118713041267,8e-05,0.00022,93213.055,0
2025-11-18 13:28:28.014330,93213.055,52.870000000009895,0.05671952281792491,0.8865599999999998,0.8866999999999998,0.52643,0.37223,0.15419999999999995,1.414260000537302,0.26609,0.00023,93213.055,0
2025-11-18 13:28:30.046840,93213.055,52.870000000009895,0.05671952281792491,0.0,-0.8865599999999998,0.52643,0.37223,0.15419999999999995,1.414260000537302,0.26609,0.00023,93213.055,0
2025-11-18 13:28:32.084147,93213.055,52.870000000009895,0.05671952281792491,0.0,0.0,0.52643,0.37223,0.15419999999999995,1.414260000537302,0.26609,0.00023,93213.055,0
2025-11-18 13:28:34.119886,93213.055,52.870000000009895,0.05671952281792491,0.0,0.0,0.52643,0.37223,0.15419999999999995,1.414260000537302,0.26609,0.00023,93213.055,0
2025-11-18 13:28:36.150674,93213.055,52.870000000009895,0.05671952281792491,0.053950000000000005,0.053950000000000005,0.58038,0.37223,0.20815,1.5591972705047954,0.26609,0.00023,93213.055,0
2025-11-18 13:28:38.190895,93213.055,52.870000000009895,0.05671952281792491,-0.26607,-0.32001999999999997,0.31431,0.37223,-0.05792000000000003,0.8443972812508395,2e-05,0.00023,93213.055,0
2025-11-18 13:28:40.221565,93213.055,52.870000000009895,0.05671952281792491,0.26531000000000005,0.53138,0.57962,0.37223,0.20739000000000002,1.5571555221234183,0.26617,0.00023,93213.055,0
2025-11-18 13:28:42.259290,93213.055,52.870000000009895,0.05671952281792491,0.06844999999999998,-0.19686000000000006,0.64807,0.37223,0.27584000000000003,1.7410472019987642,0.26617,0.00023,93213.055,0
2025-11-18 13:28:44.295985,93213.055,52.870000000009895,0.05671952281792491,0.0,-0.06844999999999998,0.64807,0.37223,0.27584000000000003,1.7410472019987642,0.26617,0.00023,93213.055,0
2025-11-18 13:28:46.328222,93213.055,52.870000000009895,0.05671952281792491,-0.06844999999999998,-0.06844999999999998,0.57962,0.37223,0.20739000000000002,1.5571555221234183,0.26617,0.00023,93213.055,0
2025-11-18 13:28:48.362558,93213.055,52.870000000009895,0.05671952281792491,0.0,0.06844999999999998,0.57962,0.37223,0.20739000000000002,1.5571555221234183,0.26617,0.00023,93213.055,0
2025-11-18 13:28:50.396987,93213.055,52.870000000009895,0.05671952281792491,0.0,0.0,0.57962,0.37223,0.20739000000000002,1.5571555221234183,0.26617,0.00023,93213.055,0
2025-11-18 13:28:52.431533,93213.055,52.870000000009895,0.05671952281792491,0.0,0.0,0.57962,0.37223,0.20739000000000002,1.5571555221234183,0.26617,0.00023,93212.625,0
2025-11-18 13:28:54.462876,93212.625,52.01000000000931,0.05579716266976637,-1.3411600000000001,-1.3411600000000001,0.57962,1.71339,-1.13377,0.3382884223673536,0.26617,0.055,93212.61499999999,0
2025-11-18 13:28:56.491320,93212.61499999999,52.00999999999476,0.05579716865576056,1.9999999999999185e-05,1.34118,0.57962,1.71337,-1.13375,0.33829237117493594,0.1017,0.00021,93210.225,0
2025-11-18 13:28:58.522792,93210.225,47.2100000000064,0.05064894972628422,0.4546700000000001,0.45465000000000005,0.57962,1.2587,-0.6790799999999999,0.4604909827599905,0.26617,0.00042,93210.215,0
2025-11-18 13:29:00.554086,93210.215,47.2100000000064,0.050648955160125325,0.7308999999999999,0.2762299999999998,0.42402,0.3722,0.05182000000000003,1.1392262224610425,0.1017,0.00023,93210.215,0
2025-11-18 13:29:02.584666,93210.215,47.2100000000064,0.050648955160125325,0.0,-0.7308999999999999,0.42402,0.3722,0.05182000000000003,1.1392262224610425,0.1017,0.00023,93203.685,0
2025-11-18 13:29:04.612433,93203.685,34.14999999999418,0.03664018219879845,-0.8863099999999999,-0.8863099999999999,0.42402,1.25851,-0.83449,0.33692223343477606,0.1017,0.055,93200.685,0
2025-11-18 13:29:06.642293,93200.685,28.14999999999418,0.030203640670660503,0.88633,1.77264,0.42402,0.37218,0.05184,1.1392874415605352,0.1017,0.00017,93200.69,1
2025-11-18 13:29:08.675425,93200.69,28.160000000003492,0.030214368584614012,-1.34098,-2.22731,0.42402,1.71316,-1.28914,0.24750752994466366,0.1017,0.055,93197.785,0
2025-11-18 13:29:10.710705,93197.785,22.35000000000582,0.023981256636094753,1.34096,2.68194,0.42402,0.3722,0.05182000000000003,1.1392262224610425,0.1017,0.00023,93197.785,0
2025-11-18 13:29:12.744791,93197.785,22.35000000000582,0.023981256636094753,0.0,-1.34096,0.42402,0.3722,0.05182000000000003,1.1392262224610425,0.1017,0.00023,93194.35,0
2025-11-18 13:29:14.778477,93194.35,15.479999999995925,0.016610449023997616,0.0,0.0,0.42402,0.37220000000000003,0.05181999999999998,1.1392262224610423,0.1017,0.055,93194.345,0
2025-11-18 13:29:16.807737,93194.345,15.470000000001164,0.016599719650372737,-0.8863099999999999,-0.8863099999999999,0.42402,1.25851,-0.83449,0.33692223343477606,0.1017,0.00023,93194.595,1
2025-11-18 13:29:18.841271,93194.595,15.970000000001164,0.01713618692157111,1.9999999999999998e-05,0.88633,0.42402,1.2584899999999999,-0.8344699999999998,0.3369275878235028,0.1017,0.00021,93194.59,0
2025-11-18 13:29:20.874838,93194.59,15.960000000006403,0.017125457604359226,0.8862699999999999,0.8862499999999999,0.42402,0.37222,0.05180000000000001,1.1391650099403579,0.1017,0.00023,93194.59,0
2025-11-18 13:29:22.908476,93194.59,15.960000000006403,0.017125457604359226,0.0,-0.8862699999999999,0.42402,0.37222,0.05180000000000001,1.1391650099403579,0.1017,0.00023,93199.33499999999,1
2025-11-18 13:29:24.942114,93199.33499999999,25.44999999999709,0.027307061793946374,-0.88629,-0.88629,0.42402,1.25851,-0.83449,0.33692223343477606,0.1017,0.00023,93199.33,0
2025-11-18 13:29:26.980030,93199.33,25.44000000000233,0.0272963335680657,0.8312899999999999,1.7175799999999999,0.36904000000000003,0.37224,-0.0031999999999999806,0.9914033956587148,0.1017,0.00023,93193.495,0
2025-11-18 13:29:29.010642,93193.495,13.770000000004075,0.014775709399034853,-0.8862699999999999,-1.7175599999999998,0.36904000000000003,1.25851,-0.88947,0.29323565168333987,0.1017,0.00023,93190.6,0
2025-11-18 13:29:31.044318,93190.6,7.9799999999959255,0.008563095419490727,9.99999999995449e-06,0.8862799999999998,0.36904000000000003,1.2585,-0.8894599999999999,0.29323798172427495,0.1017,0.00023,93190.61,1
2025-11-18 13:29:33.071851,93190.61,7.980000000010477,0.008563094500626702,-0.13277,-0.13277999999999995,0.36904000000000003,1.39127,-1.02223,0.2652540484593214,2e-05,0.05499,93190.6,0
2025-11-18 13:29:35.105208,93190.6,7.9799999999959255,0.008563095419490727,0.18777,0.32054,0.42402,1.25848,-0.83446,0.33693026508168583,0.1017,0.00021,93187.70999999999,0
2025-11-18 13:29:37.141083,93187.70999999999,2.1999999999970896,0.002360826336431156,-0.03185999999999997,-0.21962999999999996,0.52496,1.39128,-0.8663200000000001,0.3773216031280547,0.10092,0.055,93186.61499999999,0
2025-11-18 13:29:39.174477,93186.61499999999,0.00999999999476131,1.0731154892536134e-05,-0.00023000000000000104,0.03162999999999997,0.52496,1.39151,-0.86655,0.3772592363691242,0.10092,0.05523,93186.61499999999,0
2025-11-18 13:29:41.208101,93186.61499999999,0.00999999999476131,1.0731154892536134e-05,-0.10172,-0.10149,0.42324,1.39151,-0.96827,0.3041587915286272,0.10092,0.05523,93186.61499999999,0
2025-11-18 13:29:43.239699,93186.61499999999,0.00999999999476131,1.0731154892536134e-05,0.13299999999999995,0.23471999999999996,0.42324,1.25851,-0.83527,0.33630245290065236,0.10092,0.055,93186.61499999999,0
2025-11-18 13:29:45.276942,93186.61499999999,0.00999999999476131,1.0731154892536134e-05,-0.45488,-0.58788,0.42324,1.71339,-1.29015,0.2470190674627493,0.10092,0.05523,93186.61499999999,0
2025-11-18 13:29:47.311472,93186.61499999999,0.00999999999476131,1.0731154892536134e-05,0.0,0.45488,0.42324,1.71339,-1.29015,0.2470190674627493,0.10092,0.05523,93186.61499999999,0
2025-11-18 13:29:49.345066,93186.61499999999,0.00999999999476131,1.0731154892536134e-05,0.0,0.0,0.42324,1.71339,-1.29015,0.2470190674627493,0.10092,0.05523,93186.61499999999,0
2025-11-18 13:29:51.377654,93186.61499999999,0.00999999999476131,1.0731154892536134e-05,0.0,0.0,0.42324,1.71339,-1.29015,0.2470190674627493,0.10092,0.05523,93186.61499999999,0
2025-11-18 13:29:53.412709,93186.61499999999,0.00999999999476131,1.0731154892536134e-05,0.0,0.0,0.42324,1.71339,-1.29015,0.2470190674627493,0.10092,0.05523,93186.61499999999,0
2025-11-18 13:29:55.449253,93186.61499999999,0.00999999999476131,1.0731154892536134e-05,0.0,0.0,0.42324,1.71339,-1.29015,0.2470190674627493,0.10092,0.05523,93188.7,1
2025-11-18 13:29:57.488042,93188.7,4.179999999993015,0.004485522386290414,0.3165900000000001,0.3165900000000001,0.42324,1.3968,-0.97356,0.30300687285223366,0.10092,0.00023,93186.61499999999,0
2025-11-18 13:29:59.520166,93186.61499999999,0.00999999999476131,1.0731154892536134e-05,-0.31649,-0.6330800000000001,0.42324,1.71329,-1.29005,0.24703348528270172,0.10092,0.055,93186.61499999999,0
2025-11-18 13:30:01.552062,93186.61499999999,0.00999999999476131,1.0731154892536134e-05,-9.999999999998899e-05,0.31639,0.42324,1.71339,-1.29015,0.2470190674627493,0.10092,0.05523,93186.61499999999,0
2025-11-18 13:30:03.582946,93186.61499999999,0.00999999999476131,1.0731154892536134e-05,0.0,9.999999999998899e-05,0.42324,1.71339,-1.29015,0.2470190674627493,0.10092,0.05523,93186.61499999999,0
2025-11-18 13:30:05.612728,93186.61499999999,0.00999999999476131,1.0731154892536134e-05,0.0,0.0,0.42324,1.71339,-1.29015,0.2470190674627493,0.10092,0.05523,93186.61499999999,0
2025-11-18 13:30:07.644615,93186.61499999999,0.00999999999476131,1.0731154892536134e-05,0.0,0.0,0.42324,1.71339,-1.29015,0.2470190674627493,0.10092,0.05523,93186.61499999999,0
2025-11-18 13:30:09.676131,93186.61499999999,0.00999999999476131,1.0731154892536134e-05,0.0,0.0,0.42324,1.71339,-1.29015,0.2470190674627493,0.10092,0.05523,93186.61499999999,0
2025-11-18 13:30:11.708387,93186.61499999999,0.00999999999476131,1.0731154892536134e-05,0.0,0.0,0.42324,1.71339,-1.29015,0.2470190674627493,0.10092,0.05523,93186.61499999999,0
2025-11-18 13:30:13.740556,93186.61499999999,0.00999999999476131,1.0731154892536134e-05,0.0,0.0,0.42324,1.71339,-1.29015,0.2470190674627493,0.10092,0.05523,93186.61499999999,0
2025-11-18 13:30:15.773206,93186.61499999999,0.00999999999476131,1.0731154892536134e-05,0.0,0.0,0.42324,1.71339,-1.29015,0.2470190674627493,0.10092,0.05523,93186.61499999999,0
2025-11-18 13:30:17.801993,93186.61499999999,0.00999999999476131,1.0731154892536134e-05,0.00023000000000000104,0.00023000000000000104,0.42324,1.71316,-1.28992,0.24705223096500034,0.10092,0.055,93186.61499999999,0
2025-11-18 13:30:19.833785,93186.61499999999,0.00999999999476131,1.0731154892536134e-05,-0.00023000000000000104,-0.0004600000000000021,0.42324,1.71339,-1.29015,0.2470190674627493,0.10092,0.05523,93186.61499999999,0
2025-11-18 13:30:21.865580,93186.61499999999,0.00999999999476131,1.0731154892536134e-05,0.0,0.00023000000000000104,0.42324,1.71339,-1.29015,0.2470190674627493,0.10092,0.05523,93186.61499999999,0
2025-11-18 13:30:23.896224,93186.61499999999,0.00999999999476131,1.0731154892536134e-05,0.0,0.0,0.42324,1.71339,-1.29015,0.2470190674627493,0.10092,0.05523,93190.505,1
2025-11-18 13:30:25.924963,93190.505,7.789999999993597,0.008359220716738896,0.4845099999999999,0.4845099999999999,0.42324,1.22888,-0.8056399999999999,0.34441117114771175,0.10092,0.00016,93190.515,1
2025-11-18 13:30:27.954029,93190.515,7.790000000008149,0.00835921981975113,-0.5094899999999999,-0.9939999999999998,0.36847,1.6836,-1.31513,0.2188583986695177,0.00023,0.02544,93190.51,0
2025-11-18 13:30:29.986737,93190.51,7.779999999998836,0.008348489561865083,0.45470999999999995,0.9641999999999998,0.36847,1.22889,-0.86042,0.2998396927308384,0.00023,0.00017,93190.515,1
2025-11-18 13:30:32.017034,93190.515,7.790000000008149,0.00835921981975113,-0.45470999999999995,-0.9094199999999999,0.36847,1.6836,-1.31513,0.2188583986695177,0.00023,0.02544,93197.155,1
2025-11-18 13:30:34.048282,93197.155,21.070000000006985,0.02260798626310748,-0.16246000000000005,0.2922499999999999,0.36847,1.8460599999999998,-1.4775899999999997,0.19959806290153087,0.00023,0.055,93197.155,0
2025-11-18 13:30:36.081733,93197.155,21.070000000006985,0.02260798626310748,0.18780000000000002,0.35026000000000007,0.42336999999999997,1.71316,-1.28979,0.24712811412827754,0.00023,0.055,93197.155,0
2025-11-18 13:30:38.113765,93197.155,21.070000000006985,0.02260798626310748,0.4874299999999999,0.2996299999999999,0.15729999999999997,0.95966,-0.80236,0.16391221891086424,0.00023,0.055,93197.15,0
2025-11-18 13:30:40.142370,93197.15,21.080000000001746,0.022618717417862828,-0.48788,-0.9753099999999999,0.42291999999999996,1.71316,-1.29024,0.24686544164001026,0.10062,0.055,93213.06,1
2025-11-18 13:30:42.174876,93213.06,52.89999999999418,0.056751704106692974,0.00024000000000002492,0.48812,0.42291999999999996,1.7129199999999998,-1.2899999999999998,0.24690003035751817,0.10062,0.31644,93213.055,0
2025-11-18 13:30:44.203863,93213.055,52.870000000009895,0.05671952281792491,1.34101,1.34077,0.42291999999999996,0.37190999999999996,0.05101,1.1371568390201932,0.26615,0.00023,93213.055,0
2025-11-18 13:30:46.236234,93213.055,52.870000000009895,0.05671952281792491,0.0,-1.34101,0.42291999999999996,0.37190999999999996,0.05101,1.1371568390201932,0.26615,0.00023,93213.05,0
2025-11-18 13:30:48.268376,93213.05,52.88000000000466,0.056730253971954206,0.0,0.0,0.42291999999999996,0.37190999999999996,0.05101,1.1371568390201932,0.10062,0.00023,93213.05,0
2025-11-18 13:30:50.302855,93213.05,52.88000000000466,0.056730253971954206,-6.938893903907228e-18,-6.938893903907228e-18,0.42292,0.37190999999999996,0.051010000000000055,1.1371568390201932,0.10062,0.00023,93211.48000000001,0
2025-11-18 13:30:52.334390,93211.48000000001,49.74000000000524,0.05336252573181461,0.0,6.938893903907228e-18,0.42291999999999996,0.37190999999999996,0.05101,1.1371568390201932,0.10062,0.055,93204.13,0
2025-11-18 13:30:54.362255,93204.13,35.0399999999936,0.037594900569313396,-0.8863599999999999,-0.8863599999999999,0.42292,1.25827,-0.83535,0.33611228114792535,0.10062,0.00023,93204.125,0
2025-11-18 13:30:56.395102,93204.125,35.029999999998836,0.03758417344725766,-3.0000000000141025e-05,0.8863299999999998,0.42292,1.2583,-0.83538,0.33610426766271956,0.10062,0.00023,93213.06,1
2025-11-18 13:30:58.427754,93213.06,52.89999999999418,0.056751704106692974,-0.45461999999999986,-0.4545899999999997,0.42291999999999996,1.71292,-1.29,0.24690003035751815,0.10062,0.31644,93213.05,0
2025-11-18 13:31:00.460916,93213.05,52.88000000000466,0.056730253971954206,0.4546100000000001,0.90923,0.42291999999999996,1.2583099999999998,-0.8353899999999999,0.336101596585897,0.10062,0.00023,93213.05,0
2025-11-18 13:31:02.490266,93213.05,52.88000000000466,0.056730253971954206,0.8863999999999999,0.43178999999999973,0.42292,0.37190999999999996,0.051010000000000055,1.1371568390201932,0.10062,0.00023,93213.05,0
2025-11-18 13:31:04.519092,93213.05,52.88000000000466,0.056730253971954206,0.0,-0.8863999999999999,0.42292,0.37190999999999996,0.051010000000000055,1.1371568390201932,0.10062,0.00023,93213.05,0
2025-11-18 13:31:06.555934,93213.05,52.88000000000466,0.056730253971954206,0.0,0.0,0.42292,0.37190999999999996,0.051010000000000055,1.1371568390201932,0.10062,0.00023,93213.05,0
2025-11-18 13:31:08.600546,93213.05,52.88000000000466,0.056730253971954206,0.0,0.0,0.42292,0.37190999999999996,0.051010000000000055,1.1371568390201932,0.10062,0.00023,93213.05,0
2025-11-18 13:31:10.643988,93213.05,52.88000000000466,0.056730253971954206,0.0,0.0,0.42292,0.37190999999999996,0.051010000000000055,1.1371568390201932,0.10062,0.00023,93213.05,0
2025-11-18 13:31:12.671828,93213.05,52.88000000000466,0.056730253971954206,0.0,0.0,0.42292,0.37190999999999996,0.051010000000000055,1.1371568390201932,0.10062,0.00023,93208.83,0
2025-11-18 13:31:14.703209,93208.83,44.44000000000233,0.04767788631184656,-0.8863599999999999,-0.8863599999999999,0.42292,1.25827,-0.83535,0.33611228114792535,0.10062,0.055,93202.34,0
2025-11-18 13:31:16.743098,93202.34,31.460000000006403,0.03375451732221144,9.999999999987796e-05,0.8864599999999998,0.42292,1.25817,-0.83525,0.336138995525247,0.10062,0.055,93202.33499999999,0
2025-11-18 13:31:18.774291,93202.33499999999,31.44999999999709,0.03374378978809607,-0.00010000000000000286,-0.00019999999999988083,0.42292,1.25827,-0.83535,0.33611228114792535,0.10062,0.00023,93202.33,0
2025-11-18 13:31:20.803915,93202.33,31.44000000000233,0.033733062252845315,0.88638,0.8864799999999999,0.42292,0.37189,0.05103000000000002,1.1372179945682863,0.10062,0.00023,93208.23000000001,1
2025-11-18 13:31:22.832349,93208.23000000001,43.24000000000524,0.046390753262888086,-0.88638,-1.77276,0.42292,1.25827,-0.83535,0.33611228114792535,0.10062,0.00023,93208.23000000001,0
2025-11-18 13:31:24.862595,93208.23000000001,43.24000000000524,0.046390753262888086,0.0,0.88638,0.42292,1.25827,-0.83535,0.33611228114792535,0.10062,0.00023,93198.54000000001,0
2025-11-18 13:31:26.892829,93198.54000000001,23.860000000000582,0.02560125941887135,0.00010999999999999899,0.00010999999999999899,0.42292,1.25816,-0.83524,0.336141667196541,0.10062,0.00023,93204.63,1
2025-11-18 13:31:28.921601,93204.63,36.0399999999936,0.03866760696329528,-0.00010999999999999899,-0.00021999999999999797,0.42292,1.25827,-0.83535,0.33611228114792535,0.10062,0.00023,93204.63,0
2025-11-18 13:31:30.954563,93204.63,36.0399999999936,0.03866760696329528,-0.13300000000000006,-0.13289000000000006,0.42292,1.39127,-0.96835,0.3039812545372214,0.10062,0.88673,93193.88500000001,0
2025-11-18 13:31:32.982585,93193.88500000001,14.55000000000291,0.015612612351124657,0.13300000000000006,0.2660000000000001,0.42292,1.25827,-0.83535,0.33611228114792535,0.10062,0.00023,93188.79000000001,0
2025-11-18 13:31:35.017033,93188.79000000001,4.360000000000582,0.0046786743341131285,0.0,-0.13300000000000006,0.42292,1.25827,-0.83535,0.33611228114792535,0.10062,0.00023,93188.79000000001,0
2025-11-18 13:31:37.044025,93188.79000000001,4.360000000000582,0.0046786743341131285,0.0,0.0,0.42292,1.25827,-0.83535,0.33611228114792535,0.10062,0.00023,93186.61499999999,0
2025-11-18 13:31:39.076258,93186.61499999999,0.00999999999476131,1.0731154892536134e-05,-0.22550999999999993,-0.22550999999999993,0.42271,1.48357,-1.0608600000000001,0.2849275733534649,0.10041,0.05523,93186.61499999999,0
2025-11-18 13:31:41.105813,93186.61499999999,0.00999999999476131,1.0731154892536134e-05,0.0,0.22550999999999993,0.42271,1.48357,-1.0608600000000001,0.2849275733534649,0.10041,0.05523,93186.61499999999,0
2025-11-18 13:31:43.135432,93186.61499999999,0.00999999999476131,1.0731154892536134e-05,-0.22958000000000006,-0.22958000000000006,0.42271,1.71315,-1.29044,0.24674430143303272,0.10041,0.05523,93186.61499999999,0
2025-11-18 13:31:45.167417,93186.61499999999,0.00999999999476131,1.0731154892536134e-05,-0.13299999999999995,0.09658000000000011,0.42271,1.84615,-1.42344,0.2289683936841535,0.10041,0.94173,93186.61499999999,0
2025-11-18 13:31:47.196003,93186.61499999999,0.00999999999476131,1.0731154892536134e-05,0.0,0.13299999999999995,0.42271,1.84615,-1.42344,0.2289683936841535,0.10041,0.94173,93186.61499999999,0
2025-11-18 13:31:49.227583,93186.61499999999,0.00999999999476131,1.0731154892536134e-05,0.0,0.0,0.42271,1.84615,-1.42344,0.2289683936841535,0.10041,0.94173,93188.45,1
2025-11-18 13:31:51.259670,93188.45,3.6600000000034925,0.0039275253531993425,0.07844999999999991,0.07844999999999991,0.36794,1.71293,-1.3449900000000001,0.21480153888366715,0.00023,0.055,93188.45,0
2025-11-18 13:31:53.311249,93188.45,3.6600000000034925,0.0039275253531993425,2.0000000000020002e-05,-0.07842999999999989,0.36794,1.71291,-1.34497,0.2148040469143154,0.00023,0.05499,93202.355,1
2025-11-18 13:31:55.342858,93202.355,31.470000000001164,0.0337652412323714,-0.21115000000000012,-0.21117000000000014,0.15678999999999998,1.71291,-1.55612,0.09153428960073792,0.00023,9e-05,93202.36,1
2025-11-18 13:31:57.373337,93202.36,31.480000000010477,0.03377596876303398,0.26604000000000005,0.47719000000000017,0.42284,1.71292,-1.2900800000000001,0.2468533264834318,0.00023,0.055,93202.355,0
2025-11-18 13:31:59.406172,93202.355,31.470000000001164,0.0337652412323714,0.39987,0.13382999999999995,0.36794,1.2581499999999999,-0.89021,0.29244525692485,0.00023,0.00011,93213.065,1
2025-11-18 13:32:01.458466,93213.065,52.88999999999942,0.05674097295266432,-0.40082000000000007,-0.8006900000000001,0.42189,1.7129199999999998,-1.2910299999999997,0.24629871797865635,0.00023,0.31644,93213.06,0
2025-11-18 13:32:03.486880,93213.06,52.88000000000466,0.056730247885869924,0.45476,0.85558,0.42189,1.25816,-0.83627,0.3353230113817003,0.00023,0.00012,93213.06,0
2025-11-18 13:32:05.519446,93213.06,52.88000000000466,0.056730247885869924,0.0,-0.45476,0.42189,1.25816,-0.83627,0.3353230113817003,0.00023,0.00012,93213.06,0
2025-11-18 13:32:07.554549,93213.06,52.88000000000466,0.056730247885869924,0.0,0.0,0.42189,1.25816,-0.83627,0.3353230113817003,0.00023,0.00012,93213.06,0
2025-11-18 13:32:09.582656,93213.06,52.88000000000466,0.056730247885869924,0.0,0.0,0.42189,1.25816,-0.83627,0.3353230113817003,0.00023,0.00012,93213.06,0
2025-11-18 13:32:11.612403,93213.06,52.88000000000466,0.056730247885869924,-0.45488,-0.45488,0.42189,1.71304,-1.29115,0.24628146453089245,0.00023,0.88662,93211.655,0
2025-11-18 13:32:13.643704,93211.655,50.070000000006985,0.053716458526572655,0.00011999999999989797,0.4549999999999999,0.42189,1.7129199999999998,-1.2910299999999997,0.24629871797865635,0.00023,0.055,93211.65,0
2025-11-18 13:32:15.675049,93211.65,50.05999999999767,0.053705733135286926,-0.26520999999999995,-0.26532999999999984,0.15678999999999998,1.71303,-1.55624,0.09152787750360471,0.00023,0.88661,93211.65,0
2025-11-18 13:32:17.702468,93211.65,50.05999999999767,0.053705733135286926,0.0,0.26520999999999995,0.15678999999999998,1.71303,-1.55624,0.09152787750360471,0.00023,0.88661,93213.065,1
2025-11-18 13:32:19.730913,93213.065,52.88999999999942,0.05674097295266432,0.26521000000000017,0.26521000000000017,0.42189,1.7129199999999998,-1.2910299999999997,0.24629871797865635,0.00023,0.31644,93213.065,0
2025-11-18 13:32:21.761984,93213.065,52.88999999999942,0.05674097295266432,0.0,-0.26521000000000017,0.42189,1.7129199999999998,-1.2910299999999997,0.24629871797865635,0.00023,0.31644,93213.06,0
2025-11-18 13:32:23.794435,93213.06,52.88000000000466,0.056730247885869924,0.45476,0.45476,0.42189,1.25816,-0.83627,0.3353230113817003,0.00023,0.00012,93213.06,0
2025-11-18 13:32:25.822996,93213.06,52.88000000000466,0.056730247885869924,0.0,-0.45476,0.42189,1.25816,-0.83627,0.3353230113817003,0.00023,0.00012,93213.06,0
2025-11-18 13:32:27.855617,93213.06,52.88000000000466,0.056730247885869924,0.0,0.0,0.42189,1.25816,-0.83627,0.3353230113817003,0.00023,0.00012,93213.06,0
2025-11-18 13:32:29.886760,93213.06,52.88000000000466,0.056730247885869924,0.0,0.0,0.42189,1.25816,-0.83627,0.3353230113817003,0.00023,0.00012,93213.06,0
2025-11-18 13:32:31.918356,93213.06,52.88000000000466,0.056730247885869924,1.1102230246251565e-16,1.1102230246251565e-16,0.42189,1.25816,-0.83627,0.3353230113817003,0.00023,0.00012,93213.06,0
2025-11-18 13:32:33.949678,93213.06,52.88000000000466,0.056730247885869924,-6.938893903907228e-18,-1.1796119636642288e-16,0.42189,1.25816,-0.83627,0.3353230113817003,0.00023,0.00012,93213.06,0
2025-11-18 13:32:35.979926,93213.06,52.88000000000466,0.056730247885869924,-1.1102230246251565e-16,-1.0408340855860843e-16,0.42189,1.25816,-0.83627,0.3353230113817003,0.00023,0.00012,93213.06,0
2025-11-18 13:32:38.013014,93213.06,52.88000000000466,0.056730247885869924,0.16651999999999995,0.16652000000000006,0.15678999999999998,0.82654,-0.6697500000000001,0.18969438865632635,0.00023,0.00012,93213.055,0
2025-11-18 13:32:40.044095,93213.055,52.88999999999942,0.05674097903989888,-0.16576999999999992,-0.33228999999999986,0.42263999999999996,1.25816,-0.83552,0.3359191199847396,0.10033,0.00012,93213.05,0
2025-11-18 13:32:42.076191,93213.05,52.88000000000466,0.056730253971954206,0.88627,1.0520399999999999,0.42263999999999996,0.37189,0.05074999999999996,1.1364650837613273,0.10033,0.00023,93213.05,0
2025-11-18 13:32:44.108770,93213.05,52.88000000000466,0.056730253971954206,0.0,-0.88627,0.42263999999999996,0.37189,0.05074999999999996,1.1364650837613273,0.10033,0.00023,93213.05,0
2025-11-18 13:32:46.142336,93213.05,52.88000000000466,0.056730253971954206,-0.8863999999999999,-0.8863999999999999,0.42263999999999996,1.25829,-0.83565,0.3358844145626207,0.10033,0.00023,93213.05,0
2025-11-18 13:32:48.170755,93213.05,52.88000000000466,0.056730253971954206,0.0,0.8863999999999999,0.42263999999999996,1.25829,-0.83565,0.3358844145626207,0.10033,0.00023,93213.055,1
2025-11-18 13:32:50.202966,93213.055,52.870000000009895,0.05671952281792491,0.05490000000000006,0.05490000000000006,0.42263999999999996,1.20339,-0.78075,0.351207837858051,0.26616,0.00023,93213.05,0
2025-11-18 13:32:52.233386,93213.05,52.88000000000466,0.056730253971954206,0.0,-0.05490000000000006,0.42263999999999996,1.20339,-0.78075,0.351207837858051,0.10033,0.00023,93214.45999999999,1
2025-11-18 13:32:54.263447,93214.45999999999,50.060000000012224,0.05370411414711004,0.8315499999999999,0.8315499999999999,0.42269,0.37189,0.05080000000000001,1.1365995321197129,0.26621,0.00023,93214.45999999999,0
2025-11-18 13:32:56.295452,93214.45999999999,50.060000000012224,0.05370411414711004,0.0,-0.8315499999999999,0.42269,0.37189,0.05080000000000001,1.1365995321197129,0.26621,0.00023,93214.45999999999,0
2025-11-18 13:32:58.325871,93214.45999999999,50.060000000012224,0.05370411414711004,0.0,0.0,0.42269,0.37189,0.05080000000000001,1.1365995321197129,0.26621,0.00023,93214.45999999999,0
2025-11-18 13:33:00.355286,93214.45999999999,50.060000000012224,0.05370411414711004,0.0,0.0,0.42269,0.37189,0.05080000000000001,1.1365995321197129,0.26621,0.00023,93214.45999999999,0
2025-11-18 13:33:02.387780,93214.45999999999,50.060000000012224,0.05370411414711004,-0.8314999999999999,-0.8314999999999999,0.42269,1.20339,-0.7807,0.35124938714797366,0.26621,0.00023,93214.465,1
2025-11-18 13:33:04.421781,93214.465,50.070000000006985,0.05371483921514433,-0.05581999999999999,0.7756799999999999,0.42164,1.25816,-0.8365199999999999,0.3351243085140205,5e-05,0.00012,93213.055,0
2025-11-18 13:33:06.451799,93213.055,52.870000000009895,0.05671952281792491,0.8872799999999998,0.9430999999999998,0.42263999999999996,0.37188,0.05075999999999997,1.1364956437560503,0.26616,0.00022,93213.055,0
2025-11-18 13:33:08.482394,93213.055,52.870000000009895,0.05671952281792491,0.0,-0.8872799999999998,0.42263999999999996,0.37188,0.05075999999999997,1.1364956437560503,0.26616,0.00022,93213.055,0
2025-11-18 13:33:10.514635,93213.055,52.870000000009895,0.05671952281792491,0.0,0.0,0.42263999999999996,0.37188,0.05075999999999997,1.1364956437560503,0.26616,0.00022,93213.05,0
2025-11-18 13:33:12.547656,93213.05,52.88000000000466,0.056730253971954206,0.0,0.0,0.42263999999999996,0.37188,0.05075999999999997,1.1364956437560503,0.10033,0.00022,93213.05,0
2025-11-18 13:33:14.577984,93213.05,52.88000000000466,0.056730253971954206,0.0,0.0,0.42264,0.37188,0.05076000000000003,1.1364956437560505,0.10033,0.00022,93213.05,0
2025-11-18 13:33:16.609913,93213.05,52.88000000000466,0.056730253971954206,-0.8315,-0.8315,0.42263999999999996,1.20338,-0.78074,0.35121075636955906,0.10033,0.00022,93213.05,0
2025-11-18 13:33:18.640313,93213.05,52.88000000000466,0.056730253971954206,0.8315,1.663,0.42264,0.37188,0.05076000000000003,1.1364956437560505,0.10033,0.00022,93213.05,0
2025-11-18 13:33:20.672826,93213.05,52.88000000000466,0.056730253971954206,-0.8863999999999999,-1.7178999999999998,0.42264,1.2582799999999998,-0.8356399999999998,0.33588708395587635,0.10033,0.00022,93213.05,0
2025-11-18 13:33:22.703699,93213.05,52.88000000000466,0.056730253971954206,0.8863999999999999,1.7727999999999997,0.42264,0.37188,0.05076000000000003,1.1364956437560505,0.10033,0.00022,93213.05,0
2025-11-18 13:33:24.733251,93213.05,52.88000000000466,0.056730253971954206,6.938893903907228e-18,-0.8863999999999999,0.42263999999999996,0.37188,0.05075999999999997,1.1364956437560503,0.10033,0.00022,93213.05,0
2025-11-18 13:33:26.766494,93213.05,52.88000000000466,0.056730253971954206,0.0,-6.938893903907228e-18,0.42263999999999996,0.37188,0.05075999999999997,1.1364956437560503,0.10033,0.00022,93213.05,0
2025-11-18 13:33:28.796473,93213.05,52.88000000000466,0.056730253971954206,0.0,0.0,0.42263999999999996,0.37188,0.05075999999999997,1.1364956437560503,0.10033,0.00022,93213.05,0
2025-11-18 13:33:30.828698,93213.05,52.88000000000466,0.056730253971954206,0.0,0.0,0.42263999999999996,0.37188,0.05075999999999997,1.1364956437560503,0.10033,0.00022,93213.055,1
2025-11-18 13:33:32.862126,93213.055,52.870000000009895,0.05671952281792491,0.0,0.0,0.42263999999999996,0.37188,0.05075999999999997,1.1364956437560503,0.26616,0.00022,93213.055,0
2025-11-18 13:33:34.893998,93213.055,52.870000000009895,0.05671952281792491,0.0,0.0,0.42263999999999996,0.37188,0.05075999999999997,1.1364956437560503,0.26616,0.00022,93213.055,0
2025-11-18 13:33:36.925369,93213.055,52.870000000009895,0.05671952281792491,0.0,0.0,0.42263999999999996,0.37188,0.05075999999999997,1.1364956437560503,0.26616,0.00022,93213.07500000001,1
2025-11-18 13:33:38.953160,93213.07500000001,52.830000000001746,0.056676598213289006,-0.00014999999999998348,-0.00014999999999998348,0.42249,0.37188,0.05060999999999999,1.1360922878347854,0.26601,0.00022,93213.06,0
2025-11-18 13:33:40.985128,93213.06,52.86000000000058,0.05670879166503126,0.0,0.00014999999999998348,0.42249,0.37188,0.05060999999999999,1.1360922878347854,0.26601,0.00022,93213.11,1
2025-11-18 13:33:43.016242,93213.11,52.76000000000931,0.05660148019952269,-0.0010000000000000083,-0.0010000000000000083,0.42149,0.37188,0.04960999999999999,1.1334032483596859,5e-05,0.00022,93214.58,1
2025-11-18 13:33:45.048176,93214.58,49.820000000006985,0.05344657455948091,-0.8306500000000001,-0.8296500000000001,0.42249000000000003,1.20353,-0.78104,0.3510423504191836,0.055,0.00022,93214.58499999999,1
2025-11-18 13:33:47.076759,93214.58499999999,49.810000000012224,0.0534358437577255,0.83065,1.6613000000000002,0.42149000000000003,0.37188,0.04961000000000004,1.133403248359686,5e-05,0.00022,93214.58499999999,0
2025-11-18 13:33:49.105594,93214.58499999999,49.810000000012224,0.0534358437577255,0.0010500000000000028,-0.8296,0.42254,0.37188,0.05066000000000004,1.1362267398085404,0.26606,0.00022,93214.58499999999,0
2025-11-18 13:33:51.138381,93214.58499999999,49.810000000012224,0.0534358437577255,0.0,-0.0010500000000000028,0.42254,0.37188,0.05066000000000004,1.1362267398085404,0.26606,0.00022,93213.05,0
2025-11-18 13:33:53.168624,93213.05,52.88000000000466,0.056730253971954206,-0.8317,-0.8317,0.42249000000000003,1.20353,-0.78104,0.3510423504191836,0.10033,0.00022,93213.05,0
2025-11-18 13:33:55.203158,93213.05,52.88000000000466,0.056730253971954206,0.8316500000000001,1.66335,0.42249,0.37188,0.05060999999999999,1.1360922878347854,0.10033,0.00022,93213.05,0
2025-11-18 13:33:57.250929,93213.05,52.88000000000466,0.056730253971954206,0.0,-0.8316500000000001,0.42249,0.37188,0.05060999999999999,1.1360922878347854,0.10033,0.00022,93213.05,0
2025-11-18 13:33:59.280363,93213.05,52.88000000000466,0.056730253971954206,-0.88655,-0.88655,0.42249000000000003,1.25843,-0.8359399999999999,0.3357278513703583,0.10033,0.00022,93213.05,0
2025-11-18 13:34:01.314418,93213.05,52.88000000000466,0.056730253971954206,0.0,0.88655,0.42249000000000003,1.25843,-0.8359399999999999,0.3357278513703583,0.10033,0.00022,93213.05,0
2025-11-18 13:34:03.344364,93213.05,52.88000000000466,0.056730253971954206,0.88655,0.88655,0.42249000000000003,0.37188,0.050610000000000044,1.1360922878347854,0.10033,0.00022,93213.05,0
2025-11-18 13:34:05.375648,93213.05,52.88000000000466,0.056730253971954206,0.0,-0.88655,0.42249000000000003,0.37188,0.050610000000000044,1.1360922878347854,0.10033,0.00022,93213.05,0
2025-11-18 13:34:07.403921,93213.05,52.88000000000466,0.056730253971954206,0.0,0.0,0.42249000000000003,0.37188,0.050610000000000044,1.1360922878347854,0.10033,0.00022,93213.05,0
2025-11-18 13:34:09.436270,93213.05,52.88000000000466,0.056730253971954206,0.0,0.0,0.42249000000000003,0.37188,0.050610000000000044,1.1360922878347854,0.10033,0.00022,93212.295,0
2025-11-18 13:34:11.467057,93212.295,51.36999999999534,0.05511075550708771,-0.8865500000000001,-0.8865500000000001,0.42249000000000003,1.2584300000000002,-0.8359400000000001,0.33572785137035827,0.10033,0.055,93212.29000000001,0
2025-11-18 13:34:13.500000,93212.29000000001,51.36000000000058,0.05510003026425011,2.0000000000020002e-05,0.8865700000000001,0.42249000000000003,1.25841,-0.83592,0.33573318711707634,0.10033,0.00022,93212.285,0
2025-11-18 13:34:15.529390,93212.285,51.35000000000582,0.05508930502026189,-9.99999999995449e-06,-2.999999999997449e-05,0.42249000000000003,1.25842,-0.8359300000000001,0.3357305192225171,0.10033,0.00022,93212.285,0
2025-11-18 13:34:17.559365,93212.285,51.35000000000582,0.05508930502026189,0.8865500000000002,0.8865600000000001,0.42249000000000003,0.37187,0.050620000000000054,1.136122838626402,0.10033,0.00022,93213.055,1
2025-11-18 13:34:19.591346,93213.055,52.88999999999942,0.05674097903989888,-0.8865400000000001,-1.7730900000000003,0.42249,1.25841,-0.83592,0.3357331871170763,0.10033,0.00022,93213.055,0
2025-11-18 13:34:21.621351,93213.055,52.870000000009895,0.05671952281792491,0.054879999999999984,0.9414200000000001,0.42249,1.20353,-0.78104,0.3510423504191836,0.26601,0.00022,93213.05,0
2025-11-18 13:34:23.651165,93213.05,52.88000000000466,0.056730253971954206,-0.05490000000000006,-0.10978000000000004,0.42249000000000003,1.25843,-0.8359399999999999,0.3357278513703583,0.10033,0.00022,93213.05,0
2025-11-18 13:34:25.676923,93213.05,52.88000000000466,0.056730253971954206,0.88655,0.94145,0.42249,0.37188,0.05060999999999999,1.1360922878347854,0.10033,0.00022,93213.05,0
2025-11-18 13:34:27.707550,93213.05,52.88000000000466,0.056730253971954206,-0.88655,-1.7731,0.42249,1.25843,-0.8359399999999999,0.3357278513703583,0.10033,0.00022,93212.64,0
2025-11-18 13:34:29.737718,93212.64,52.05999999999767,0.05585079448452235,2.0000000000013063e-05,0.88657,0.42249000000000003,1.25841,-0.83592,0.33573318711707634,0.10033,0.00022,93207.89499999999,0
2025-11-18 13:34:31.772507,93207.89499999999,42.56999999999243,0.04567209676818947,-0.22507999999999995,-0.22509999999999997,0.42249000000000003,1.4834900000000002,-1.0610000000000002,0.2847946396672711,0.10033,0.88665,93203.995,0
2025-11-18 13:34:33.801715,93203.995,34.770000000004075,0.03730526786969172,1.1116400000000002,1.3367200000000001,0.42249000000000003,0.37185,0.05064000000000002,1.136183945139169,0.10033,0.00022,93212.34,1
2025-11-18 13:34:35.836456,93212.34,51.4600000000064,0.055207282640910425,-0.88656,-1.9982000000000002,0.42249000000000003,1.25841,-0.83592,0.33573318711707634,0.10033,0.00022,93212.34,0
2025-11-18 13:34:37.863853,93212.34,51.4600000000064,0.055207282640910425,0.40371000000000007,1.29027,0.40728000000000003,0.83949,-0.4322099999999999,0.48515169924597085,0.10033,0.00033,93212.33499999999,0
2025-11-18 13:34:39.892513,93212.33499999999,51.44999999999709,0.05519655740841284,0.21734999999999993,-0.18636000000000014,0.15701,0.37187,-0.21485999999999997,0.4222174415790465,0.10033,0.00022,93209.09,0
2025-11-18 13:34:41.924828,93209.09,44.9600000000064,0.04823563882021207,-0.62172,-0.83907,0.42183,1.25841,-0.8365800000000001,0.33520871576036426,0.10018,0.00022,93209.09,0
2025-11-18 13:34:43.957334,93209.09,44.9600000000064,0.04823563882021207,9.999999999898979e-06,0.6217299999999999,0.42183,1.2584,-0.83657,0.33521137952956137,0.10018,0.00022,93209.09,0
2025-11-18 13:34:45.989974,93209.09,44.9600000000064,0.04823563882021207,0.0,-9.999999999898979e-06,0.42183,1.2584,-0.83657,0.33521137952956137,0.10018,0.00022,93213.06,1
2025-11-18 13:34:48.017615,93213.06,52.89999999999418,0.056751704106692974,-0.46741,-0.46741,0.42183,1.7258099999999998,-1.30398,0.2444243572583309,0.10018,0.31644,93213.05,0
2025-11-18 13:34:50.051186,93213.05,52.88000000000466,0.056730253971954206,1.0889700000000002,1.5563800000000003,0.15686,0.37187,-0.21500999999999998,0.4218140748110899,0.10018,0.00022,93213.05,0
2025-11-18 13:34:52.079919,93213.05,52.88000000000466,0.056730253971954206,0.26497,-0.8240000000000003,0.4218299999999999,0.37187,0.04995999999999995,1.1343480248473927,0.10018,0.00022,93230.675,1
2025-11-18 13:34:54.113516,93230.675,17.630000000004657,0.01891008511952172,-0.83019,-1.09516,0.42328999999999994,1.2035200000000001,-0.7802300000000002,0.351709984046796,0.00156,0.00022,93230.675,0
2025-11-18 13:34:56.143684,93230.675,17.630000000004657,0.01891008511952172,-0.05533000000000006,0.7748599999999999,0.42285999999999996,1.2584199999999999,-0.8355599999999999,0.33602453870726784,0.00156,0.00022,93230.675,0
2025-11-18 13:34:58.175381,93230.675,17.630000000004657,0.01891008511952172,0.88655,0.94188,0.42285999999999996,0.37187,0.05098999999999998,1.1371178099873611,0.00156,0.00022,93230.675,0
2025-11-18 13:35:00.204055,93230.675,17.630000000004657,0.01891008511952172,-6.938893903907228e-18,-0.88655,0.42285999999999996,0.37187,0.05098999999999998,1.1371178099873611,0.00156,0.00022,93230.675,0
2025-11-18 13:35:02.233880,93230.675,17.630000000004657,0.01891008511952172,0.0,6.938893903907228e-18,0.42285999999999996,0.37187,0.05098999999999998,1.1371178099873611,0.00156,0.00022,93230.675,0
2025-11-18 13:35:04.263385,93230.675,17.630000000004657,0.01891008511952172,-0.88655,-0.88655,0.42285999999999996,1.2584199999999999,-0.8355599999999999,0.33602453870726784,0.00156,0.00022,93230.675,0
2025-11-18 13:35:06.312060,93230.675,17.630000000004657,0.01891008511952172,0.88655,1.7731,0.42285999999999996,0.37187,0.05098999999999998,1.1371178099873611,0.00156,0.00022,93230.675,0
2025-11-18 13:35:08.342784,93230.675,17.630000000004657,0.01891008511952172,0.0,-0.88655,0.42285999999999996,0.37187,0.05098999999999998,1.1371178099873611,0.00156,0.00022,93230.675,0
2025-11-18 13:35:10.376681,93230.675,17.630000000004657,0.01891008511952172,0.0,0.0,0.42285999999999996,0.37187,0.05098999999999998,1.1371178099873611,0.00156,0.00022,93230.675,0
2025-11-18 13:35:12.408634,93230.675,17.630000000004657,0.01891008511952172,0.0,0.0,0.42285999999999996,0.37187,0.05098999999999998,1.1371178099873611,0.00156,0.00022,93230.675,0
2025-11-18 13:35:14.441712,93230.675,17.630000000004657,0.01891008511952172,0.0,0.0,0.42285999999999996,0.37187,0.05098999999999998,1.1371178099873611,0.00156,0.00022,93230.675,0
2025-11-18 13:35:16.475623,93230.675,17.630000000004657,0.01891008511952172,0.0,0.0,0.42285999999999996,0.37187,0.05098999999999998,1.1371178099873611,0.00156,0.00022,93230.675,0
2025-11-18 13:35:18.504187,93230.675,17.630000000004657,0.01891008511952172,0.0,0.0,0.42285999999999996,0.37187,0.05098999999999998,1.1371178099873611,0.00156,0.00022,93230.675,0
2025-11-18 13:35:20.535846,93230.675,17.630000000004657,0.01891008511952172,0.0,0.0,0.42285999999999996,0.37187,0.05098999999999998,1.1371178099873611,0.00156,0.00022,93239.495,1
2025-11-18 13:35:22.568604,93239.495,0.00999999999476131,1.0725068807763611e-05,-0.24239999999999992,-0.24239999999999992,0.64786,0.8392700000000001,-0.19141000000000008,0.7719327510812968,0.32102,0.00011,93239.505,1
2025-11-18 13:35:24.601545,93239.505,0.00999999999476131,1.0725067657492723e-05,-1.15069,-0.90829,0.38209000000000004,1.72419,-1.3420999999999998,0.2216055075136731,0.05525,0.05016,93239.505,0
2025-11-18 13:35:26.631072,93239.505,0.00999999999476131,1.0725067657492723e-05,-0.09202999999999997,1.05866,0.29006,1.72419,-1.43413,0.16822971946247223,0.05522,0.05013,93291.76999999999,1
2025-11-18 13:35:28.661435,93291.76999999999,7.360000000000582,0.00788922752778791,0.09169,0.18371999999999997,0.33172999999999997,1.67417,-1.3424399999999999,0.19814594694684529,0.00022,0.0001,93295.445,1
2025-11-18 13:35:30.689945,93295.445,0.00999999999476131,1.0718636901041963e-05,0.18313000000000001,0.09144000000000002,0.51486,1.67417,-1.15931,0.30753149321753465,0.05522,0.0001,93317.23999999999,1
2025-11-18 13:35:32.721533,93317.23999999999,68.36000000000058,0.07325548848208605,0.10229999999999995,-0.08083000000000007,0.28154,1.3385500000000001,-1.05701,0.21033207575361398,0.055,0.0001,93284.01,0
2025-11-18 13:35:34.754276,93284.01,88.66000000000349,0.09504308401836874,0.27974,0.17744000000000004,0.56128,1.3385500000000001,-0.7772700000000001,0.41931941279743,0.055,0.055,93284.015,1
2025-11-18 13:35:36.785781,93284.015,88.64999999999418,0.09503235897382223,-0.22467999999999996,-0.50442,0.3366,1.3385500000000001,-1.0019500000000001,0.2514661387322102,0.00022,0.055,93284.01000000001,0
2025-11-18 13:35:38.819522,93284.01000000001,88.63999999999942,0.09502164411671347,0.1318599999999998,0.35653999999999975,0.33654,1.20663,-0.87009,0.2789090276223863,0.00016,8e-05,93274.48999999999,0
2025-11-18 13:35:40.850363,93274.48999999999,92.90000000000873,0.09959850758766813,0.10007999999999996,-0.03177999999999985,0.43667999999999996,1.20669,-0.7700100000000001,0.361882505034433,0.0001,0.00014,93277.26,1
2025-11-18 13:35:42.878736,93277.26,87.33999999999651,0.09363482589432463,1.05124,0.95116,0.33658,0.05535,0.28123,6.080939476061427,0.055,7e-05,93277.26,0
2025-11-18 13:35:44.908114,93277.26,87.33999999999651,0.09363482589432463,0.0,-1.05124,0.33658,0.05535,0.28123,6.080939476061427,0.055,7e-05,93283.245,1
2025-11-18 13:35:46.942130,93283.245,75.36999999999534,0.08079693196778838,-1.05117,-1.05117,0.43667999999999996,1.20662,-0.7699400000000001,0.3619034990303492,0.055,7e-05,93289.285,1
2025-11-18 13:35:48.973056,93289.285,87.44999999999709,0.09374066914544053,1.15126,2.2024299999999997,0.43667999999999996,0.05536,0.38131999999999994,7.88800578034682,0.055,7e-05,93296.07,1
2025-11-18 13:35:51.005532,93296.07,86.25999999999476,0.0924583425646919,-0.10010999999999996,-1.2513699999999999,0.33658,0.055369999999999996,0.28121,6.078743001625429,0.055,7e-05,93296.435,1
2025-11-18 13:35:53.034996,93296.435,86.97000000000116,0.09321899598843318,-1.61881,-1.5187000000000002,0.33657,1.67417,-1.3376,0.2010369317333365,7e-05,0.055,93292.59,0
2025-11-18 13:35:55.084215,93292.59,79.27999999999884,0.08497995392774371,3.999999999992898e-05,1.6188500000000001,0.33657,1.67413,-1.3375599999999999,0.20104173511017662,7e-05,0.055,93254.07,0
2025-11-18 13:35:57.113974,93254.07,27.960000000006403,0.02998260558494273,-0.31257999999999997,-0.3126199999999999,0.15692,1.8070599999999999,-1.65014,0.08683718304870897,0.0001,0.055,93244.95,0
2025-11-18 13:35:59.147509,93244.95,46.16000000000349,0.04950402139740918,0.6004799999999999,0.9130599999999999,0.15692,1.20658,-1.04966,0.13005353975699913,8e-05,7e-05,93244.965,1
2025-11-18 13:36:01.177614,93244.965,46.169999999998254,0.04951473787351226,-0.6553199999999999,-1.2557999999999998,0.10208,1.8070599999999999,-1.70498,0.0564895465562848,0.00016,0.055,93235.025,0
2025-11-18 13:36:03.207851,93235.025,26.30999999999767,0.028219008897136754,0.5223899999999999,1.1777099999999998,0.15692,1.33951,-1.18259,0.1171473150629708,8e-05,0.055,93230.17499999999,0
2025-11-18 13:36:05.234957,93230.17499999999,16.610000000000582,0.017816120156377038,0.35789,-0.16449999999999992,0.38188,1.20658,-0.8247,0.31649787001276336,8e-05,7e-05,93230.18,1
2025-11-18 13:36:07.268362,93230.18,16.620000000009895,0.017826845341293876,-0.41236,-0.77025,0.10245000000000001,1.33951,-1.23706,0.07648319161484425,8e-05,7e-05,93236.83,1
2025-11-18 13:36:09.296253,93236.83,29.89999999999418,0.032068872354405635,-0.46791999999999995,-0.05555999999999994,0.10208,1.8070599999999999,-1.70498,0.0564895465562848,0.00016,0.055,93236.83,0
2025-11-18 13:36:11.322711,93236.83,29.89999999999418,0.032068872354405635,0.0,0.46791999999999995,0.10208,1.8070599999999999,-1.70498,0.0564895465562848,0.00016,0.055,93236.82500000001,0
2025-11-18 13:36:13.355429,93236.82500000001,29.889999999999418,0.032058148698220275,0.13291999999999993,0.13291999999999993,0.10208,1.67414,-1.57206,0.06097458993871481,0.00016,8e-05,93248.85500000001,1
2025-11-18 13:36:15.386972,93248.85500000001,53.94999999999709,0.057855938284708246,-0.07801999999999987,-0.2109399999999998,0.15698,1.8070599999999999,-1.65008,0.08687038615209236,0.00016,0.055,93244.06,0
2025-11-18 13:36:17.421337,93244.06,44.38000000000466,0.04759552511978206,0.13278,0.21079999999999988,0.15692,1.67422,-1.5173,0.09372722820178948,8e-05,0.055,93244.055,0
2025-11-18 13:36:19.454221,93244.055,44.370000000009895,0.047584803127673825,1.0000000000003062e-05,-0.13277,0.15692,1.67421,-1.51729,0.09372778803137002,8e-05,0.00015,93244.04999999999,0
2025-11-18 13:36:21.486582,93244.04999999999,44.36000000000058,0.04757408113440009,0.4676199999999999,0.4676099999999999,0.15692,1.20659,-1.04967,0.13005246189675035,8e-05,7e-05,93241.66,0
2025-11-18 13:36:23.515947,93241.66,39.580000000001746,0.04244883671097419,-0.46753999999999984,-0.9351599999999998,0.15692,1.67413,-1.51721,0.09373226690878247,8e-05,7e-05,93248.70999999999,1
2025-11-18 13:36:25.545992,93248.70999999999,53.65999999998894,0.05754503199024302,-0.13286999999999993,0.3346699999999999,0.15698,1.8070599999999999,-1.65008,0.08687038615209236,0.00016,0.055,93231.065,0
2025-11-18 13:36:27.576811,93231.065,88.91000000000349,0.09536520901054117,0.80126,0.9341299999999999,0.43576999999999994,1.2845900000000001,-0.8488200000000001,0.3392288590133816,0.10018,7e-05,93242.1,1
2025-11-18 13:36:29.608319,93242.1,110.97999999999593,0.11902348831696832,-9.999999999999999e-06,-0.8012699999999999,0.43576999999999994,1.2846,-0.84883,0.33922621827806315,0.10018,7e-05,93242.325,1
2025-11-18 13:36:31.640083,93242.325,111.42999999999302,0.11950581455363003,0.0,9.999999999999999e-06,0.43576999999999994,1.2846,-0.84883,0.33922621827806315,0.10018,7e-05,93242.325,0
2025-11-18 13:36:33.671332,93242.325,111.42999999999302,0.11950581455363003,-0.05395000000000002,-0.05395000000000002,0.38182,1.2846,-0.9027799999999999,0.2972287093258602,0.10018,7e-05,93242.325,0
2025-11-18 13:36:35.698418,93242.325,111.42999999999302,0.11950581455363003,-0.69249,-0.63854,0.15686,1.75213,-1.59527,0.08952532060977211,0.10018,7e-05,93242.325,0
2025-11-18 13:36:37.731002,93242.325,111.42999999999302,0.11950581455363003,0.4675399999999999,1.16003,0.15686,1.2845900000000001,-1.1277300000000001,0.12210899975867785,0.10018,7e-05,93240.08499999999,0
2025-11-18 13:36:39.761442,93240.08499999999,106.94999999999709,0.11470388513695273,-0.5018499999999999,-0.9693899999999998,0.15686,1.78644,-1.62958,0.08780591567586933,0.10018,1.15143,93240.09,1
2025-11-18 13:36:41.791877,93240.09,106.94000000000233,0.1146931539855896,-0.05468000000000008,0.44716999999999985,0.10209,1.78635,-1.68426,0.057150054580569314,0.00023,1.15134,93240.08499999999,0
2025-11-18 13:36:43.824280,93240.08499999999,106.93000000000757,0.11468243513506832,0.03354999999999991,0.08823,0.10209,1.7528000000000001,-1.6507100000000001,0.05824395253308991,0.00023,0.00079,93194.345,0
2025-11-18 13:36:45.855058,93194.345,15.450000000011642,0.016578259120777813,-0.05421,-0.08775999999999992,0.10209,1.80701,-1.70492,0.05649664362676465,0.00023,0.055,93187.655,0
2025-11-18 13:36:47.883626,93187.655,2.070000000006985,0.002221324273056324,-4.999999999999449e-05,0.05416000000000001,0.10209,1.8070599999999999,-1.7049699999999999,0.0564950804068487,0.00023,0.055,93187.655,0
2025-11-18 13:36:49.925149,93187.655,2.070000000006985,0.002221324273056324,0.0,4.999999999999449e-05,0.10209,1.8070599999999999,-1.7049699999999999,0.0564950804068487,0.00023,0.055,93199.735,1
2025-11-18 13:36:51.954867,93199.735,26.230000000010477,0.028143856846814506,0.0,0.0,0.10209,1.8070599999999999,-1.7049699999999999,0.0564950804068487,0.00023,0.055,93199.735,0
2025-11-18 13:36:53.981569,93199.735,26.230000000010477,0.028143856846814506,0.0,0.0,0.10209,1.8070599999999999,-1.7049699999999999,0.0564950804068487,0.00023,0.055,93199.73,0
2025-11-18 13:36:56.014185,93199.73,26.220000000001164,0.02813312871185481,0.13220999999999994,0.13220999999999994,0.10209,1.67485,-1.57276,0.06095471236230111,0.00023,0.00079,93199.73,0
2025-11-18 13:36:58.042065,93199.73,26.220000000001164,0.02813312871185481,0.0,-0.13220999999999994,0.10209,1.67485,-1.57276,0.06095471236230111,0.00023,0.00079,93199.735,1
2025-11-18 13:37:00.073079,93199.735,26.230000000010477,0.028143856846814506,-0.13220999999999988,-0.13220999999999988,0.10209,1.8070599999999999,-1.7049699999999999,0.0564950804068487,0.00023,0.055,93199.735,0
2025-11-18 13:37:02.102844,93199.735,26.230000000010477,0.028143856846814506,0.0,0.13220999999999988,0.10209,1.8070599999999999,-1.7049699999999999,0.0564950804068487,0.00023,0.055,93199.735,0
2025-11-18 13:37:04.136576,93199.735,26.230000000010477,0.028143856846814506,0.0,0.0,0.10209,1.8070599999999999,-1.7049699999999999,0.0564950804068487,0.00023,0.055,93199.73,0
2025-11-18 13:37:06.169509,93199.73,26.220000000001164,0.02813312871185481,0.13220999999999988,0.13220999999999988,0.10209,1.67485,-1.57276,0.06095471236230111,0.00023,0.00079,93190.9,0
2025-11-18 13:37:08.202934,93190.9,8.559999999997672,0.009185446218458748,-0.13220999999999988,-0.26441999999999977,0.10209,1.8070599999999999,-1.7049699999999999,0.0564950804068487,0.00023,0.055,93197.53,1
2025-11-18 13:37:10.235935,93197.53,21.820000000006985,0.023412637652528972,0.13228999999999996,0.26449999999999985,0.10209,1.6747699999999999,-1.5726799999999999,0.060957624031956634,0.00023,0.00071,93212.41,1
2025-11-18 13:37:12.265374,93212.41,51.580000000001746,0.055335979404461,-0.07738999999999996,-0.20967999999999992,0.15699,1.8070599999999999,-1.65007,0.08687592000265625,0.00023,0.055,93212.405,0
2025-11-18 13:37:14.299375,93212.405,51.570000000006985,0.055325254186936804,0.13220999999999988,0.20959999999999984,0.15699,1.67485,-1.51786,0.0937337672030331,0.00023,0.00079,93210.065,0
2025-11-18 13:37:16.331894,93210.065,46.88999999999942,0.05030572610372004,-0.13220999999999988,-0.26441999999999977,0.15699,1.8070599999999999,-1.65007,0.08687592000265625,0.00023,0.055,93193.01999999999,0
2025-11-18 13:37:18.366690,93193.01999999999,12.80000000000291,0.01373493422576381,-0.0549,0.07730999999999988,0.10209,1.8070599999999999,-1.7049699999999999,0.0564950804068487,0.00023,0.055,93186.625,0
2025-11-18 13:37:20.395846,93186.625,0.010000000009313226,1.0731153756575286e-05,0.0,0.0549,0.10209,1.8070599999999999,-1.7049699999999999,0.0564950804068487,0.00023,0.055,93186.625,0
2025-11-18 13:37:22.425088,93186.625,0.010000000009313226,1.0731153756575286e-05,0.0,0.0,0.10209,1.8070599999999999,-1.7049699999999999,0.0564950804068487,0.00023,0.055,93186.625,0
2025-11-18 13:37:24.453525,93186.625,0.010000000009313226,1.0731153756575286e-05,0.0,0.0,0.10209,1.8070599999999999,-1.7049699999999999,0.0564950804068487,0.00023,0.055,93186.625,0
2025-11-18 13:37:26.486019,93186.625,0.010000000009313226,1.0731153756575286e-05,0.0,0.0,0.10209,1.8070599999999999,-1.7049699999999999,0.0564950804068487,0.00023,0.055,93186.625,0
2025-11-18 13:37:28.521779,93186.625,0.010000000009313226,1.0731153756575286e-05,0.0,0.0,0.10209,1.8070599999999999,-1.7049699999999999,0.0564950804068487,0.00023,0.055,93186.625,0
2025-11-18 13:37:30.552832,93186.625,0.010000000009313226,1.0731153756575286e-05,0.00166,0.00166,0.10375000000000001,1.8070599999999999,-1.7033099999999999,0.057413699600455996,0.00189,0.055,93186.625,0
2025-11-18 13:37:32.582902,93186.625,0.010000000009313226,1.0731153756575286e-05,0.46698,0.46532,0.10375000000000001,1.34008,-1.23633,0.07742075099994031,0.00189,0.055,93186.625,0
2025-11-18 13:37:34.615830,93186.625,0.010000000009313226,1.0731153756575286e-05,-0.03953000000000002,-0.50651,0.10375000000000001,1.37961,-1.27586,0.07520241227593306,0.00189,0.055,93186.625,0
2025-11-18 13:37:36.647866,93186.625,0.010000000009313226,1.0731153756575286e-05,-0.4676199999999999,-0.4280899999999999,0.10375000000000001,1.84723,-1.74348,0.0561651770488786,0.00189,1.20634,93067.24,0
2025-11-18 13:37:38.680762,93067.24,56.220000000001164,0.0604079373150006,0.44095999999999996,0.9085799999999999,0.35816000000000003,1.66068,-1.30252,0.21567068911530218,0.01191,0.01018,93067.245,1
2025-11-18 13:37:40.711673,93067.245,56.19000000000233,0.06037569931290255,-0.00976999999999989,-0.45072999999999985,0.34776,1.6600499999999998,-1.3122899999999997,0.20948766603415564,0.00023,0.00017,93067.25,1
2025-11-18 13:37:42.747098,93067.25,56.20000000001164,0.060386440987577956,-0.03172,-0.02195000000000011,0.34776,1.6917699999999998,-1.3440099999999997,0.2055598574274281,0.00023,0.00948,93067.245,0
2025-11-18 13:37:44.780036,93067.245,56.19000000000233,0.06037569931290255,0.46743,0.49915,0.34776,1.22434,-0.8765799999999999,0.2840387474067661,0.00023,0.00019,93067.25,1
2025-11-18 13:37:46.813138,93067.25,56.20000000001164,0.060386440987577956,8.99999999999998e-05,-0.46734000000000003,0.34776,1.2242499999999998,-0.8764899999999998,0.28405962834388404,0.00023,0.00948,93104.39499999999,1
2025-11-18 13:37:48.842145,93104.39499999999,93.22999999999593,0.10013490770225825,-0.044890000000000034,-0.044980000000000034,0.34839,1.2697699999999998,-0.9213799999999999,0.27437252415791835,0.00023,0.0001,93106.885,1
2025-11-18 13:37:50.873722,93106.885,88.25,0.09478353829579843,0.031010000000000065,0.0759000000000001,0.34774000000000005,1.23811,-0.89037,0.2808635743189216,0.055,0.0001,93109.285,1
2025-11-18 13:37:52.902819,93109.285,83.44999999999709,0.08962586276975179,0.0005700000000000149,-0.03044000000000005,0.34831,1.23811,-0.8898,0.28132395344517047,0.00015,0.0001,93113.78,1
2025-11-18 13:37:54.935411,93113.78,74.45999999999185,0.07996668162326978,5.000000000000005e-05,-0.0005200000000000149,0.34839,1.23814,-0.88975,0.28138175004442145,0.00023,0.0001,93122.22,1
2025-11-18 13:37:56.968542,93122.22,91.33999999999651,0.09808614957847493,-0.0005799999999999694,-0.0006299999999999695,0.34781,1.23814,-0.8903300000000001,0.280913305442034,0.00023,0.00026,93126.70999999999,1
2025-11-18 13:37:58.999968,93126.70999999999,82.36000000000058,0.08843864450918602,-0.33475,-0.33417,0.34768000000000004,1.57276,-1.22508,0.22106360792492183,0.00023,0.00026,93136.905,1
2025-11-18 13:38:01.029868,93136.905,91.36999999999534,0.09810289487287058,-0.41306000000000004,-0.07831000000000005,0.06736,1.7054999999999998,-1.6381399999999997,0.03949574904720024,0.00023,0.055,93136.905,0
2025-11-18 13:38:03.062763,93136.905,91.36999999999534,0.09810289487287058,0.0,0.41306000000000004,0.06736,1.7054999999999998,-1.6381399999999997,0.03949574904720024,0.00023,0.055,93136.895,0
2025-11-18 13:38:05.095632,93136.895,91.36999999999534,0.0981029054060642,0.41364000000000006,0.41364000000000006,0.34826,1.57276,-1.2245,0.22143238637808696,0.055,0.00026,93136.905,1
2025-11-18 13:38:07.126821,93136.905,91.35000000000582,0.09808142110799777,-0.28091000000000005,-0.6945500000000001,0.06735000000000001,1.57276,-1.50541,0.04282280831150335,0.00023,0.00026,93136.905,0
2025-11-18 13:38:09.160496,93136.905,91.35000000000582,0.09808142110799777,0.0,0.28091000000000005,0.06735000000000001,1.57276,-1.50541,0.04282280831150335,0.00023,0.00026,93136.905,0
2025-11-18 13:38:11.201879,93136.905,91.35000000000582,0.09808142110799777,0.0,0.0,0.06735000000000001,1.57276,-1.50541,0.04282280831150335,0.00023,0.00026,93136.905,0
2025-11-18 13:38:13.235031,93136.905,91.35000000000582,0.09808142110799777,0.0,0.0,0.06735000000000001,1.57276,-1.50541,0.04282280831150335,0.00023,0.00026,93136.905,0
2025-11-18 13:38:15.266784,93136.905,91.35000000000582,0.09808142110799777,-0.13300000000000017,-0.13300000000000017,0.06735000000000001,1.70576,-1.63841,0.039483866429040435,0.00023,1.05004,93102.3,0
2025-11-18 13:38:17.295993,93102.3,79.05999999999767,0.08491734361019831,0.46766000000000013,0.6006600000000003,0.06736,1.23811,-1.17075,0.05440550516513072,0.00023,0.055,93088.66500000001,0
2025-11-18 13:38:19.328997,93088.66500000001,71.16999999999825,0.07645399147146244,-0.46669999999999995,-0.9343600000000001,0.06805,1.7054999999999998,-1.6374499999999999,0.03990032248607447,0.00023,0.055,93085.565,0
2025-11-18 13:38:21.362081,93085.565,64.97000000000116,0.06979599898222798,-0.00068,0.46601999999999993,0.06737,1.7054999999999998,-1.6381299999999999,0.039501612430372327,0.00023,0.055,93085.56,0
2025-11-18 13:38:23.391575,93085.56,64.95999999999185,0.06978525992645031,0.13348999999999983,0.13416999999999984,0.06805,1.57269,-1.50464,0.04326981159669102,0.00023,0.00019,93081.995,0
2025-11-18 13:38:25.425081,93081.995,85.7100000000064,0.0920801063621449,-0.13281,-0.26629999999999987,0.06805000000000001,1.7054999999999998,-1.6374499999999999,0.039900322486074474,0.00023,0.055,93083.45999999999,1
2025-11-18 13:38:27.457758,93083.45999999999,73.47999999999593,0.07893991048462952,0.1320999999999999,0.2649099999999999,0.06736,1.5727099999999998,-1.5053499999999997,0.042830528196552455,0.00023,0.055,93088.81,1
2025-11-18 13:38:29.489275,93088.81,72.05999999999767,0.0774099486286243,0.0005800000000000017,-0.13151999999999991,0.06794000000000001,1.5727099999999998,-1.5047699999999997,0.04319931837401684,0.055,0.00021,93084.975,0
2025-11-18 13:38:31.522519,93084.975,91.30999999999767,0.09809316702292467,0.00019999999999999798,-0.00038000000000000376,0.06816000000000001,1.57273,-1.50457,0.04333865316996561,0.00034,0.00023,93095.12,1
2025-11-18 13:38:33.552977,93095.12,98.02000000000407,0.10529015914046201,-0.13288,-0.13308,0.06805000000000001,1.7054999999999998,-1.6374499999999999,0.039900322486074474,0.00023,0.055,93098.45999999999,1
2025-11-18 13:38:35.584202,93098.45999999999,91.31999999999243,0.09808969987257839,0.13203000000000004,0.26491000000000003,0.06734,1.57276,-1.50542,0.04281645006231084,0.00023,0.00026,93098.45999999999,0
2025-11-18 13:38:37.615455,93098.45999999999,91.31999999999243,0.09808969987257839,0.0,-0.13203000000000004,0.06734,1.57276,-1.50542,0.04281645006231084,0.00023,0.00026,93098.45999999999,0
2025-11-18 13:38:39.648932,93098.45999999999,91.31999999999243,0.09808969987257839,0.10198,0.10198,0.16932,1.57276,-1.40344,0.10765787532744983,0.00023,0.00026,93093.07,0
2025-11-18 13:38:41.683015,93093.07,80.5399999999936,0.08651556984853287,-0.13284,-0.23482000000000003,0.16921999999999998,1.7054999999999998,-1.5362799999999999,0.099220170038112,0.00023,0.055,93087.04000000001,0
2025-11-18 13:38:43.712801,93087.04000000001,92.59999999999127,0.09947679075410633,-9.000000000000002e-05,0.13275,0.16913,1.7054999999999998,-1.5363699999999998,0.0991673995895632,0.00014,0.055,93087.04000000001,0
2025-11-18 13:38:45.740571,93087.04000000001,92.59999999999127,0.09947679075410633,9.000000000000002e-05,0.00018000000000000004,0.16921999999999998,1.7054999999999998,-1.5362799999999999,0.099220170038112,0.00023,0.055,93087.045,1
2025-11-18 13:38:47.773081,93087.045,92.58999999999651,0.09946604277748478,5.000000000000143e-05,-3.999999999999859e-05,0.16927,1.7054999999999998,-1.5362299999999998,0.09924948695397245,0.00023,0.055,93087.045,0
2025-11-18 13:38:49.804683,93087.045,92.58999999999651,0.09946604277748478,0.0,-5.000000000000143e-05,0.16927,1.7054999999999998,-1.5362299999999998,0.09924948695397245,0.00023,0.055,93109.70000000001,1
2025-11-18 13:38:51.837595,93109.70000000001,93.63999999999942,0.10056954323770714,0.10443,0.10443,0.16922,1.6010199999999999,-1.4318,0.10569511936140712,0.00023,0.055,93131.535,1
2025-11-18 13:38:53.867002,93131.535,68.05000000000291,0.07306869794426014,0.17573000000000005,0.07130000000000006,0.44943,1.7054999999999998,-1.2560699999999998,0.2635180299032542,0.10198,0.0001,93139.355,1
2025-11-18 13:38:55.899736,93139.355,52.41000000000349,0.056270520662295216,-0.20221000000000003,-0.37794000000000005,0.24722,1.7054999999999998,-1.4582799999999998,0.14495455878041633,0.00023,0.0001,93109.7,0
2025-11-18 13:38:57.932476,93109.7,111.72000000000116,0.11998749861722373,-0.13286,0.06935000000000002,0.11436,1.7054999999999998,-1.5911399999999998,0.06705364995602464,0.00023,0.0001,93109.7,0
2025-11-18 13:38:59.965530,93109.7,111.72000000000116,0.11998749861722373,0.0,0.13286,0.11436,1.7054999999999998,-1.5911399999999998,0.06705364995602464,0.00023,0.0001,93131.815,1
2025-11-18 13:39:01.999506,93131.815,155.9100000000035,0.16740788311706745,0.37762000000000007,0.37762000000000007,0.5272699999999999,1.7407899999999998,-1.21352,0.30289121605707753,0.10198,0.055,93109.72,0
2025-11-18 13:39:04.032242,93109.72,111.70000000001164,0.11996599280935615,-0.09748000000000004,-0.4751000000000001,0.39449999999999996,1.7054999999999998,-1.311,0.2313104661389622,0.00023,0.0001,93109.72,0
2025-11-18 13:39:06.061538,93109.72,111.70000000001164,0.11996599280935615,0.00013000000000000002,0.09761000000000004,0.3946299999999999,1.7054999999999998,-1.31087,0.23138669012019933,0.00036,0.0001,93109.725,1
2025-11-18 13:39:08.093881,93109.725,111.69000000000233,0.1199552463504777,-0.01190999999999999,-0.01203999999999999,0.38271999999999995,1.7054999999999998,-1.3227799999999998,0.2244034007622398,0.00023,0.0001,93109.725,0
2025-11-18 13:39:10.124443,93109.725,111.69000000000233,0.1199552463504777,0.0,0.01190999999999999,0.38271999999999995,1.7054999999999998,-1.3227799999999998,0.2244034007622398,0.00023,0.0001,93109.725,0
2025-11-18 13:39:12.155974,93109.725,111.69000000000233,0.1199552463504777,0.0,0.0,0.38271999999999995,1.7054999999999998,-1.3227799999999998,0.2244034007622398,0.00023,0.0001,93109.725,0
2025-11-18 13:39:14.184874,93109.725,111.69000000000233,0.1199552463504777,0.0,0.0,0.38271999999999995,1.7054999999999998,-1.3227799999999998,0.2244034007622398,0.00023,0.0001,93143.17000000001,1
2025-11-18 13:39:16.218379,93143.17000000001,44.80000000000291,0.048097997953046805,0.06677999999999996,0.06677999999999996,0.4494999999999999,1.7054999999999998,-1.2559999999999998,0.26355907358545877,0.10221,0.0001,93143.23000000001,1
2025-11-18 13:39:18.249114,93143.23000000001,44.68000000000757,0.04796913312970525,-0.01190999999999999,-0.07868999999999995,0.43759,1.7054999999999998,-1.2679099999999999,0.25657578422749927,0.00023,0.0001,93143.17000000001,0
2025-11-18 13:39:20.282307,93143.17000000001,44.80000000000291,0.048097997953046805,0.0,0.01190999999999999,0.4375899999999999,1.7054999999999998,-1.2679099999999999,0.25657578422749927,0.00023,0.0001,93169.765,1
2025-11-18 13:39:22.310934,93169.765,58.58999999999651,0.06288520744900077,-0.28014,-0.28014,0.15745,1.7054999999999998,-1.5480499999999997,0.09231896804456173,0.055,0.0001,93187.855,1
2025-11-18 13:39:24.343083,93187.855,22.410000000003492,0.024048198126250992,0.22516000000000003,0.5053000000000001,0.29031,1.6131999999999997,-1.3228899999999997,0.1799590875278949,0.00023,0.0001,93187.86,1
2025-11-18 13:39:26.374078,93187.86,22.39999999999418,0.02403746582440479,-0.13287,-0.35803,0.15744,1.6131999999999997,-1.4557599999999997,0.09759484254897101,0.00023,0.0001,93187.86,0
2025-11-18 13:39:28.403904,93187.86,22.39999999999418,0.02403746582440479,0.0,0.13287,0.15744,1.6131999999999997,-1.4557599999999997,0.09759484254897101,0.00023,0.0001,93217.885,1
2025-11-18 13:39:30.437782,93217.885,82.47000000000116,0.08847014711822862,5.99999999999994e-05,5.99999999999994e-05,0.15744,1.6131399999999998,-1.4556999999999998,0.09759847254423051,0.00013,0.05494,93217.89,1
2025-11-18 13:39:32.465276,93217.89,82.45999999999185,0.08845941481832709,-0.09230000000000001,-0.09236000000000001,0.15744,1.7054399999999998,-1.5479999999999998,0.09231635237827189,0.00023,0.05494,93231.4,1
2025-11-18 13:39:34.495531,93231.4,84.84000000001106,0.09099938432760965,0.13280999999999993,0.22510999999999992,0.29031,1.7054999999999998,-1.4151899999999997,0.1702198768689534,0.00023,0.0001,93231.405,1
2025-11-18 13:39:36.528225,93231.405,84.83000000000175,0.09098865344783955,-0.13289,-0.26569999999999994,0.15742,1.7054999999999998,-1.5480799999999997,0.09230137789504546,0.00023,0.0001,93232.81,1
2025-11-18 13:39:38.557795,93232.81,87.66000000000349,0.0940226943712235,-0.036089999999999844,0.09680000000000016,0.15742,1.74159,-1.5841699999999999,0.09038866782652634,0.00011,0.05461,93232.815,1
2025-11-18 13:39:40.587831,93232.815,87.64999999999418,0.09401196349160344,0.03647999999999996,0.0725699999999998,0.15742,1.70511,-1.5476899999999998,0.09232248945815813,0.00023,0.05461,93220.725,0
2025-11-18 13:39:42.621788,93220.725,82.8700000000099,0.08889654097842502,0.27965,0.24317000000000005,0.43746,1.7054999999999998,-1.2680399999999998,0.25649956024626214,0.00023,0.055,93218.435,0
2025-11-18 13:39:44.651779,93218.435,78.27000000000407,0.0839640785645072,0.0,-0.27965,0.43745999999999996,1.7054999999999998,-1.2680399999999998,0.2564995602462621,0.00023,0.055,93211.85,0
2025-11-18 13:39:46.682750,93211.85,91.44000000000233,0.09809911508032758,0.00014000000000000123,0.00014000000000000123,0.4376,1.7054999999999998,-1.2678999999999998,0.25658164761067137,0.00023,0.055,93202.235,0
2025-11-18 13:39:48.712005,93202.235,78.69000000000233,0.08442930579937523,0.13263000000000003,0.13249000000000002,0.57023,1.7054999999999998,-1.1352699999999998,0.334347698622105,0.0001,0.055,93202.23999999999,1
2025-11-18 13:39:50.745469,93202.23999999999,78.68000000000757,0.08441857191415955,-0.13262000000000002,-0.26525000000000004,0.43761,1.7054999999999998,-1.2678899999999997,0.25658751099384347,0.00023,0.055,93198.91,0
2025-11-18 13:39:52.774240,93198.91,85.33999999999651,0.09156759451370891,-9.999999999999736e-05,0.13252000000000003,0.43746,1.70545,-1.26799,0.2565070802427512,0.00023,0.055,93198.91,0
2025-11-18 13:39:54.809606,93198.91,85.33999999999651,0.09156759451370891,0.0,9.999999999999736e-05,0.43746,1.70545,-1.26799,0.2565070802427512,0.00023,0.055,93198.905,0
2025-11-18 13:39:56.842247,93198.905,85.35000000000582,0.09157832916599805,0.13277,0.13277,0.57023,1.70545,-1.13522,0.33435750095282774,0.055,0.055,93210.65,1
2025-11-18 13:39:58.874385,93210.65,89.0399999999936,0.09552556494348403,-0.41269,-0.5454600000000001,0.15753999999999999,1.70545,-1.54791,0.09237444662698995,0.00023,0.055,93210.64499999999,0
2025-11-18 13:40:00.905308,93210.64499999999,89.05000000000291,0.09553629845604322,0.27992000000000006,0.6926100000000001,0.43746,1.70545,-1.26799,0.2565070802427512,0.00023,0.055,93210.64499999999,0
2025-11-18 13:40:02.934437,93210.64499999999,89.05000000000291,0.09553629845604322,-0.27998999999999996,-0.55991,0.15752,1.7054999999999998,-1.54798,0.09236001172676635,0.00021,0.055,93210.65,1
2025-11-18 13:40:04.963197,93210.65,89.0399999999936,0.09552556494348403,0.0,0.27998999999999996,0.15752,1.7054999999999998,-1.54798,0.09236001172676635,0.00023,0.055,93210.65,0
2025-11-18 13:40:06.993501,93210.65,89.0399999999936,0.09552556494348403,0.0,0.0,0.15752,1.7054999999999998,-1.54798,0.09236001172676635,0.00023,0.055,93210.65,0
2025-11-18 13:40:09.026343,93210.65,89.0399999999936,0.09552556494348403,0.0,0.0,0.15752,1.7054999999999998,-1.54798,0.09236001172676635,0.00023,0.055,93210.65,0
2025-11-18 13:40:11.057548,93210.65,89.0399999999936,0.09552556494348403,0.28015,0.28015,0.43767,1.7054999999999998,-1.2678299999999998,0.256622691292876,0.00023,0.055,93210.65,0
2025-11-18 13:40:13.087522,93210.65,89.0399999999936,0.09552556494348403,-0.28015,-0.5603,0.15752,1.7054999999999998,-1.54798,0.09236001172676635,0.00023,0.055,93230.41,1
2025-11-18 13:40:15.118636,93230.41,97.25999999999476,0.10432218414570392,0.27994,0.56009,0.43746,1.7054999999999998,-1.2680399999999998,0.25649956024626214,0.055,0.055,93253.17,1
2025-11-18 13:40:17.150552,93253.17,54.76000000000931,0.05872186436129658,-0.01407,-0.29401,0.2905,1.5726099999999998,-1.2821099999999999,0.1847247569327424,0.055,0.0001,93253.18,1
2025-11-18 13:40:19.182154,93253.18,54.74000000000524,0.05870041107445906,-2.0000000000006124e-05,0.014049999999999993,0.29047999999999996,1.5726099999999998,-1.28213,0.1847120392214217,0.0004,0.0001,93261.905,1
2025-11-18 13:40:21.215544,93261.905,37.29000000000815,0.03998417145779743,0.22460000000000002,0.22462000000000004,0.51508,1.57261,-1.05753,0.32753193735255404,0.055,0.0001,93264.88,1
2025-11-18 13:40:23.247763,93264.88,31.339999999996508,0.03360321698799859,-0.22472,-0.44932000000000005,0.29036000000000006,1.5726099999999998,-1.28225,0.18463573295349775,0.10198,0.0001,93280.545,1
2025-11-18 13:40:25.276388,93280.545,0.010000000009313226,1.0720349038819644e-05,0.32147,0.54619,0.6118300000000001,1.5726099999999998,-0.9607799999999997,0.3890538658662988,0.05514,0.0001,93327.58,1
2025-11-18 13:40:27.308093,93327.58,73.83999999999651,0.07911916284553452,-0.27999999999999997,-0.60147,0.33178,1.57256,-1.24078,0.2109808210815486,0.055,5e-05,93327.58499999999,1
2025-11-18 13:40:29.339873,93327.58499999999,73.83000000000175,0.07910844366111236,-0.04156999999999997,0.23843,0.29020999999999997,1.57256,-1.28235,0.18454621763239556,0.00013,5e-05,93327.58,0
2025-11-18 13:40:31.372656,93327.58,73.83999999999651,0.07911916284553452,0.04156999999999997,0.08313999999999994,0.33178,1.57256,-1.24078,0.2109808210815486,0.055,5e-05,93323.295,0
2025-11-18 13:40:33.402060,93323.295,82.41000000000349,0.08830592618917227,-0.04159,-0.08315999999999997,0.29019,1.57256,-1.28237,0.1845334995167116,0.00011,5e-05,93301.6,0
2025-11-18 13:40:35.435204,93301.6,91.5399999999936,0.09811192948458933,0.2799,0.32149,0.57009,1.57256,-1.00247,0.36252352851401537,0.055,0.055,93285.675,0
2025-11-18 13:40:37.465486,93285.675,87.42999999999302,0.09372285723396762,0.0,-0.2799,0.57009,1.57256,-1.00247,0.36252352851401537,0.055,0.055,93273.25,0
2025-11-18 13:40:39.498122,93273.25,86.9200000000128,0.09318856156509267,-0.00025000000000000575,-0.00025000000000000575,0.56989,1.5726099999999998,-1.0027199999999998,0.3623848252268522,0.055,0.055,93273.255,1
2025-11-18 13:40:41.528854,93273.255,86.91000000000349,0.09317783538271876,-0.13182000000000002,-0.13157000000000002,0.43727,1.57181,-1.1345399999999999,0.27819520171013035,0.00023,0.0542,93273.25,0
2025-11-18 13:40:43.557482,93273.25,86.9200000000128,0.09318856156509267,-0.00014999999999994185,0.13167000000000006,0.43711999999999995,1.57181,-1.13469,0.27809977032847477,0.055,0.0542,93281.59,1
2025-11-18 13:40:45.587162,93281.59,86.61999999999534,0.09285862301446121,-0.0008000000000000021,-0.0006500000000000603,0.43711999999999995,1.5726099999999998,-1.1354899999999999,0.2779582986245795,0.055,0.055,93281.59,0
2025-11-18 13:40:47.617442,93281.59,86.60000000000582,0.09283718255660718,-1.9999999999999185e-05,0.0007800000000000029,0.4371,1.5726099999999998,-1.1355099999999998,0.2779455809132589,0.00021,1.04978,93270.055,0
2025-11-18 13:40:49.651855,93270.055,87.15000000000873,0.09343834953245041,1.9999999999999998e-05,3.999999999999918e-05,0.43711999999999995,1.5726099999999998,-1.1354899999999999,0.2779582986245795,0.00023,0.055,93277.815,1
2025-11-18 13:40:51.683692,93277.815,81.83000000000175,0.08772718357521749,0.0,-1.9999999999999998e-05,0.43711999999999995,1.5726099999999998,-1.1354899999999999,0.2779582986245795,0.055,0.055,93286.555,1
2025-11-18 13:40:53.716538,93286.555,89.1299999999901,0.09554431504088677,-1.9999999999999998e-05,-1.9999999999999998e-05,0.4371,1.5726099999999998,-1.1355099999999998,0.2779455809132589,0.055,0.055,93300.98,1
2025-11-18 13:40:55.753779,93300.98,83.83999999999651,0.08985972065887894,-0.2798,-0.27978,0.1573,1.5726099999999998,-1.4153099999999998,0.10002479953707531,0.00019,0.055,93300.985,1
2025-11-18 13:40:57.784084,93300.985,83.8299999999872,0.0898489978428279,0.0,0.2798,0.1573,1.5726099999999998,-1.4153099999999998,0.10002479953707531,0.00023,0.055,93320.43,1
2025-11-18 13:40:59.816738,93320.43,98.3799999999901,0.10542171740956414,0.13298,0.13298,0.29028,1.57261,-1.28233,0.18458486210821498,0.0004,0.46762,93324.92,1
2025-11-18 13:41:01.848341,93324.92,89.39999999999418,0.0957943494620667,-0.00017,-0.13315,0.29011,1.57261,-1.2825000000000002,0.18447676156198928,0.00023,0.46762,93336.15,1
2025-11-18 13:41:03.880842,93336.15,66.9600000000064,0.0717406921112628,0.03588999999999999,0.036059999999999995,0.326,1.5726099999999998,-1.2466099999999998,0.20729869452693298,0.055,0.0001,93336.155,1
2025-11-18 13:41:05.912658,93336.155,66.95000000001164,0.07172997430632497,0.11108000000000001,0.07519000000000002,0.43708,1.5726099999999998,-1.1355299999999997,0.2779328632019382,0.00037,0.0001,93336.155,0
2025-11-18 13:41:07.942138,93336.155,66.95000000001164,0.07172997430632497,-0.00023,-0.11131,0.43685,1.5726099999999998,-1.1357599999999999,0.2777866095217505,0.00014,0.0001,93329.66500000001,0
2025-11-18 13:41:09.974954,93329.66500000001,79.93000000000757,0.08564265177637524,0.0008599999999997499,0.0010899999999997498,0.56971,1.7046100000000002,-1.1349,0.3342172109749444,0.10178,0.0001,93345.735,1
2025-11-18 13:41:12.005066,93345.735,47.79000000000815,0.05119676865794474,-0.14934000000000003,-0.15019999999999978,0.29003,1.57427,-1.28424,0.184231421547765,0.00015,0.0001,93345.735,0
2025-11-18 13:41:14.035658,93345.735,47.79000000000815,0.05119676865794474,0.0,0.14934000000000003,0.29003,1.57427,-1.28424,0.184231421547765,0.00015,0.0001,93351.65,1
2025-11-18 13:41:16.068212,93351.65,85.0,0.09105355931041391,0.0002400000000001637,0.0002400000000001637,0.29011,1.57411,-1.2839999999999998,0.18430097007197718,0.055,0.055,93342.305,0
2025-11-18 13:41:18.117148,93342.305,66.31000000001222,0.07103959988990226,0.01643,0.016189999999999836,0.43688000000000005,1.70445,-1.26757,0.25631728710141105,0.00017,0.055,93334.77,0
2025-11-18 13:41:20.148037,93334.77,81.38000000000466,0.08719151501632741,-6.0000000000004494e-05,-0.016490000000000005,0.43682000000000004,1.70445,-1.26763,0.25628208513010065,0.055,0.055,93334.775,1
2025-11-18 13:41:22.176463,93334.775,81.3700000000099,0.08718079622521177,8.00000000000245e-05,0.000140000000000029,0.4369,1.70445,-1.26755,0.2563290210918478,0.00019,0.055,93340.62,1
2025-11-18 13:41:24.208494,93340.62,93.05999999999767,0.09969935918574108,0.00010999999999999899,2.999999999997449e-05,0.43701,1.70445,-1.2674400000000001,0.2563935580392502,0.10197,0.055,93340.62,0
2025-11-18 13:41:27.392904,93340.62,93.05999999999767,0.09969935918574108,0.00032000000000000084,0.00021000000000000185,0.43701,1.7041299999999997,-1.2671199999999998,0.2564417033911733,0.10197,0.05468,93350.65,1
2025-11-18 13:41:29.421150,93350.65,87.68000000000757,0.0939254306210054,0.26026000000000005,0.25994000000000006,0.56971,1.5765699999999998,-1.0068599999999996,0.3613604216749019,0.10178,0.055,93353.995,1
2025-11-18 13:41:31.454229,93353.995,80.99000000000524,0.08675579443601235,-0.27928000000000003,-0.5395400000000001,0.29011,1.57625,-1.28614,0.184050753370341,0.00023,0.05468,93353.995,0
2025-11-18 13:41:33.481767,93353.995,80.99000000000524,0.08675579443601235,0.0,0.27928000000000003,0.29011,1.57625,-1.28614,0.184050753370341,0.00023,0.05468,93362.75,1
2025-11-18 13:41:35.513125,93362.75,87.05999999999767,0.09324918128482469,0.27928000000000003,0.27928000000000003,0.56971,1.5765699999999998,-1.0068599999999996,0.3613604216749019,0.055,0.055,93362.755,1
2025-11-18 13:41:37.540473,93362.755,87.05000000000291,0.0932384653816213,-0.2786,-0.55788,0.29002,1.5754799999999998,-1.2854599999999998,0.18408358087693913,0.00014,0.05391,93362.755,0
2025-11-18 13:41:39.578264,93362.755,87.05000000000291,0.0932384653816213,0.0,0.2786,0.29002,1.5754799999999998,-1.2854599999999998,0.18408358087693913,0.00014,0.05391,93362.755,0
2025-11-18 13:41:41.607647,93362.755,87.05000000000291,0.0932384653816213,0.0037899999999998317,0.0037899999999998317,0.29135,1.5730199999999999,-1.2816699999999999,0.18521697117646313,0.00014,0.05391,93360.32999999999,0
2025-11-18 13:41:43.646145,93360.32999999999,82.19999999999709,0.08804596127712606,-0.0010900000000000007,-0.004879999999999832,0.29135,1.57411,-1.28276,0.18508871679869895,0.00014,0.055,93360.32999999999,0
2025-11-18 13:41:45.684632,93360.32999999999,82.19999999999709,0.08804596127712606,0.00032000000000000084,0.0014100000000000015,0.29135,1.5737899999999998,-1.2824399999999998,0.18512635103794028,0.00014,0.05468,93360.32999999999,0
2025-11-18 13:41:47.715892,93360.32999999999,82.19999999999709,0.08804596127712606,0.0,-0.00032000000000000084,0.29135,1.5737899999999998,-1.2824399999999998,0.18512635103794028,0.00014,0.05468,93360.32999999999,0
2025-11-18 13:41:49.751276,93360.32999999999,82.19999999999709,0.08804596127712606,0.0,0.0,0.29135,1.5737899999999998,-1.2824399999999998,0.18512635103794028,0.00014,0.05468,93360.32999999999,0
2025-11-18 13:41:51.786252,93360.32999999999,82.19999999999709,0.08804596127712606,0.0,0.0,0.29135,1.5737899999999998,-1.2824399999999998,0.18512635103794028,0.00014,0.05468,93360.325,0
2025-11-18 13:41:53.822406,93360.325,82.19000000000233,0.08803525480443897,-0.13546000000000005,-0.13546000000000005,0.15835,1.57625,-1.4179,0.1004599524187153,0.00014,1.04978,93350.985,0
2025-11-18 13:41:55.859915,93350.985,63.51000000000931,0.06803356172407748,-0.10155000000000022,0.03390999999999983,0.0568,1.57625,-1.51945,0.03603489294210944,0.00014,0.055,93350.985,0
2025-11-18 13:41:57.903112,93350.985,63.51000000000931,0.06803356172407748,0.10186999999999999,0.2034200000000002,0.15867,1.57625,-1.4175799999999998,0.10066296590007931,0.00014,0.055,93358.275,1
2025-11-18 13:41:59.935471,93358.275,78.09000000001106,0.08364550437549437,0.00042000000000004534,-0.10144999999999994,0.15888,1.5760399999999999,-1.41716,0.1008096241212152,0.00014,1.04925,93358.28,1
2025-11-18 13:42:01.966643,93358.28,78.10000000000582,0.083656211318381,0.0,-0.00042000000000004534,0.15888,1.5760399999999999,-1.41716,0.1008096241212152,0.00014,0.055,93365.70999999999,1
2025-11-18 13:42:04.002364,93365.70999999999,91.59999999999127,0.09810882389261677,0.0005200000000000413,0.0005200000000000413,0.15919,1.5758299999999998,-1.41664,0.10101978005241682,0.055,1.04904,93365.715,1
2025-11-18 13:42:06.033184,93365.715,91.58999999999651,0.098098108068895,-0.09993999999999999,-0.10046000000000002,0.05679,1.57337,-1.51658,0.036094497797720816,0.00013,1.04904,93365.715,0
2025-11-18 13:42:08.065475,93365.715,91.58999999999651,0.098098108068895,0.0,0.09993999999999999,0.05679,1.57337,-1.51658,0.036094497797720816,0.00013,1.04904,93365.715,0
2025-11-18 13:42:10.102889,93365.715,91.58999999999651,0.098098108068895,0.0,0.0,0.05679,1.57337,-1.51658,0.036094497797720816,0.00013,1.04904,93363.37,0
2025-11-18 13:42:12.137189,93363.37,86.90000000000873,0.09307718862334204,0.10229999999999999,0.10229999999999999,0.15909,1.57337,-1.41428,0.10111416894945247,0.00013,0.055,93363.37,0
2025-11-18 13:42:14.173058,93363.37,86.90000000000873,0.09307718862334204,0.0,-0.10229999999999999,0.15909,1.57337,-1.41428,0.10111416894945247,0.00013,0.055,93363.37,0
2025-11-18 13:42:16.204091,93363.37,86.90000000000873,0.09307718862334204,0.00030000000000000165,0.00030000000000000165,0.15909,1.57307,-1.41398,0.101133452421062,0.00013,0.0547,93351.1,0
2025-11-18 13:42:18.235426,93351.1,63.75999999999476,0.06830128407698972,0.27689000000000014,0.2765900000000001,0.43873999999999996,1.5758299999999998,-1.13709,0.27841835731011594,0.00133,0.055,93351.105,1
2025-11-18 13:42:20.273063,93351.105,63.75,0.06829056817270669,-0.27963999999999994,-0.5565300000000001,0.1591,1.5758299999999998,-1.4167299999999998,0.10096266729279174,0.00014,0.055,93339.02,0
2025-11-18 13:42:22.303493,93339.02,39.55999999999767,0.04238313194202989,-0.23179000000000002,0.04784999999999992,0.0568,1.70532,-1.64852,0.03330753172425117,0.00023,0.055,93333.37,0
2025-11-18 13:42:24.334917,93333.37,28.279999999998836,0.030299988096432,-0.00012000000000000205,0.23167000000000001,0.05668,1.70532,-1.6486399999999999,0.033237163699481626,0.00014,0.055,93339.61499999999,1
2025-11-18 13:42:26.374154,93339.61499999999,40.770000000004075,0.04367920309078206,0.00012000000000000205,0.0002400000000000041,0.0568,1.70532,-1.64852,0.03330753172425117,0.00014,0.055,93339.62,1
2025-11-18 13:42:28.407520,93339.62,40.75999999999476,0.04366848718689315,0.00021000000000000185,8.99999999999998e-05,0.0568,1.70511,-1.64831,0.03331163385353438,0.00023,0.05479,93339.61499999999,0
2025-11-18 13:42:30.441362,93339.61499999999,40.770000000004075,0.04367920309078206,0.0014899999999998872,0.0012799999999998854,0.05668,1.7034999999999998,-1.6468199999999997,0.03327267390666276,0.00014,0.05479,93339.62,1
2025-11-18 13:42:32.474445,93339.62,40.75999999999476,0.04366848718689315,0.00012000000000000205,-0.0013699999999998852,0.0568,1.7034999999999998,-1.6466999999999998,0.033343117111828594,0.00023,0.05479,93339.62,0
2025-11-18 13:42:34.513256,93339.62,40.75999999999476,0.04366848718689315,0.0,-0.00012000000000000205,0.0568,1.7034999999999998,-1.6466999999999998,0.033343117111828594,0.00023,0.05479,93333.055,0
2025-11-18 13:42:36.542276,93333.055,27.629999999990105,0.02960365971090318,-0.00021000000000000185,-0.00021000000000000185,0.0568,1.7037099999999998,-1.6469099999999999,0.033339007225408085,0.00023,0.055,93333.055,0
2025-11-18 13:42:38.578394,93333.055,27.629999999990105,0.02960365971090318,1.0473799999999998,1.0475899999999998,0.0568,0.65633,-0.59953,0.086541831091067,0.00023,0.055,93334.04999999999,1
2025-11-18 13:42:40.615677,93334.04999999999,29.639999999999418,0.031756899009524844,-0.94517,-1.9925499999999996,0.15901,1.70371,-1.5447,0.09333161160056583,0.00014,0.055,93339.07,1
2025-11-18 13:42:42.651259,93339.07,39.65999999998894,0.04249024551025518,-0.08297999999999998,0.86219,0.10424,1.7319199999999997,-1.6276799999999998,0.06018753753060189,0.00023,0.05479,93339.065,0
2025-11-18 13:42:44.689120,93339.065,39.669999999998254,0.042500961414171284,0.05477,0.13774999999999998,0.15901,1.7319199999999997,-1.5729099999999996,0.09181140006466813,0.00014,0.05479,93343.6,1
2025-11-18 13:42:46.735836,93343.6,48.720000000001164,0.05219425863155177,-0.10221,-0.15698,0.0568,1.7319199999999997,-1.6751199999999997,0.03279597210032797,0.00023,0.05479,93343.6,0
2025-11-18 13:42:48.773668,93343.6,48.720000000001164,0.05219425863155177,0.0,0.10221,0.0568,1.7319199999999997,-1.6751199999999997,0.03279597210032797,0.00023,0.05479,93340.29500000001,0
2025-11-18 13:42:50.809018,93340.29500000001,42.11000000000058,0.04511449208511777,-0.00021000000000004349,-0.00021000000000004349,0.0568,1.7321299999999997,-1.6753299999999998,0.032791995981825854,0.00023,1.04904,93340.3,1
2025-11-18 13:42:52.839718,93340.3,42.11999999999534,0.04512520315447384,0.0,0.00021000000000004349,0.0568,1.7321299999999997,-1.6753299999999998,0.032791995981825854,0.00023,0.055,93340.295,0
2025-11-18 13:42:54.873733,93340.295,42.13000000000466,0.04513591905832808,0.23416,0.23416,0.15901,1.60018,-1.4411699999999998,0.09937007086702747,0.00014,0.055,93337.535,0
2025-11-18 13:42:56.906926,93337.535,36.58999999999651,0.0392018066472363,-0.10221,-0.33637,0.0568,1.60018,-1.54338,0.03549600669924634,0.00023,0.055,93337.535,0
2025-11-18 13:42:58.945209,93337.535,36.58999999999651,0.0392018066472363,0.0,0.10221,0.0568,1.60018,-1.54338,0.03549600669924634,0.00023,0.055,93337.535,0
2025-11-18 13:43:00.978300,93337.535,36.58999999999651,0.0392018066472363,0.00021000000000000185,0.00021000000000000185,0.0568,1.59997,-1.54317,0.03550066563748071,0.00023,0.05479,93337.535,0
2025-11-18 13:43:03.014650,93337.535,36.58999999999651,0.0392018066472363,0.0,-0.00021000000000000185,0.0568,1.59997,-1.54317,0.03550066563748071,0.00023,0.05479,93333.64,0
2025-11-18 13:43:05.043572,93333.64,28.79999999998836,0.03085704146970841,-0.00021000000000000185,-0.00021000000000000185,0.0568,1.60018,-1.54338,0.03549600669924634,0.00023,0.055,93333.635,0
2025-11-18 13:43:07.079620,93333.635,28.80999999999767,0.03086775737385314,-0.029740000000000016,-0.029530000000000015,0.15901,1.7321299999999997,-1.5731199999999996,0.0918002690329248,0.00014,0.055,93333.64,1
2025-11-18 13:43:09.116260,93333.64,28.79999999998836,0.03085704146970841,-0.10221,-0.07246999999999998,0.0568,1.7321299999999997,-1.6753299999999998,0.032791995981825854,0.00023,0.055,93333.64,0
2025-11-18 13:43:11.151760,93333.64,28.79999999998836,0.03085704146970841,0.0,0.10221,0.0568,1.7321299999999997,-1.6753299999999998,0.032791995981825854,0.00023,0.055,93330.97,0
2025-11-18 13:43:13.187903,93330.97,23.480000000010477,0.02515777988808053,0.10253,0.10253,0.15901,1.7318099999999998,-1.5727999999999998,0.09181723168245941,0.00014,0.05468,93330.975,1
2025-11-18 13:43:15.223677,93330.975,23.470000000001164,0.025147063983850124,-0.10221,-0.20473999999999998,0.0568,1.7318099999999998,-1.6750099999999999,0.032798055213909154,0.00023,0.05468,93325.5,0
2025-11-18 13:43:17.254061,93325.5,12.519999999989523,0.01341541165060945,-0.00032000000000000084,0.10189,0.0568,1.7321299999999997,-1.6753299999999998,0.032791995981825854,0.00023,0.055,93319.23999999999,0
2025-11-18 13:43:19.291706,93319.23999999999,0.020000000004074536,2.1431807635890025e-05,-0.0010500000000001064,-0.0007300000000001056,0.0568,1.73318,-1.67638,0.032772129842255276,0.00014,1.10404,93319.235,0
2025-11-18 13:43:21.320307,93319.235,0.010000000009313226,1.0715904399894862e-05,-0.011330000000000052,-0.010279999999999945,0.05668,1.74439,-1.68771,0.03249273384965518,0.00014,1.10381,93319.235,0
2025-11-18 13:43:23.355642,93319.235,0.010000000009313226,1.0715904399894862e-05,0.0,0.011330000000000052,0.05668,1.74439,-1.68771,0.03249273384965518,0.00014,1.10381,93282.89,0
2025-11-18 13:43:25.393212,93282.89,39.279999999998836,0.04210847241117727,0.5563700000000003,0.5563700000000003,0.43913,1.5704699999999998,-1.1313399999999998,0.2796169299636415,0.0001,0.00023,93282.89,0
2025-11-18 13:43:27.431173,93282.89,39.279999999998836,0.04210847241117727,-0.27988999999999997,-0.8362600000000002,0.15924,1.5704699999999998,-1.4112299999999998,0.10139639725687215,0.0001,0.00023,93282.88500000001,0
2025-11-18 13:43:29.460662,93282.88500000001,39.270000000004075,0.04209775458810485,0.2797999999999999,0.5596899999999998,0.43913,1.5705599999999997,-1.1314299999999997,0.27960090668296667,0.0001,0.00023,93264.72,0
2025-11-18 13:43:31.493324,93264.72,75.60000000000582,0.0810595903788762,0.0,-0.2797999999999999,0.43913,1.5705599999999997,-1.1314299999999997,0.27960090668296667,0.0001,0.00023,93264.725,1
2025-11-18 13:43:33.524322,93264.725,75.61000000000058,0.08107030820066277,-0.41263,-0.41263,0.15927,1.7033299999999998,-1.5440599999999998,0.09350507535239796,0.0001,0.00014,93264.725,0
2025-11-18 13:43:35.552823,93264.725,75.61000000000058,0.08107030820066277,0.28012,0.69275,0.43928,1.7032199999999997,-1.2639399999999998,0.257911485304306,0.0001,3e-05,93264.73,1
2025-11-18 13:43:37.579707,93264.73,75.60000000000582,0.08105958168753163,-0.27991,-0.56003,0.15937,1.7032199999999997,-1.5438499999999997,0.09356982656380271,0.0001,3e-05,93264.73499999999,1
2025-11-18 13:43:39.615658,93264.73499999999,75.61000000000058,0.0810702995081695,-0.03897999999999985,0.24093000000000014,0.15937,1.7422,-1.58283,0.09147629434048904,0.0001,0.0541,93264.73499999999,0
2025-11-18 13:43:41.645721,93264.73499999999,75.61000000000058,0.0810702995081695,-0.10391,-0.06493000000000015,0.05546,1.7422,-1.68674,0.03183331420043623,0.0001,0.0541,93248.58499999999,0
2025-11-18 13:43:43.676209,93248.58499999999,89.05000000000291,0.09549742765533967,0.42262999999999995,0.52654,0.43913,1.7032399999999999,-1.2641099999999998,0.25782038937554314,0.0001,1.04757,93255.17,1
2025-11-18 13:43:45.715123,93255.17,88.27999999999884,0.09466499283632086,-0.38362999999999997,-0.80626,0.05550000000000001,1.7032399999999999,-1.6477399999999998,0.03258495573142952,0.0001,0.055,93258.76000000001,1
2025-11-18 13:43:47.751087,93258.76000000001,81.09999999999127,0.08696234005254977,0.38362999999999997,0.7672599999999999,0.43912999999999996,1.7032399999999999,-1.2641099999999998,0.2578203893755431,0.10391,0.055,93258.765,1
2025-11-18 13:43:49.782016,93258.765,81.08999999999651,0.08695161253743443,-0.38365,-0.76728,0.05548,1.7032399999999999,-1.64776,0.03257321340503981,0.0001,0.055,93276.275,1
2025-11-18 13:43:51.813791,93276.275,79.40999999998894,0.08513418873125984,0.23664,0.62029,0.38412,1.79524,-1.41112,0.21396582072591966,0.055,5e-05,93276.28,1
2025-11-18 13:43:53.846890,93276.28,79.39999999999418,0.08512346332850558,-0.13281,-0.36945,0.15931,1.7032399999999999,-1.5439299999999998,0.09353350085718984,0.00019,5e-05,93276.275,0
2025-11-18 13:43:55.876280,93276.275,79.38999999999942,0.08511274705170144,-7.999999999999999e-05,0.13273000000000001,0.15931,1.7033199999999997,-1.5440099999999997,0.09352910785994413,0.00019,0.00013,93277.48999999999,1
2025-11-18 13:43:57.910043,93277.48999999999,81.80000000000291,0.08769532713627148,-0.32867999999999997,-0.32859999999999995,0.0555,1.9281899999999998,-1.8726899999999997,0.028783470508611707,0.0001,0.055,93286.51999999999,1
2025-11-18 13:43:59.943825,93286.51999999999,87.31999999999243,0.09360409199527696,0.10372,0.4324,0.15922,1.9281899999999998,-1.76897,0.08257484998884965,0.055,0.055,93295.11,1
2025-11-18 13:44:01.976294,93295.11,94.70000000001164,0.10150585598753421,0.32125000000000004,0.21753000000000003,0.15929,1.6070099999999998,-1.44772,0.09912197186078493,0.00017,0.00013,93295.11,0
2025-11-18 13:44:04.010969,93295.11,94.70000000001164,0.10150585598753421,0.0,-0.32125000000000004,0.15929,1.6070099999999998,-1.44772,0.09912197186078493,0.00017,0.00013,93289.22,0
2025-11-18 13:44:06.048021,93289.22,82.91999999999825,0.08888486794079557,0.0,0.0,0.15929,1.6070099999999998,-1.44772,0.09912197186078493,0.00017,0.055,93284.965,0
2025-11-18 13:44:08.084876,93284.965,91.41000000000349,0.0979900673168538,0.31643999999999983,0.31643999999999983,0.43909,1.5703699999999998,-1.1312799999999998,0.2796092640587887,0.055,0.00013,93284.965,0
2025-11-18 13:44:10.112166,93284.965,91.41000000000349,0.0979900673168538,0.00019000000000000267,-0.3162499999999998,0.43928,1.5703699999999998,-1.13109,0.279730254653362,0.05519,0.00013,93287.36499999999,1
2025-11-18 13:44:12.145067,93287.36499999999,86.61000000000058,0.09284215499065773,-0.27999,-0.28018000000000004,0.15929,1.5703699999999998,-1.41108,0.10143469373459758,0.055,0.00013,93298.73,1
2025-11-18 13:44:14.173279,93298.73,84.39999999999418,0.09046211025594258,0.2798000000000001,0.5597900000000001,0.43909,1.5703699999999998,-1.1312799999999998,0.2796092640587887,0.055,0.00013,93298.73499999999,1
2025-11-18 13:44:16.207250,93298.73499999999,84.38999999999942,0.09045138714903202,-0.27982,-0.5596200000000001,0.15927,1.5703699999999998,-1.4110999999999998,0.10142195788253724,0.00015,0.00013,93307.765,1
2025-11-18 13:44:18.245399,93307.765,66.3299999999872,0.0710873312633597,0.13285000000000002,0.41267000000000004,0.29212000000000005,1.5703699999999998,-1.2782499999999999,0.18601985519336212,0.055,0.00013,93318.7,1
2025-11-18 13:44:20.281193,93318.7,44.45999999999185,0.047643184056348674,0.0879100000000001,-0.044939999999999924,0.38003,1.5703699999999998,-1.19034,0.2420002929245974,0.00014,0.00013,93329.48999999999,1
2025-11-18 13:44:22.312577,93329.48999999999,91.41999999999825,0.09795403360716776,-8.999999999995123e-05,-0.08800000000000005,0.6047899999999999,1.7952199999999996,-1.1904299999999997,0.33688907209144286,0.055,0.00013,93328.66,0
2025-11-18 13:44:24.343361,93328.66,89.74000000000524,0.0961548146089371,-0.22073,-0.22064000000000006,0.38405999999999996,1.7952199999999996,-1.4111599999999997,0.21393478236650665,0.00015,0.00013,93319.26999999999,0
2025-11-18 13:44:26.372818,93319.26999999999,95.5399999999936,0.10237971214304784,-0.1359300000000001,0.0847999999999999,0.38,1.9270899999999997,-1.5470899999999999,0.1971885070235433,0.055,1.04757,93319.26999999999,0
2025-11-18 13:44:28.412935,93319.26999999999,95.52000000000407,0.10235828034231738,0.1319300000000001,0.2678600000000002,0.38005999999999995,1.7952199999999996,-1.4151599999999998,0.2117066431969341,0.00017,0.00013,93319.26999999999,0
2025-11-18 13:44:30.444220,93319.26999999999,95.52000000000407,0.10235828034231738,0.0,-0.1319300000000001,0.38005999999999995,1.7952199999999996,-1.4151599999999998,0.2117066431969341,0.00017,0.00013,93316.48,0
2025-11-18 13:44:32.481889,93316.48,89.94000000000233,0.09638168949364821,-0.1318700000000001,-0.1318700000000001,0.38005999999999995,1.9270899999999997,-1.54703,0.19721964205096804,0.00017,1.04757,93309.94,0
2025-11-18 13:44:34.510627,93309.94,76.86000000000058,0.08237064561396201,0.6923400000000001,0.8242100000000001,0.38005999999999995,1.23475,-0.8546900000000001,0.3078031990281433,0.00017,0.055,93311.785,1
2025-11-18 13:44:36.544728,93311.785,89.14999999999418,0.09553991492070822,-0.4674699999999998,-1.1598099999999998,0.38008,1.70224,-1.32216,0.22328226337061752,0.055,0.055,93311.78,0
2025-11-18 13:44:38.575667,93311.78,89.13999999999942,0.0955292032795853,1.1684499999999998,1.6359199999999996,0.50109,0.6548,-0.15371,0.7652565668906536,0.055,0.00013,93302.63,0
2025-11-18 13:44:40.611033,93302.63,84.27999999999884,0.09032971525025482,-0.70097,-1.8694199999999999,0.38006999999999996,1.23475,-0.8546800000000001,0.30781129783356953,0.0001,0.055,93302.625,0
2025-11-18 13:44:42.647500,93302.625,84.26999999998952,0.09031900227886355,7.999999999999674e-05,0.70105,0.38015,1.23475,-0.8546,0.30787608827697915,0.0001,0.00013,93302.625,0
2025-11-18 13:44:44.682909,93302.625,84.26999999998952,0.09031900227886355,0.0,-7.999999999999674e-05,0.38015,1.23475,-0.8546,0.30787608827697915,0.0001,0.00013,93303.88,1
2025-11-18 13:44:46.718751,93303.88,81.77999999999884,0.08764908811937813,-0.6922,-0.6922,0.38029,1.9270899999999997,-1.5467999999999997,0.1973389929894297,0.00033,0.055,93313.04500000001,1
2025-11-18 13:44:48.752547,93313.04500000001,90.33000000000175,0.09680318544958182,-0.00023,0.6919700000000001,0.38006,1.9270899999999997,-1.5470299999999997,0.19721964205096806,0.0001,1.04757,93313.045,0
2025-11-18 13:44:50.789341,93313.045,90.35000000000582,0.09682461868006324,0.00021999999999999797,0.000449999999999998,0.38028,1.9270899999999997,-1.5468099999999998,0.19733380381819224,0.05521,0.055,93313.04500000001,1
2025-11-18 13:44:52.820053,93313.04500000001,90.33000000000175,0.09680318544958182,9.999999999982245e-06,-0.00021000000000001573,0.38029,1.9270899999999997,-1.5467999999999997,0.1973389929894297,0.0001,1.04757,93305.905,0
2025-11-18 13:44:54.852660,93305.905,76.04999999998836,0.08150609546093396,-0.00023000000000000104,-0.00023999999999998328,0.38006,1.9270899999999997,-1.5470299999999997,0.19721964205096806,0.0001,0.055,93298.17,0
2025-11-18 13:44:56.888208,93298.17,91.51999999998952,0.09809409980923477,0.0,0.00023000000000000104,0.38006,1.9270899999999997,-1.5470299999999997,0.19721964205096806,0.0001,0.055,93300.805,1
2025-11-18 13:44:58.920783,93300.805,86.22999999999593,0.09242149625611047,0.3568500000000001,0.3568500000000001,0.38019000000000003,1.5703699999999998,-1.1901799999999998,0.24210217974108017,0.055,0.00013,93309.64000000001,1
2025-11-18 13:45:00.953056,93309.64000000001,88.13999999999942,0.09445969355363434,-0.35279000000000016,-0.7096400000000003,0.15940000000000001,1.7023700000000002,-1.5429700000000002,0.09363416883521208,0.055,1.0477,93309.63500000001,0
2025-11-18 13:45:02.985082,93309.63500000001,88.1299999999901,0.09444898160837313,0.3551300000000003,0.7079200000000004,0.38253000000000004,1.5703699999999998,-1.1878399999999998,0.24359227443214024,0.055,0.00013,93295.97,0
2025-11-18 13:45:05.014581,93295.97,91.51999999998952,0.09809641295330283,-0.35502000000000006,-0.7101500000000003,0.15938000000000002,1.7022399999999998,-1.5428599999999997,0.09362957044835044,0.00019,0.055,93299.31,1
2025-11-18 13:45:07.053088,93299.31,84.83999999999651,0.09093314838019328,0.00011999999999999511,0.35514000000000007,0.1595,1.7022399999999998,-1.5427399999999998,0.0937000657956575,0.055,0.055,93299.31,0
2025-11-18 13:45:09.091189,93299.31,84.83999999999651,0.09093314838019328,0.22303,0.22291,0.38253000000000004,1.7022399999999998,-1.3197099999999997,0.2247215433781371,0.055,0.055,93299.31,0
2025-11-18 13:45:11.131309,93299.31,84.82000000000698,0.09091171199444775,-0.22323,-0.44626,0.15938000000000002,1.7023199999999998,-1.5429399999999998,0.09362517035574983,0.00019,0.00013,93299.31,0
2025-11-18 13:45:13.166408,93299.31,84.82000000000698,0.09091171199444775,0.0,0.22323,0.15938000000000002,1.7023199999999998,-1.5429399999999998,0.09362517035574983,0.00019,0.00013,93299.31,0
2025-11-18 13:45:15.203052,93299.31,84.82000000000698,0.09091171199444775,0.0,0.0,0.15938000000000002,1.7023199999999998,-1.5429399999999998,0.09362517035574983,0.00019,0.00013,93294.565,0
2025-11-18 13:45:17.238050,93294.565,94.30999999999767,0.10108841817312474,0.22315000000000002,0.22315000000000002,0.38253000000000004,1.7023199999999998,-1.3197899999999998,0.22471098265895958,0.055,0.00013,93295.35999999999,1
2025-11-18 13:45:19.265968,93295.35999999999,83.13999999999942,0.0891148284330533,-0.448,-0.67115,0.1594,1.92719,-1.76779,0.08271109750465704,0.00021,0.055,93290.125,0
2025-11-18 13:45:21.298831,93290.125,93.58999999999651,0.1003214434539524,0.355,0.8029999999999999,0.38253000000000004,1.7953199999999998,-1.4127899999999998,0.21307065035759645,0.0001,0.00013,93283.84,0
2025-11-18 13:45:23.336928,93283.84,84.60000000000582,0.09069094925766974,0.008709999999999996,-0.34629,0.05554,1.4596200000000001,-1.4040800000000002,0.038050999575231906,0.0001,0.055,93283.83499999999,0
2025-11-18 13:45:25.374949,93283.83499999999,84.61000000000058,0.09070167408962183,0.10388,0.09517,0.15942,1.4596200000000001,-1.3002000000000002,0.10922020799934229,0.00023,0.055,93290.31,1
2025-11-18 13:45:27.408633,93290.31,71.63999999999942,0.07679254147617198,-0.11074999999999982,-0.21462999999999982,0.15942,1.5703699999999998,-1.4109499999999997,0.10151747677298982,0.055,0.00013,93300.285,1
2025-11-18 13:45:29.444881,93300.285,91.57000000000698,0.09814546654386637,-0.22502000000000016,-0.11427000000000034,0.15940000000000001,1.7953700000000001,-1.6359700000000001,0.08878392754696804,0.00021,0.00013,93309.83,1
2025-11-18 13:45:31.483692,93309.83,72.51999999998952,0.07771957145350016,0.31769000000000003,0.5427100000000002,0.38409,1.7023700000000002,-1.3182800000000001,0.22562075224539904,0.10398,0.00013,93317.11499999999,1
2025-11-18 13:45:33.514984,93317.11499999999,57.94999999999709,0.06210007671154117,-0.09270999999999971,-0.41039999999999976,0.15938000000000002,1.5703699999999998,-1.4109899999999997,0.10149200506886914,0.00019,0.00013,93331.36,1
2025-11-18 13:45:35.549028,93331.36,86.44000000000233,0.09261624388630181,-0.22484999999999994,-0.13214000000000023,0.15938000000000002,1.7952199999999996,-1.6358399999999995,0.08878020521161754,0.00019,0.00013,93317.26999999999,0
2025-11-18 13:45:37.583147,93317.26999999999,84.0399999999936,0.09005835682933461,0.13281,0.35766,0.29219,1.7952199999999996,-1.5030299999999996,0.16275999598934954,0.055,0.00013,93317.28,1
2025-11-18 13:45:39.620975,93317.28,84.04000000000815,0.09005834717858059,-0.16645000000000018,-0.2992600000000002,0.15994,1.8294199999999998,-1.6694799999999999,0.08742661608597262,0.00021,1.04704,93317.28,0
2025-11-18 13:45:41.659638,93317.28,84.04000000000815,0.09005834717858059,0.0,0.16645000000000018,0.15994,1.8294199999999998,-1.6694799999999999,0.08742661608597262,0.00021,1.04704,93317.28,0
2025-11-18 13:45:43.693362,93317.28,84.04000000000815,0.09005834717858059,0.0,0.0,0.15994,1.8294199999999998,-1.6694799999999999,0.08742661608597262,0.00021,1.04704,93317.29000000001,1
2025-11-18 13:45:45.722561,93317.29000000001,84.0399999999936,0.09005833752779746,0.00011999999999999817,0.00011999999999999817,0.16006,1.8294199999999998,-1.6693599999999997,0.0874922106459971,0.00023,0.055,93317.29000000001,0
2025-11-18 13:45:47.752046,93317.29000000001,84.0399999999936,0.09005833752779746,0.03480999999999984,0.034689999999999846,0.16006,1.79461,-1.63455,0.08918929460997096,0.00023,0.055,93323.475,1
2025-11-18 13:45:49.789577,93323.475,84.25,0.09027739269246028,0.22308,0.18827000000000016,0.38314,1.79461,-1.41147,0.21349485403513854,0.00023,1.04704,93323.475,0
2025-11-18 13:45:51.821336,93323.475,84.25,0.09027739269246028,0.0,-0.22308,0.38314,1.79461,-1.41147,0.21349485403513854,0.00023,1.04704,93312.3,0
2025-11-18 13:45:53.848429,93312.3,83.44000000000233,0.08942015146985159,0.0,0.0,0.38314,1.79461,-1.41147,0.21349485403513854,0.00023,0.055,93308.945,0
2025-11-18 13:45:55.885875,93308.945,90.1299999999901,0.096593097264137,0.00021000000000000185,0.00021000000000000185,0.38334999999999997,1.79461,-1.41126,0.21361187110291371,0.00023,1.04704,93308.945,0
2025-11-18 13:45:57.919650,93308.945,90.1299999999901,0.096593097264137,-0.00021000000000000185,-0.0004200000000000037,0.38314,1.79461,-1.41147,0.21349485403513854,0.00023,1.04704,93321.08,1
2025-11-18 13:45:59.954876,93321.08,85.66000000000349,0.09179062222597884,-0.25787,-0.25766,0.16008,1.8294199999999998,-1.6693399999999998,0.08750314307266785,0.055,0.055,93321.08499999999,1
2025-11-18 13:46:01.992279,93321.08499999999,85.65000000000873,0.0917799016160268,0.22466999999999998,0.48253999999999997,0.38475,1.8294199999999998,-1.44467,0.2103125580785167,0.00023,0.055,93321.09,1
2025-11-18 13:46:04.024041,93321.09,85.63999999999942,0.09176918100720793,-0.22469,-0.44936,0.16006,1.8294199999999998,-1.6693599999999997,0.0874922106459971,0.00023,0.055,93313.345,0
2025-11-18 13:46:06.055211,93313.345,70.14999999999418,0.07517681420593611,0.12594,0.35063,0.38314,1.9265599999999998,-1.5434199999999998,0.1988726019433602,0.00023,0.055,93308.29999999999,0
2025-11-18 13:46:08.098608,93308.29999999999,80.24000000000524,0.08599449352308985,0.0,-0.12594,0.38314,1.9265599999999998,-1.5434199999999998,0.1988726019433602,0.00023,0.055,93308.29999999999,0
2025-11-18 13:46:10.135563,93308.29999999999,80.24000000000524,0.08599449352308985,0.0,0.0,0.38314,1.9265599999999998,-1.5434199999999998,0.1988726019433602,0.00023,0.055,93308.29999999999,0
2025-11-18 13:46:12.170275,93308.29999999999,80.24000000000524,0.08599449352308985,0.22507999999999984,0.22507999999999984,0.38337,1.7017099999999998,-1.3183399999999998,0.22528515434474736,0.00046,0.055,93308.305,1
2025-11-18 13:46:14.208031,93308.305,80.22999999999593,0.08598377175536083,-0.22329,-0.4483699999999998,0.16008,1.7017099999999998,-1.5416299999999998,0.09407008244648031,0.00023,0.055,93308.3,0
2025-11-18 13:46:16.243892,93308.3,80.22000000000116,0.08597305920266596,0.22305999999999998,0.44634999999999997,0.38314,1.7017099999999998,-1.3185699999999998,0.22514999618031276,0.00023,1.04704,93309.95499999999,1
2025-11-18 13:46:18.273119,93309.95499999999,95.33000000000175,0.10216487619140076,-0.22305999999999998,-0.44611999999999996,0.16008,1.7017099999999998,-1.5416299999999998,0.09407008244648031,0.00023,0.055,93312.79999999999,1
2025-11-18 13:46:20.303616,93312.79999999999,89.63999999999942,0.09606399122092514,0.22305999999999998,0.44611999999999996,0.38314,1.7017099999999998,-1.3185699999999998,0.22514999618031276,0.00023,0.055,93312.805,1
2025-11-18 13:46:22.340406,93312.805,89.6299999999901,0.09605326943069614,-0.22308,-0.44614,0.16006,1.7017099999999998,-1.5416499999999997,0.09405832956261644,0.00023,0.055,93338.66,1
2025-11-18 13:46:24.372393,93338.66,91.86000000000058,0.09841581184045343,-0.00015999999999982695,0.22292000000000017,0.38475,1.9265599999999998,-1.54181,0.19970828834814386,0.00023,0.055,93369.655,1
2025-11-18 13:46:26.401194,93369.655,20.69000000000233,0.022159233639668402,-0.22221999999999997,-0.22206000000000015,0.16253,1.9265599999999998,-1.7640299999999998,0.08436280209284944,0.00023,0.055,93369.655,0
2025-11-18 13:46:28.433536,93369.655,20.69000000000233,0.022159233639668402,0.0,0.22221999999999997,0.16253,1.9265599999999998,-1.7640299999999998,0.08436280209284944,0.00023,0.055,93367.005,0
2025-11-18 13:46:30.468501,93367.005,15.369999999995343,0.016461918211894386,-0.10433,-0.10433,0.0582,1.9265599999999998,-1.8683599999999998,0.03020928494311104,0.00023,1.04704,93361.51500000001,0
2025-11-18 13:46:32.497625,93361.51500000001,4.389999999999418,0.004702151630679319,0.0,0.10433,0.0582,1.9265599999999998,-1.8683599999999998,0.03020928494311104,0.00023,0.055,93359.32500000001,0
2025-11-18 13:46:34.525355,93359.32500000001,0.00999999999476131,1.0711302802115707e-05,-0.0016599999999999393,-0.0016599999999999393,0.0582,1.9282199999999998,-1.8700199999999998,0.030183277841740054,0.00023,1.10204,93359.32500000001,0
2025-11-18 13:46:36.558239,93359.32500000001,0.00999999999476131,1.0711302802115707e-05,0.22651000000000004,0.22816999999999998,0.0582,1.7017099999999998,-1.6435099999999998,0.034200892043885274,0.00023,0.055,93359.32500000001,0
2025-11-18 13:46:38.590025,93359.32500000001,0.00999999999476131,1.0711302802115707e-05,0.0,-0.22651000000000004,0.0582,1.7017099999999998,-1.6435099999999998,0.034200892043885274,0.00023,0.055,93359.32500000001,0
2025-11-18 13:46:40.622549,93359.32500000001,0.00999999999476131,1.0711302802115707e-05,-0.029709999999999903,-0.029709999999999903,0.0582,1.73142,-1.67322,0.0336140277922168,0.00023,1.10136,93359.32500000001,0
2025-11-18 13:46:42.650559,93359.32500000001,0.00999999999476131,1.0711302802115707e-05,0.13199999999999992,0.16170999999999983,0.0582,1.5994199999999998,-1.5412199999999998,0.03638819071913569,0.00023,0.05432,93365.26000000001,1
2025-11-18 13:46:44.681735,93365.26000000001,11.879999999990105,0.012724218836845849,-0.00068,-0.1326799999999999,0.0582,1.6000999999999999,-1.5418999999999998,0.03637272670458097,0.00023,0.055,93373.57,1
2025-11-18 13:46:46.712967,93373.57,28.5,0.03052255579389328,-0.052160000000000005,-0.051480000000000005,0.10765,1.7017099999999998,-1.5940599999999998,0.06325989739732388,0.00023,0.055,93373.57,0
2025-11-18 13:46:48.746725,93373.57,28.5,0.03052255579389328,-0.2742999999999998,-0.2221399999999998,0.0582,1.9265599999999998,-1.8683599999999998,0.03020928494311104,0.00023,0.055,93381.755,1
2025-11-18 13:46:50.774395,93381.755,44.86999999999534,0.04805007145131866,0.35273,0.6270299999999998,0.0582,1.5738299999999998,-1.5156299999999998,0.03697985169935762,0.00023,1.04704,93381.755,0
2025-11-18 13:46:52.806697,93381.755,44.86999999999534,0.04805007145131866,0.0,-0.35273,0.0582,1.5738299999999998,-1.5156299999999998,0.03697985169935762,0.00023,1.04704,93389.3,1
2025-11-18 13:46:54.837693,93389.3,59.95999999999185,0.06420435745850096,0.0,0.0,0.0582,1.5738299999999998,-1.5156299999999998,0.03697985169935762,0.00023,1.04704,93382.71,0
2025-11-18 13:46:56.867108,93382.71,46.779999999998836,0.0500949265661693,0.0,0.0,0.0582,1.5738299999999998,-1.5156299999999998,0.03697985169935762,0.00023,0.055,93378.935,0
2025-11-18 13:46:58.897655,93378.935,39.229999999995925,0.04201161643147454,0.0,0.0,0.0582,1.5738299999999998,-1.5156299999999998,0.03697985169935762,0.00023,1.04704,93373.52,0
2025-11-18 13:47:00.925318,93373.52,28.39999999999418,0.030415475393874174,0.0024600000000000004,0.0024600000000000004,0.0582,1.57137,-1.51317,0.03703774413409955,0.00023,0.055,93378.96,1
2025-11-18 13:47:02.958273,93378.96,39.279999999998836,0.04206515043645682,0.0,-0.0024600000000000004,0.0582,1.57137,-1.51317,0.03703774413409955,0.00023,1.04704,93370.66500000001,0
2025-11-18 13:47:04.990926,93370.66500000001,22.689999999987776,0.024300994321918748,-0.22324,-0.22324,0.0582,1.79461,-1.73641,0.03243044449769031,0.00023,1.04704,93367.55,0
2025-11-18 13:47:07.021663,93367.55,16.45999999999185,0.017629251276264454,0.0,0.22324,0.0582,1.79461,-1.73641,0.03243044449769031,0.00023,0.055,93367.54500000001,0
2025-11-18 13:47:09.056084,93367.54500000001,16.44999999999709,0.01761854186055453,0.0,0.0,0.0582,1.79461,-1.73641,0.03243044449769031,0.00023,1.04704,93367.54500000001,0
2025-11-18 13:47:11.084855,93367.54500000001,16.44999999999709,0.01761854186055453,0.0,0.0,0.0582,1.79461,-1.73641,0.03243044449769031,0.00023,1.04704,93362.82,0
2025-11-18 13:47:13.116598,93362.82,7.0,0.007497631284059328,0.0,0.0,0.0582,1.79461,-1.73641,0.03243044449769031,0.00023,1.04704,93362.82,0
2025-11-18 13:47:15.147403,93362.82,7.0,0.007497631284059328,-0.0016100000000000003,-0.0016100000000000003,0.0582,1.7962199999999997,-1.7380199999999997,0.03240137622340249,0.00023,1.04704,93362.82,0
2025-11-18 13:47:17.178334,93362.82,7.0,0.007497631284059328,0.052489999999999995,0.054099999999999995,0.0582,1.74373,-1.68553,0.03337672690152719,0.00023,1.04704,93322.32,0
2025-11-18 13:47:19.208032,93322.32,31.039999999993597,0.03326106766312024,0.6220100000000002,0.5695200000000001,0.50347,1.5669899999999999,-1.06352,0.3212975194481139,0.0001,0.00023,93322.32,0
2025-11-18 13:47:21.238932,93322.32,31.039999999993597,0.03326106766312024,-0.22484,-0.8468500000000002,0.27863,1.5669899999999999,-1.28836,0.1778122387507259,0.0001,0.00023,93319.125,0
2025-11-18 13:47:23.268667,93319.125,24.64999999999418,0.02641473545748975,0.17108,0.39592000000000005,0.58152,1.6987999999999999,-1.1172799999999998,0.3423122203908642,0.0001,1.04395,93319.13,1
2025-11-18 13:47:25.302192,93319.13,24.660000000003492,0.026425449958656373,-0.39477,-0.56585,0.41152,1.9235699999999998,-1.51205,0.21393554692576824,0.0001,0.055,93297.29000000001,0
2025-11-18 13:47:27.334930,93297.29000000001,68.30000000000291,0.07320684234236911,0.82415,1.21892,0.41152,1.0994199999999998,-0.6878999999999998,0.37430645249313277,0.0001,0.00023,93302.09,1
2025-11-18 13:47:29.365039,93302.09,77.89999999999418,0.08349223473985865,-0.3576800000000001,-1.1818300000000002,0.27865,1.32423,-1.04558,0.21042417102769156,0.0001,0.00023,93302.095,1
2025-11-18 13:47:31.394738,93302.095,77.91000000000349,0.08350294813852088,0.09420000000000009,0.45188000000000017,0.28004,1.23142,-0.9513799999999999,0.22741225576976176,0.0001,0.00042,93358.075,1
2025-11-18 13:47:33.423609,93358.075,34.08999999999651,0.03651532017985215,0.05865999999999988,-0.03554000000000021,0.67807,1.5707900000000001,-0.8927200000000002,0.43167450773177823,0.27791,5e-05,93358.075,0
2025-11-18 13:47:35.455955,93358.075,34.070000000006985,0.03649389728741406,1.56507,1.50641,0.6768000000000001,0.00445,0.6723500000000001,152.08988764044946,0.00012,4e-05,93458.625,1
2025-11-18 13:47:37.489177,93458.625,26.70999999999185,0.02857949172694532,-1.79033,-3.3554,0.45241,1.5703899999999997,-1.1179799999999998,0.2880876724889996,0.00023,0.00131,93452.22,0
2025-11-18 13:47:39.528989,93452.22,39.51999999998952,0.042288990031472254,-0.26395,1.52638,0.18846000000000002,1.5703899999999997,-1.3819299999999997,0.12000840555530795,0.00023,0.00131,93452.22,0
2025-11-18 13:47:41.562715,93452.22,39.51999999998952,0.042288990031472254,0.0,0.26395,0.18846000000000002,1.5703899999999997,-1.3819299999999997,0.12000840555530795,0.00023,0.00131,93452.22,0
2025-11-18 13:47:43.594756,93452.22,39.51999999998952,0.042288990031472254,0.0,0.0,0.18846000000000002,1.5703899999999997,-1.3819299999999997,0.12000840555530795,0.00023,0.00131,93452.22,0
2025-11-18 13:47:45.625902,93452.22,39.51999999998952,0.042288990031472254,0.0,0.0,0.18846000000000002,1.5703899999999997,-1.3819299999999997,0.12000840555530795,0.00023,0.00131,93459.235,1
2025-11-18 13:47:47.655277,93459.235,25.489999999990687,0.02727392322437765,0.26382000000000005,0.26382000000000005,0.45228,1.5703899999999997,-1.1181099999999997,0.28800489050490646,0.055,0.00131,93459.235,0
2025-11-18 13:47:49.683790,93459.235,25.489999999990687,0.02727392322437765,0.0,-0.26382000000000005,0.45228,1.5703899999999997,-1.1181099999999997,0.28800489050490646,0.055,0.00131,93452.055,0
2025-11-18 13:47:51.712428,93452.055,39.84999999999127,0.04264218694815355,-0.26381,-0.26381,0.18847000000000003,1.5703899999999997,-1.3819199999999996,0.1200147734002382,0.00023,0.00131,93452.055,0
2025-11-18 13:47:53.741065,93452.055,39.84999999999127,0.04264218694815355,0.22277,0.48658,0.41124,1.57039,-1.15915,0.2618712549112004,0.00023,0.00131,93457.94,1
2025-11-18 13:47:55.776239,93457.94,28.080000000001746,0.03004560126191712,0.04102000000000003,-0.18174999999999997,0.45226,1.57039,-1.1181299999999998,0.287992154815046,0.055,0.00131,93464.18,1
2025-11-18 13:47:57.809494,93464.18,15.599999999991269,0.01669088628391248,-0.04093000000000002,-0.08195000000000005,0.41133000000000003,1.5703899999999997,-1.1590599999999998,0.26192856551557264,0.00023,0.00131,93454.04999999999,0
2025-11-18 13:47:59.838441,93454.04999999999,35.86000000000058,0.03837179876099601,-0.00010999999999999899,0.04082000000000002,0.41122000000000003,1.5703899999999997,-1.1591699999999996,0.26185851922134,0.00023,0.00131,93458.84,1
2025-11-18 13:48:01.869465,93458.84,26.279999999998836,0.028119330391858956,-0.00013000000000000002,-2.0000000000001028e-05,0.41109,1.57039,-1.1593,0.2617757372372468,0.0001,0.00131,93452.95,0
2025-11-18 13:48:03.902243,93452.95,38.05999999999767,0.0407263762139105,0.00013000000000000002,0.00026000000000000003,0.41122000000000003,1.5703899999999997,-1.1591699999999996,0.26185851922134,0.00023,0.00131,93452.95,0
2025-11-18 13:48:05.935427,93452.95,38.05999999999767,0.0407263762139105,0.00011000000000000002,-1.9999999999999998e-05,0.41133000000000003,1.5703899999999997,-1.1590599999999998,0.26192856551557264,0.00034,0.00131,93452.95499999999,1
2025-11-18 13:48:07.967966,93452.95499999999,38.05000000000291,0.04071567346372612,-0.13300000000000003,-0.13311000000000003,0.27833,1.57039,-1.29206,0.17723622794337715,0.00023,0.00131,93456.995,1
2025-11-18 13:48:09.998412,93456.995,29.970000000001164,0.032068225604729925,0.13289000000000004,0.26589000000000007,0.41122000000000003,1.57039,-1.15917,0.26185851922133996,0.00023,0.00131,93456.995,0
2025-11-18 13:48:12.031700,93456.995,29.970000000001164,0.032068225604729925,0.0,-0.13289000000000004,0.41122000000000003,1.57039,-1.15917,0.26185851922133996,0.00023,0.00131,93462.735,1
2025-11-18 13:48:14.059409,93462.735,18.489999999990687,0.01978328581973413,-0.13290000000000002,-0.13290000000000002,0.27832,1.5703899999999997,-1.2920699999999998,0.17722986009844693,0.00023,0.00131,93462.78,1
2025-11-18 13:48:16.096130,93462.78,18.39999999999418,0.01968698127746059,-1.0000000000003062e-05,0.13289,0.27831,1.5703899999999997,-1.2920799999999997,0.17722349225351666,0.00023,0.00131,93462.735,0
2025-11-18 13:48:18.125798,93462.735,18.489999999990687,0.01978328581973413,0.02009999999999995,0.020109999999999954,0.32127,1.5932499999999998,-1.2719799999999999,0.20164443747057903,0.00023,0.00131,93471.975,1
2025-11-18 13:48:20.152693,93471.975,0.00999999999476131,1.0698393817784752e-05,-0.10671,-0.12680999999999995,0.21456,1.5932499999999998,-1.3786899999999997,0.13466813117840892,0.055,0.00131,93471.975,0
2025-11-18 13:48:22.185218,93471.975,0.00999999999476131,1.0698393817784752e-05,0.22288999999999998,0.3296,0.43745,1.5932499999999998,-1.1557999999999997,0.27456456927663586,0.05523,0.00131,93471.975,0
2025-11-18 13:48:24.215986,93471.975,0.00999999999476131,1.0698393817784752e-05,0.0,-0.22288999999999998,0.43745,1.59325,-1.1558000000000002,0.2745645692766358,0.05523,0.00131,93471.975,0
2025-11-18 13:48:26.243692,93471.975,0.00999999999476131,1.0698393817784752e-05,-1.0842021724855044e-18,-1.0842021724855044e-18,0.43722,1.5930199999999999,-1.1558,0.2744598310127933,0.055,0.00108,93471.975,0
2025-11-18 13:48:28.276851,93471.975,0.00999999999476131,1.0698393817784752e-05,-0.00022999999999999995,-0.00022999999999999887,0.43722,1.59325,-1.1560300000000001,0.274420210262043,0.055,0.00131,93471.975,0
2025-11-18 13:48:30.310027,93471.975,0.00999999999476131,1.0698393817784752e-05,0.0015099999999999836,0.0017399999999999835,0.43872999999999995,1.5932499999999998,-1.1545199999999998,0.27536795857523927,0.055,0.00131,93471.975,0
2025-11-18 13:48:32.340446,93471.975,0.00999999999476131,1.0698393817784752e-05,0.0,-0.0015099999999999836,0.43872999999999995,1.5932499999999998,-1.1545199999999998,0.27536795857523927,0.055,0.00131,93471.975,0
2025-11-18 13:48:34.373645,93471.975,0.00999999999476131,1.0698393817784752e-05,-0.0015099999999999836,-0.0015099999999999836,0.43722,1.5932499999999998,-1.15603,0.274420210262043,0.055,0.00131,93471.975,0
2025-11-18 13:48:36.405187,93471.975,0.00999999999476131,1.0698393817784752e-05,0.0008299999999999974,0.002339999999999981,0.43805,1.5932499999999998,-1.1551999999999998,0.27494115801035623,0.055,0.00131,93471.975,0
2025-11-18 13:48:38.431647,93471.975,0.00999999999476131,1.0698393817784752e-05,0.0,-0.0008299999999999974,0.43805,1.5932499999999998,-1.1551999999999998,0.27494115801035623,0.055,0.00131,93471.975,0
2025-11-18 13:48:40.461670,93471.975,0.00999999999476131,1.0698393817784752e-05,1.04354,1.04354,0.43805,0.54971,-0.11166000000000004,0.7968747157592184,0.055,0.00067,93466.61499999999,0
2025-11-18 13:48:42.490760,93466.61499999999,10.710000000006403,0.011458636861949482,-0.4719999999999999,-1.5155399999999999,0.51847,1.1021299999999998,-0.5836599999999998,0.4704254489034869,0.0001,0.00023,93466.61499999999,0
2025-11-18 13:48:44.521790,93466.61499999999,10.710000000006403,0.011458636861949482,0.0,0.4719999999999999,0.51847,1.1021299999999998,-0.5836599999999998,0.4704254489034869,0.0001,0.00023,93466.61499999999,0
2025-11-18 13:48:46.551784,93466.61499999999,10.710000000006403,0.011458636861949482,0.0,0.0,0.51847,1.1021299999999998,-0.5836599999999998,0.4704254489034869,0.0001,0.00023,93452.98999999999,0
2025-11-18 13:48:48.581364,93452.98999999999,37.9600000000064,0.04061935311005716,-9.999999999998899e-05,-9.999999999998899e-05,0.51837,1.1021299999999998,-0.5837599999999998,0.4703347155054305,0.055,0.00023,93453.0,1
2025-11-18 13:48:50.613234,93453.0,37.94000000000233,0.040597947631432194,-0.13289,-0.13279000000000002,0.38548,1.1021299999999998,-0.7166499999999998,0.3497591028281601,0.00011,0.00023,93452.495,0
2025-11-18 13:48:52.646003,93452.495,36.970000000001164,0.03956020649850083,0.13289,0.26578,0.51837,1.1021299999999998,-0.5837599999999998,0.4703347155054305,0.055,0.00023,93452.98999999999,1
2025-11-18 13:48:54.676771,93452.98999999999,37.9600000000064,0.04061935311005716,0.00012999999999999817,-0.13276000000000002,0.5185,1.1021299999999998,-0.5836299999999999,0.4704526689229039,0.05513,0.00023,93452.98999999999,0
2025-11-18 13:48:56.708951,93452.98999999999,37.9600000000064,0.04061935311005716,-0.00012999999999999817,-0.00025999999999999635,0.51837,1.1021299999999998,-0.5837599999999998,0.4703347155054305,0.055,0.00023,93452.98999999999,0
2025-11-18 13:48:58.739212,93452.98999999999,37.9600000000064,0.04061935311005716,0.00023000000000000104,0.0003599999999999992,0.5186,1.1021299999999998,-0.5835299999999999,0.47054340232096037,0.05523,0.00023,93452.98999999999,0
2025-11-18 13:49:00.772051,93452.98999999999,37.9600000000064,0.04061935311005716,0.0,-0.00023000000000000104,0.5186,1.1021299999999998,-0.5835299999999999,0.47054340232096037,0.05523,0.00023,93459.185,1
2025-11-18 13:49:02.799316,93459.185,25.570000000006985,0.027359536679040144,0.0,0.0,0.5186,1.1021299999999998,-0.5835299999999999,0.47054340232096037,0.10765,0.00023,93459.185,0
2025-11-18 13:49:04.829769,93459.185,25.570000000006985,0.027359536679040144,-0.15657000000000001,-0.15657000000000001,0.3856,1.1257,-0.7401,0.3425424180509905,0.00023,0.00023,93459.185,0
2025-11-18 13:49:06.862135,93459.185,25.570000000006985,0.027359536679040144,0.0,0.15657000000000001,0.3856,1.1257,-0.7401,0.3425424180509905,0.00023,0.00023,93459.185,0
2025-11-18 13:49:08.893908,93459.185,25.570000000006985,0.027359536679040144,0.0,0.0,0.3856,1.1257,-0.7401,0.3425424180509905,0.00023,0.00023,93459.185,0
2025-11-18 13:49:10.925606,93459.185,25.570000000006985,0.027359536679040144,0.0,0.0,0.3856,1.1257,-0.7401,0.3425424180509905,0.00023,0.00023,93459.185,0
2025-11-18 13:49:12.957659,93459.185,25.570000000006985,0.027359536679040144,0.0,0.0,0.3856,1.1257,-0.7401,0.3425424180509905,0.00023,0.00023,93459.185,0
2025-11-18 13:49:14.990712,93459.185,25.570000000006985,0.027359536679040144,0.0,0.0,0.3856,1.1257,-0.7401,0.3425424180509905,0.00023,0.00023,93451.845,0
2025-11-18 13:49:17.022641,93451.845,40.25,0.043070310703871066,0.13277,0.13277,0.51837,1.1257,-0.6073299999999999,0.460486808208226,0.055,0.00023,93451.845,0
2025-11-18 13:49:19.054716,93451.845,40.25,0.043070310703871066,0.0,-0.13277,0.51837,1.1257,-0.6073299999999999,0.460486808208226,0.055,0.00023,93451.85,1
2025-11-18 13:49:21.085378,93451.85,40.25999999999476,0.04308100909719258,-0.48971999999999993,-0.48971999999999993,0.51837,1.61542,-1.09705,0.32088868529546494,0.055,0.02348,93451.855,1
2025-11-18 13:49:23.120099,93451.855,40.25,0.04307030609504755,-0.13277,0.35694999999999993,0.3856,1.61542,-1.2298200000000001,0.2386995332483193,0.00023,0.02348,93455.4,1
2025-11-18 13:49:25.152768,93455.4,33.15999999998894,0.03548216582454191,-0.22261999999999998,-0.08984999999999999,0.16298,1.61542,-1.4524400000000002,0.10089017097720716,0.00023,0.02348,93455.4,0
2025-11-18 13:49:27.196882,93455.4,33.15999999998894,0.03548216582454191,0.22261999999999998,0.44523999999999997,0.3856,1.61542,-1.2298200000000001,0.2386995332483193,0.00023,0.02348,93455.405,1
2025-11-18 13:49:29.227466,93455.405,33.14999999999418,0.035471463635510625,0.0,-0.22261999999999998,0.3856,1.61542,-1.2298200000000001,0.2386995332483193,0.00023,0.02348,93449.56,0
2025-11-18 13:49:31.259465,93449.56,44.83999999999651,0.047983104468331914,0.0,0.0,0.3856,1.61542,-1.2298200000000001,0.2386995332483193,0.00023,0.02348,93449.57,1
2025-11-18 13:49:33.291309,93449.57,44.81999999999243,0.04796169741604208,-0.22262,-0.22262,0.16297999999999999,1.61542,-1.4524400000000002,0.10089017097720715,0.00023,0.02348,93433.095,0
2025-11-18 13:49:35.321120,93433.095,11.869999999995343,0.012704277857856838,0.7114400000000001,0.9340600000000001,0.3856,1.1265999999999998,-0.7409999999999999,0.34226877330019534,0.00023,0.00166,93449.565,1
2025-11-18 13:49:37.352497,93449.565,44.830000000001746,0.04797240094162209,-0.48838,-1.19982,0.38583,1.61521,-1.22938,0.23887296388704873,0.00023,0.02327,93454.045,1
2025-11-18 13:49:39.383549,93454.045,35.86999999999534,0.03838250126037385,0.00046999999999999126,0.48884999999999995,0.3856,1.61451,-1.22891,0.23883407349598332,0.055,0.02257,93448.11,0
2025-11-18 13:49:41.412619,93448.11,47.73999999999069,0.0510871755458625,0.13321,0.13274,0.51881,1.61451,-1.0957,0.3213420790208794,0.10786,0.02257,93453.64499999999,1
2025-11-18 13:49:43.443039,93453.64499999999,36.669999999998254,0.03923870492156647,-0.00043999999999999595,-0.13365,0.51837,1.61451,-1.09614,0.32106955051377817,0.055,0.02257,93461.57999999999,1
2025-11-18 13:49:45.475170,93461.57999999999,20.80000000000291,0.022255134141754198,-0.13277,-0.13233,0.3856,1.61451,-1.22891,0.23883407349598332,0.055,0.02257,93461.58499999999,1
2025-11-18 13:49:47.502407,93461.58499999999,20.789999999993597,0.02224443336799135,0.0003799999999999949,0.13315,0.38577,1.6142999999999998,-1.22853,0.23897045158892402,0.00023,0.02236,93464.33499999999,1
2025-11-18 13:49:49.532992,93464.33499999999,15.289999999993597,0.016359181285560527,6.0000000000004494e-05,-0.00031999999999999043,0.38583,1.6142999999999998,-1.2284699999999997,0.23900761940159823,0.00023,0.02236,93464.33499999999,0
2025-11-18 13:49:51.566128,93464.33499999999,15.289999999993597,0.016359181285560527,0.0,-6.0000000000004494e-05,0.38583,1.6142999999999998,-1.2284699999999997,0.23900761940159823,0.00023,0.02236,93467.735,1
2025-11-18 13:49:53.594644,93467.735,8.489999999990687,0.009083348387537889,-0.22285,-0.22285,0.16298,1.6142999999999998,-1.45132,0.10096016849408414,0.00023,0.02236,93467.735,0
2025-11-18 13:49:55.627346,93467.735,8.489999999990687,0.009083348387537889,0.0,0.22285,0.16298,1.6142999999999998,-1.45132,0.10096016849408414,0.00023,0.02236,93467.735,0
2025-11-18 13:49:57.656926,93467.735,8.489999999990687,0.009083348387537889,0.0,0.0,0.16298,1.6142999999999998,-1.45132,0.10096016849408414,0.00023,0.02236,93467.735,0
2025-11-18 13:49:59.690747,93467.735,8.489999999990687,0.009083348387537889,0.0,0.0,0.16298,1.6142999999999998,-1.45132,0.10096016849408414,0.00023,0.02236,93467.735,0
2025-11-18 13:50:01.724398,93467.735,8.489999999990687,0.009083348387537889,0.0,0.0,0.16298,1.6142999999999998,-1.45132,0.10096016849408414,0.00023,0.02236,93467.735,0
2025-11-18 13:50:03.755883,93467.735,8.489999999990687,0.009083348387537889,0.22274000000000002,0.22274000000000002,0.38571999999999995,1.6142999999999998,-1.22858,0.23893947841169547,0.00023,0.02236,93525.64,1
2025-11-18 13:50:05.788617,93525.64,107.10000000000582,0.11451405197548589,0.8801199999999999,0.6573799999999999,0.36061999999999994,0.70908,-0.3484600000000001,0.5085744908896033,0.08255,0.055,93561.34,1
2025-11-18 13:50:07.822588,93561.34,35.69999999999709,0.03815678569802131,0.0012000000000000066,-0.8789199999999999,0.36182,0.70908,-0.34726000000000007,0.5102668246178146,0.00143,0.055,93561.33499999999,0
2025-11-18 13:50:09.850211,93561.33499999999,35.689999999987776,0.038146099561306795,0.03039,0.029189999999999994,0.36182,0.67869,-0.31687000000000004,0.5331152661745421,0.00143,0.00016,93561.34,1
2025-11-18 13:50:11.879921,93561.34,35.69999999999709,0.03815678569802131,-0.030230000000000007,-0.06062000000000001,0.36182,0.70892,-0.3471,0.5103819895051628,0.00143,0.05484,93561.345,1
2025-11-18 13:50:13.912098,93561.345,35.69000000000233,0.03814609548420058,-0.22251,-0.19228,0.13931,0.70892,-0.56961,0.19651018450600913,0.00023,0.05484,93561.345,0
2025-11-18 13:50:15.942700,93561.345,35.69000000000233,0.03814609548420058,0.00032000000000000084,0.22283000000000003,0.13931,0.7086,-0.5692900000000001,0.1965989274626023,0.00023,0.05452,93549.595,0
2025-11-18 13:50:17.974170,93549.595,12.169999999998254,0.013009142369882256,-0.08457,-0.08489000000000001,0.056990000000000006,0.7108500000000001,-0.6538600000000001,0.08017162551874517,0.00023,0.055,93549.595,0
2025-11-18 13:50:20.002930,93549.595,12.169999999998254,0.013009142369882256,0.00032000000000000084,0.08489000000000001,0.05699,0.71053,-0.65354,0.08020773225620312,0.00023,0.05468,93549.595,0
2025-11-18 13:50:22.031434,93549.595,12.169999999998254,0.013009142369882256,0.0,-0.00032000000000000084,0.05699,0.71053,-0.65354,0.08020773225620312,0.00023,0.05468,93549.595,0
2025-11-18 13:50:24.063023,93549.595,12.169999999998254,0.013009142369882256,0.0,0.0,0.05699,0.71053,-0.65354,0.08020773225620312,0.00023,0.05468,93554.39,1
2025-11-18 13:50:26.096340,93554.39,21.760000000009313,0.023259197136563357,0.0,0.0,0.05699,0.71053,-0.65354,0.08020773225620312,0.00023,0.05468,93554.39,0
2025-11-18 13:50:28.125188,93554.39,21.760000000009313,0.023259197136563357,0.00032000000000000084,0.00032000000000000084,0.05699,0.71021,-0.65322,0.08024387153095563,0.00023,0.05436,93554.39,0
2025-11-18 13:50:30.156154,93554.39,21.760000000009313,0.023259197136563357,0.0,-0.00032000000000000084,0.05699,0.71021,-0.65322,0.08024387153095563,0.00023,0.05436,93560.41,1
2025-11-18 13:50:32.186164,93560.41,33.80000000000291,0.036126391494012165,-0.0006400000000000017,-0.0006400000000000017,0.05699,0.7108500000000001,-0.6538600000000001,0.08017162551874515,0.00023,0.055,93560.41,0
2025-11-18 13:50:34.216857,93560.41,33.80000000000291,0.036126391494012165,0.0,0.0006400000000000017,0.05699,0.7108500000000001,-0.6538600000000001,0.08017162551874515,0.00023,0.055,93566.53,1
2025-11-18 13:50:36.245807,93566.53,46.04000000000815,0.04920562940616496,0.004970000000000002,0.004970000000000002,0.056990000000000006,0.7058800000000001,-0.6488900000000001,0.08073610245367485,0.00023,0.055,93563.78,0
2025-11-18 13:50:38.275746,93563.78,40.54000000000815,0.043328732550147235,0.0,-0.004970000000000002,0.05699,0.7058800000000001,-0.6488900000000001,0.08073610245367484,0.00023,0.055,93560.32999999999,0
2025-11-18 13:50:40.307596,93560.32999999999,33.63999999999942,0.03595540973401806,-1.04134,-1.04134,0.05699,1.74722,-1.69023,0.03261752956124586,0.00023,1.06869,93560.32999999999,0
2025-11-18 13:50:42.340215,93560.32999999999,33.63999999999942,0.03595540973401806,0.0,1.04134,0.05699,1.74722,-1.69023,0.03261752956124586,0.00023,1.06869,93560.32999999999,0
2025-11-18 13:50:44.371449,93560.32999999999,33.63999999999942,0.03595540973401806,0.00030999999999981043,0.00030999999999981043,0.05699,1.7469100000000002,-1.68992,0.032623317743902085,0.00023,1.06838,93559.515,0
2025-11-18 13:50:46.403677,93559.515,32.01000000000931,0.034213516391154136,0.0,-0.00030999999999981043,0.05699,1.7469100000000002,-1.68992,0.032623317743902085,0.00023,1.06838,93559.515,0
2025-11-18 13:50:48.431579,93559.515,32.01000000000931,0.034213516391154136,0.09024000000000001,0.09024000000000001,0.05699,1.65667,-1.59968,0.03440033319852475,0.00023,1.06838,93559.515,0
2025-11-18 13:50:50.459739,93559.515,32.01000000000931,0.034213516391154136,0.000280000000000058,-0.08995999999999996,0.05699,1.65639,-1.5994,0.034406148310482436,0.00023,1.0681,93551.125,0
2025-11-18 13:50:52.493787,93551.125,15.230000000010477,0.01627986836076047,0.0,-0.000280000000000058,0.05699,1.65639,-1.5994,0.034406148310482436,0.00023,0.055,93567.305,1
2025-11-18 13:50:54.523365,93567.305,47.61000000000058,0.05088315838529344,-0.007400000000000018,-0.007400000000000018,0.13983,1.7466300000000001,-1.6068000000000002,0.08005702409783412,0.00023,0.055,93579.495,1
2025-11-18 13:50:56.556228,93579.495,71.99000000000524,0.07692924609179098,0.0,0.007400000000000018,0.13983,1.7466300000000001,-1.6068000000000002,0.08005702409783412,0.00023,0.055,93586.89,1
2025-11-18 13:50:58.588685,93586.89,86.76000000000931,0.09270529237589721,-0.08284,-0.08284,0.056990000000000006,1.7466300000000001,-1.68964,0.03262854754584543,0.00023,1.0681,93583.14,0
2025-11-18 13:51:00.618212,93583.14,79.26000000000931,0.084694743091554,0.0,0.08284,0.056990000000000006,1.7466300000000001,-1.68964,0.03262854754584543,0.00023,1.0681,93579.495,0
2025-11-18 13:51:02.650807,93579.495,71.97000000000116,0.07690787388839955,0.000320000000000098,0.000320000000000098,0.056990000000000006,1.7463099999999998,-1.6893199999999997,0.0326345265159107,0.00023,1.06778,93576.23,0
2025-11-18 13:51:04.683080,93576.23,65.44000000000233,0.06993228942863196,0.0,-0.000320000000000098,0.056990000000000006,1.7463099999999998,-1.6893199999999997,0.0326345265159107,0.00023,0.055,93576.23,0
2025-11-18 13:51:06.714590,93576.23,65.44000000000233,0.06993228942863196,0.0,0.0,0.056990000000000006,1.7463099999999998,-1.6893199999999997,0.0326345265159107,0.00023,0.055,93570.70999999999,0
2025-11-18 13:51:08.742410,93570.70999999999,54.40000000000873,0.058137851043353984,0.00031999999999987594,0.00031999999999987594,0.05699,1.74599,-1.6889999999999998,0.032640507677592655,0.00023,0.055,93570.70999999999,0
2025-11-18 13:51:10.773510,93570.70999999999,54.40000000000873,0.058137851043353984,0.00032000000000000084,1.249000902703301e-16,0.05699,1.74567,-1.68868,0.032646491032096554,0.00023,0.05468,93570.70999999999,0
2025-11-18 13:51:12.805399,93570.70999999999,54.40000000000873,0.058137851043353984,0.0,-0.00032000000000000084,0.05699,1.74567,-1.68868,0.032646491032096554,0.00023,0.05468,93570.70999999999,0
2025-11-18 13:51:14.832725,93570.70999999999,54.40000000000873,0.058137851043353984,0.0,0.0,0.05699,1.74567,-1.68868,0.032646491032096554,0.00023,0.05468,93570.70999999999,0
2025-11-18 13:51:16.865826,93570.70999999999,54.40000000000873,0.058137851043353984,0.0003500000000000725,0.0003500000000000725,0.05699,1.74532,-1.6883299999999999,0.03265303783833337,0.00023,0.05433,93577.64499999999,1
2025-11-18 13:51:18.898104,93577.64499999999,68.27000000000407,0.07295545853927408,-0.00032999999999994145,-0.0006800000000000139,0.05699,1.74565,-1.6886599999999998,0.03264686506458912,0.00023,1.06712,93577.65,1
2025-11-18 13:51:20.930747,93577.65,68.27999999999884,0.07296614095352773,0.13195,0.13227999999999995,0.056990000000000006,1.6137000000000001,-1.55671,0.0353163537212617,0.00023,0.055,93577.65,0
2025-11-18 13:51:22.963376,93577.65,68.27999999999884,0.07296614095352773,0.0,-0.13195,0.056990000000000006,1.6137000000000001,-1.55671,0.0353163537212617,0.00023,0.055,93577.64499999999,0
2025-11-18 13:51:24.995337,93577.64499999999,68.27000000000407,0.07295545853927408,0.0,0.0,0.056990000000000006,1.6137000000000001,-1.55671,0.0353163537212617,0.00023,1.06712,93577.65,1
2025-11-18 13:51:27.023994,93577.65,68.27999999999884,0.07296614095352773,0.0,0.0,0.056990000000000006,1.6137000000000001,-1.55671,0.0353163537212617,0.00023,0.055,93581.66,1
2025-11-18 13:51:29.054252,93581.66,76.30000000000291,0.08153306962069588,0.0,0.0,0.056990000000000006,1.6137000000000001,-1.55671,0.0353163537212617,0.00023,0.055,93590.04000000001,1
2025-11-18 13:51:31.085785,93590.04000000001,89.1200000000099,0.0952238080035118,0.30627999999999994,0.30627999999999994,0.36327,1.6137000000000001,-1.2504300000000002,0.22511619260085514,0.055,1.06712,93589.09,0
2025-11-18 13:51:33.116736,93589.09,87.19999999999709,0.09317325342088174,-0.22224999999999998,-0.5285299999999999,0.14102,1.6137000000000001,-1.4726800000000002,0.08738922972051806,0.00044,1.06712,93573.755,0
2025-11-18 13:51:35.148945,93573.755,60.50999999999476,0.06466556781866321,-0.00021000000000000185,0.22203999999999996,0.14081,1.6137000000000001,-1.47289,0.08725909400756025,0.00023,1.06712,93559.82999999999,0
2025-11-18 13:51:37.178157,93559.82999999999,32.63999999999942,0.03488676710934535,-0.08382,-0.08361,0.05699,1.6137000000000001,-1.55671,0.03531635372126169,0.00023,0.055,93566.315,1
2025-11-18 13:51:39.209200,93566.315,45.61000000000058,0.048746175373050205,0.0,0.08382,0.05699,1.6137000000000001,-1.55671,0.03531635372126169,0.00023,1.06712,93581.515,1
2025-11-18 13:51:41.241365,93581.515,15.209999999991851,0.01625320983528836,1.0000000000000026e-05,1.0000000000000026e-05,0.057,1.6137000000000001,-1.5567000000000002,0.03532255065997397,0.00144,1.06712,93581.51999999999,1
2025-11-18 13:51:43.273922,93581.51999999999,15.19999999999709,0.0162425230964373,0.08382,0.08381000000000001,0.14082,1.6137000000000001,-1.4728800000000002,0.08726529094627253,0.00023,1.06712,93581.525,1
2025-11-18 13:51:45.305551,93581.525,15.210000000006403,0.016253208098507055,0.0004600000000001686,-0.08335999999999984,0.14105,1.61347,-1.47242,0.0874202805134276,0.00023,0.055,93597.025,1
2025-11-18 13:51:47.335578,93597.025,46.19000000000233,0.049349859143495566,-0.08404999999999999,-0.08451000000000015,0.057,1.61347,-1.55647,0.03532758588631955,0.00023,1.06689,93589.78,0
2025-11-18 13:51:49.367600,93589.78,31.70000000001164,0.033871219699428336,0.0,0.08404999999999999,0.057,1.61347,-1.55647,0.03532758588631955,0.00023,1.06689,93587.19,0
2025-11-18 13:51:51.396314,93587.19,26.520000000004075,0.028337211535044565,0.0,0.0,0.057,1.61347,-1.55647,0.03532758588631955,0.00023,0.055,93587.19,0
2025-11-18 13:51:53.428750,93587.19,26.520000000004075,0.028337211535044565,0.00023000000000000104,0.00023000000000000104,0.057,1.61324,-1.55624,0.03533262254841189,0.00023,0.05477,93592.73499999999,1
2025-11-18 13:51:55.457545,93592.73499999999,37.61000000000058,0.04018474297177082,-0.00023000000000000104,-0.0004600000000000021,0.057,1.61347,-1.55647,0.03532758588631955,0.00023,0.055,93592.73,0
2025-11-18 13:51:57.490616,93592.73,37.60000000000582,0.04017406052799809,0.0,0.00023000000000000104,0.057,1.61347,-1.55647,0.03532758588631955,0.00023,1.06689,93592.73,0
2025-11-18 13:51:59.522447,93592.73,37.60000000000582,0.04017406052799809,0.00022999999999995246,0.00022999999999995246,0.057,1.61324,-1.55624,0.03533262254841189,0.00023,1.06666,93601.01,1
2025-11-18 13:52:01.555537,93601.01,54.16000000000349,0.05786262349092546,0.0,-0.00022999999999995246,0.057,1.61324,-1.55624,0.03533262254841189,0.00023,1.06666,93604.265,1
2025-11-18 13:52:03.589218,93604.265,60.670000000012806,0.06481542267332883,0.0,0.0,0.057,1.61324,-1.55624,0.03533262254841189,0.00023,1.06666,93604.26999999999,1
2025-11-18 13:52:05.619381,93604.26999999999,60.68000000000757,0.06482610248443535,2.220446049250313e-16,2.220446049250313e-16,0.057,1.61324,-1.55624,0.03533262254841189,0.00023,0.49048,93604.26999999999,0
2025-11-18 13:52:07.650185,93604.26999999999,60.68000000000757,0.06482610248443535,-2.220446049250313e-16,-4.440892098500626e-16,0.057,1.61324,-1.55624,0.03533262254841189,0.00023,0.49048,93604.26999999999,0
2025-11-18 13:52:09.681276,93604.26999999999,60.68000000000757,0.06482610248443535,0.0,2.220446049250313e-16,0.057,1.61324,-1.55624,0.03533262254841189,0.00023,0.49048,93604.26999999999,0
2025-11-18 13:52:11.713576,93604.26999999999,60.68000000000757,0.06482610248443535,0.0,0.0,0.057,1.61324,-1.55624,0.03533262254841189,0.00023,0.49048,93604.26999999999,0
2025-11-18 13:52:13.743136,93604.26999999999,60.69999999999709,0.06484746903105713,0.08463000000000014,0.08463000000000014,0.14128000000000002,1.61289,-1.4716099999999999,0.08759431827340985,0.00023,0.0007,93604.275,1
2025-11-18 13:52:15.774306,93604.275,60.69000000000233,0.0648367822944009,-0.08428000000000001,-0.16891000000000014,0.057,1.61289,-1.55589,0.03534028979037628,0.00023,0.0007,93597.72,0
2025-11-18 13:52:17.806417,93597.72,47.580000000001746,0.05083457161136163,0.0,0.08428000000000001,0.057,1.61289,-1.55589,0.03534028979037628,0.00023,0.055,93597.715,0
2025-11-18 13:52:19.836588,93597.715,47.570000000006985,0.05082389030544921,0.0,0.0,0.057,1.61289,-1.55589,0.03534028979037628,0.00023,1.06666,93597.715,0
2025-11-18 13:52:21.864177,93597.715,47.570000000006985,0.05082389030544921,0.00034000000000000696,0.00034000000000000696,0.057,1.61255,-1.55555,0.035347741155313014,0.00023,1.06632,93597.715,0
2025-11-18 13:52:23.897218,93597.715,47.570000000006985,0.05082389030544921,0.0,-0.00034000000000000696,0.057,1.61255,-1.55555,0.035347741155313014,0.00023,1.06632,93593.36499999999,0
2025-11-18 13:52:25.926126,93593.36499999999,38.870000000009895,0.04153072175576752,0.0,0.0,0.057,1.61255,-1.55555,0.035347741155313014,0.00023,1.06632,93598.265,1
2025-11-18 13:52:27.955939,93598.265,48.670000000012806,0.05199882711502484,0.00034999999999985043,0.00034999999999985043,0.057,1.6122,-1.5552000000000001,0.03535541496092296,0.00023,1.06597,93598.265,0
2025-11-18 13:52:29.988282,93598.265,48.670000000012806,0.05199882711502484,0.0,-0.00034999999999985043,0.057,1.6122,-1.5552000000000001,0.03535541496092296,0.00023,1.06597,93598.26999999999,1
2025-11-18 13:52:32.021821,93598.26999999999,48.68000000000757,0.05200950829540714,0.0,0.0,0.057,1.6122000000000003,-1.5552000000000004,0.035355414960922954,0.00023,0.055,93598.26999999999,0
2025-11-18 13:52:34.053628,93598.26999999999,48.68000000000757,0.05200950829540714,0.0,0.0,0.057,1.6122000000000003,-1.5552000000000004,0.035355414960922954,0.00023,0.055,93598.26999999999,0
2025-11-18 13:52:36.089411,93598.26999999999,48.68000000000757,0.05200950829540714,0.0,0.0,0.057,1.6122000000000003,-1.5552000000000004,0.035355414960922954,0.00023,0.055,93595.965,0
2025-11-18 13:52:38.121456,93595.965,44.070000000006985,0.04708536313505287,0.0,0.0,0.057,1.6122,-1.5552000000000001,0.03535541496092296,0.00023,1.06597,93603.465,1
2025-11-18 13:52:40.154859,93603.465,59.070000000006985,0.06310663819977924,0.9339700000000002,0.9339700000000002,0.057,0.67823,-0.62123,0.08404228653996432,0.00023,0.055,93603.465,0
2025-11-18 13:52:42.187273,93603.465,59.070000000006985,0.06310663819977924,-0.9331800000000001,-1.8671500000000003,0.057,1.6114100000000002,-1.5544100000000003,0.035372748090181885,0.00023,0.05465,93596.95999999999,0
2025-11-18 13:52:44.219942,93596.95999999999,46.080000000001746,0.04923236823076492,0.08502000000000014,1.0182000000000002,0.14237,1.61176,-1.4693900000000002,0.08833200972849554,0.00023,1.06553,93596.97,1
2025-11-18 13:52:46.252750,93596.97,46.080000000001746,0.04923236297072624,-0.08537,-0.17039000000000015,0.057,1.6117600000000003,-1.5547600000000004,0.035365066759319,0.00023,0.055,93596.97,0
2025-11-18 13:52:48.284102,93596.97,46.080000000001746,0.04923236297072624,0.0,0.08537,0.057,1.6117600000000003,-1.5547600000000004,0.035365066759319,0.00023,0.055,93594.25,0
2025-11-18 13:52:50.316518,93594.25,40.64000000001397,0.0434214708702874,0.0,0.0,0.057,1.61176,-1.5547600000000001,0.035365066759319004,0.00023,1.06553,93590.95499999999,0
2025-11-18 13:52:52.349838,93590.95499999999,34.05000000000291,0.036381720861810754,0.0,0.0,0.057,1.61176,-1.5547600000000001,0.035365066759319004,0.00023,1.06553,93590.95,0
2025-11-18 13:52:54.381624,93590.95,34.05999999999767,0.03639240759923654,0.08537,0.08537,0.14237,1.61176,-1.4693900000000002,0.08833200972849554,0.00023,1.06553,93584.765,0
2025-11-18 13:52:56.409421,93584.765,21.670000000012806,0.023155478351644956,-0.08537,-0.17074,0.057,1.6117600000000003,-1.5547600000000004,0.035365066759319,0.00023,0.055,93584.765,0
2025-11-18 13:52:58.442879,93584.765,21.670000000012806,0.023155478351644956,-5.551115123125783e-17,0.08536999999999995,0.057,1.61176,-1.5547600000000001,0.035365066759319004,0.00023,0.055,93584.765,0
2025-11-18 13:53:00.476525,93584.765,21.670000000012806,0.023155478351644956,0.0,5.551115123125783e-17,0.057,1.61176,-1.5547600000000001,0.035365066759319004,0.00023,0.055,93584.765,0
2025-11-18 13:53:02.507519,93584.765,21.670000000012806,0.023155478351644956,0.0,0.0,0.057,1.61176,-1.5547600000000001,0.035365066759319004,0.00023,0.055,93584.765,0
2025-11-18 13:53:04.536762,93584.765,21.670000000012806,0.023155478351644956,0.0,0.0,0.057,1.61176,-1.5547600000000001,0.035365066759319004,0.00023,0.055,93590.805,1
2025-11-18 13:53:06.569205,93590.805,33.75,0.03606123486169395,0.0,0.0,0.057,1.61176,-1.5547600000000001,0.035365066759319004,0.00023,1.06553,93590.805,0
2025-11-18 13:53:08.603362,93590.805,33.75,0.03606123486169395,0.0,0.0,0.057,1.61176,-1.5547600000000001,0.035365066759319004,0.00023,1.06553,93590.805,0
2025-11-18 13:53:10.633576,93590.805,33.75,0.03606123486169395,0.0,0.0,0.057,1.61176,-1.5547600000000001,0.035365066759319004,0.00023,1.06553,93590.805,0
2025-11-18 13:53:12.712761,93590.805,33.75,0.03606123486169395,0.0,0.0,0.057,1.61176,-1.5547600000000001,0.035365066759319004,0.00023,1.06553,93590.805,0
2025-11-18 13:53:14.746227,93590.805,33.75,0.03606123486169395,0.24427000000000001,0.24427000000000001,0.30127000000000004,1.61176,-1.3104900000000002,0.18691988881719365,0.00023,1.06553,93571.17,0
2025-11-18 13:53:16.777104,93571.17,73.01999999998952,0.07803685686519632,-0.16011000000000003,-0.4043800000000001,0.14116,1.61176,-1.4706000000000001,0.08758127760956966,0.00023,1.06553,93568.32,0
2025-11-18 13:53:18.808502,93568.32,67.31999999999243,0.07194742836036004,0.0,0.16011000000000003,0.14116,1.61176,-1.4706000000000001,0.08758127760956966,0.00023,1.06553,93550.035,0
2025-11-18 13:53:20.842552,93550.035,30.75,0.032870110631171866,-0.13207000000000002,-0.13207000000000002,0.14104,1.74371,-1.60267,0.08088500954860613,0.00023,1.06553,93544.59,0
2025-11-18 13:53:22.874061,93544.59,19.860000000000582,0.021230516911774997,-0.08537,0.04670000000000002,0.05567,1.74371,-1.68804,0.03192618038549988,0.00023,1.06553,93516.705,0
2025-11-18 13:53:24.906431,93516.705,56.470000000001164,0.06038493336564966,0.0,0.08537,0.05567,1.74371,-1.68804,0.03192618038549988,0.00023,0.055,93516.705,0
2025-11-18 13:53:26.936478,93516.705,56.470000000001164,0.06038493336564966,0.0,0.0,0.05567,1.74371,-1.68804,0.03192618038549988,0.00023,0.055,93519.95,1
2025-11-18 13:53:28.970494,93519.95,62.95999999999185,0.06732253385506713,0.08537,0.08537,0.14104,1.74371,-1.60267,0.08088500954860613,0.00023,1.06553,93516.6,0
2025-11-18 13:53:31.000461,93516.6,56.25999999999476,0.060160442103321506,-0.08539,-0.17076,0.05565,1.74371,-1.6880600000000001,0.03191471058834324,0.00023,1.06553,93516.6,0
2025-11-18 13:53:33.032199,93516.6,56.25999999999476,0.060160442103321506,0.0,0.08539,0.05565,1.74371,-1.6880600000000001,0.03191471058834324,0.00023,1.06553,93516.6,0
2025-11-18 13:53:35.062070,93516.6,56.25999999999476,0.060160442103321506,0.0,0.0,0.05565,1.74371,-1.6880600000000001,0.03191471058834324,0.00023,1.06553,93502.61499999999,0
2025-11-18 13:53:37.089651,93502.61499999999,84.22999999999593,0.09008304206250908,-0.09248000000000005,-0.09248000000000005,0.05567,1.83621,-1.7805399999999998,0.030317883030808023,0.00023,1.06553,93492.38,0
2025-11-18 13:53:39.122499,93492.38,63.75999999999476,0.06819807132944392,0.1781499999999999,0.2706299999999999,0.14104,1.74343,-1.60239,0.08089799991969852,0.00023,0.05472,93492.38,0
2025-11-18 13:53:41.153333,93492.38,63.75999999999476,0.06819807132944392,0.0,-0.1781499999999999,0.14104,1.74343,-1.60239,0.08089799991969852,0.00023,0.05472,93497.88,1
2025-11-18 13:53:43.186356,93497.88,74.75999999999476,0.07995903222617963,-0.08564999999999984,-0.08564999999999984,0.05567,1.74371,-1.68804,0.03192618038549988,0.00023,1.06553,93497.88,0
2025-11-18 13:53:45.215534,93497.88,74.75999999999476,0.07995903222617963,0.0,0.08564999999999984,0.05567,1.74371,-1.68804,0.03192618038549988,0.00023,1.06553,93497.88,0
2025-11-18 13:53:47.248776,93497.88,74.75999999999476,0.07995903222617963,0.08537,0.08537,0.14104,1.74371,-1.60267,0.08088500954860613,0.00023,1.06553,93491.695,0
2025-11-18 13:53:49.282604,93491.695,87.1299999999901,0.0931954437236271,-0.08539,-0.17076,0.05565,1.74371,-1.6880600000000001,0.03191471058834324,0.00023,1.06553,93482.535,0
2025-11-18 13:53:51.314994,93482.535,81.49000000000524,0.0871713630786812,2.0000000000000012e-05,0.08541,0.05567,1.7437099999999999,-1.68804,0.03192618038549988,0.00023,0.055,93482.535,0
2025-11-18 13:53:53.342178,93482.535,81.49000000000524,0.0871713630786812,0.0,-2.0000000000000012e-05,0.05567,1.7437099999999999,-1.68804,0.03192618038549988,0.00023,0.055,93482.535,0
2025-11-18 13:53:55.375716,93482.535,81.49000000000524,0.0871713630786812,0.0,0.0,0.05567,1.7437099999999999,-1.68804,0.03192618038549988,0.00023,0.055,93482.53,0
2025-11-18 13:53:57.407123,93482.53,81.48000000001048,0.08716067055524758,0.0,0.0,0.05567,1.7437099999999999,-1.68804,0.03192618038549988,0.00023,1.06553,93482.53,0
2025-11-18 13:53:59.437176,93482.53,81.48000000001048,0.08716067055524758,0.0,0.0,0.05567,1.7437099999999999,-1.68804,0.03192618038549988,0.00023,1.06553,93484.91,1
2025-11-18 13:54:01.468869,93484.91,76.72000000000116,0.08206672071460641,0.08596999999999996,0.08596999999999996,0.14104,1.7431100000000002,-1.60207,0.08091285116831409,0.055,0.0001,93484.37,0
2025-11-18 13:54:03.502641,93484.37,75.59999999999127,0.08086913352466436,-0.08600999999999996,-0.1719799999999999,0.05563,1.7437099999999999,-1.6880799999999998,0.03190324079118661,0.00023,1.06553,93484.37,0
2025-11-18 13:54:05.534292,93484.37,75.59999999999127,0.08086913352466436,0.0,0.08600999999999996,0.05563,1.7437099999999999,-1.6880799999999998,0.03190324079118661,0.00023,1.06553,93484.37,0
2025-11-18 13:54:07.564265,93484.37,75.59999999999127,0.08086913352466436,0.0,0.0,0.05563,1.7437099999999999,-1.6880799999999998,0.03190324079118661,0.00023,1.06553,93478.07,0
2025-11-18 13:54:09.597309,93478.07,88.18000000000757,0.09433228563662853,0.08621999999999996,0.08621999999999996,0.14125,1.7431100000000002,-1.6018600000000003,0.08103332549294076,0.00044,0.0001,93483.86,1
2025-11-18 13:54:11.628517,93483.86,87.98000000001048,0.09411250241486656,-0.09281000000000002,-0.17902999999999997,0.14104,1.83571,-1.69467,0.07683130777737224,0.00023,0.0001,93483.86,0
2025-11-18 13:54:13.661614,93483.86,87.98000000001048,0.09411250241486656,0.0,0.09281000000000002,0.14104,1.83571,-1.69467,0.07683130777737224,0.00023,0.0001,93483.86,0
2025-11-18 13:54:15.694029,93483.86,87.98000000001048,0.09411250241486656,0.0,0.0,0.14104,1.83571,-1.69467,0.07683130777737224,0.00023,0.0001,93483.86,0
2025-11-18 13:54:17.728347,93483.86,87.98000000001048,0.09411250241486656,0.0,0.0,0.14104,1.83571,-1.69467,0.07683130777737224,0.00023,0.0001,93483.86,0
2025-11-18 13:54:19.761860,93483.86,87.98000000001048,0.09411250241486656,0.0,0.0,0.14104,1.83571,-1.69467,0.07683130777737224,0.00023,0.0001,93513.2,1
2025-11-18 13:54:21.794805,93513.2,29.339999999996508,0.031375249697365194,-0.21608,-0.21608,0.05686,1.96761,-1.9107500000000002,0.028898003161195562,0.00019,0.055,93513.2,0
2025-11-18 13:54:23.824086,93513.2,29.320000000006985,0.03135386234243613,0.13202000000000003,0.3481,0.05698,1.83571,-1.77873,0.03103976118232183,0.00023,0.0001,93513.2,0
2025-11-18 13:54:25.852102,93513.2,29.320000000006985,0.03135386234243613,0.0,-0.13202000000000003,0.05698,1.83571,-1.77873,0.03103976118232183,0.00023,0.0001,93513.2,0
2025-11-18 13:54:27.883587,93513.2,29.320000000006985,0.03135386234243613,0.0,0.0,0.05698,1.83571,-1.77873,0.03103976118232183,0.00023,0.0001,93513.2,0
2025-11-18 13:54:29.912721,93513.2,29.320000000006985,0.03135386234243613,0.0,0.0,0.05698,1.83571,-1.77873,0.03103976118232183,0.00023,0.0001,93513.2,0
2025-11-18 13:54:31.946217,93513.2,29.320000000006985,0.03135386234243613,0.0,0.0,0.05698,1.83571,-1.77873,0.03103976118232183,0.00023,0.0001,93513.2,0
2025-11-18 13:54:33.983397,93513.2,29.320000000006985,0.03135386234243613,-0.132,-0.132,0.05698,1.9677099999999998,-1.9107299999999998,0.02895751914662222,0.00023,1.06563,93513.14,0
2025-11-18 13:54:36.014115,93513.14,29.20000000001164,0.031225558247762446,9.999999999998899e-05,0.1321,0.05698,1.96761,-1.91063,0.02895899085692795,0.00023,1.06553,93513.13,0
2025-11-18 13:54:38.044757,93513.13,29.180000000007567,0.031204174215971135,0.13190999999999997,0.13180999999999998,0.05698,1.8356999999999999,-1.7787199999999999,0.031039930271830912,0.00023,9e-05,93513.45499999999,1
2025-11-18 13:54:40.078549,93513.45499999999,29.830000000001746,0.03189915290799784,0.93292,0.80101,0.05698,0.9027800000000001,-0.8458000000000001,0.06311615232947118,0.00023,0.055,93477.815,0
2025-11-18 13:54:42.111322,93477.815,41.44999999999709,0.044342071966484334,-0.8652500000000001,-1.79817,0.25479,1.9658400000000003,-1.7110500000000002,0.1296087168843853,0.0001,1.06366,93477.075,0
2025-11-18 13:54:44.143216,93477.075,39.970000000001164,0.04275914709569289,0.3782099999999999,1.24346,0.14301,1.4758500000000003,-1.3328400000000002,0.09690009147271061,0.0001,0.00049,93477.075,0
2025-11-18 13:54:46.174202,93477.075,39.970000000001164,0.04275914709569289,0.13205000000000006,-0.24615999999999982,0.14299,1.34378,-1.20079,0.10640878715265892,0.0001,0.00023,93480.68,1
2025-11-18 13:54:48.203023,93480.68,47.18000000000757,0.05047032178200626,-0.26473000000000013,-0.3967800000000002,0.27585000000000004,1.74137,-1.4655200000000002,0.15840975783434882,0.0001,0.00023,93464.42499999999,0
2025-11-18 13:54:50.237098,93464.42499999999,79.66999999999825,0.08524098875053077,0.26472000000000007,0.5294500000000002,0.14298,1.34378,-1.2008,0.10640134545833395,0.0001,0.00023,93464.42499999999,0
2025-11-18 13:54:52.268664,93464.42499999999,79.66999999999825,0.08524098875053077,0.0,-0.26472000000000007,0.14298,1.34378,-1.2008,0.10640134545833395,0.0001,0.00023,93464.42499999999,0
2025-11-18 13:54:54.299162,93464.42499999999,79.66999999999825,0.08524098875053077,0.22447,0.22447,0.36745,1.34378,-0.9763299999999999,0.2734450579707988,0.0001,0.00023,93464.42499999999,0
2025-11-18 13:54:56.328224,93464.42499999999,79.66999999999825,0.08524098875053077,0.0,-0.22447,0.36745,1.34378,-0.9763299999999999,0.2734450579707988,0.0001,0.00023,93464.42499999999,0
2025-11-18 13:54:58.359251,93464.42499999999,79.66999999999825,0.08524098875053077,-0.13184,-0.13184,0.14301,1.2511800000000002,-1.10817,0.11430010070493453,0.0001,0.00023,93464.42499999999,0
2025-11-18 13:55:00.389447,93464.42499999999,79.66999999999825,0.08524098875053077,9.999999999999999e-06,0.13185000000000002,0.14301999999999998,1.2511800000000002,-1.1081600000000003,0.11430809316005687,0.0001,0.00023,93462.45999999999,0
2025-11-18 13:55:02.419756,93462.45999999999,83.59999999999127,0.08944767770930839,0.040230000000000016,0.04022000000000001,0.27585000000000004,1.34378,-1.06793,0.20527913795412944,0.00011,0.00023,93462.45999999999,0
2025-11-18 13:55:04.454441,93462.45999999999,83.59999999999127,0.08944767770930839,0.0,-0.040230000000000016,0.27585000000000004,1.34378,-1.06793,0.20527913795412944,0.00011,0.00023,93462.45999999999,0
2025-11-18 13:55:06.487337,93462.45999999999,83.59999999999127,0.08944767770930839,0.0,0.0,0.27585000000000004,1.34378,-1.06793,0.20527913795412944,0.00011,0.00023,93462.45999999999,0
2025-11-18 13:55:08.518911,93462.45999999999,83.59999999999127,0.08944767770930839,0.0,0.0,0.27585000000000004,1.34378,-1.06793,0.20527913795412944,0.00011,0.00023,93462.465,1
2025-11-18 13:55:10.551706,93462.465,83.57000000000698,0.08941557447688438,0.09159999999999999,0.09159999999999999,0.36745,1.3437799999999998,-0.9763299999999997,0.2734450579707988,0.055,1.06366,93462.405,0
2025-11-18 13:55:12.582823,93462.405,83.45000000001164,0.08928723800763702,-0.49005,-0.58165,0.36761999999999995,1.8339999999999999,-1.46638,0.2004471101417666,0.05517,0.00026,93466.42,1
2025-11-18 13:55:14.618124,93466.42,91.48000000001048,0.09787472334985173,-0.13190999999999997,0.35814,0.36745,1.9657399999999998,-1.5982899999999998,0.1869270605471731,0.055,1.06366,93443.48499999999,0
2025-11-18 13:55:16.666384,93443.48499999999,45.61000000000058,0.048810251458408886,0.49012999999999995,0.6220399999999999,0.14301999999999998,1.2511799999999997,-1.1081599999999998,0.11430809316005691,0.00017,0.00023,93432.65,0
2025-11-18 13:55:18.699951,93432.65,23.94000000000233,0.02562273466502591,0.0,-0.49012999999999995,0.14301999999999998,1.2511800000000002,-1.1081600000000003,0.11430809316005687,0.00017,0.00023,93439.69,1
2025-11-18 13:55:20.729760,93439.69,38.020000000004075,0.04068934732125511,0.09975,0.09975,0.14301999999999998,1.15143,-1.00841,0.12421076400649626,0.00017,0.00023,93447.23,1
2025-11-18 13:55:22.757405,93447.23,53.10000000000582,0.05682351419084955,-0.45823000000000014,-0.5579800000000001,0.14301999999999998,1.6096599999999999,-1.46664,0.0888510617148963,0.00017,0.00023,93447.23,0
2025-11-18 13:55:24.789759,93447.23,53.10000000000582,0.05682351419084955,0.0,0.45823000000000014,0.14301999999999998,1.6096599999999999,-1.46664,0.0888510617148963,0.00017,0.00023,93434.93,0
2025-11-18 13:55:26.821610,93434.93,28.539999999993597,0.030545321754929983,0.13283,0.13283,0.27585000000000004,1.6096599999999999,-1.3338099999999997,0.17137159400121768,0.00011,0.00023,93434.93,0
2025-11-18 13:55:28.855210,93434.93,28.539999999993597,0.030545321754929983,-0.13171,-0.26454,0.27585000000000004,1.7413699999999999,-1.4655199999999997,0.15840975783434885,0.00011,0.00023,93434.925,0
2025-11-18 13:55:30.898761,93434.925,28.529999999998836,0.030534620753426875,0.13191000000000003,0.26362,0.27602,1.6096300000000001,-1.3336100000000002,0.1714804023284854,0.00011,0.00023,93434.925,0
2025-11-18 13:55:32.928720,93434.925,28.529999999998836,0.030534620753426875,-0.13174000000000002,-0.26365000000000005,0.27602,1.7413699999999999,-1.46535,0.15850738211867668,0.00011,0.00023,93434.925,0
2025-11-18 13:55:34.960458,93434.925,28.529999999998836,0.030534620753426875,0.13154000000000005,0.26328000000000007,0.27585000000000004,1.60966,-1.3338100000000002,0.17137159400121765,0.00011,0.00023,93432.63500000001,0
2025-11-18 13:55:36.992288,93432.63500000001,23.94999999999709,0.025633441676986942,-0.13154000000000005,-0.2630800000000001,0.27602,1.7413699999999999,-1.46535,0.15850738211867668,0.00011,0.00023,93429.545,0
2025-11-18 13:55:39.022021,93429.545,17.75,0.018998272976712024,-0.13279999999999997,-0.0012599999999999278,0.14325,1.7414,-1.59815,0.0822613988744688,0.00023,1.06366,93429.545,0
2025-11-18 13:55:41.052921,93429.545,17.75,0.018998272976712024,-0.03199000000000002,0.10080999999999996,0.14325,1.77339,-1.63014,0.08077749395226091,0.00023,1.06366,93436.63,1
2025-11-18 13:55:43.084870,93436.63,31.919999999998254,0.034162190995114285,-0.00016999999999999654,0.03182000000000002,0.14307999999999998,1.77339,-1.6303100000000001,0.08068163235385334,0.00023,1.06366,93436.625,0
2025-11-18 13:55:45.115735,93436.625,31.910000000003492,0.034151490381853465,-0.05548999999999993,-0.05531999999999993,0.055600000000000004,1.7414,-1.6858,0.031928333524750205,0.00023,0.00026,93436.625,0
2025-11-18 13:55:47.149846,93436.625,31.910000000003492,0.034151490381853465,0.0,0.05548999999999993,0.055600000000000004,1.7414,-1.6858,0.031928333524750205,0.00023,0.00026,93436.63500000001,1
2025-11-18 13:55:49.180758,93436.63500000001,31.930000000007567,0.03417289160724545,-0.03199000000000002,-0.03199000000000002,0.055600000000000004,1.77339,-1.71779,0.031352381596828675,0.00023,0.49048,93436.63500000001,0
2025-11-18 13:55:51.211290,93436.63500000001,31.930000000007567,0.03417289160724545,-1.9999999999999185e-05,0.03197000000000002,0.05558,1.77339,-1.71781,0.031341103761721896,0.00023,0.49048,93436.29000000001,0
2025-11-18 13:55:53.242085,93436.29000000001,31.24000000000524,0.03343454668416868,-0.10494999999999996,-0.10492999999999997,0.14307999999999998,1.96584,-1.8227600000000002,0.07278313596223497,0.00023,1.06366,93442.79000000001,1
2025-11-18 13:55:55.275368,93442.79000000001,44.24000000000524,0.0473444767648796,0.0,0.10494999999999996,0.14307999999999998,1.96584,-1.8227600000000002,0.07278313596223497,0.00023,0.055,93442.785,0
2025-11-18 13:55:57.308979,93442.785,44.229999999995925,0.04733377756238314,0.04426000000000008,0.04426000000000008,0.055600000000000004,1.8341000000000003,-1.7785000000000002,0.03031459571451938,0.00023,0.00026,93442.785,0
2025-11-18 13:55:59.342099,93442.785,44.229999999995925,0.04733377756238314,-0.04426000000000008,-0.08852000000000015,0.14307999999999998,1.96584,-1.8227600000000002,0.07278313596223497,0.00023,1.06366,93438.94,0
2025-11-18 13:56:01.371574,93438.94,36.54000000000815,0.039105751841799735,0.0,0.04426000000000008,0.14307999999999998,1.96584,-1.8227600000000002,0.07278313596223497,0.00023,1.06366,93428.9,0
2025-11-18 13:56:03.401606,93428.9,16.460000000006403,0.01761767504488055,0.0,0.0,0.14307999999999998,1.96584,-1.8227600000000002,0.07278313596223497,0.00023,0.055,93428.89499999999,0
2025-11-18 13:56:05.433421,93428.89499999999,16.44999999999709,0.01760697266086374,0.0,0.0,0.14307999999999998,1.96584,-1.8227600000000002,0.07278313596223497,0.00023,1.06366,93428.89,0
2025-11-18 13:56:07.466799,93428.89,16.44000000000233,0.017596270275716995,0.04426000000000002,0.04426000000000002,0.055600000000000004,1.8340999999999998,-1.7784999999999997,0.030314595714519388,0.00023,0.00026,93392.0,0
2025-11-18 13:56:09.497112,93392.0,38.320000000006985,0.041031351721782364,0.8559000000000002,0.8116400000000001,0.42086,1.3434599999999999,-0.9225999999999999,0.3132657466541617,0.0001,0.055,93387.045,0
2025-11-18 13:56:11.528418,93387.045,28.410000000003492,0.03042177852399494,0.0008300000000000252,-0.8550700000000002,0.55369,1.47546,-0.92177,0.37526601873314086,0.0001,1.06355,93383.095,0
2025-11-18 13:56:13.560927,93383.095,20.510000000009313,0.021963290036605996,-0.3585100000000001,-0.3593400000000001,0.32896000000000003,1.60924,-1.2802799999999999,0.20441947751733738,0.0001,0.00023,93356.16500000001,0
2025-11-18 13:56:15.591118,93356.16500000001,63.59000000001106,0.06811548010783332,-0.22469999999999996,0.13381000000000015,0.32896000000000003,1.8339400000000001,-1.5049800000000002,0.17937337099359849,0.0001,1.06355,93356.16500000001,0
2025-11-18 13:56:17.620735,93356.16500000001,63.59000000001106,0.06811548010783332,0.22460999999999987,0.4493099999999998,0.32896000000000003,1.6093300000000001,-1.28037,0.2044080455841872,0.0001,0.00042,93356.16,0
2025-11-18 13:56:19.650182,93356.16,63.580000000001746,0.06810477209002785,0.0,-0.22460999999999987,0.32896000000000003,1.60933,-1.28037,0.20440804558418724,0.0001,0.00023,93356.16,0
2025-11-18 13:56:21.685255,93356.16,63.580000000001746,0.06810477209002785,-0.09307000000000001,-0.09307000000000001,0.23589000000000002,1.60933,-1.37344,0.14657652563489157,0.0001,0.00023,93356.16,0
2025-11-18 13:56:23.720915,93356.16,63.580000000001746,0.06810477209002785,0.0,0.09307000000000001,0.23589000000000002,1.60933,-1.37344,0.14657652563489157,0.0001,0.00023,93352.87,0
2025-11-18 13:56:25.752161,93352.87,57.0,0.06105864768806787,-0.03972000000000008,-0.03972000000000008,0.19598,1.60914,-1.41316,0.12179176454503647,0.0001,0.00023,93358.11499999999,1
2025-11-18 13:56:27.787926,93358.11499999999,67.49000000000524,0.07229151959634708,-0.22474000000000005,-0.18501999999999996,0.19598,1.8338800000000002,-1.6379000000000001,0.10686631622570722,0.0001,1.06349,93346.07500000001,0
2025-11-18 13:56:29.819397,93346.07500000001,91.55000000000291,0.09807589660304722,0.4493,0.67404,0.42071000000000003,1.60931,-1.1886,0.2614225972621807,0.055,0.00023,93346.07500000001,0
2025-11-18 13:56:31.851528,93346.07500000001,91.55000000000291,0.09807589660304722,0.0,-0.4493,0.42071000000000003,1.60931,-1.1886,0.2614225972621807,0.055,0.00023,93342.83499999999,0
2025-11-18 13:56:33.880624,93342.83499999999,85.05000000000291,0.09111572409387707,-0.22457,-0.22457,0.19597,1.60914,-1.41317,0.12178555004536586,0.00016,0.00023,93342.83499999999,0
2025-11-18 13:56:35.912633,93342.83499999999,85.05000000000291,0.09111572409387707,0.0,0.22457,0.19597,1.60914,-1.41317,0.12178555004536586,0.00016,0.00023,93342.84,1
2025-11-18 13:56:37.951955,93342.84,85.0399999999936,0.09110500601866581,-0.05249000000000001,-0.05249000000000001,0.1434,1.6090600000000002,-1.4656600000000002,0.08912035598423923,0.00016,0.00015,93337.60500000001,0
2025-11-18 13:56:39.982147,93337.60500000001,74.56999999999243,0.07989277205044251,0.8042600000000002,0.8567500000000002,0.24099,0.9023900000000001,-0.6614000000000001,0.2670574806901672,0.00016,0.055,93327.13500000001,0
2025-11-18 13:56:42.014731,93327.13500000001,83.7100000000064,0.08969524243941099,-0.8834599999999999,-1.68772,0.19605,1.74091,-1.54486,0.11261351821748396,0.00017,0.055,93322.685,0
2025-11-18 13:56:44.042893,93322.685,74.79000000000815,0.08014128611924116,0.3549000000000001,1.2383600000000001,0.19604,1.3860000000000001,-1.1899600000000001,0.14144300144300143,0.00016,0.00013,93328.015,1
2025-11-18 13:56:46.071737,93328.015,91.52999999999884,0.09807344557794231,-9.999999999999999e-06,-0.3549100000000001,0.19604,1.3860100000000002,-1.1899700000000002,0.14144198093808844,0.00016,0.00014,93328.01000000001,0
2025-11-18 13:56:48.103598,93328.01000000001,91.5399999999936,0.09808416572901703,-0.13182999999999997,-0.13181999999999996,0.19621,1.5180100000000003,-1.3218000000000003,0.12925474799243744,0.00033,1.06346,93328.015,1
2025-11-18 13:56:50.134946,93328.015,91.52999999999884,0.09807344557794231,-0.00016999999999999999,0.13165999999999997,0.19604,1.5180100000000003,-1.3219700000000003,0.1291427592703605,0.00016,1.06346,93328.015,0
2025-11-18 13:56:52.167476,93328.015,91.52999999999884,0.09807344557794231,-0.05257000000000001,-0.052400000000000016,0.14347,1.5180100000000003,-1.3745400000000003,0.09451189386104174,0.00016,1.06346,93328.01000000001,0
2025-11-18 13:56:54.198623,93328.01000000001,91.5399999999936,0.09808416572901703,-0.30591,-0.25334,0.19604,1.8764900000000002,-1.6804500000000002,0.10447164653155624,0.00016,1.06346,93328.01000000001,0
2025-11-18 13:56:56.232899,93328.01000000001,91.5399999999936,0.09808416572901703,0.0,0.30591,0.19604,1.8764900000000002,-1.6804500000000002,0.10447164653155624,0.00016,1.06346,93325.45999999999,0
2025-11-18 13:56:58.265309,93325.45999999999,86.43999999998778,0.0926220990499139,0.04272000000000003,0.04272000000000003,0.19621,1.8339400000000001,-1.6377300000000001,0.1069882329847214,0.00033,1.06332,93315.41,0
2025-11-18 13:57:00.298443,93315.41,86.75999999999476,0.09297499737716927,-0.13215999999999997,-0.17488,0.19604,1.96593,-1.76989,0.09971870819408626,0.00016,1.06345,93315.41,0
2025-11-18 13:57:02.331624,93315.41,86.75999999999476,0.09297499737716927,0.0,0.13215999999999997,0.19604,1.96593,-1.76989,0.09971870819408626,0.00016,1.06345,93311.565,0
2025-11-18 13:57:04.362874,93311.565,79.07000000000698,0.08473762067971638,0.00032999999999995533,0.00032999999999995533,0.19623999999999997,1.9658,-1.76956,0.09982704242547562,0.00016,0.055,93309.18,0
2025-11-18 13:57:06.396785,93309.18,83.81999999999243,0.08983038967869232,0.22472000000000014,0.2243900000000002,0.19606999999999997,1.7409100000000002,-1.5448400000000002,0.11262500646213759,0.00016,0.00011,93309.18,0
2025-11-18 13:57:08.429606,93309.18,83.81999999999243,0.08983038967869232,0.0,-0.22472000000000014,0.19606999999999997,1.7409100000000002,-1.5448400000000002,0.11262500646213759,0.00016,0.00011,93317.78,1
2025-11-18 13:57:10.461184,93317.78,90.44000000000233,0.09691615038420581,-0.2774900000000001,-0.2774900000000001,0.14347,1.9658,-1.82233,0.07298300946179671,0.00016,0.055,93317.78,0
2025-11-18 13:57:12.489183,93317.78,90.44000000000233,0.09691615038420581,0.0,0.2774900000000001,0.14347,1.9658,-1.82233,0.07298300946179671,0.00016,0.055,93317.78,0
2025-11-18 13:57:14.521754,93317.78,90.44000000000233,0.09691615038420581,0.0,0.0,0.14347,1.9658,-1.82233,0.07298300946179671,0.00016,0.055,93314.78,0
2025-11-18 13:57:16.556199,93314.78,84.44000000000233,0.09048941657474018,0.44970000000000004,0.44970000000000004,0.36829999999999996,1.7409299999999999,-1.37263,0.21155359491765893,0.00016,0.055,93314.785,1
2025-11-18 13:57:18.587294,93314.785,84.42999999999302,0.09047869531070882,-0.44971000000000005,-0.89941,0.14346,1.9658,-1.82234,0.07297792247431072,0.00016,0.055,93305.38500000001,0
2025-11-18 13:57:20.620651,93305.38500000001,91.43000000000757,0.09799005705834402,0.4103399999999999,0.86005,0.32891,1.7409100000000002,-1.4120000000000001,0.18892992745173498,0.055,0.055,93305.39,1
2025-11-18 13:57:22.650410,93305.39,91.4200000000128,0.0979793343128546,-0.2774999999999999,-0.6878399999999998,0.2763,1.9658,-1.6895,0.14055346423847798,0.00016,0.055,93305.385,0
2025-11-18 13:57:24.682582,93305.385,91.41000000000349,0.09796862206827986,-0.08024,0.1972599999999999,0.19606,1.9658,-1.76974,0.09973547665072745,0.00016,1.06332,93300.9,0
2025-11-18 13:57:26.711701,93300.9,82.41999999999825,0.08833784025663016,-0.052590000000000005,0.02765,0.14347,1.9658,-1.82233,0.07298300946179671,0.00016,0.055,93300.895,0
2025-11-18 13:57:28.742022,93300.895,82.41000000000349,0.08832712697986819,0.0,0.052590000000000005,0.14347,1.9658,-1.82233,0.07298300946179671,0.00016,1.06332,93300.89,0
2025-11-18 13:57:30.771193,93300.89,82.39999999999418,0.08831641370194236,0.22491,0.22491,0.14347,1.74089,-1.59742,0.08241186979073921,0.00016,9e-05,93291.31,0
2025-11-18 13:57:32.803536,93291.31,65.04000000000815,0.06971710441198452,0.40974,0.18483,0.32889999999999997,1.51658,-1.18768,0.21686953540202294,0.0001,0.055,93291.305,0
2025-11-18 13:57:34.848903,93291.305,65.00999999999476,0.06968495081079075,-0.14427000000000004,-0.55401,0.14347,1.4754200000000002,-1.3319500000000002,0.09724010790147888,0.00016,0.0001,93288.565,0
2025-11-18 13:57:36.881940,93288.565,59.529999999998836,0.06381275132702367,-0.49038000000000004,-0.34611000000000003,0.14347,1.9658000000000002,-1.8223300000000002,0.07298300946179671,0.00016,0.055,93288.56,0
2025-11-18 13:57:38.915144,93288.56,59.520000000004075,0.06380203531923323,0.13192000000000012,0.6223000000000002,0.14347,1.8338800000000002,-1.6904100000000002,0.07823303596745697,0.00016,8e-05,93288.56,0
2025-11-18 13:57:40.942003,93288.56,59.520000000004075,0.06380203531923323,-0.13199999999999976,-0.2639199999999999,0.14347,1.9658799999999998,-1.8224099999999999,0.07298003947341648,0.00016,1.0634,93275.46,0
2025-11-18 13:57:42.974193,93275.46,85.72000000000116,0.09189984160893032,0.0,0.13199999999999976,0.14347,1.9658799999999998,-1.8224099999999999,0.07298003947341648,0.00016,1.0634,93275.46,0
2025-11-18 13:57:45.009510,93275.46,85.72000000000116,0.09189984160893032,0.0,0.0,0.14347,1.9658799999999998,-1.8224099999999999,0.07298003947341648,0.00016,1.0634,93275.46,0
2025-11-18 13:57:47.042726,93275.46,85.72000000000116,0.09189984160893032,0.0,0.0,0.14347,1.9658799999999998,-1.8224099999999999,0.07298003947341648,0.00016,1.0634,93275.46,0
2025-11-18 13:57:49.077063,93275.46,85.72000000000116,0.09189984160893032,0.0,0.0,0.14347,1.9658799999999998,-1.8224099999999999,0.07298003947341648,0.00016,1.0634,93267.57,0
2025-11-18 13:57:51.109185,93267.57,69.93999999998778,0.0749885517549002,0.05167999999999984,0.05167999999999984,0.19606999999999997,1.9668,-1.7707300000000001,0.0996898515354891,0.00016,0.055,93267.57,0
2025-11-18 13:57:53.141405,93267.57,69.93999999998778,0.0749885517549002,0.0,-0.05167999999999984,0.19606999999999997,1.9668,-1.7707300000000001,0.0996898515354891,0.00016,0.055,93257.065,0
2025-11-18 13:57:55.173083,93257.065,90.91000000000349,0.09748323089516434,0.22492999999999996,0.22492999999999996,0.19606999999999997,1.74187,-1.5458,0.11256293523626905,0.00016,7e-05,93257.065,0
2025-11-18 13:57:57.205092,93257.065,90.91000000000349,0.09748323089516434,0.0,-0.22492999999999996,0.19606999999999997,1.74187,-1.5458,0.11256293523626905,0.00016,7e-05,93257.065,0
2025-11-18 13:57:59.236802,93257.065,90.91000000000349,0.09748323089516434,0.0,0.0,0.19606999999999997,1.74187,-1.5458,0.11256293523626905,0.00016,7e-05,93257.075,1
2025-11-18 13:58:01.264263,93257.075,90.92999999999302,0.09750466653601672,-0.22492000000000006,-0.22492000000000006,0.19607999999999998,1.9668,-1.77072,0.09969493593654666,0.00016,0.055,93259.595,1
2025-11-18 13:58:03.294995,93259.595,85.86999999999534,0.09207631665138084,0.22511000000000003,0.4500300000000001,0.19627,1.74188,-1.5456100000000002,0.11267710749305347,0.00016,8e-05,93259.595,0
2025-11-18 13:58:05.322611,93259.595,85.86999999999534,0.09207631665138084,-0.22499999999999978,-0.4501099999999998,0.19627,1.96688,-1.77061,0.09978748068006182,0.00016,1.0634,93259.595,0
2025-11-18 13:58:07.357799,93259.595,85.86999999999534,0.09207631665138084,-0.00019000000000000267,0.2248099999999998,0.19607999999999998,1.96688,-1.7708,0.09969088098918083,0.00016,1.0634,93256.85500000001,0
2025-11-18 13:58:09.390267,93256.85500000001,80.38999999999942,0.08620277833731302,0.00026999999999986063,0.0004599999999998633,0.19627,1.9668,-1.7705300000000002,0.09979153955664022,0.00016,0.055,93256.85,0
2025-11-18 13:58:11.422654,93256.85,80.3799999999901,0.08619205988620686,0.22474,0.22447000000000014,0.19607999999999998,1.74187,-1.54579,0.11256867619282723,0.00016,7e-05,93256.85,0
2025-11-18 13:58:13.449131,93256.85,80.3799999999901,0.08619205988620686,0.0,-0.22474,0.19607999999999998,1.74187,-1.54579,0.11256867619282723,0.00016,7e-05,93256.85,0
2025-11-18 13:58:15.481821,93256.85,80.3799999999901,0.08619205988620686,0.0,0.0,0.19607999999999998,1.74187,-1.54579,0.11256867619282723,0.00016,7e-05,93256.85,0
2025-11-18 13:58:17.513024,93256.85,80.3799999999901,0.08619205988620686,0.0,0.0,0.19607999999999998,1.74187,-1.54579,0.11256867619282723,0.00016,7e-05,93256.85500000001,1
2025-11-18 13:58:19.544528,93256.85500000001,80.38999999999942,0.08620277833731302,-0.22474,-0.22474,0.19627,1.9668,-1.7705300000000002,0.09979153955664022,0.00016,0.055,93256.85500000001,0
2025-11-18 13:58:21.577331,93256.85500000001,80.38999999999942,0.08620277833731302,0.0,0.22474,0.19627,1.9668,-1.7705300000000002,0.09979153955664022,0.00016,0.055,93278.175,1
2025-11-18 13:58:23.608065,93278.175,93.69000000000233,0.10044150199122392,0.045980000000000014,0.045980000000000014,0.14349,1.8680400000000001,-1.7245500000000002,0.07681313033982141,0.00016,1.06332,93278.175,0
2025-11-18 13:58:25.639403,93278.175,93.69000000000233,0.10044150199122392,0.0,-0.045980000000000014,0.14349,1.8680400000000001,-1.7245500000000002,0.07681313033982141,0.00016,1.06332,93285.29999999999,1
2025-11-18 13:58:27.672889,93285.29999999999,79.41999999999825,0.08513667212304432,0.1669699999999998,0.1669699999999998,0.2763,1.8338800000000002,-1.5575800000000002,0.15066416559425916,0.055,8e-05,93291.35500000001,1
2025-11-18 13:58:29.703584,93291.35500000001,91.49000000000524,0.0980691083327123,-9.999999999999999e-06,-0.16697999999999982,0.2763,1.83389,-1.55759,0.15066334403917356,0.00016,9e-05,93273.735,0
2025-11-18 13:58:31.735201,93273.735,92.36999999999534,0.09903109380148156,-0.26471999999999996,-0.26470999999999995,0.14349,1.9658000000000002,-1.8223100000000003,0.07299318343676874,0.00016,1.06332,93273.735,0
2025-11-18 13:58:33.766963,93273.735,92.36999999999534,0.09903109380148156,0.0,0.26471999999999996,0.14349,1.9658000000000002,-1.8223100000000003,0.07299318343676874,0.00016,1.06332,93269.14,0
2025-11-18 13:58:35.795510,93269.14,83.17999999999302,0.08918276720466492,0.22483000000000014,0.22483000000000014,0.36839999999999995,1.9658799999999998,-1.59748,0.18739699269538324,0.00016,1.0634,93257.41,0
2025-11-18 13:58:37.823990,93257.41,79.25999999999476,0.08499056536096676,-0.17334000000000013,-0.39817000000000025,0.19607999999999998,1.9669,-1.77082,0.09968986730387919,0.00016,1.06332,93257.41500000001,1
2025-11-18 13:58:39.855050,93257.41500000001,79.27000000000407,0.08500128381212804,0.9450100000000001,1.1183500000000002,0.10822999999999999,0.9340400000000001,-0.8258100000000002,0.11587298188514408,0.00016,0.055,93241.925,0
2025-11-18 13:58:41.885307,93241.925,48.29000000000815,0.0517900075529416,-0.9449600000000001,-1.8899700000000004,0.19613,1.9669,-1.7707700000000002,0.09971528801667598,0.00016,0.055,93249.015,1
2025-11-18 13:58:43.913299,93249.015,62.470000000001164,0.06699266474825623,3.0000000000002247e-05,0.9449900000000001,0.19616,1.9669,-1.77074,0.09973054044435406,0.00016,1.06332,93237.275,0
2025-11-18 13:58:45.945024,93237.275,85.94999999999709,0.092184161323888,0.0,-3.0000000000002247e-05,0.19616,1.9669,-1.77074,0.09973054044435406,0.00016,1.06332,93251.89499999999,1
2025-11-18 13:58:47.977267,93251.89499999999,82.66999999999825,0.0886523539280336,0.08014999999999989,0.08014999999999989,0.14352,1.8341100000000001,-1.69059,0.07825048661203526,0.055,0.00021,93261.09,1
2025-11-18 13:58:50.006045,93261.09,89.67999999999302,0.09616014567274843,0.22498000000000015,0.14483000000000026,0.50129,1.9669,-1.46561,0.2548629823580253,0.055,1.06332,93261.095,1
2025-11-18 13:58:52.039696,93261.095,89.66999999999825,0.09614941793252402,-0.13284,-0.35782000000000014,0.36845,1.9669,-1.5984500000000001,0.18732523259952208,0.00016,1.06332,93261.095,0
2025-11-18 13:58:54.069303,93261.095,89.66999999999825,0.09614941793252402,0.0,0.13284,0.36845,1.9669,-1.5984500000000001,0.18732523259952208,0.00016,1.06332,93261.09,0
2025-11-18 13:58:56.102564,93261.09,89.66000000000349,0.09613870050200303,0.13278999999999988,0.13278999999999988,0.36845,1.8341100000000001,-1.4656600000000002,0.20088762397020896,0.00016,0.00021,93261.09,0
2025-11-18 13:58:58.133681,93261.09,89.66000000000349,0.09613870050200303,0.0,-0.13278999999999988,0.36845,1.8341100000000001,-1.4656600000000002,0.20088762397020896,0.00016,0.00021,93261.09,0
2025-11-18 13:59:00.166133,93261.09,89.66000000000349,0.09613870050200303,-0.09195999999999999,-0.09195999999999999,0.27649,1.8341100000000001,-1.55762,0.15074886457191772,0.0003,0.00021,93261.095,1
2025-11-18 13:59:02.193418,93261.095,89.64999999999418,0.09612797276291274,-0.133,-0.04104000000000002,0.14349,1.8341100000000001,-1.69062,0.07823412990496753,0.00016,0.00021,93263.89,1
2025-11-18 13:59:04.220325,93263.89,84.10000000000582,0.09017423570902502,-0.08012999999999999,0.052870000000000014,0.19615,1.9669,-1.77075,0.09972545630179469,0.055,0.055,93263.895,1
2025-11-18 13:59:06.252970,93263.895,84.08999999999651,0.09016350861176933,0.0,0.08012999999999999,0.19615,1.9669,-1.77075,0.09972545630179469,0.00016,0.055,93263.89,0
2025-11-18 13:59:08.284775,93263.89,84.10000000000582,0.09017423570902502,0.13284,0.13284,0.32899,1.9669,-1.6379100000000002,0.16726320606029793,0.055,0.055,93263.89,0
2025-11-18 13:59:10.317910,93263.89,84.0799999999872,0.09015279118208258,0.17238999999999993,0.03954999999999992,0.36859,1.8341100000000001,-1.4655200000000002,0.20096395526985839,0.0003,0.00021,93252.85500000001,0
2025-11-18 13:59:12.348221,93252.85500000001,84.56999999999243,0.09068891241988508,-0.13292999999999994,-0.30531999999999987,0.36845,1.9669,-1.5984500000000001,0.18732523259952208,0.00016,1.06332,93247.2,0
2025-11-18 13:59:14.388174,93247.2,78.5,0.08418483343199581,-0.09215000000000007,0.04077999999999987,0.14351,1.8341100000000001,-1.6906,0.07824503437634601,0.00016,0.00021,93247.2,0
2025-11-18 13:59:16.417223,93247.2,78.5,0.08418483343199581,0.0,0.09215000000000007,0.14351,1.8341100000000001,-1.6906,0.07824503437634601,0.00016,0.00021,93253.845,1
2025-11-18 13:59:18.456558,93253.845,91.79000000000815,0.0984302577550643,-0.13278999999999994,-0.13278999999999994,0.14351,1.9669,-1.82339,0.07296252986933753,0.00016,1.06332,93253.995,1
2025-11-18 13:59:20.488458,93253.995,91.47000000000116,0.09808695059123329,0.18542999999999987,0.31821999999999984,0.19615,1.8341100000000001,-1.63796,0.1069456030445284,0.055,0.00021,93254.005,1
2025-11-18 13:59:22.518378,93254.005,91.47000000000116,0.09808694007297719,-0.13278999999999988,-0.3182199999999997,0.19615,1.9669,-1.77075,0.09972545630179469,0.00016,1.06332,93254.005,0
2025-11-18 13:59:24.545993,93254.005,91.47000000000116,0.09808694007297719,0.0,0.13278999999999988,0.19615,1.9669,-1.77075,0.09972545630179469,0.00016,1.06332,93254.005,0
2025-11-18 13:59:26.575035,93254.005,91.47000000000116,0.09808694007297719,0.0,0.0,0.19615,1.9669,-1.77075,0.09972545630179469,0.00016,1.06332,93254.005,0
2025-11-18 13:59:28.608811,93254.005,91.47000000000116,0.09808694007297719,0.0,0.0,0.19615,1.9669,-1.77075,0.09972545630179469,0.00016,1.06332,93253.98999999999,0
2025-11-18 13:59:30.641440,93253.98999999999,91.4600000000064,0.09807623244861309,0.58243,0.58243,0.42092,1.60924,-1.18832,0.26156446521339266,0.05483,0.00023,93266.08,1
2025-11-18 13:59:32.671483,93266.08,91.27999999999884,0.09787052270235742,-0.22471999999999986,-0.8071499999999998,0.42109,1.83413,-1.41304,0.22958568912781538,0.055,0.00023,93263.565,0
2025-11-18 13:59:34.705081,93263.565,86.20999999999185,0.09243695541768304,-0.40918,-0.18446000000000012,0.14413,1.96635,-1.82222,0.07329824293742213,0.00023,1.06277,93263.565,0
2025-11-18 13:59:36.734804,93263.565,86.20999999999185,0.09243695541768304,0.0,0.40918,0.14413,1.96635,-1.82222,0.07329824293742213,0.00023,1.06277,93263.56,0
2025-11-18 13:59:38.763711,93263.56,86.19999999999709,0.0924262380719727,0.1328300000000001,0.1328300000000001,0.14414000000000002,1.8335299999999999,-1.68939,0.07861338510959735,0.00023,0.00019,93263.56,0
2025-11-18 13:59:40.796976,93263.56,86.19999999999709,0.0924262380719727,0.0,-0.1328300000000001,0.14414000000000002,1.8335299999999999,-1.68939,0.07861338510959735,0.00023,0.00019,93263.56,0
2025-11-18 13:59:42.828355,93263.56,86.19999999999709,0.0924262380719727,0.0,0.0,0.14414000000000002,1.8335299999999999,-1.68939,0.07861338510959735,0.00023,0.00019,93263.56,0
2025-11-18 13:59:44.859715,93263.56,86.19999999999709,0.0924262380719727,0.0,0.0,0.14414000000000002,1.8335299999999999,-1.68939,0.07861338510959735,0.00023,0.00019,93263.56,0
2025-11-18 13:59:46.890545,93263.56,86.19999999999709,0.0924262380719727,0.0,0.0,0.14414000000000002,1.8335299999999999,-1.68939,0.07861338510959735,0.00023,0.00019,93263.56,0
2025-11-18 13:59:48.921189,93263.56,86.19999999999709,0.0924262380719727,0.0,0.0,0.14414000000000002,1.8335299999999999,-1.68939,0.07861338510959735,0.00023,0.00019,93273.14000000001,1
2025-11-18 13:59:50.949235,93273.14000000001,87.13999999999942,0.09342453786802868,3.0000000000002247e-05,3.0000000000002247e-05,0.27698,1.96634,-1.68936,0.14086068533417415,0.00023,1.06276,93273.14000000001,0
2025-11-18 13:59:52.979648,93273.14000000001,87.13999999999942,0.09342453786802868,0.0,-3.0000000000002247e-05,0.27698,1.96634,-1.68936,0.14086068533417415,0.00023,1.06276,93273.14000000001,0
2025-11-18 13:59:55.011283,93273.14000000001,87.13999999999942,0.09342453786802868,0.0,0.0,0.27698,1.96634,-1.68936,0.14086068533417415,0.00023,1.06276,93273.14000000001,0
2025-11-18 13:59:57.039363,93273.14000000001,87.13999999999942,0.09342453786802868,0.0,0.0,0.27698,1.96634,-1.68936,0.14086068533417415,0.00023,1.06276,93273.14000000001,0
2025-11-18 13:59:59.069645,93273.14000000001,87.13999999999942,0.09342453786802868,0.0,0.0,0.27698,1.96634,-1.68936,0.14086068533417415,0.00023,1.06276,93273.14,0
2025-11-18 14:00:01.101578,93273.14,87.11999999999534,0.0934030954677792,-7.000000000012552e-05,-7.000000000012552e-05,0.14412000000000003,1.83355,-1.68943,0.07860161980856809,0.00023,0.00021,93273.14,0
2025-11-18 14:00:03.133767,93273.14,87.11999999999534,0.0934030954677792,0.0,7.000000000012552e-05,0.14412000000000003,1.83355,-1.68943,0.07860161980856809,0.00023,0.00021,93273.14,0
2025-11-18 14:00:05.166037,93273.14,87.11999999999534,0.0934030954677792,0.0,0.0,0.14412000000000003,1.83355,-1.68943,0.07860161980856809,0.00023,0.00021,93260.06,0
2025-11-18 14:00:07.205614,93260.06,90.04000000000815,0.09654722503932353,0.05266000000000004,0.05266000000000004,0.32957000000000003,1.96634,-1.6367699999999998,0.16760580571010103,0.055,0.055,93260.06,0
2025-11-18 14:00:09.234845,93260.06,90.02000000000407,0.09652577963171381,0.08038000000000006,0.027720000000000022,0.27714000000000005,1.83353,-1.55639,0.15115105834101436,0.00023,0.00019,93271.915,1
2025-11-18 14:00:11.272200,93271.915,91.47000000000116,0.09806810549563731,-0.08039999999999992,-0.16077999999999998,0.19676000000000002,1.83355,-1.63679,0.10731095415996292,0.00019,0.00021,93271.92,1
2025-11-18 14:00:13.302023,93271.92,91.45999999999185,0.09805737889816342,-0.05258999999999999,0.027809999999999925,0.14417000000000002,1.83355,-1.6893799999999999,0.0786288893130812,0.00023,0.00021,93289.14,1
2025-11-18 14:00:15.340091,93289.14,82.61999999999534,0.08856336332395748,0.09302000000000013,0.14561000000000013,0.36898,1.9653399999999999,-1.5963599999999998,0.18774359652782724,0.055,1.06276,93260.03,0
2025-11-18 14:00:17.384276,93260.03,83.48000000001048,0.08951316013946219,-0.17318,-0.2662000000000001,0.1968,1.96634,-1.76954,0.10008442080209934,0.00023,1.06276,93260.03,0
2025-11-18 14:00:19.415775,93260.03,83.48000000001048,0.08951316013946219,0.0,0.17318,0.1968,1.96634,-1.76954,0.10008442080209934,0.00023,1.06276,93252.015,0
2025-11-18 14:00:21.453494,93252.015,88.8299999999872,0.0952579952293655,0.13277,0.13277,0.32957000000000003,1.96634,-1.6367699999999998,0.16760580571010103,0.0001,1.06276,93252.01999999999,1
2025-11-18 14:00:23.483497,93252.01999999999,88.81999999999243,0.09524726649352201,-0.13277,-0.26554,0.1968,1.96634,-1.76954,0.10008442080209934,0.00023,1.06276,93252.01999999999,0
2025-11-18 14:00:25.521791,93252.01999999999,88.81999999999243,0.09524726649352201,0.0,0.13277,0.1968,1.96634,-1.76954,0.10008442080209934,0.00023,1.06276,93257.38500000001,1
2025-11-18 14:00:27.559833,93257.38500000001,88.77000000000407,0.095188171960863,0.0,0.0,0.1968,1.96634,-1.76954,0.10008442080209934,0.00023,1.06276,93254.34,0
2025-11-18 14:00:29.594032,93254.34,82.67999999999302,0.0886607529472548,0.0,0.0,0.1968,1.96634,-1.76954,0.10008442080209934,0.00023,1.06276,93246.45,0
2025-11-18 14:00:31.631424,93246.45,77.67999999999302,0.0833061205010947,-0.0001000000000000445,-0.0001000000000000445,0.1968,1.96644,-1.7696399999999999,0.10007933117715262,0.00023,1.06276,93246.445,0
2025-11-18 14:00:33.666062,93246.445,77.66999999999825,0.0832954006986521,0.0801399999999999,0.08023999999999995,0.14415,1.83365,-1.6895,0.07861369399830938,0.00023,0.00021,93235.41,0
2025-11-18 14:00:35.699132,93235.41,80.55999999999767,0.08640493992571885,-0.0801399999999999,-0.1602799999999998,0.1968,1.96644,-1.7696399999999999,0.10007933117715262,0.00023,1.06276,93233.095,0
2025-11-18 14:00:37.734902,93233.095,85.16999999999825,0.091351681503224,0.08015000000000003,0.16028999999999993,0.14414,1.8336299999999999,-1.68949,0.07860909780053774,0.00023,0.00019,93233.105,1
2025-11-18 14:00:39.772407,93233.105,85.19000000000233,0.09137312331280002,0.8645899999999997,0.7844399999999997,0.10830999999999999,0.9332100000000001,-0.8249000000000001,0.11606176530470096,0.00023,0.055,93246.845,1
2025-11-18 14:00:41.805568,93246.845,79.29000000000815,0.08503236758306208,-0.8116899999999998,-1.6762799999999995,0.19696,1.83355,-1.63659,0.10742003217801532,0.055,0.00021,93248.395,1
2025-11-18 14:00:43.842334,93248.395,82.36999999999534,0.08833396006440147,-0.08213999999999988,0.7295499999999999,0.14414,1.86287,-1.71873,0.07737523283965064,0.00023,1.06276,93246.495,0
2025-11-18 14:00:45.873702,93246.495,86.15000000000873,0.09238953163870528,0.08189999999999992,0.1640399999999998,0.19672,1.83355,-1.63683,0.10728913855635243,0.00013,0.00021,93254.445,1
2025-11-18 14:00:47.906869,93254.445,88.46999999998661,0.09486947244175505,0.00010000000000000002,-0.08179999999999991,0.19682000000000002,1.83355,-1.63673,0.10734367756537865,0.00023,0.00021,93271.045,1
2025-11-18 14:00:49.938035,93271.045,89.13000000000466,0.09556020306195204,-0.13267999999999994,-0.13277999999999993,0.19693000000000002,1.96634,-1.76941,0.10015053347844219,0.00034,1.06276,93260.025,0
2025-11-18 14:00:51.976081,93260.025,91.47000000000116,0.09808060849222501,0.35754999999999987,0.49022999999999983,0.42169,1.83355,-1.41186,0.22998554716260805,0.055,0.00021,93275.95,1
2025-11-18 14:00:54.014611,93275.95,84.0,0.09005536796998584,-0.09209999999999999,-0.4496499999999999,0.32959,1.83355,-1.50396,0.17975511984947232,0.055,0.00021,93288.605,1
2025-11-18 14:00:56.052168,93288.605,82.91000000000349,0.08887473448660048,-0.31817,-0.22607000000000002,0.14411000000000002,1.96624,-1.82213,0.07329217186101393,0.00023,0.055,93278.935,0
2025-11-18 14:00:58.080616,93278.935,89.14999999999418,0.0955735611689758,0.44978,0.76795,0.3691,1.74145,-1.37235,0.21194981193832726,0.00023,1.06276,93278.935,0
2025-11-18 14:01:00.114072,93278.935,89.14999999999418,0.0955735611689758,-0.31676,-0.76654,0.27713,1.96624,-1.68911,0.14094413703311903,0.00036,1.06276,93278.94,1
2025-11-18 14:01:02.143208,93278.94,89.13999999999942,0.09556283551249556,-0.133,0.18375999999999998,0.14413,1.96624,-1.82211,0.07330234355928066,0.00023,1.06276,93281.43,1
2025-11-18 14:01:04.177588,93281.43,84.15999999998894,0.0902216014484222,0.35768000000000005,0.49068000000000006,0.277,1.7414299999999998,-1.4644299999999997,0.1590646767311922,0.00023,0.00019,93281.43,0
2025-11-18 14:01:06.210710,93281.43,84.15999999998894,0.0902216014484222,0.0,-0.35768000000000005,0.277,1.7414299999999998,-1.4644299999999997,0.1590646767311922,0.00023,0.00019,93298.48000000001,1
2025-11-18 14:01:08.247587,93298.48000000001,94.52000000000407,0.1013092603437956,-0.12605,-0.12605,0.27688,1.86736,-1.59048,0.1482734984148745,0.055,1.06276,93302.38,1
2025-11-18 14:01:10.282567,93302.38,86.72000000000116,0.09294511029622306,0.00022000000000000491,0.12627,0.2771,1.86736,-1.5902599999999998,0.14839131179847487,0.00023,1.06276,93292.535,0
2025-11-18 14:01:12.315413,93292.535,88.38999999999942,0.09474498683093928,0.03380999999999988,0.03358999999999988,0.277,1.83345,-1.55645,0.15108129482669286,0.00023,0.00021,93292.535,0
2025-11-18 14:01:14.346394,93292.535,88.38999999999942,0.09474498683093928,0.0,-0.03380999999999988,0.277,1.83345,-1.55645,0.15108129482669286,0.00023,0.00021,93286.22,0
2025-11-18 14:01:16.380901,93286.22,88.36000000000058,0.09471924149140204,-0.13278999999999988,-0.13278999999999988,0.277,1.96624,-1.6892399999999999,0.14087802099438523,0.055,1.06276,93298.58499999999,1
2025-11-18 14:01:18.418420,93298.58499999999,88.93000000000757,0.09531762995120191,0.0011000000000000038,0.1338899999999999,0.2771,1.96524,-1.6881400000000002,0.14100059025869613,0.055,0.055,93322.41,1
2025-11-18 14:01:20.453527,93322.41,94.83999999999651,0.10162617960680238,0.05797000000000002,0.05687000000000002,0.20328000000000002,1.83345,-1.6301700000000001,0.11087294444898961,0.00023,0.00021,93316.815,0
2025-11-18 14:01:22.486227,93316.815,83.63000000000466,0.0896194324677762,-0.1909799999999999,-0.24894999999999992,0.14409,1.96524,-1.82115,0.07331928924711485,0.00023,1.06276,93316.81,0
2025-11-18 14:01:24.522200,93316.81,83.61999999999534,0.08960872108679599,0.191,0.3819799999999999,0.20328000000000002,1.83343,-1.63015,0.1108741539082485,0.00023,0.00019,93299.485,0
2025-11-18 14:01:26.553188,93299.485,77.30999999999767,0.08286219371950196,-0.19099000000000005,-0.38199000000000005,0.1441,1.96524,-1.8211400000000002,0.07332437768415054,0.00023,1.06276,93306.225,1
2025-11-18 14:01:28.581452,93306.225,90.7899999999936,0.09730326138475069,0.28400999999999993,0.475,0.20328,1.7404099999999998,-1.5371299999999999,0.11680006435265254,0.00023,0.00017,93307.07,1
2025-11-18 14:01:30.615503,93307.07,89.1200000000099,0.0955125908465563,-0.2839999999999999,-0.5680099999999999,0.14411000000000002,1.96524,-1.8211300000000001,0.07332946612118622,0.00023,1.06276,93307.075,1
2025-11-18 14:01:32.653109,93307.075,89.13000000000466,0.09552330302927689,0.0,0.2839999999999999,0.14411000000000002,1.96524,-1.8211300000000001,0.07332946612118622,0.00023,0.055,93307.07,0
2025-11-18 14:01:34.691192,93307.07,89.1200000000099,0.0955125908465563,0.2839800000000001,0.2839800000000001,0.20328000000000002,1.74043,-1.53715,0.11679872215486979,0.00023,0.00019,93335.09,1
2025-11-18 14:01:36.726051,93335.09,69.52000000000407,0.07448431238455341,0.03233999999999995,-0.2516400000000002,0.36887000000000003,1.8736799999999998,-1.5048099999999998,0.1968692626275565,0.055,0.49048,93325.89000000001,0
2025-11-18 14:01:38.755714,93325.89000000001,68.86000000000058,0.07378445573891722,-0.31623999999999997,-0.3485799999999999,0.14409,1.9651399999999999,-1.8210499999999998,0.07332302024283258,9e-05,1.06276,93319.65,0
2025-11-18 14:01:40.785632,93319.65,81.34000000001106,0.0871627786859585,0.35762000000000005,0.67386,0.277,1.7404299999999997,-1.4634299999999998,0.15915607062622458,0.00023,0.00019,93319.13,0
2025-11-18 14:01:42.822752,93319.13,80.27999999999884,0.08602737723765624,-0.07372,-0.43134000000000006,0.20326000000000002,1.74041,-1.53715,0.11678857280755685,0.00023,0.00017,93316.58,0
2025-11-18 14:01:44.858184,93316.58,85.38000000000466,0.09149499478013945,0.0,0.07372,0.20326000000000002,1.74041,-1.53715,0.11678857280755685,0.00023,0.00017,93310.01999999999,0
2025-11-18 14:01:46.891578,93310.01999999999,72.24000000000524,0.0774193382447086,-0.22482999999999995,-0.22482999999999995,0.20326000000000002,1.9652399999999999,-1.7619799999999999,0.10342757118723415,0.00023,1.06276,93299.705,0
2025-11-18 14:01:48.926928,93299.705,70.08999999999651,0.07512349583527247,0.40094,0.6257699999999999,0.14413,1.50517,-1.3610399999999998,0.09575662549745213,0.00023,1.06276,93286.245,0
2025-11-18 14:01:50.960439,93286.245,85.00999999999476,0.09112811862026901,9.999999999999999e-06,-0.40093,0.14414,1.50517,-1.36103,0.09576326926526572,0.00023,1.06276,93286.245,0
2025-11-18 14:01:52.988291,93286.245,85.00999999999476,0.09112811862026901,0.0,-9.999999999999999e-06,0.14414,1.50517,-1.36103,0.09576326926526572,0.00023,1.06276,93286.39499999999,1
2025-11-18 14:01:55.019164,93286.39499999999,84.7100000000064,0.09080638178804788,0.25531000000000004,0.25531000000000004,0.36923,1.4749500000000002,-1.1057200000000003,0.250333909624055,0.00036,0.00019,93282.86,0
2025-11-18 14:01:57.052140,93282.86,77.61999999999534,0.08320928410642141,-0.030540000000000185,-0.2858500000000002,0.3691,1.5053600000000003,-1.1362600000000003,0.24519051921135138,0.00023,0.055,93279.8,0
2025-11-18 14:01:59.085363,93279.8,72.11999999999534,0.07731577469076406,-0.22476999999999986,-0.19422999999999968,0.14414,1.50517,-1.36103,0.09576326926526572,0.00023,1.06276,93279.79500000001,0
2025-11-18 14:02:01.113678,93279.79500000001,72.11000000000058,0.0773050583998395,-0.3283400000000001,-0.10357000000000022,0.14414,1.83351,-1.68937,0.07861424262752861,0.00023,0.00017,93272.505,0
2025-11-18 14:02:03.146390,93272.505,57.529999999998836,0.06167948421670334,0.3792000000000001,0.7075400000000002,0.20329999999999998,1.5134699999999999,-1.3101699999999998,0.1343270761891547,0.00023,1.06276,93272.505,0
2025-11-18 14:02:05.175349,93272.505,57.529999999998836,0.06167948421670334,0.0,-0.3792000000000001,0.20329999999999998,1.5134699999999999,-1.3101699999999998,0.1343270761891547,0.00023,1.06276,93265.315,0
2025-11-18 14:02:07.206301,93265.315,43.14999999999418,0.046265859928735754,0.0,0.0,0.20329999999999998,1.5134699999999999,-1.3101699999999998,0.1343270761891547,0.00023,1.06276,93265.315,0
2025-11-18 14:02:09.240593,93265.315,43.14999999999418,0.046265859928735754,0.03761999999999995,0.03761999999999995,0.20345,1.476,-1.27255,0.13783875338753387,0.00023,0.00014,93265.315,0
2025-11-18 14:02:11.275871,93265.315,43.14999999999418,0.046265859928735754,0.16579,0.12817000000000003,0.36924,1.476,-1.10676,0.2501626016260163,0.00023,0.00014,93248.125,0
2025-11-18 14:02:13.313251,93248.125,77.52999999999884,0.08314376294429389,0.05893999999999999,-0.10685,0.42818,1.476,-1.04782,0.2900948509485095,0.0001,0.00014,93245.57999999999,0
2025-11-18 14:02:15.350170,93245.57999999999,72.41999999999825,0.07766587971247352,-0.32145999999999997,-0.38039999999999996,0.14418999999999998,1.5134699999999999,-1.3692799999999998,0.09527113190218504,0.00023,1.06276,93245.57999999999,0
2025-11-18 14:02:17.383316,93245.57999999999,72.41999999999825,0.07766587971247352,0.0,0.32145999999999997,0.14418999999999998,1.5134699999999999,-1.3692799999999998,0.09527113190218504,0.00023,1.06276,93242.82999999999,0
2025-11-18 14:02:19.431795,93242.82999999999,66.91999999999825,0.07176959343683398,0.09650999999999998,0.09650999999999998,0.20331,1.4760799999999998,-1.27277,0.13773643704948244,0.00023,1.06276,93242.825,0
2025-11-18 14:02:21.466193,93242.825,66.91000000000349,0.07175887259958447,-0.54938,-0.64589,0.14418999999999998,1.96634,-1.82215,0.07332912924519665,0.00023,0.49048,93248.89499999999,1
2025-11-18 14:02:23.501435,93248.89499999999,79.06999999999243,0.08479457048793172,0.24678,0.79616,0.33608000000000005,1.91145,-1.57537,0.1758246357477308,0.0001,0.00011,93248.975,1
2025-11-18 14:02:25.532635,93248.975,79.2100000000064,0.08494463343967737,-0.24679999999999988,-0.4935799999999999,0.14417,1.96634,-1.82217,0.07331895806422084,0.00023,1.06276,93242.85,0
2025-11-18 14:02:27.565469,93242.85,91.44000000000233,0.09806650054133086,0.19221000000000002,0.4390099999999999,0.20350000000000001,1.8334599999999999,-1.6299599999999999,0.11099233143891878,0.00023,0.00012,93242.85,0
2025-11-18 14:02:29.598259,93242.85,91.44000000000233,0.09806650054133086,0.0,-0.19221000000000002,0.20350000000000001,1.8334599999999999,-1.6299599999999999,0.11099233143891878,0.00023,0.00012,93239.45999999999,0
2025-11-18 14:02:31.634287,93239.45999999999,84.65999999998894,0.09079846665777445,-0.13307000000000002,-0.13307000000000002,0.20331000000000002,1.96634,-1.7630299999999999,0.10339514020972976,0.00023,1.06276,93239.45999999999,0
2025-11-18 14:02:33.664801,93239.45999999999,84.65999999998894,0.09079846665777445,0.0,0.13307000000000002,0.20331000000000002,1.96634,-1.7630299999999999,0.10339514020972976,0.00023,1.06276,93239.45999999999,0
2025-11-18 14:02:35.701754,93239.45999999999,84.65999999998894,0.09079846665777445,0.0,0.0,0.20331000000000002,1.96634,-1.7630299999999999,0.10339514020972976,0.00023,1.06276,93239.45999999999,0
2025-11-18 14:02:37.739271,93239.45999999999,84.65999999998894,0.09079846665777445,0.0,0.0,0.20331000000000002,1.96634,-1.7630299999999999,0.10339514020972976,0.00023,1.06276,93239.455,0
2025-11-18 14:02:39.790711,93239.455,84.64999999999418,0.0907877464534667,0.13288999999999987,0.13288999999999987,0.20331000000000002,1.83345,-1.63014,0.1108893070440972,0.00023,0.00011,93239.465,1
2025-11-18 14:02:41.822581,93239.465,84.66999999999825,0.09080918686094805,0.9319199999999999,0.79903,0.24764000000000003,0.94586,-0.6982200000000001,0.2618146448734485,0.00023,0.055,93226.72,0
2025-11-18 14:02:43.854311,93226.72,84.76000000000931,0.0909181402070236,-0.9320399999999999,-1.8639599999999996,0.33608000000000005,1.96634,-1.6302599999999998,0.17091652511773145,0.055,1.06276,93226.725,1
2025-11-18 14:02:45.889387,93226.725,84.75,0.09090740879291855,-0.13277,0.7992699999999999,0.20331000000000002,1.96634,-1.7630299999999999,0.10339514020972976,0.00023,1.06276,93226.725,0
2025-11-18 14:02:47.922853,93226.725,84.75,0.09090740879291855,0.0,0.13277,0.20331000000000002,1.96634,-1.7630299999999999,0.10339514020972976,0.00023,1.06276,93226.72,0
2025-11-18 14:02:49.958094,93226.72,84.73999999999069,0.0908966871300317,0.13307999999999987,0.13307999999999987,0.2035,1.83345,-1.62995,0.11099293681311188,0.00042,0.00011,93222.525,0
2025-11-18 14:02:51.992624,93222.525,77.99000000000524,0.08366003817211048,-0.13307999999999998,-0.26615999999999984,0.20331,1.96634,-1.76303,0.10339514020972974,0.00023,0.055,93227.41500000001,1
2025-11-18 14:02:54.026504,93227.41500000001,87.77000000000407,0.0941461264371688,0.07377999999999998,0.20685999999999996,0.14418999999999998,1.83344,-1.68925,0.0786445152282049,0.00023,1.06276,93222.675,0
2025-11-18 14:02:56.061965,93222.675,78.29000000000815,0.0839817136764292,-0.1329,-0.20667999999999997,0.14418999999999998,1.96634,-1.82215,0.07332912924519665,0.00023,0.055,93229.065,1
2025-11-18 14:02:58.094264,93229.065,91.07000000000698,0.09768412887119159,0.0,0.1329,0.14418999999999998,1.96634,-1.82215,0.07332912924519665,0.00023,1.06276,93241.25,1
2025-11-18 14:03:00.128339,93241.25,93.85999999998603,0.10066360114218335,0.059120000000000006,0.059120000000000006,0.20331000000000002,1.96634,-1.7630299999999999,0.10339514020972976,0.055,1.06276,93241.255,1
2025-11-18 14:03:02.165714,93241.255,93.84999999999127,0.10065287087780109,0.0,-0.059120000000000006,0.20331000000000002,1.96634,-1.7630299999999999,0.10339514020972976,0.00023,1.06276,93237.265,0
2025-11-18 14:03:04.199059,93237.265,85.85000000000582,0.09207691795764904,-0.05914,-0.05914,0.14417,1.96634,-1.82217,0.07331895806422084,0.00023,1.06276,93237.265,0
2025-11-18 14:03:06.225701,93237.265,85.85000000000582,0.09207691795764904,0.0001400000000000151,0.05928000000000001,0.14424,1.96627,-1.82203,0.07335716864926994,0.00023,1.06269,93239.60500000001,1
2025-11-18 14:03:08.263295,93239.60500000001,81.16999999999825,0.08705528085409439,0.13291000000000003,0.13277,0.14424,1.8333599999999999,-1.68912,0.07867521926953791,0.055,9e-05,93246.68,1
2025-11-18 14:03:10.296077,93246.68,82.93999999998778,0.08894686652649486,0.2248499999999999,0.09193999999999988,0.3691,1.8333700000000002,-1.4642700000000002,0.20132324626234746,0.00016,0.0001,93252.62,1
2025-11-18 14:03:12.326372,93252.62,71.05999999999767,0.07620161235147889,-0.09202999999999999,-0.3168799999999999,0.27707000000000004,1.83337,-1.5562999999999998,0.1511260683877232,0.00023,0.0001,93252.62,0
2025-11-18 14:03:14.364176,93252.62,71.05999999999767,0.07620161235147889,0.0,0.09202999999999999,0.27707000000000004,1.83337,-1.5562999999999998,0.1511260683877232,0.00023,0.0001,93252.63,1
2025-11-18 14:03:16.398762,93252.63,71.05999999999767,0.07620160417995468,-0.26576,-0.26576,0.14421,1.96627,-1.82206,0.07334191133465903,0.00023,0.49048,93247.78,0
2025-11-18 14:03:18.434016,93247.78,80.73999999999069,0.08658651176466688,0.24783,0.51359,0.25915,1.83338,-1.57423,0.14135094743042903,0.00023,0.00011,93244.8,0
2025-11-18 14:03:20.472219,93244.8,74.77999999999884,0.08019750163011646,-0.2478099999999999,-0.49563999999999986,0.14423,1.96627,-1.8220399999999999,0.07335208287773297,0.00023,1.06269,93234.04,0
2025-11-18 14:03:22.505730,93234.04,74.72000000000116,0.08014240292494154,0.22498999999999997,0.4727999999999999,0.14424,1.7412899999999998,-1.5970499999999999,0.08283513946556864,0.00023,1.06269,93216.70499999999,0
2025-11-18 14:03:24.540117,93216.70499999999,40.05000000000291,0.04296440214230155,0.51407,0.28908000000000006,0.39302000000000004,1.476,-1.08298,0.2662737127371274,0.00023,1.06269,93216.70999999999,1
2025-11-18 14:03:26.572974,93216.70999999999,40.060000000012224,0.042975127528114034,-0.7391300000000001,-1.2532,0.14426,1.96637,-1.82211,0.07336360908679446,0.00023,0.055,93198.76,0
2025-11-18 14:03:28.604538,93198.76,75.94000000000233,0.08148177078751084,0.4903800000000001,1.22951,0.14426,1.47599,-1.3317299999999999,0.09773778955141973,0.00023,0.0001,93204.76,1
2025-11-18 14:03:30.633828,93204.76,87.94000000000233,0.09435140437033725,-0.4903800000000001,-0.9807600000000002,0.14426,1.96637,-1.82211,0.07336360908679446,0.00023,0.055,93205.005,1
2025-11-18 14:03:32.669848,93205.005,87.43000000000757,0.09380397544102655,0.7391300000000003,1.2295100000000003,0.39302000000000004,1.476,-1.08298,0.2662737127371274,0.00023,0.00011,93218.315,1
2025-11-18 14:03:34.708512,93218.315,86.79000000000815,0.09310402145759462,-0.73915,-1.4782800000000003,0.14424,1.96637,-1.82213,0.07335343806099565,0.00023,1.06269,93218.305,0
2025-11-18 14:03:36.744035,93218.305,86.7899999999936,0.09310403144531924,0.9638000000000001,1.70295,0.61768,1.4760099999999998,-0.8583299999999998,0.4184795495965475,0.05469,0.00012,93210.845,0
2025-11-18 14:03:38.778189,93210.845,71.85000000000582,0.07708330505962671,-0.7150900000000001,-1.6788900000000002,0.39295,1.96637,-1.57342,0.19983522938205933,0.00016,1.06269,93204.61499999999,0
2025-11-18 14:03:40.814226,93204.61499999999,84.27000000000407,0.09041397789154977,0.3897,1.1047900000000002,0.42482,1.6085399999999999,-1.1837199999999999,0.26410285103261344,0.055,0.00023,93204.61499999999,0
2025-11-18 14:03:42.849558,93204.61499999999,84.27000000000407,0.09041397789154977,0.0,-0.3897,0.42482,1.6085399999999999,-1.1837199999999999,0.26410285103261344,0.055,0.00023,93204.61499999999,0
2025-11-18 14:03:44.881078,93204.61499999999,84.27000000000407,0.09041397789154977,0.0,0.0,0.42482,1.6085399999999999,-1.1837199999999999,0.26410285103261344,0.055,0.00023,93192.3,0
2025-11-18 14:03:46.918633,93192.3,59.61999999999534,0.06397524258977978,-0.24740000000000004,-0.24740000000000004,0.31028,1.7413999999999998,-1.43112,0.17817847708740095,0.00017,0.055,93175.16,0
2025-11-18 14:03:48.957863,93175.16,52.919999999998254,0.05679625342204753,0.26520000000000005,0.5126000000000001,0.3103,1.4762199999999999,-1.1659199999999998,0.21019902182601513,0.0001,1.06269,93175.155,0
2025-11-18 14:03:50.999301,93175.155,52.91000000000349,0.05678552399510738,0.0,-0.26520000000000005,0.3103,1.4762199999999999,-1.1659199999999998,0.21019902182601513,0.0001,0.00023,93161.065,0
2025-11-18 14:03:53.038355,93161.065,81.08999999999651,0.0870428005519221,0.13289,0.13289,0.3103,1.34333,-1.03303,0.2309931290152085,0.055,0.00023,93161.065,0
2025-11-18 14:03:55.078592,93161.065,81.08999999999651,0.0870428005519221,0.0,-0.13289,0.3103,1.34333,-1.03303,0.2309931290152085,0.055,0.00023,93164.41,1
2025-11-18 14:03:57.114083,93164.41,74.39999999999418,0.07985882162511862,0.011720000000000008,0.011720000000000008,0.32202,1.34333,-1.02131,0.23971771642113254,0.055,0.00023,93184.33499999999,1
2025-11-18 14:03:59.153550,93184.33499999999,88.49000000000524,0.09496231313986975,-0.27693000000000006,-0.2886500000000001,0.31028,1.60852,-1.2982399999999998,0.1928978191132221,0.00017,0.00023,93184.33499999999,0
2025-11-18 14:04:01.187921,93184.33499999999,88.49000000000524,0.09496231313986975,0.0,0.27693000000000006,0.31028,1.60852,-1.2982399999999998,0.1928978191132221,0.00017,0.00023,93184.33499999999,0
2025-11-18 14:04:03.219932,93184.33499999999,88.49000000000524,0.09496231313986975,0.0,0.0,0.31028,1.60852,-1.2982399999999998,0.1928978191132221,0.00017,0.00023,93184.34,1
2025-11-18 14:04:05.255574,93184.34,88.5,0.09497303946135155,-0.2251800000000001,-0.2251800000000001,0.31028,1.8336999999999999,-1.5234199999999998,0.16920979440475542,0.00017,0.00023,93197.465,1
2025-11-18 14:04:07.287100,93197.465,86.61000000000058,0.09293171225204525,0.13269,0.35787000000000013,0.44311,1.83384,-1.39073,0.24162958600532217,0.055,0.00023,93197.465,0
2025-11-18 14:04:09.322999,93197.465,86.61000000000058,0.09293171225204525,0.0,-0.13269,0.44311,1.83384,-1.39073,0.24162958600532217,0.055,0.00023,93226.33499999999,1
2025-11-18 14:04:11.358187,93226.33499999999,28.870000000009895,0.030967644496600555,-0.29687,-0.29687,0.14624,1.83384,-1.6876,0.07974523404440956,0.00224,0.00023,93226.33499999999,0
2025-11-18 14:04:13.391698,93226.33499999999,28.870000000009895,0.030967644496600555,0.0,0.29687,0.14624,1.83384,-1.6876,0.07974523404440956,0.00224,0.00023,93226.33499999999,0
2025-11-18 14:04:15.425001,93226.33499999999,28.870000000009895,0.030967644496600555,0.5616099999999999,0.5616099999999999,0.48255000000000003,1.6085399999999999,-1.1259899999999998,0.29999253981871765,0.00224,0.00023,93240.92,1
2025-11-18 14:04:17.456654,93240.92,58.04000000000815,0.06224734805277356,-0.11112000000000008,-0.67273,0.37144,1.60855,-1.23711,0.23091604239843339,0.0024,0.00023,93236.63,0
2025-11-18 14:04:19.491836,93236.63,49.4600000000064,0.053047820368460764,-0.31722000000000006,-0.20609999999999998,0.27927,1.8336,-1.5543299999999998,0.15230693717277488,0.00243,0.00023,93236.625,0
2025-11-18 14:04:21.530350,93236.625,49.45000000001164,0.05303709781431025,-0.00019000000000000006,0.31703000000000003,0.27908,1.8336,-1.55452,0.15220331588132635,0.00224,0.00023,93237.435,1
2025-11-18 14:04:23.565876,93237.435,51.070000000006985,0.05477413659010137,0.00023000000000009558,0.00042000000000009564,0.27927,1.8335599999999999,-1.55429,0.15231025982242197,0.00243,1.06269,93229.73999999999,0
2025-11-18 14:04:25.597620,93229.73999999999,35.68000000000757,0.03827104955994468,0.09197,0.0917399999999999,0.27908,1.7413999999999998,-1.4623199999999998,0.1602618582749512,0.00224,0.00023,93240.91,1
2025-11-18 14:04:27.634246,93240.91,58.020000000004075,0.06222590491663378,-0.23456000000000005,-0.32653000000000004,0.26949,1.96637,-1.69688,0.1370494871260241,0.00224,1.06269,93240.905,0
2025-11-18 14:04:29.671205,93240.905,58.01000000000931,0.06221518334684688,0.1019600000000001,0.33652000000000015,0.14644000000000001,1.7413599999999998,-1.5949199999999997,0.08409518996646301,0.00243,0.00019,93235.735,0
2025-11-18 14:04:31.704109,93235.735,47.670000000012806,0.05112846485310896,0.13257999999999995,0.030619999999999842,0.14625,1.6085899999999997,-1.4623399999999998,0.09091813327199598,0.00224,1.06269,93231.79,0
2025-11-18 14:04:33.732790,93231.79,39.779999999998836,0.04266784966801435,-0.13298,-0.2655599999999999,0.14625,1.7415699999999998,-1.5953199999999998,0.08397595273230476,0.00224,1.06269,93224.44,0
2025-11-18 14:04:35.764338,93224.44,25.080000000001746,0.026902816471733964,-0.09194000000000002,0.041039999999999965,0.14644000000000001,1.8336999999999999,-1.6872599999999998,0.07986039155805204,0.00243,0.00023,93224.435,0
2025-11-18 14:04:37.895241,93224.435,25.070000000006985,0.026892091113244063,-0.0006599999999999998,0.09128000000000003,0.14578,1.8336999999999999,-1.6879199999999999,0.0795004635436549,0.00177,0.00023,93224.445,1
2025-11-18 14:04:39.974010,93224.445,25.09000000001106,0.026913541829088988,0.35763999999999996,0.35829999999999995,0.14578,1.47606,-1.33028,0.09876292291641262,0.00177,0.00017,93224.44,0
2025-11-18 14:04:42.005973,93224.44,25.080000000001746,0.026902816471733964,1.07765,0.72001,0.18985000000000002,0.44248000000000004,-0.25263,0.42905894051708554,0.00158,0.00023,93233.67499999999,1
2025-11-18 14:04:44.038782,93233.67499999999,43.55000000000291,0.04671059035268417,-0.9448099999999998,-2.0224599999999997,0.14587,1.34331,-1.19744,0.10858997550825945,0.00177,0.00023,93233.67499999999,0
2025-11-18 14:04:46.095981,93233.67499999999,43.55000000000291,0.04671059035268417,0.0,0.9448099999999998,0.14587,1.34331,-1.19744,0.10858997550825945,0.00177,0.00023,93224.25,0
2025-11-18 14:04:48.155052,93224.25,24.70000000001164,0.02649525204012008,-0.5047500000000001,-0.5047500000000001,0.26417999999999997,1.96637,-1.7021899999999999,0.13434907977644084,0.00158,0.055,93224.23999999999,0
2025-11-18 14:04:50.192162,93224.23999999999,24.680000000007567,0.02647380123453682,0.23949000000000015,0.7442400000000002,0.14587,1.6085699999999998,-1.4627,0.09068302902578067,0.00177,0.00023,93224.23999999999,0
2025-11-18 14:04:52.230582,93224.23999999999,24.680000000007567,0.02647380123453682,-0.22522,-0.4647100000000002,0.14568,1.8336,-1.6879199999999999,0.07945026178010473,0.00158,0.00023,93224.245,1
2025-11-18 14:04:54.268580,93224.245,24.69000000000233,0.02648452663789589,0.00023000000000004007,0.22545000000000004,0.14587,1.8335599999999999,-1.68769,0.07955561857806671,0.00177,0.00019,93230.29,1
2025-11-18 14:04:56.305353,93230.29,36.779999999998836,0.03945069783650661,-0.1330400000000002,-0.13327000000000025,0.14587,1.9666000000000001,-1.8207300000000002,0.07417370080341706,0.00177,1.06292,93230.28,0
2025-11-18 14:04:58.340459,93230.28,36.76000000000931,0.03942924981026477,0.35799000000000014,0.49103000000000036,0.14587,1.6086099999999999,-1.46274,0.09068077408445802,0.00177,0.00023,93230.28,0
2025-11-18 14:05:00.376553,93230.28,36.76000000000931,0.03942924981026477,-0.00019000000000000006,-0.35818000000000016,0.14568,1.6086099999999999,-1.4629299999999998,0.09056265968755635,0.00158,0.00023,93230.29,1
2025-11-18 14:05:02.410670,93230.29,36.779999999998836,0.03945069783650661,-0.2252,-0.22501000000000002,0.14568,1.83381,-1.68813,0.07944116347931357,0.00158,0.00044,93230.29,0
2025-11-18 14:05:04.444911,93230.29,36.779999999998836,0.03945069783650661,-0.13237000000000002,0.09283,0.14587,1.96637,-1.8205,0.0741823766635984,0.00177,1.06269,93225.195,0
2025-11-18 14:05:06.478322,93225.195,26.59000000001106,0.02852233240167645,0.13259999999999997,0.26497,0.14568,1.83358,-1.6879,0.07945112839363432,0.00158,0.00021,93225.19,0
2025-11-18 14:05:08.514683,93225.19,26.580000000001746,0.0285116072168925,-3.99999999999524e-05,-0.13263999999999992,0.14587,1.83381,-1.68794,0.07954477290449938,0.00177,0.00023,93225.19,0
2025-11-18 14:05:10.547798,93225.19,26.580000000001746,0.0285116072168925,0.0,3.99999999999524e-05,0.14587,1.83381,-1.68794,0.07954477290449938,0.00177,0.00023,93222.445,0
2025-11-18 14:05:12.581875,93222.445,21.09000000001106,0.02262330708018982,2.000000000004342e-05,2.000000000004342e-05,0.14568,1.8336,-1.6879199999999999,0.07945026178010473,0.00158,0.00023,93222.44,0
2025-11-18 14:05:14.616739,93222.44,21.080000000001746,0.022612581262624908,0.2252000000000001,0.22518000000000005,0.14587,1.60859,-1.46272,0.09068190154110121,0.00177,0.00023,93222.445,1
2025-11-18 14:05:16.649791,93222.445,21.09000000001106,0.02262330708018982,-0.22516000000000005,-0.45036000000000015,0.14568,1.83356,-1.68788,0.0794519950260695,0.00158,0.00019,93222.45000000001,1
2025-11-18 14:05:18.683803,93222.45000000001,21.080000000001746,0.022612578836966574,-0.08864,0.13652000000000006,0.05704,1.83356,-1.77652,0.031108881083793276,0.00019,0.00019,93222.44,0
2025-11-18 14:05:20.719459,93222.44,21.080000000001746,0.022612581262624908,0.3138,0.40244,0.14568,1.6083999999999998,-1.4627199999999998,0.09057448395921414,0.00158,4e-05,93222.44,0
2025-11-18 14:05:22.755782,93222.44,21.080000000001746,0.022612581262624908,0.0,-0.3138,0.14568,1.6083999999999998,-1.4627199999999998,0.09057448395921414,0.00158,4e-05,93222.45000000001,1
2025-11-18 14:05:24.793834,93222.45000000001,21.080000000001746,0.022612578836966574,-0.31360999999999994,-0.31360999999999994,0.05723,1.83356,-1.7763300000000002,0.031212504635790485,0.00019,0.00019,93234.645,1
2025-11-18 14:05:26.834526,93234.645,45.470000000001164,0.04876942471331463,-0.1328100000000001,0.18079999999999985,0.05723,1.96637,-1.9091399999999998,0.02910439032328606,0.00019,0.055,93234.63,0
2025-11-18 14:05:28.872447,93234.63,45.4600000000064,0.048758706931111756,0.22160000000000002,0.3544100000000001,0.14587,1.83341,-1.68754,0.07956212740194502,0.00177,4e-05,93245.36,1
2025-11-18 14:05:30.913990,93245.36,66.9200000000128,0.07176764613275428,-0.00025999999999998333,-0.22186,0.14568,1.83348,-1.6878,0.0794554617448786,0.00158,0.00021,93239.885,0
2025-11-18 14:05:32.950622,93239.885,55.970000000001164,0.06002795906494433,-0.13260000000000002,-0.13234000000000004,0.14587,1.96627,-1.8204,0.07418614940979622,0.00177,0.055,93245.355,1
2025-11-18 14:05:34.984185,93245.355,66.91000000000349,0.07175692558627021,0.35786999999999997,0.49046999999999996,0.14587,1.6083999999999998,-1.4625299999999999,0.09069261377766726,0.00177,4e-05,93245.355,0
2025-11-18 14:05:37.015500,93245.355,66.91000000000349,0.07175692558627021,-0.22546000000000008,-0.58333,0.14532,1.83331,-1.68799,0.07926646339135225,0.00122,4e-05,93245.355,0
2025-11-18 14:05:39.045450,93245.355,66.91000000000349,0.07175692558627021,0.22507999999999995,0.45054000000000005,0.14551000000000003,1.60842,-1.46291,0.09046766391862823,0.00141,4e-05,93245.37,1
2025-11-18 14:05:41.078678,93245.37,66.91999999999825,0.07176763843609421,-0.42369,-0.64877,0.05695,1.94355,-1.8866,0.029302050371742428,0.00023,1.03997,93245.37,0
2025-11-18 14:05:43.111120,93245.37,66.91999999999825,0.07176763843609421,-0.00022999999999999995,0.42346,0.056720000000000007,1.94355,-1.88683,0.02918371022098737,0.00023,1.03997,93236.805,0
2025-11-18 14:05:45.148400,93236.805,84.05000000000291,0.09014680415100337,0.22869,0.22892,0.28541,1.94355,-1.6581400000000002,0.1468498366391397,0.055,1.03997,93236.815,1
2025-11-18 14:05:47.182671,93236.815,84.05000000000291,0.09014679448241868,-0.11824,-0.34693,0.16717,1.94355,-1.77638,0.08601270870314631,0.00023,0.49048,93226.39499999999,0
2025-11-18 14:05:49.217873,93226.39499999999,73.94999999999709,0.07932302863367943,0.11823999999999994,0.23647999999999994,0.28541,1.94355,-1.6581400000000002,0.1468498366391397,0.0001,1.03997,93226.4,1
2025-11-18 14:05:51.250577,93226.4,73.94000000000233,0.079312297804058,-0.11824,-0.23647999999999994,0.16716999999999999,1.94355,-1.77638,0.0860127087031463,0.00023,1.03997,93226.4,0
2025-11-18 14:05:53.282561,93226.4,73.94000000000233,0.079312297804058,0.0,0.11824,0.16716999999999999,1.94355,-1.77638,0.0860127087031463,0.00023,1.03997,93222.095,0
2025-11-18 14:05:55.312048,93222.095,82.54999999998836,0.08855196828604674,-6.329030181884132e-18,-6.329030181884132e-18,0.16717,1.94355,-1.77638,0.08601270870314631,0.00023,1.03997,93217.08,0
2025-11-18 14:05:57.350414,93217.08,72.5,0.07777544630233,-0.11144000000000001,-0.11144000000000001,0.05573,1.94355,-1.88782,0.028674333050346015,0.00023,0.055,93211.35,0
2025-11-18 14:05:59.384457,93211.35,72.86000000000058,0.07816644646816143,0.11124,0.22268000000000002,0.16717,1.94375,-1.77658,0.08600385852090033,0.00023,1.03997,93211.35,0
2025-11-18 14:06:01.422448,93211.35,72.86000000000058,0.07816644646816143,-0.11144000000000001,-0.22268000000000002,0.05573,1.94375,-1.88802,0.02867138263665595,0.00023,1.03997,93211.355,1
2025-11-18 14:06:03.459700,93211.355,72.86999999999534,0.07817717058184097,0.11144000000000001,0.22288000000000002,0.16717,1.94375,-1.77658,0.08600385852090033,0.00023,0.055,93216.545,1
2025-11-18 14:06:05.492053,93216.545,83.25,0.08930818021629101,0.0,-0.11144000000000001,0.16717,1.94375,-1.77658,0.08600385852090033,0.00023,1.03997,93216.545,0
2025-11-18 14:06:07.525177,93216.545,83.25,0.08930818021629101,-0.11146,-0.11146,0.05571,1.94375,-1.8880400000000002,0.028661093247588424,0.00023,1.03997,93216.545,0
2025-11-18 14:06:09.559085,93216.545,83.25,0.08930818021629101,0.0,0.11146,0.05571,1.94375,-1.8880400000000002,0.028661093247588424,0.00023,1.03997,93216.545,0
2025-11-18 14:06:11.596426,93216.545,83.25,0.08930818021629101,0.11146,0.11146,0.16717,1.94375,-1.77658,0.08600385852090033,0.00023,1.03997,93216.54999999999,1
2025-11-18 14:06:13.628827,93216.54999999999,83.25999999999476,0.08931890313468453,-0.11138,-0.22284,0.05569,1.94365,-1.88796,0.028652277930697398,0.00023,0.055,93216.545,0
2025-11-18 14:06:15.656848,93216.545,83.25,0.08930818021629101,0.0,0.11138,0.05569,1.94365,-1.88796,0.028652277930697398,0.00023,1.03997,93216.545,0
2025-11-18 14:06:17.688367,93216.545,83.25,0.08930818021629101,0.11148,0.11148,0.16717,1.94365,-1.77648,0.08600828338435418,0.00023,1.03997,93216.545,0
2025-11-18 14:06:19.725301,93216.545,83.25,0.08930818021629101,-0.05481,-0.16629,0.11236,1.94365,-1.83129,0.05780876186556221,0.00023,1.03997,93216.545,0
2025-11-18 14:06:21.763382,93216.545,83.25,0.08930818021629101,-0.056670000000000005,-0.0018600000000000075,0.05569,1.94365,-1.88796,0.028652277930697398,0.00023,1.03997,93207.055,0
2025-11-18 14:06:23.796076,93207.055,64.27000000000407,0.068954007826987,0.11148,0.16815,0.16717,1.94365,-1.77648,0.08600828338435418,0.00023,1.03997,93209.105,1
2025-11-18 14:06:25.834791,93209.105,68.36999999999534,0.07335120318985505,-0.11146,-0.22294,0.05571,1.94365,-1.8879400000000002,0.028662567849149796,0.00023,0.055,93214.245,1
2025-11-18 14:06:27.868705,93214.245,78.65000000000873,0.08437551578088599,0.20255,0.31401,0.16717,1.85256,-1.68539,0.09023729325905774,0.00023,1.03997,93214.245,0
2025-11-18 14:06:29.902944,93214.245,78.65000000000873,0.08437551578088599,-0.11148,-0.31403000000000003,0.05569,1.85256,-1.79687,0.030061104633588118,0.00023,1.03997,93214.245,0
2025-11-18 14:06:31.940774,93214.245,78.65000000000873,0.08437551578088599,0.0,0.11148,0.05569,1.85256,-1.79687,0.030061104633588118,0.00023,1.03997,93214.25,1
2025-11-18 14:06:33.971010,93214.25,78.66000000000349,0.0843862392284479,0.02038999999999999,0.02038999999999999,0.16717,1.94365,-1.77648,0.08600828338435418,0.00023,0.055,93230.13500000001,1
2025-11-18 14:06:36.005312,93230.13500000001,88.84999999999127,0.09530180343511382,-1.9999999999999185e-05,-0.02040999999999999,0.16715000000000002,1.94365,-1.7765,0.08599799346590178,0.00021,1.03997,93219.735,0
2025-11-18 14:06:38.038987,93219.735,86.01000000000931,0.09226587052624566,0.19625,0.19627,0.23061,1.8108600000000001,-1.5802500000000002,0.12734833173188428,0.00023,1.03997,93215.28,0
2025-11-18 14:06:40.074758,93215.28,80.72000000000116,0.08659524489976446,2.0000000000137963e-05,-0.19622999999999988,0.23061,1.81084,-1.58023,0.12734973824302534,0.00023,0.00019,93226.875,1
2025-11-18 14:06:42.111823,93226.875,103.91000000000349,0.11145927609394125,-0.1182000000000001,-0.11822000000000024,0.24522,1.94365,-1.69843,0.1261646901448306,0.00023,1.03997,93226.875,0
2025-11-18 14:06:44.148840,93226.875,103.91000000000349,0.11145927609394125,0.0,0.1182000000000001,0.24522,1.94365,-1.69843,0.1261646901448306,0.00023,1.03997,93226.87,0
2025-11-18 14:06:46.187561,93226.87,103.90000000000873,0.11144855555057115,0.13279000000000002,0.13279000000000002,0.24522,1.8108600000000001,-1.5656400000000001,0.13541632152678837,0.00023,0.00021,93226.88,1
2025-11-18 14:06:48.223737,93226.88,103.91999999999825,0.11146999663616142,-0.13252,-0.26531000000000005,0.24539,1.94355,-1.6981600000000001,0.126258650407759,0.00023,0.49048,93226.875,0
2025-11-18 14:06:50.259839,93226.875,103.91000000000349,0.11145927609394125,0.13279000000000002,0.26531000000000005,0.24539,1.8107600000000001,-1.5653700000000002,0.13551768318275198,0.00023,0.00021,93226.875,0
2025-11-18 14:06:52.291068,93226.875,103.91000000000349,0.11145927609394125,-0.13300000000000006,-0.2657900000000001,0.24539,1.9437600000000002,-1.6983700000000002,0.12624500967197597,0.00023,1.04018,93226.875,0
2025-11-18 14:06:54.324135,93226.875,103.91000000000349,0.11145927609394125,0.00021000000000004349,0.1332100000000001,0.24539,1.94355,-1.6981600000000001,0.126258650407759,0.00023,1.03997,93223.73,0
2025-11-18 14:06:56.357942,93223.73,97.61999999999534,0.1047158271826233,-5.551115123125783e-17,-0.000210000000000099,0.24539,1.94355,-1.6981600000000001,0.126258650407759,0.00023,0.055,93237.815,1
2025-11-18 14:06:58.394705,93237.815,125.79000000000815,0.13491307148286147,0.09192999999999998,0.09193000000000004,0.33732,1.94355,-1.60623,0.17355869414216255,0.00023,1.03997,93252.82500000001,1
2025-11-18 14:07:00.434730,93252.82500000001,95.77000000000407,0.10269930160293167,-0.17014,-0.26207,0.16718,1.94355,-1.77637,0.08601785392709217,0.055,1.03997,93252.83,1
2025-11-18 14:07:02.470870,93252.83,95.76000000000931,0.1026885725612931,4.000000000000451e-05,0.17018000000000003,0.16722,1.94355,-1.7763300000000002,0.08603843482287567,0.00023,1.03997,93252.83,0
2025-11-18 14:07:04.501006,93252.83,95.76000000000931,0.1026885725612931,0.0,-4.000000000000451e-05,0.16722,1.94355,-1.7763300000000002,0.08603843482287567,0.00023,1.03997,93258.42,1
2025-11-18 14:07:06.539153,93258.42,84.60000000000582,0.09071566942695987,-6.0000000000004494e-05,-6.0000000000004494e-05,0.16716,1.94355,-1.7763900000000001,0.08600756347920042,0.055,0.055,93258.42000000001,1
2025-11-18 14:07:08.572024,93258.42000000001,84.58000000000175,0.09069422364222098,-0.11148999999999999,-0.11142999999999999,0.05567000000000001,1.94355,-1.88788,0.028643461706670786,0.00023,1.03997,93258.42000000001,0
2025-11-18 14:07:10.607315,93258.42000000001,84.58000000000175,0.09069422364222098,0.11155,0.22304,0.16722,1.94355,-1.7763300000000002,0.08603843482287567,0.00023,1.03997,93271.29999999999,1
2025-11-18 14:07:12.640026,93271.29999999999,83.19999999999709,0.08920214471117814,0.0,-0.11155,0.16722,1.94355,-1.7763300000000002,0.08603843482287567,0.055,1.03997,93264.5,0
2025-11-18 14:07:14.672985,93264.5,96.76000000000931,0.10374794267916443,-8.000000000000368e-05,-8.000000000000368e-05,0.16714,1.94355,-1.77641,0.08599727303130869,0.00015,1.03997,93247.64,0
2025-11-18 14:07:16.712458,93247.64,89.55999999999767,0.09604532618734123,0.00025,0.0003300000000000037,0.16738999999999998,1.94355,-1.7761600000000002,0.08612590362995548,0.0004,1.03997,93251.58499999999,1
2025-11-18 14:07:18.748620,93251.58499999999,81.68999999998778,0.08760172816364224,-0.00017,-0.00042,0.16722,1.94355,-1.7763300000000002,0.08603843482287567,0.00023,0.055,93261.965,1
2025-11-18 14:07:20.779495,93261.965,87.69000000000233,0.09402546901086882,-8.000000000000368e-05,8.999999999999633e-05,0.16714,1.94355,-1.77641,0.08599727303130869,0.055,1.03997,93270.79500000001,1
2025-11-18 14:07:22.817882,93270.79500000001,84.16999999999825,0.09024261024042761,0.00022000000000000491,0.0003000000000000086,0.16736,1.94355,-1.7761900000000002,0.08611046795811787,0.00037,1.03997,93277.83499999999,1
2025-11-18 14:07:24.848188,93277.83499999999,70.11000000000058,0.07516255067455263,-0.00014,-0.0003600000000000049,0.16722,1.94355,-1.7763300000000002,0.08603843482287567,0.00023,0.49048,93277.83499999999,0
2025-11-18 14:07:26.881929,93277.83499999999,70.11000000000058,0.07516255067455263,0.0,0.00014,0.16722,1.94355,-1.7763300000000002,0.08603843482287567,0.00023,0.49048,93306.3,1
2025-11-18 14:07:28.913644,93306.3,82.54000000000815,0.08846133647996775,0.0010999999999999344,0.0010999999999999344,0.16722,1.94245,-1.77523,0.08608715797060414,0.055,1.03997,93306.305,1
2025-11-18 14:07:30.944358,93306.305,82.53000000001339,0.08845061435024502,0.0,-0.0010999999999999344,0.16722,1.94245,-1.77523,0.08608715797060414,0.00023,1.03997,93306.305,0
2025-11-18 14:07:32.977841,93306.305,82.53000000001339,0.08845061435024502,0.0,0.0,0.16722,1.94245,-1.77523,0.08608715797060414,0.00023,1.03997,93306.31,1
2025-11-18 14:07:35.012255,93306.31,82.52000000000407,0.08843989222165584,-0.11161,-0.11161,0.05561000000000001,1.94245,-1.88684,0.0286287935339391,0.00023,1.03997,93306.31,0
2025-11-18 14:07:37.046953,93306.31,82.52000000000407,0.08843989222165584,0.22979,0.3414,0.2854,1.94245,-1.65705,0.14692784885067825,0.00023,1.03997,93300.07500000001,0
2025-11-18 14:07:39.079453,93300.07500000001,94.99000000000524,0.1018112793585699,-0.11821999999999999,-0.34801,0.16718,1.94245,-1.77527,0.08606656541995933,0.00023,1.03997,93291.16,0
2025-11-18 14:07:41.113899,93291.16,81.66000000000349,0.08753240928722882,9.999999999996123e-06,0.11822999999999999,0.16719,1.94245,-1.77526,0.08607171355762053,0.00023,1.03997,93291.16,0
2025-11-18 14:07:43.148819,93291.16,81.66000000000349,0.08753240928722882,0.0,-9.999999999996123e-06,0.16719,1.94245,-1.77526,0.08607171355762053,0.00023,1.03997,93288.60500000001,0
2025-11-18 14:07:45.185089,93288.60500000001,76.56999999999243,0.08207862042742779,0.11813,0.11813,0.28532,1.94245,-1.65713,0.14688666374938866,0.0001,1.03997,93276.61499999999,0
2025-11-18 14:07:47.214424,93276.61499999999,87.94999999999709,0.09428944221442545,-0.0009799999999999948,-0.11911,0.28534,1.9434500000000001,-1.6581100000000002,0.14682137436002982,0.0001,1.03997,93272.975,0
2025-11-18 14:07:49.247993,93272.975,80.65000000000873,0.08646663194779487,-0.11811999999999999,-0.11714,0.16722,1.9434500000000001,-1.7762300000000002,0.08604286192081093,0.00023,1.03997,93259.985,0
2025-11-18 14:07:51.281756,93259.985,54.670000000012806,0.05862106883248244,-9.999999999997511e-05,0.11802000000000001,0.16722,1.94355,-1.7763300000000002,0.08603843482287567,0.00023,1.03997,93257.095,0
2025-11-18 14:07:53.315701,93257.095,48.88999999999942,0.05242496562861991,0.0,9.999999999997511e-05,0.16721999999999998,1.94355,-1.7763300000000002,0.08603843482287565,0.00023,0.055,93263.98000000001,1
2025-11-18 14:07:55.349509,93263.98000000001,62.68000000000757,0.06720708251996918,-2.0000000000000012e-05,-2.0000000000000012e-05,0.16720000000000002,1.94355,-1.77635,0.08602814437498392,0.0001,1.03997,93263.985,1
2025-11-18 14:07:57.382355,93263.985,62.670000000012806,0.06719635666437887,-0.11148999999999999,-0.11146999999999999,0.055709999999999996,1.94355,-1.8878400000000002,0.028664042602454268,0.00023,1.03997,93246.28,0
2025-11-18 14:07:59.412186,93246.28,83.67999999999302,0.08974084542567598,0.0,0.11148999999999999,0.055709999999999996,1.94355,-1.8878400000000002,0.028664042602454268,0.00023,1.03997,93257.565,1
2025-11-18 14:08:01.443412,93257.565,85.29000000000815,0.0914563874791371,0.11151,0.11151,0.16722,1.94355,-1.7763300000000002,0.08603843482287567,0.055,1.03997,93257.58,1
2025-11-18 14:08:03.479201,93257.58,85.27999999999884,0.09144564977988796,-0.11152999999999999,-0.22304,0.05569,1.94355,-1.88786,0.028653752154562527,0.00023,0.055,93269.31,1
2025-11-18 14:08:05.511787,93269.31,98.17999999999302,0.10526506521812268,0.1117,0.22322999999999998,0.16738999999999998,1.94355,-1.7761600000000002,0.08612590362995548,0.0004,1.03997,93272.655,1
2025-11-18 14:08:07.543450,93272.655,91.48999999999069,0.09808876996156128,-0.00017,-0.11187,0.16722,1.94355,-1.7763300000000002,0.08603843482287567,0.00023,1.03997,93272.655,0
2025-11-18 14:08:09.573502,93272.655,91.48999999999069,0.09808876996156128,0.00014999999999999736,0.00031999999999999737,0.16737000000000002,1.94355,-1.77618,0.08611561318206376,0.00023,1.03997,93278.34,1
2025-11-18 14:08:11.603574,93278.34,80.10000000000582,0.085872025595659,-0.00014999999999999736,-0.0002999999999999947,0.16722,1.9435500000000003,-1.7763300000000004,0.08603843482287565,0.00023,0.49048,93282.81,1
2025-11-18 14:08:13.637613,93282.81,71.16000000000349,0.07628415138866797,-0.11048000000000001,-0.11033000000000001,0.05564000000000001,1.9424500000000005,-1.8868100000000005,0.0286442379469227,0.00023,0.49048,93286.475,1
2025-11-18 14:08:15.667024,93286.475,63.830000000001746,0.06842363804613878,0.11158,0.22206,0.16722,1.94245,-1.77523,0.08608715797060414,0.00023,0.49048,93286.475,0
2025-11-18 14:08:17.700775,93286.475,63.830000000001746,0.06842363804613878,0.0,-0.11158,0.16722,1.9424500000000005,-1.7752300000000005,0.08608715797060412,0.00023,0.49048,93288.26000000001,1
2025-11-18 14:08:19.735477,93288.26000000001,91.0399999999936,0.0975899861354404,-0.11159,-0.11159,0.05563,1.94245,-1.88682,0.028639089809261498,0.00023,1.03997,93284.84,0
2025-11-18 14:08:21.763767,93284.84,84.19999999999709,0.09026118284599845,0.0,0.11159,0.05563,1.94245,-1.88682,0.028639089809261498,0.00023,1.03997,93280.525,0
2025-11-18 14:08:23.796264,93280.525,75.56999999999243,0.0810136949808038,0.0,0.0,0.05563,1.94245,-1.88682,0.028639089809261498,0.00023,0.055,93277.15,0
2025-11-18 14:08:25.828318,93277.15,82.31999999999243,0.08825312522948271,1.0000000000003062e-05,1.0000000000003062e-05,0.05564000000000001,1.94245,-1.88681,0.028644237946922706,0.055,0.055,93277.155,1
2025-11-18 14:08:27.862183,93277.155,82.30999999999767,0.08824239976015313,0.11158,0.11157,0.16722,1.94245,-1.77523,0.08608715797060414,0.00023,0.055,93277.155,0
2025-11-18 14:08:29.894851,93277.155,82.29000000000815,0.0882209582828809,-0.11159,-0.22316999999999998,0.05563,1.94245,-1.88682,0.028639089809261498,0.00023,1.03997,93277.155,0
2025-11-18 14:08:31.929451,93277.155,82.29000000000815,0.0882209582828809,0.0,0.11159,0.05563,1.94245,-1.88682,0.028639089809261498,0.00023,1.03997,93270.285,0
2025-11-18 14:08:33.957941,93270.285,82.83000000000175,0.08880641889322173,0.22874999999999995,0.22874999999999995,0.28537999999999997,1.9434500000000001,-1.6580700000000002,0.14684195631480096,0.0001,1.03997,93270.29000000001,1
2025-11-18 14:08:35.992678,93270.29000000001,82.81999999999243,0.08879569260478597,-0.22974,-0.45848999999999995,0.055639999999999995,1.9434500000000001,-1.8878100000000002,0.028629499086675753,0.00023,1.03997,93267.595,0
2025-11-18 14:08:38.030711,93267.595,77.42999999999302,0.08301918796125601,0.0,0.22974,0.055639999999999995,1.9434500000000001,-1.8878100000000002,0.028629499086675753,0.00023,1.03997,93262.8,0
2025-11-18 14:08:40.068228,93262.8,67.83999999999651,0.07274068546086597,9.999999999999999e-06,9.999999999999999e-06,0.055650000000000005,1.9434500000000001,-1.8878000000000001,0.028634644575368545,0.00023,0.055,93262.8,0
2025-11-18 14:08:42.106561,93262.8,67.83999999999651,0.07274068546086597,1.12577,1.1257599999999999,0.17389,0.9359200000000001,-0.7620300000000001,0.18579579451235145,0.00023,0.055,93276.435,1
2025-11-18 14:08:44.142845,93276.435,95.11000000000058,0.1019657322881182,-1.12588,-2.2516499999999997,0.055639999999999995,1.94355,-1.8879100000000002,0.02862802603483316,0.00023,1.03997,93273.1,0
2025-11-18 14:08:46.184491,93273.1,81.19999999999709,0.08705618232909283,0.11159999999999999,1.23748,0.16724,1.94355,-1.77631,0.0860487252707674,0.00036,1.03997,93273.105,1
2025-11-18 14:08:48.220356,93273.105,81.19000000000233,0.08704545645821733,-0.11161,-0.22321,0.05563,1.94355,-1.88792,0.02862288081088729,0.00023,1.03997,93273.1,0
2025-11-18 14:08:50.252469,93273.1,81.19999999999709,0.08705618232909283,1.8431436932253575e-18,0.11161,0.05563,1.94355,-1.88792,0.02862288081088729,0.00013,1.03997,93282.29000000001,1
2025-11-18 14:08:52.286745,93282.29000000001,87.81999999999243,0.09414434401212966,2.8189256484623115e-18,9.75781955236954e-19,0.05563,1.94355,-1.88792,0.02862288081088729,0.055,0.055,93284.985,1
2025-11-18 14:08:54.327615,93284.985,82.42999999999302,0.08836363108167195,0.11136,0.11136,0.16699,1.94355,-1.7765600000000001,0.0859200946721206,0.055,0.055,93284.98000000001,0
2025-11-18 14:08:56.364833,93284.98000000001,82.41999999999825,0.08835291597854043,0.11828,0.006919999999999996,0.28527,1.94355,-1.65828,0.14677780350389752,0.055,1.03997,93281.44,0
2025-11-18 14:08:58.408377,93281.44,75.32000000000698,0.08074489416116108,-0.11828999999999999,-0.23657,0.16698000000000002,1.94355,-1.77657,0.08591494944817474,0.0001,1.03997,93271.605,0
2025-11-18 14:09:00.436413,93271.605,82.58999999999651,0.08854784904794606,0.00013000000000000002,0.11842,0.16711,1.94355,-1.77644,0.08598183735947107,0.00023,1.03997,93271.605,0
2025-11-18 14:09:02.470359,93271.605,82.58999999999651,0.08854784904794606,0.0,-0.00013000000000000002,0.16711,1.94355,-1.77644,0.08598183735947107,0.00023,1.03997,93271.605,0
2025-11-18 14:09:04.508208,93271.605,82.58999999999651,0.08854784904794606,0.0,0.0,0.16711,1.94355,-1.77644,0.08598183735947107,0.00023,1.03997,93271.605,0
2025-11-18 14:09:06.539905,93271.605,82.58999999999651,0.08854784904794606,0.0,0.0,0.16711,1.94355,-1.77644,0.08598183735947107,0.00023,1.03997,93284.385,1
2025-11-18 14:09:08.573325,93284.385,81.41000000000349,0.08727076884304216,0.0,0.0,0.16711,1.94355,-1.77644,0.08598183735947107,0.00023,1.03997,93284.39,1
2025-11-18 14:09:10.608017,93284.39,81.39999999999418,0.08726004425820245,-0.11151,-0.11151,0.0556,1.94355,-1.88795,0.028607445139049673,0.00023,1.03997,93281.195,0
2025-11-18 14:09:12.662720,93281.195,75.00999999999476,0.0804127777308114,0.11151,0.22302,0.16711,1.94355,-1.77644,0.08598183735947107,0.00023,1.03997,93272.6,0
2025-11-18 14:09:14.699834,93272.6,81.59999999999127,0.08748549949287493,0.00010999999999999899,-0.1114,0.16722,1.94355,-1.7763300000000002,0.08603843482287567,0.00023,1.03997,93272.6,0
2025-11-18 14:09:16.728792,93272.6,81.59999999999127,0.08748549949287493,0.0,-0.00010999999999999899,0.16722,1.94355,-1.7763300000000002,0.08603843482287567,0.00023,1.03997,93272.6,0
2025-11-18 14:09:18.766380,93272.6,81.59999999999127,0.08748549949287493,0.0,0.0,0.16722,1.94355,-1.7763300000000002,0.08603843482287567,0.00023,1.03997,93272.6,0
2025-11-18 14:09:20.804448,93272.6,81.59999999999127,0.08748549949287493,-0.00010999999999999899,-0.00010999999999999899,0.16711,1.94355,-1.77644,0.08598183735947107,0.00023,1.03997,93252.73,0
2025-11-18 14:09:22.841628,93252.73,48.60000000000582,0.05211643669842783,-0.11147999999999998,-0.11136999999999998,0.05573,1.94365,-1.88792,0.02867285776760219,0.00023,1.03997,93231.67,0
2025-11-18 14:09:24.873932,93231.67,76.76000000000931,0.08233253785973083,0.68974,0.80122,0.28531,1.48349,-1.19818,0.1923235074048359,0.0001,0.055,93231.675,1
2025-11-18 14:09:26.908583,93231.675,76.75,0.08232180747583907,-0.22958,-0.91932,0.05573,1.48349,-1.42776,0.03756681878543165,0.00023,0.055,93231.675,0
2025-11-18 14:09:28.954345,93231.675,76.75,0.08232180747583907,0.0,0.22958,0.05573,1.48349,-1.42776,0.03756681878543165,0.00023,0.055,93231.675,0
2025-11-18 14:09:30.991346,93231.675,76.75,0.08232180747583907,0.0,0.0,0.05573,1.48349,-1.42776,0.03756681878543165,0.00023,0.055,93231.67,0
2025-11-18 14:09:33.026368,93231.67,76.73999999999069,0.08231108592175887,0.0,0.0,0.05573,1.48349,-1.42776,0.03756681878543165,0.00023,1.03997,93231.675,1
2025-11-18 14:09:35.061606,93231.675,76.75,0.08232180747583907,0.0,0.0,0.05573,1.48349,-1.42776,0.03756681878543165,0.00023,0.055,93240.75,1
2025-11-18 14:09:37.097119,93240.75,87.95999999999185,0.09433643551772358,0.11159,0.11159,0.16732000000000002,1.48349,-1.31617,0.1127880875503037,0.00023,0.055,93240.75,0
2025-11-18 14:09:39.129870,93240.75,87.95999999999185,0.09433643551772358,-0.00021000000000000185,-0.1118,0.16711,1.48349,-1.3163799999999999,0.11264652946767421,0.00023,0.055,93249.64,1
2025-11-18 14:09:41.164003,93249.64,93.73999999999069,0.10052585725799122,-0.11137999999999999,-0.11116999999999999,0.05573,1.48349,-1.42776,0.03756681878543165,0.00023,1.03997,93249.64,0
2025-11-18 14:09:43.200568,93249.64,93.73999999999069,0.10052585725799122,0.0,0.11137999999999999,0.05573,1.48349,-1.42776,0.03756681878543165,0.00023,1.03997,93282.285,1
2025-11-18 14:09:45.231437,93282.285,89.00999999999476,0.09542004679666108,-0.34858000000000006,-0.34858000000000006,0.16711,1.9434500000000001,-1.77634,0.08598626154519025,0.055,1.03997,93296.37,1
2025-11-18 14:09:47.261580,93296.37,85.61999999999534,0.09177205929876517,0.0010000000000000009,0.34958000000000006,0.16711,1.94245,-1.77534,0.08603052845633093,0.00023,1.03997,93296.375,1
2025-11-18 14:09:49.295209,93296.375,85.63000000000466,0.09178277291052804,0.00019,-0.0008100000000000008,0.1673,1.94245,-1.77515,0.08612834307189375,0.00042,0.055,93308.95499999999,1
2025-11-18 14:09:51.324781,93308.95499999999,86.83000000000175,0.09305644886924493,-0.00019,-0.00038,0.16711,1.94245,-1.77534,0.08603052845633093,0.00023,1.03997,93308.95499999999,0
2025-11-18 14:09:53.355974,93308.95499999999,86.83000000000175,0.09305644886924493,0.0,0.00019,0.16711,1.94245,-1.77534,0.08603052845633093,0.00023,1.03997,93308.95499999999,0
2025-11-18 14:09:55.388621,93308.95499999999,86.83000000000175,0.09305644886924493,0.0,0.0,0.16711,1.94245,-1.77534,0.08603052845633093,0.00023,1.03997,93308.95499999999,0
2025-11-18 14:09:57.424893,93308.95499999999,86.83000000000175,0.09305644886924493,0.0,0.0,0.16711,1.94245,-1.77534,0.08603052845633093,0.00023,1.03997,93308.95999999999,1
2025-11-18 14:09:59.457713,93308.95999999999,86.84000000001106,0.09306716096719014,-5.9999999999999995e-05,-5.9999999999999995e-05,0.16705,1.94245,-1.7754,0.08599963963036372,0.00017,0.055,93308.95999999999,0
2025-11-18 14:10:01.488798,93308.95999999999,86.81999999999243,0.09304572679836154,-0.11138,-0.11132,0.05567,1.94245,-1.88678,0.0286596823599063,0.00023,1.03997,93288.33,0
2025-11-18 14:10:03.517541,93288.33,90.5,0.09701106236975192,0.11144,0.22282000000000002,0.16711,1.94245,-1.77534,0.08603052845633093,0.00023,1.03997,93281.6,0
2025-11-18 14:10:05.550144,93281.6,79.0,0.08468979948885953,-0.11141999999999999,-0.22286,0.05569,1.94245,-1.88676,0.02866997863522871,0.00023,0.055,93280.745,0
2025-11-18 14:10:07.589071,93280.745,80.69000000000233,0.08650231084668367,0.11141999999999999,0.22283999999999998,0.16710999999999998,1.94245,-1.77534,0.08603052845633091,0.00023,1.03997,93280.745,0
2025-11-18 14:10:09.622755,93280.745,80.69000000000233,0.08650231084668367,0.0,-0.11141999999999999,0.16710999999999998,1.94245,-1.77534,0.08603052845633091,0.00023,1.03997,93277.65,0
2025-11-18 14:10:11.656334,93277.65,74.5,0.07986907903447396,-0.1124,-0.1124,0.055709999999999996,1.9434500000000001,-1.8877400000000002,0.028665517507525273,0.00023,1.03997,93277.65,0
2025-11-18 14:10:13.691460,93277.65,74.5,0.07986907903447396,-9.999999999998899e-05,0.11230000000000001,0.055709999999999996,1.94355,-1.8878400000000002,0.028664042602454268,0.00023,1.03997,93272.26,0
2025-11-18 14:10:15.725024,93272.26,85.27999999999884,0.09143125726770086,0.0,9.999999999998899e-05,0.05571000000000001,1.94355,-1.8878400000000002,0.028664042602454275,0.00023,1.03997,93254.26000000001,0
2025-11-18 14:10:17.759634,93254.26000000001,65.13999999999942,0.06985203678630811,1.9999999999999185e-05,1.9999999999999185e-05,0.05573,1.94355,-1.88782,0.028674333050346015,0.00023,0.055,93254.26000000001,0
2025-11-18 14:10:19.798184,93254.26000000001,65.13999999999942,0.06985203678630811,0.11137999999999999,0.11135999999999999,0.16710999999999998,1.94355,-1.77644,0.08598183735947106,0.00023,0.055,93254.26000000001,0
2025-11-18 14:10:21.834834,93254.26000000001,65.13999999999942,0.06985203678630811,0.0,-0.11137999999999999,0.16710999999999998,1.94355,-1.77644,0.08598183735947106,0.00023,0.055,93250.065,0
2025-11-18 14:10:23.877996,93250.065,56.75,0.06085786642615209,-0.11137999999999999,-0.11137999999999999,0.05573,1.94355,-1.88782,0.028674333050346015,0.00023,0.055,93256.26000000001,1
2025-11-18 14:10:25.915044,93256.26000000001,69.13999999999942,0.07413979501215191,0.11137999999999999,0.22275999999999999,0.16710999999999998,1.94355,-1.77644,0.08598183735947106,0.00023,0.055,93248.29000000001,0
2025-11-18 14:10:27.953227,93248.29000000001,85.06000000001222,0.09121883092978136,-0.11137999999999999,-0.22275999999999999,0.05573,1.94355,-1.88782,0.028674333050346015,0.00023,1.03997,93245.84,0
2025-11-18 14:10:30.003231,93245.84,80.16000000000349,0.08596630155297383,0.0,0.11137999999999999,0.05573,1.94355,-1.88782,0.028674333050346015,0.00023,1.03997,93252.375,1
2025-11-18 14:10:32.037919,93252.375,81.89000000001397,0.08781545778326179,0.0,0.0,0.05573,1.94355,-1.88782,0.028674333050346015,0.055,1.03997,93240.68,0
2025-11-18 14:10:34.072106,93240.68,80.71999999998661,0.08657165520455945,0.11137999999999999,0.11137999999999999,0.16710999999999998,1.94355,-1.77644,0.08598183735947106,0.00023,0.055,93240.68,0
2025-11-18 14:10:36.108011,93240.68,80.71999999998661,0.08657165520455945,0.0,-0.11137999999999999,0.16710999999999998,1.94355,-1.77644,0.08598183735947106,0.00023,0.055,93240.68,0
2025-11-18 14:10:38.141618,93240.68,80.71999999998661,0.08657165520455945,0.0,0.0,0.16710999999999998,1.94355,-1.77644,0.08598183735947106,0.00023,0.055,93239.6,0
2025-11-18 14:10:40.178093,93239.6,82.8799999999901,0.08888927022422886,0.00023000000000000104,0.00023000000000000104,0.16734,1.94355,-1.77621,0.08610017751022613,0.00023,0.055,93239.6,0
2025-11-18 14:10:42.216271,93239.6,82.8799999999901,0.08888927022422886,0.95964,0.9594100000000001,0.1145,0.9310700000000001,-0.81657,0.12297679014467225,0.00023,0.055,93244.59,1
2025-11-18 14:10:44.253336,93244.59,92.86000000000058,0.09958754711667517,-0.95964,-1.91928,0.16734,1.94355,-1.77621,0.08610017751022613,0.00023,1.03997,93259.76999999999,1
2025-11-18 14:10:46.289362,93259.76999999999,89.68000000000757,0.09616150672471911,-0.00023000000000000104,0.9594100000000001,0.16711,1.94355,-1.77644,0.08598183735947107,0.00023,1.03997,93259.775,1
2025-11-18 14:10:48.326492,93259.775,89.69000000000233,0.09617222430571201,0.0,0.00023000000000000104,0.16711,1.94355,-1.77644,0.08598183735947107,0.00023,0.055,93273.705,1
2025-11-18 14:10:50.358652,93273.705,88.79000000000815,0.09519295925899818,-0.1114,-0.1114,0.05571000000000001,1.94355,-1.8878400000000002,0.028664042602454275,0.00023,1.03997,93273.705,0
2025-11-18 14:10:52.393841,93273.705,88.79000000000815,0.09519295925899818,0.1114,0.2228,0.16711,1.94355,-1.77644,0.08598183735947107,0.00023,1.03997,93273.705,0
2025-11-18 14:10:54.427952,93273.705,88.79000000000815,0.09519295925899818,0.0,-0.1114,0.16711,1.94355,-1.77644,0.08598183735947107,0.00023,1.03997,93249.64,0
2025-11-18 14:10:56.467411,93249.64,63.779999999998836,0.06839704689476424,-0.11141999999999999,-0.11141999999999999,0.05569,1.94355,-1.88786,0.028653752154562527,0.00023,1.03997,93249.64,0
2025-11-18 14:10:58.505608,93249.64,63.779999999998836,0.06839704689476424,0.0,0.11141999999999999,0.05569,1.94355,-1.88786,0.028653752154562527,0.00023,1.03997,93249.64,0
2025-11-18 14:11:00.542483,93249.64,63.779999999998836,0.06839704689476424,0.11141999999999999,0.11141999999999999,0.16710999999999998,1.94355,-1.77644,0.08598183735947106,0.00023,1.03997,93249.64,0
2025-11-18 14:11:02.581159,93249.64,63.779999999998836,0.06839704689476424,-0.11127999999999988,-0.22269999999999987,0.055709999999999996,1.94343,-1.88772,0.02866581250675352,0.00023,1.03985,93240.35,0
2025-11-18 14:11:04.617379,93240.35,82.3799999999901,0.08835230669982481,0.11184000000000006,0.22311999999999993,0.16742,1.9433,-1.77588,0.08615242113929913,0.00023,0.05487,93248.58,1
2025-11-18 14:11:06.652011,93248.58,87.88000000000466,0.09424272198032899,-0.00032000000000007717,-0.11216000000000015,0.16723,1.94343,-1.7762,0.08604889293671499,0.055,1.03985,93248.58499999999,1
2025-11-18 14:11:08.689935,93248.58499999999,87.8700000000099,0.0942319929037099,0.0004899999999999696,0.0008100000000000468,0.16759000000000002,1.9433,-1.7757100000000001,0.08623990119899141,0.00046,1.03972,93258.775,1
2025-11-18 14:11:10.727141,93258.775,91.47000000000116,0.09808192312198093,-1.9999999999999998e-05,-0.0005099999999999697,0.16757,1.9433,-1.77573,0.0862296094272629,0.00044,1.03972,93258.78,1
2025-11-18 14:11:12.760712,93258.78,91.45999999999185,0.09807119501240726,-0.11186,-0.11184,0.05571000000000001,1.9433,-1.88759,0.028667730149745285,0.00023,1.03972,93258.775,0
2025-11-18 14:11:14.798794,93258.775,91.47000000000116,0.09808192312198093,0.11163,0.22349,0.16734,1.9433,-1.77596,0.08611125405238511,0.00021,1.03972,93253.785,0
2025-11-18 14:11:16.834945,93253.785,81.49000000000524,0.0873851929978019,0.22501999999999991,0.11338999999999992,0.16734,1.71828,-1.55094,0.09738808576017878,0.00021,0.055,93253.78,0
2025-11-18 14:11:18.868038,93253.78,81.48000000001048,0.08737447425724777,0.0,-0.22501999999999991,0.16734,1.71828,-1.55094,0.09738808576017878,0.00021,8e-05,93253.78,0
2025-11-18 14:11:20.903064,93253.78,81.48000000001048,0.08737447425724777,0.0,0.0,0.16734,1.71828,-1.55094,0.09738808576017878,0.00021,8e-05,93234.795,0
2025-11-18 14:11:22.940491,93234.795,43.51000000000931,0.04666712679532283,-0.0922,-0.0922,0.16734,1.81048,-1.64314,0.09242852724139454,0.00021,1.03972,93229.68,0
2025-11-18 14:11:24.972377,93229.68,53.71999999998661,0.05762113524361192,0.058789999999999995,0.15099,0.22613,1.81048,-1.5843500000000001,0.12490057885201714,0.0001,8e-05,93235.72,1
2025-11-18 14:11:27.004059,93235.72,65.79999999998836,0.07057381012340373,5.551115123125783e-17,-0.05878999999999994,0.22613,1.81048,-1.5843500000000001,0.12490057885201714,0.0001,8e-05,93227.15,0
2025-11-18 14:11:29.041353,93227.15,82.94000000000233,0.08896549985707204,0.0,-5.551115123125783e-17,0.22613,1.81048,-1.5843500000000001,0.12490057885201714,0.055,8e-05,93227.155,1
2025-11-18 14:11:31.080758,93227.155,82.95000000001164,0.08897622157408068,-0.133,-0.133,0.22613,1.94348,-1.7173500000000002,0.11635313972873401,0.055,1.0398,93222.355,0
2025-11-18 14:11:33.119348,93222.355,85.14999999999418,0.09134075190440553,0.07421000000000007,0.20721000000000006,0.16734,1.81048,-1.64314,0.09242852724139454,0.0001,8e-05,93228.455,1
2025-11-18 14:11:35.152635,93228.455,80.35000000000582,0.0861861327638711,-1.9999999999999998e-05,-0.07423000000000007,0.16732000000000002,1.81048,-1.64316,0.09241748044717424,0.00019,8e-05,93232.745,1
2025-11-18 14:11:37.187562,93232.745,71.77000000000407,0.07697939173624468,0.13280999999999998,0.13282999999999998,0.30013,1.81048,-1.51035,0.16577371746719102,0.055,8e-05,93232.745,0
2025-11-18 14:11:39.219138,93232.745,71.77000000000407,0.07697939173624468,0.0,-0.13280999999999998,0.30013,1.81048,-1.51035,0.16577371746719102,0.055,8e-05,93242.59,1
2025-11-18 14:11:41.254826,93242.59,91.44000000000233,0.09806677399244522,-0.040630000000000055,-0.040630000000000055,0.1673,1.71828,-1.55098,0.09736480666713225,0.00017,8e-05,93242.6,1
2025-11-18 14:11:43.296557,93242.6,91.4600000000064,0.0980882128984031,-0.22502000000000003,-0.18438999999999997,0.1673,1.9433,-1.776,0.08609067050892812,0.00017,0.055,93249.425,1
2025-11-18 14:11:45.331000,93249.425,77.79000000000815,0.08342142592301041,0.26575000000000004,0.49077000000000004,0.30013,1.81038,-1.51025,0.16578287431368,0.055,8e-05,93294.445,1
2025-11-18 14:11:47.364921,93294.445,91.77000000000407,0.09836598524167657,-0.15571999999999997,-0.42147,0.16732000000000002,1.83329,-1.6659700000000002,0.09126761177991481,0.055,1.03972,93294.44,0
2025-11-18 14:11:49.402833,93294.44,91.76000000000931,0.09835527176111386,0.35773,0.51345,0.30013,1.60837,-1.30824,0.1866050722159702,0.055,8e-05,93294.445,1
2025-11-18 14:11:51.439385,93294.445,91.75,0.09834454773807809,-0.13283,-0.49056,0.1673,1.60837,-1.44107,0.10401835398571224,0.00017,8e-05,93294.44,0
2025-11-18 14:11:53.476790,93294.44,91.76000000000931,0.09835527176111386,0.22483,0.35766,0.39213,1.60837,-1.21624,0.24380584069585975,0.055,8e-05,93311.4,1
2025-11-18 14:11:55.516883,93311.4,84.94000000000233,0.0910285345627676,-0.31692,-0.54175,0.30013,1.83329,-1.53316,0.16371114226336259,0.055,1.03972,93311.39499999999,0
2025-11-18 14:11:57.553658,93311.39499999999,84.93000000000757,0.09101782263571086,0.22508999999999998,0.54201,0.3003,1.60837,-1.30807,0.1867107692881613,0.05517,8e-05,93298.57,0
2025-11-18 14:11:59.588808,93298.57,83.0399999999936,0.0890045795985872,-0.22509000000000004,-0.45018,0.30013,1.83329,-1.53316,0.16371114226336259,0.055,0.055,93298.57,0
2025-11-18 14:12:01.619679,93298.57,83.02000000000407,0.08898314304281842,2.0000000000020002e-05,0.22511000000000006,0.30015000000000003,1.83329,-1.53314,0.16372205161212902,0.00019,1.03972,93298.565,0
2025-11-18 14:12:03.654801,93298.565,83.01000000000931,0.08897242953309015,0.22491999999999998,0.22489999999999996,0.30015000000000003,1.60837,-1.30822,0.18661750716563977,0.00019,8e-05,93298.565,0
2025-11-18 14:12:05.688258,93298.565,83.01000000000931,0.08897242953309015,0.0,-0.22491999999999998,0.30015000000000003,1.60837,-1.30822,0.18661750716563977,0.00019,8e-05,93298.565,0
2025-11-18 14:12:07.720176,93298.565,83.01000000000931,0.08897242953309015,0.0,0.0,0.30015000000000003,1.60837,-1.30822,0.18661750716563977,0.00019,8e-05,93298.57,1
2025-11-18 14:12:09.758139,93298.57,83.02000000000407,0.08898314304281842,-0.07405,-0.07405,0.22610000000000002,1.60837,-1.38227,0.14057710601416343,0.00019,8e-05,93302.01000000001,1
2025-11-18 14:12:11.789234,93302.01000000001,76.13999999999942,0.08160595897130127,0.0,0.07405,0.22610000000000002,1.60837,-1.38227,0.14057710601416343,0.055,8e-05,93308.3,1
2025-11-18 14:12:13.821255,93308.3,88.72000000000116,0.09508264538095877,0.13280999999999998,0.13280999999999998,0.35891,1.60837,-1.24946,0.2231513892947518,0.055,8e-05,93318.485,1
2025-11-18 14:12:15.849631,93318.485,86.73000000001048,0.09293978572413651,-0.19169999999999993,-0.3245099999999999,0.39213,1.83329,-1.44116,0.21389414658891936,0.055,1.03972,93318.48,0
2025-11-18 14:12:17.882359,93318.48,86.72000000000116,0.09292907471274839,0.28384999999999994,0.47554999999999986,0.45106,1.60837,-1.15731,0.280445419897163,0.05515,8e-05,93320.775,1
2025-11-18 14:12:19.914631,93320.775,82.1299999999901,0.08800827039851535,-0.09215000000000001,-0.37599999999999995,0.35891,1.60837,-1.24946,0.2231513892947518,0.055,8e-05,93375.515,1
2025-11-18 14:12:21.952191,93375.515,20.929999999993015,0.022414869679693885,-0.05871999999999995,0.03343000000000006,0.30019,1.60837,-1.3081800000000001,0.18664237706497883,0.055,8e-05,93375.515,0
2025-11-18 14:12:23.985715,93375.515,20.929999999993015,0.022414869679693885,0.0,0.05871999999999995,0.30019,1.60837,-1.3081800000000001,0.18664237706497883,0.055,8e-05,93375.52,1
2025-11-18 14:12:26.023875,93375.52,20.94000000000233,0.02242557792449491,0.04074000000000006,0.04074000000000006,0.34096,1.6084,-1.2674400000000001,0.2119870678935588,0.055,0.02309,93375.51999999999,0
2025-11-18 14:12:28.058333,93375.51999999999,20.919999999998254,0.0224041590344003,-0.04075999999999997,-0.08150000000000003,0.30017,1.6083699999999999,-1.3081999999999998,0.1866299421153093,0.00021,8e-05,93362.54000000001,0
2025-11-18 14:12:30.090804,93362.54000000001,46.879999999990105,0.05021285839051733,0.058699999999999995,0.09945999999999997,0.35887,1.60837,-1.2495,0.22312651939541275,0.055,8e-05,93371.875,1
2025-11-18 14:12:32.117768,93371.875,26.230000000010477,0.028091970949507522,-0.05867999999999998,-0.11737999999999998,0.30019,1.6083699999999999,-1.30818,0.18664237706497885,0.055,8e-05,93372.37,1
2025-11-18 14:12:34.146825,93372.37,27.220000000001164,0.029152092851451844,0.05867999999999998,0.11735999999999996,0.35887,1.6083699999999999,-1.2494999999999998,0.22312651939541278,0.055,8e-05,93372.375,1
2025-11-18 14:12:36.185351,93372.375,27.230000000010477,0.029162801096159843,0.00018000000000002736,-0.058499999999999955,0.35908000000000007,1.6084,-1.24932,0.22325292215866704,0.05521,0.02309,93375.66500000001,1
2025-11-18 14:12:38.218533,93375.66500000001,20.629999999990105,0.02209355081968102,-0.00012000000000007838,-0.00030000000000010574,0.35887,1.60831,-1.2494399999999999,0.22313484340705464,0.055,2e-05,93376.11499999999,1
2025-11-18 14:12:40.251891,93376.11499999999,19.729999999995925,0.02112960043368256,-0.05871999999999997,-0.05859999999999989,0.30015000000000003,1.60831,-1.30816,0.18662446916328324,0.055,2e-05,93376.11499999999,0
2025-11-18 14:12:42.285534,93376.11499999999,19.729999999995925,0.02112960043368256,1.0158699999999998,1.0745899999999997,0.27641000000000004,0.5687000000000001,-0.29229000000000005,0.4860383330402673,0.055,2e-05,93376.11499999999,0
2025-11-18 14:12:44.319263,93376.11499999999,19.729999999995925,0.02112960043368256,0.0,-1.0158699999999998,0.27641000000000004,0.5687000000000001,-0.29229000000000005,0.4860383330402673,0.055,2e-05,93385.975,1
2025-11-18 14:12:46.353907,93385.975,0.00999999999476131,1.070824606667255e-05,-0.9319,-0.9319,0.32923,1.55342,-1.2241900000000001,0.21193881886418356,0.055,2e-05,93385.975,0
2025-11-18 14:12:48.388363,93385.975,0.00999999999476131,1.070824606667255e-05,0.0,0.9319,0.32923,1.55342,-1.2241900000000001,0.21193881886418356,0.055,2e-05,93382.45499999999,0
2025-11-18 14:12:50.427012,93382.45499999999,7.05000000000291,0.007549598048158952,-0.02525999999999999,-0.02525999999999999,0.35886,1.60831,-1.24945,0.22312862570026926,0.05515,2e-05,93382.45999999999,1
2025-11-18 14:12:52.465047,93382.45999999999,7.060000000012224,0.0075603062930792615,9.000000000002062e-05,0.02535000000000001,0.35871000000000003,1.6080699999999999,-1.2493599999999998,0.2230686475091259,0.055,0.02276,93385.985,1
2025-11-18 14:12:54.503735,93385.985,0.010000000009313226,1.070824493558988e-05,-0.13277,-0.13286000000000003,0.22593999999999997,1.6080699999999999,-1.3821299999999999,0.1405038337883301,0.055,0.02276,93385.985,0
2025-11-18 14:12:56.541361,93385.985,0.010000000009313226,1.070824493558988e-05,0.13328,0.26605,0.35894,1.60779,-1.24885,0.22325054889009135,0.05523,0.02248,93385.985,0
2025-11-18 14:12:58.574154,93385.985,0.010000000009313226,1.070824493558988e-05,0.0,-0.13328,0.35894,1.60779,-1.24885,0.22325054889009135,0.05523,0.02248,93385.985,0
2025-11-18 14:13:00.607439,93385.985,0.010000000009313226,1.070824493558988e-05,0.0,0.0,0.35894,1.60779,-1.24885,0.22325054889009135,0.05523,0.02248,93382.66500000001,0
2025-11-18 14:13:02.641034,93382.66500000001,6.650000000008731,0.007121236045264643,-0.13302,-0.13302,0.22592,1.60779,-1.3818700000000002,0.14051586339011934,0.00021,0.02248,93382.67000000001,1
2025-11-18 14:13:04.678251,93382.67000000001,6.639999999999418,0.007110527038902847,-0.058649999999999994,0.07437,0.16727,1.60779,-1.44052,0.10403721879101126,0.00023,0.02248,93382.67000000001,0
2025-11-18 14:13:06.712343,93382.67000000001,6.639999999999418,0.007110527038902847,0.0,0.058649999999999994,0.16727,1.60779,-1.44052,0.10403721879101126,0.00023,0.02248,93382.67000000001,0
2025-11-18 14:13:08.747403,93382.67000000001,6.639999999999418,0.007110527038902847,0.0,0.0,0.16727,1.60779,-1.44052,0.10403721879101126,0.00023,0.02248,93382.67000000001,0
2025-11-18 14:13:10.785072,93382.67000000001,6.639999999999418,0.007110527038902847,0.0,0.0,0.16727,1.60779,-1.44052,0.10403721879101126,0.00023,0.02248,93382.67000000001,0
2025-11-18 14:13:12.823210,93382.67000000001,6.639999999999418,0.007110527038902847,0.0,0.0,0.16727,1.60779,-1.44052,0.10403721879101126,0.00023,0.02248,93382.67000000001,0
2025-11-18 14:13:14.859205,93382.67000000001,6.639999999999418,0.007110527038902847,0.0,0.0,0.16727,1.60779,-1.44052,0.10403721879101126,0.00023,0.02248,93382.66500000001,0
2025-11-18 14:13:16.893395,93382.66500000001,6.629999999990105,0.007099818793980772,0.058699999999999995,0.058699999999999995,0.22596999999999998,1.60779,-1.38182,0.14054696197886538,0.00023,1.03972,93356.32,0
2025-11-18 14:13:18.931508,93356.32,59.34000000001106,0.06356291679021951,-0.05867999999999999,-0.11737999999999998,0.16729,1.60779,-1.4405000000000001,0.10404965822650968,0.00023,0.02248,93352.81,0
2025-11-18 14:13:20.964454,93352.81,66.36000000000058,0.07108516604909974,0.0003499999999999996,0.059029999999999985,0.16729,1.60744,-1.44015,0.10407231374110386,0.055,0.02213,93349.025,0
2025-11-18 14:13:22.998878,93349.025,73.93000000000757,0.07919739922297804,0.05867999999999999,0.05832999999999999,0.22596999999999998,1.60744,-1.38147,0.1405775643258846,0.00023,0.02213,93354.44,1
2025-11-18 14:13:25.046068,93354.44,63.10000000000582,0.0675918574413877,0.00034999999999996145,-0.05833000000000003,0.22596999999999998,1.6070900000000001,-1.3811200000000001,0.1406081800023645,0.00023,0.02178,93357.91,1
2025-11-18 14:13:27.096012,93357.91,56.16000000000349,0.06015558831598039,0.00018999999999995247,-0.00016000000000000898,0.22593,1.60686,-1.38093,0.14060341286733133,0.00019,0.02155,93360.20000000001,1
2025-11-18 14:13:29.130424,93360.20000000001,51.580000000001746,0.0552483820728766,0.13281,0.13262000000000007,0.35874,1.60686,-1.24812,0.22325529293155597,0.055,0.02155,93364.20000000001,1
2025-11-18 14:13:31.164201,93364.20000000001,43.580000000001746,0.046677420253160996,-0.19151,-0.32432000000000005,0.16723,1.60686,-1.43963,0.10407253898908429,0.00023,0.02155,93364.195,0
2025-11-18 14:13:33.194733,93364.195,43.59000000001106,0.046688133497012486,0.133,0.32451,0.3,1.60663,-1.30663,0.18672625308876342,0.00017,0.02132,93364.195,0
2025-11-18 14:13:35.228143,93364.195,43.59000000001106,0.046688133497012486,7.00000000000145e-05,-0.13293,0.3,1.60656,-1.30656,0.18673438900507916,0.00017,0.02125,93364.20000000001,1
2025-11-18 14:13:37.261519,93364.20000000001,43.580000000001746,0.046677420253160996,-0.13277,-0.13284,0.16723,1.60656,-1.43933,0.10409197291106463,0.00023,0.02125,93373.925,1
2025-11-18 14:13:39.293238,93373.925,24.130000000004657,0.02584233232136772,0.19151,0.32428,0.35874000000000006,1.60656,-1.24782,0.22329698237227372,0.055,0.02125,93373.93,1
2025-11-18 14:13:41.326765,93373.93,24.120000000009895,0.02583162131015573,-0.05876000000000001,-0.25027,0.29998,1.60656,-1.3065799999999999,0.1867219400458122,0.00015,0.02125,93379.44,1
2025-11-18 14:13:43.364574,93379.44,13.10000000000582,0.014028784066391726,0.08837000000000003,0.14713000000000004,0.38812,1.60633,-1.21821,0.2416190944575523,0.055,0.02102,93379.45000000001,1
2025-11-18 14:13:45.400672,93379.45000000001,13.080000000001746,0.014007364575398275,-0.22092,-0.30929000000000006,0.16720000000000002,1.60633,-1.43913,0.10408820105457783,0.00023,0.02102,93379.445,0
2025-11-18 14:13:47.438251,93379.445,13.09000000001106,0.01401807432032934,0.13277,0.35369,0.29997,1.60633,-1.30636,0.18674245018146957,0.00014,0.02102,93379.45000000001,1
2025-11-18 14:13:49.474634,93379.45000000001,13.080000000001746,0.014007364575398275,-0.13277,-0.26554,0.16720000000000002,1.60633,-1.43913,0.10408820105457783,0.00023,0.02102,93383.76000000001,1
2025-11-18 14:13:51.510177,93383.76000000001,4.460000000006403,0.0047759910288538415,0.13286,0.26563000000000003,0.30006,1.60633,-1.30627,0.18679847851935777,0.00023,0.02102,93383.76000000001,0
2025-11-18 14:13:53.552750,93383.76000000001,4.460000000006403,0.0047759910288538415,0.0,-0.13286,0.30006,1.60633,-1.30627,0.18679847851935777,0.00023,0.02102,93385.985,1
2025-11-18 14:13:55.586337,93385.985,0.010000000009313226,1.070824493558988e-05,0.058679999999999975,0.058679999999999975,0.35874000000000006,1.60633,-1.24759,0.22332895482248358,0.055,0.02102,93431.35,1
2025-11-18 14:13:57.633252,93431.35,90.72000000000116,0.09709802972985102,-0.05395000000000001,-0.11262999999999998,0.3057,1.60724,-1.30154,0.19020183668898238,0.09071,0.00011,93431.35500000001,1
2025-11-18 14:13:59.662811,93431.35500000001,90.7100000000064,0.09708732148860133,-0.07446000000000003,-0.020510000000000014,0.23123999999999997,1.60724,-1.3760000000000001,0.14387397028446278,0.00023,0.00011,93431.35,0
2025-11-18 14:14:01.696288,93431.35,90.72000000000116,0.09709802972985102,0.13277000000000003,0.20723000000000005,0.36401,1.60724,-1.24323,0.22648142156740747,0.09071,0.00011,93431.35,0
2025-11-18 14:14:03.733284,93431.35,90.72000000000116,0.09709802972985102,0.0,-0.13277000000000003,0.36401,1.60724,-1.24323,0.22648142156740747,0.09071,0.00011,93431.35,0
2025-11-18 14:14:05.766194,93431.35,90.72000000000116,0.09709802972985102,0.0,0.0,0.36401,1.60724,-1.24323,0.22648142156740747,0.09071,0.00011,93431.35500000001,1
2025-11-18 14:14:07.800865,93431.35500000001,90.7100000000064,0.09708732148860133,-0.13287000000000002,-0.13287000000000002,0.23113999999999998,1.60724,-1.3761,0.1438117518230009,0.00013,0.00011,93443.565,1
2025-11-18 14:14:09.828336,93443.565,66.29000000000815,0.07094121462511425,0.13287000000000002,0.26574000000000003,0.36401,1.60724,-1.24323,0.22648142156740747,0.055,0.00011,93437.6,0
2025-11-18 14:14:11.861529,93437.6,78.22000000000116,0.0837136227814083,0.0,-0.13287000000000002,0.36401,1.60724,-1.24323,0.22648142156740747,0.055,0.00011,93437.60500000001,1
2025-11-18 14:14:13.900195,93437.60500000001,78.2100000000064,0.08370291597264977,-0.13287,-0.13287,0.23114,1.60724,-1.3761,0.14381175182300093,0.00013,0.00011,93448.305,1
2025-11-18 14:14:15.936708,93448.305,56.810000000012224,0.06079296997416082,-1.9999999999999185e-05,0.13285,0.23112,1.60724,-1.37612,0.14379930813070854,0.055,0.00011,93462.11,1
2025-11-18 14:14:17.973917,93462.11,84.4200000000128,0.09032537356583625,-0.036529999999999785,-0.036509999999999786,0.36425,1.7769,-1.41265,0.20499183972086218,0.055,1.06039,93442.575,0
2025-11-18 14:14:20.011939,93442.575,46.64999999999418,0.049923709829265916,0.038009999999999974,0.07453999999999976,0.36425,1.73889,-1.37464,0.20947270960210249,0.055,0.00102,93442.57999999999,1
2025-11-18 14:14:22.044688,93442.57999999999,46.63999999999942,0.04991300539860888,-0.13277,-0.17078,0.23148000000000002,1.73889,-1.5074100000000001,0.1331194037575695,0.00023,0.00102,93461.79500000001,1
2025-11-18 14:14:24.082626,93461.79500000001,85.05000000000291,0.09099975021879571,-0.037340000000000054,0.09542999999999995,0.23182,1.77657,-1.54475,0.13048739987729163,0.00023,1.06006,93425.41500000001,0
2025-11-18 14:14:26.120151,93425.41500000001,77.1299999999901,0.08255783503877408,-0.0885,-0.05115999999999994,0.14675,1.78,-1.63325,0.08244382022471909,0.00023,1.06006,93425.41500000001,0
2025-11-18 14:14:28.159068,93425.41500000001,77.1299999999901,0.08255783503877408,0.08513,0.17363,0.23188,1.78,-1.54812,0.1302696629213483,0.00023,1.06006,93422.815,0
2025-11-18 14:14:30.194934,93422.815,71.92999999999302,0.07699404048143166,-0.08515,-0.17028,0.14673,1.78,-1.63327,0.08243258426966292,0.00023,1.06006,93419.57,0
2025-11-18 14:14:32.233012,93419.57,65.43999999998778,0.07004956242036628,-0.09083999999999999,-0.005689999999999987,0.05555,1.77966,-1.72411,0.031213827360282304,0.00023,1.05972,93425.705,1
2025-11-18 14:14:34.266007,93425.705,86.73000000001048,0.09283312338933966,2.0000000000006124e-05,0.09086,0.05557,1.77966,-1.7240900000000001,0.03122506546194217,0.00023,1.05972,93406.485,0
2025-11-18 14:14:36.303060,93406.485,48.29000000000815,0.05169876588334113,0.04177999999999993,0.04175999999999992,0.05557,1.73788,-1.6823100000000002,0.031975740557460816,0.00023,0.00102,93408.97,1
2025-11-18 14:14:38.339522,93408.97,43.320000000006985,0.046376702365957985,0.22461,0.18283000000000008,0.28018,1.73788,-1.4577,0.16121941676065088,0.055,0.00102,93408.97,0
2025-11-18 14:14:40.381598,93408.97,43.320000000006985,0.046376702365957985,0.0,-0.22461,0.28018,1.73788,-1.4577,0.16121941676065088,0.055,0.00102,93428.20000000001,1
2025-11-18 14:14:42.409931,93428.20000000001,81.75999999999476,0.08751105126717068,0.7017699999999999,0.7017699999999999,0.18844,0.94437,-0.75593,0.19954043436364982,0.00023,0.05473,93445.695,1
2025-11-18 14:14:44.444876,93445.695,91.61000000000058,0.09803554888216154,-0.74329,-1.4450599999999998,0.2801,1.7793199999999998,-1.4992199999999998,0.1574196884202954,0.055,1.05938,93445.705,1
2025-11-18 14:14:46.478494,93445.705,91.58999999999651,0.0980141355881434,-0.22455,0.51874,0.05555,1.7793199999999998,-1.7237699999999998,0.03121979183058697,0.00023,1.05938,93431.59,0
2025-11-18 14:14:48.515472,93431.59,83.38000000000466,0.089241765017597,0.09246000000000001,0.31701,0.14767,1.7789799999999998,-1.6313099999999998,0.08300824067724202,0.00023,1.05904,93388.08,0
2025-11-18 14:14:50.552683,93388.08,1.1000000000058208,0.001177880517519817,0.2638799999999999,0.17141999999999988,0.28047,1.6479,-1.36743,0.17019843437101767,0.00013,0.00092,93430.4,1
2025-11-18 14:14:52.590038,93430.4,85.74000000000524,0.09176884611433243,-0.033800000000000004,-0.2976799999999999,0.24564,1.6468699999999998,-1.4012299999999998,0.14915567106086092,0.00013,0.00023,93430.4,0
2025-11-18 14:14:54.625610,93430.4,85.74000000000524,0.09176884611433243,0.0,0.033800000000000004,0.24564,1.6468699999999998,-1.4012299999999998,0.14915567106086092,0.00013,0.00023,93430.4,0
2025-11-18 14:14:56.659452,93430.4,85.74000000000524,0.09176884611433243,0.0,0.0,0.24564,1.6468699999999998,-1.4012299999999998,0.14915567106086092,0.00013,0.00023,93430.4,0
2025-11-18 14:14:58.697376,93430.4,85.74000000000524,0.09176884611433243,0.04235000000000001,0.04235000000000001,0.24563,1.6045099999999999,-1.3588799999999999,0.15308723535534213,0.00013,0.00023,93417.31,0
2025-11-18 14:15:00.731357,93417.31,85.94000000000233,0.09199579820913525,9.999999999996123e-06,-0.042340000000000017,0.24564,1.6045099999999999,-1.3588699999999998,0.1530934677876735,0.0001,0.00023,93417.31,0
2025-11-18 14:15:02.772007,93417.31,85.94000000000233,0.09199579820913525,0.0,-9.999999999996123e-06,0.24564,1.6045099999999999,-1.3588699999999998,0.1530934677876735,0.0001,0.00023,93417.31,0
2025-11-18 14:15:04.806549,93417.31,85.94000000000233,0.09199579820913525,0.0,0.0,0.24564,1.6045099999999999,-1.3588699999999998,0.1530934677876735,0.0001,0.00023,93414.715,0
2025-11-18 14:15:06.836183,93414.715,80.75,0.08644248392771953,-0.1318,-0.1318,0.24561,1.7362799999999998,-1.4906699999999997,0.14145759900476884,0.0001,1.0587,93414.70999999999,0
2025-11-18 14:15:08.869281,93414.70999999999,80.74000000000524,0.08643178360239544,0.13177,0.26356999999999997,0.24561,1.6045099999999999,-1.3588999999999998,0.1530747704906794,0.0001,0.00023,93407.475,0
2025-11-18 14:15:10.901704,93407.475,95.2100000000064,0.10192974384545392,-0.13175000000000003,-0.26352000000000003,0.24576,1.7364099999999998,-1.4906499999999998,0.14153339361095596,0.05515,0.00023,93407.485,1
2025-11-18 14:15:12.939484,93407.485,95.20999999999185,0.10192973293306404,-0.09807000000000007,0.03367999999999996,0.14836,1.7370800000000002,-1.5887200000000001,0.08540769567319868,0.00023,1.05858,93421.70999999999,1
2025-11-18 14:15:14.974274,93421.70999999999,83.56000000001222,0.0894438776597134,0.11791000000000018,0.21598000000000026,0.26604,1.73685,-1.47081,0.1531738492097763,0.055,1.05835,93432.15,1
2025-11-18 14:15:17.005456,93432.15,91.63999999999942,0.09808187010573921,-0.1586700000000001,-0.27658000000000027,0.14859,1.7780699999999998,-1.6294799999999998,0.08356813848723617,0.00023,1.05813,93435.745,1
2025-11-18 14:15:19.039821,93435.745,84.44999999999709,0.0903829685309376,-0.09305000000000001,0.06562000000000008,0.055670000000000004,1.7781999999999998,-1.7225299999999997,0.031306939601844566,0.00023,1.05813,93433.07,0
2025-11-18 14:15:21.077493,93433.07,46.560000000012224,0.04983246295986231,0.26737999999999995,0.36043,0.28148,1.73663,-1.45515,0.16208403632322374,0.00023,0.00102,93436.265,1
2025-11-18 14:15:23.116596,93436.265,40.170000000012806,0.0429918725882427,0.13189999999999996,-0.13548,0.28148,1.60473,-1.32325,0.17540645466838659,0.00023,0.00102,93430.18,0
2025-11-18 14:15:25.150126,93430.18,52.34000000001106,0.05602044221686297,-0.13280999999999993,-0.2647099999999999,0.14867,1.60473,-1.45606,0.09264486860718002,0.00023,0.00102,93422.99,0
2025-11-18 14:15:27.188180,93422.99,66.72000000000116,0.07141711049924773,0.13280999999999998,0.2656199999999999,0.28148,1.60473,-1.32325,0.17540645466838659,0.00023,0.00102,93422.99,0
2025-11-18 14:15:29.226194,93422.99,66.72000000000116,0.07141711049924773,0.00021000000000000185,-0.1326,0.28169,1.60473,-1.32304,0.1755373178042412,0.00023,0.00102,93423.45999999999,1
2025-11-18 14:15:31.263667,93423.45999999999,67.65999999998894,0.0724229224650735,-0.2635199999999998,-0.2637299999999998,0.14893,1.73549,-1.58656,0.08581438095292973,0.00023,1.05791,93401.72,0
2025-11-18 14:15:33.294928,93401.72,43.01999999998952,0.046059108975712144,-0.00012000000000000205,0.2633999999999998,0.14881,1.73549,-1.5866799999999999,0.08574523621570854,0.00023,0.055,93407.86,1
2025-11-18 14:15:35.329603,93407.86,55.29999999998836,0.059202726622779235,-0.12695000000000017,-0.12683000000000016,0.05567,1.7692999999999999,-1.7136299999999998,0.03146442095744079,0.00023,1.0578,93388.005,0
2025-11-18 14:15:37.358938,93388.005,72.34999999999127,0.07747247625644349,0.22443999999999992,0.3513900000000001,0.14912999999999998,1.63832,-1.48919,0.09102617315298597,0.00023,0.00102,93398.39499999999,1
2025-11-18 14:15:39.399550,93398.39499999999,91.61000000000058,0.09808519728845512,-0.13052999999999976,-0.3549699999999997,0.14925,1.76897,-1.61972,0.08437113122325421,0.00023,1.05747,93395.205,0
2025-11-18 14:15:41.432185,93395.205,85.20999999999185,0.09123594728443697,-0.09362000000000001,0.03690999999999975,0.05563,1.76897,-1.7133399999999999,0.03144767859262735,0.00023,1.05747,93392.405,0
2025-11-18 14:15:43.470021,93392.405,79.61000000000058,0.08524247769398441,0.09362000000000001,0.18724000000000002,0.14925,1.76897,-1.61972,0.08437113122325421,0.00023,1.05747,93392.02,0
2025-11-18 14:15:45.507374,93392.02,80.38000000000466,0.08606731067601349,0.0,-0.09362000000000001,0.14925,1.76897,-1.61972,0.08437113122325421,0.00023,1.05747,93386.41500000001,0
2025-11-18 14:15:47.539614,93386.41500000001,91.59000000001106,0.09807636367667723,0.033900000000000007,0.033900000000000007,0.14923,1.7350499999999998,-1.5858199999999998,0.08600904873058414,0.00021,1.05747,93383.775,0
2025-11-18 14:15:49.570239,93383.775,86.2899999999936,0.09240363221554665,-0.09358000000000001,-0.12748,0.055650000000000005,1.7350499999999998,-1.6793999999999998,0.03207400363101929,0.00023,1.05747,93379.125,0
2025-11-18 14:15:51.603767,93379.125,76.98999999999069,0.08244883425496939,0.00032999999999994145,0.09390999999999995,0.05565,1.7347199999999998,-1.6790699999999998,0.03208010514665191,0.00023,1.05714,93351.23000000001,0
2025-11-18 14:15:53.635347,93351.23000000001,30.479999999995925,0.03265088205050531,0.13099999999999992,0.13066999999999998,0.05567,1.60374,-1.54807,0.03471260927581778,0.00023,0.00102,93369.465,1
2025-11-18 14:15:55.672176,93369.465,66.94999999999709,0.07170438429736861,-0.13065,-0.26164999999999994,0.05567,1.7343899999999999,-1.6787199999999998,0.03209774041593875,0.00023,1.05681,93366.865,0
2025-11-18 14:15:57.709757,93366.865,61.75,0.0661369534041868,0.0,0.13065,0.05567,1.7343899999999999,-1.6787199999999998,0.03209774041593875,0.00023,1.05681,93366.865,0
2025-11-18 14:15:59.742668,93366.865,61.75,0.0661369534041868,-0.2248,-0.2248,0.055670000000000004,1.95919,-1.9035199999999999,0.02841480407719517,0.00023,1.05681,93356.755,0
2025-11-18 14:16:01.779383,93356.755,81.97000000000116,0.0878029661592256,0.18997999999999998,0.41478,0.055670000000000004,1.7692100000000002,-1.71354,0.03146602155764437,0.00023,1.05681,93351.645,0
2025-11-18 14:16:03.812036,93351.645,81.58999999999651,0.08740070943580748,0.09447,-0.09550999999999998,0.15014,1.7692100000000002,-1.6190700000000002,0.08486273534515404,0.00023,1.05681,93351.86,1
2025-11-18 14:16:05.845153,93351.86,81.17999999999302,0.08696130960860664,-0.00023000000000000104,-0.0947,0.14991,1.7692100000000002,-1.6193000000000002,0.08473273381904917,0.00023,0.055,93351.86,0
2025-11-18 14:16:07.879352,93351.86,81.17999999999302,0.08696130960860664,0.03410999999999999,0.03433999999999999,0.15012,1.7353100000000001,-1.58519,0.08650903873083195,0.00023,0.055,93351.86,0
2025-11-18 14:16:09.913553,93351.86,81.17999999999302,0.08696130960860664,0.00030000000000000165,-0.033809999999999986,0.15014,1.73503,-1.5848900000000001,0.08653452678051676,0.00023,0.05472,93362.445,1
2025-11-18 14:16:11.951133,93362.445,84.77000000000407,0.09079667954283338,0.1897500000000002,0.1894500000000002,0.20827,1.60341,-1.39514,0.12989191785008203,0.055,1.05681,93362.45999999999,1
2025-11-18 14:16:13.988957,93362.45999999999,84.75999999999476,0.09078595401191739,-0.1526,-0.3423500000000002,0.055670000000000004,1.60341,-1.54774,0.034719753525299206,0.00023,0.055,93382.435,1
2025-11-18 14:16:16.026067,93382.435,72.05000000000291,0.07715583771188117,0.09447,0.24707,0.15014,1.60341,-1.45327,0.09363793415283676,0.055,0.0001,93382.44,1
2025-11-18 14:16:18.077009,93382.44,72.04000000000815,0.07714512492927808,-0.09447,-0.18894,0.055670000000000004,1.60341,-1.54774,0.034719753525299206,0.00023,0.0001,93382.44,0
2025-11-18 14:16:20.111794,93382.44,72.04000000000815,0.07714512492927808,0.09424,0.18871,0.14991,1.60341,-1.4535,0.09349448986846783,0.00023,0.0001,93372.795,0
2025-11-18 14:16:22.146569,93372.795,85.48999999999069,0.09155771764140797,0.00021000000000005042,-0.09402999999999995,0.15012,1.60341,-1.45329,0.09362546073680468,0.00023,1.05681,93372.795,0
2025-11-18 14:16:24.182495,93372.795,85.48999999999069,0.09155771764140797,-0.13189999999999996,-0.13211,0.15012,1.7353100000000001,-1.58519,0.08650903873083195,0.00023,1.05681,93372.795,0
2025-11-18 14:16:26.214147,93372.795,85.48999999999069,0.09155771764140797,-0.00021000000000000185,0.13168999999999997,0.14991,1.7353100000000001,-1.5854000000000001,0.08638802288928202,0.00023,1.05681,93358.765,0
2025-11-18 14:16:28.245619,93358.765,84.1700000000128,0.09015757652750955,0.0006800000000000139,0.0008900000000000158,0.15025,1.7349700000000001,-1.5847200000000001,0.08660092105338996,0.00023,1.05647,93367.95000000001,1
2025-11-18 14:16:30.278789,93367.95000000001,91.58000000000175,0.09808504952716829,0.00023000000000000104,-0.0004500000000000129,0.15048,1.7349700000000001,-1.5844900000000002,0.08673348818711563,0.055,1.05647,93367.955,1
2025-11-18 14:16:32.313986,93367.955,91.57000000000698,0.09807433396180412,-0.00023000000000000104,-0.0004600000000000021,0.15025,1.7349700000000001,-1.5847200000000001,0.08660092105338996,0.00023,1.05647,93365.11499999999,0
2025-11-18 14:16:34.347146,93365.11499999999,85.8700000000099,0.0919722532339942,-0.09427000000000006,-0.09404000000000007,0.055650000000000005,1.7346400000000002,-1.6789900000000002,0.032081584651570356,0.00023,1.05614,93346.255,0
2025-11-18 14:16:36.381093,93346.255,79.63000000000466,0.08530604682534361,0.09517,0.18944000000000005,0.15082,1.7346400000000002,-1.5838200000000002,0.08694599455794862,0.00023,1.05614,93352.905,1
2025-11-18 14:16:38.415113,93352.905,92.92999999999302,0.09954698249614514,0.13193000000000024,0.03676000000000024,0.15072,1.6026099999999999,-1.45189,0.09404658650576248,0.00023,0.055,93357.32,1
2025-11-18 14:16:40.451844,93357.32,84.08000000000175,0.09006256820568728,0.0,-0.13193000000000024,0.15072000000000002,1.6026099999999999,-1.45189,0.09404658650576249,0.00023,1.05601,93357.32999999999,1
2025-11-18 14:16:42.487414,93357.32999999999,84.08000000000175,0.09006255855860676,0.8289399999999999,0.8289399999999999,0.055650000000000005,0.6786000000000001,-0.6229500000000001,0.08200707338638373,0.00023,0.055,93357.32999999999,0
2025-11-18 14:16:44.523480,93357.32999999999,84.08000000000175,0.09006255855860676,0.0,-0.8289399999999999,0.055650000000000005,0.6786000000000001,-0.6229500000000001,0.08200707338638373,0.00023,0.055,93357.32999999999,0
2025-11-18 14:16:46.561817,93357.32999999999,84.08000000000175,0.09006255855860676,0.0,0.0,0.055650000000000005,0.6786000000000001,-0.6229500000000001,0.08200707338638373,0.00023,0.055,93357.32999999999,0
2025-11-18 14:16:48.600159,93357.32999999999,84.08000000000175,0.09006255855860676,0.0,0.0,0.055650000000000005,0.6786000000000001,-0.6229500000000001,0.08200707338638373,0.00023,0.055,93346.955,0
2025-11-18 14:16:50.671245,93346.955,81.02999999999884,0.08680518823565143,-0.96076,-0.96076,0.1508,1.7345099999999998,-1.5837099999999997,0.08694098044981004,0.00023,1.05601,93346.955,0
2025-11-18 14:16:52.707929,93346.955,81.02999999999884,0.08680518823565143,0.0,0.96076,0.1508,1.7345099999999998,-1.5837099999999997,0.08694098044981004,0.00023,1.05601,93340.015,0
2025-11-18 14:16:54.743002,93340.015,67.14999999999418,0.07194127834669212,-0.09512999999999999,-0.09512999999999999,0.05567,1.7345099999999998,-1.6788399999999997,0.032095519772154676,0.00023,0.055,93340.01000000001,0
2025-11-18 14:16:56.779766,93340.01000000001,67.13999999999942,0.07193056868110408,0.0,0.09512999999999999,0.05567,1.7345099999999998,-1.6788399999999997,0.032095519772154676,0.00023,1.05601,93340.01000000001,0
2025-11-18 14:16:58.816631,93340.01000000001,67.13999999999942,0.07193056868110408,0.09512999999999999,0.09512999999999999,0.1508,1.7345099999999998,-1.5837099999999997,0.08694098044981004,0.00023,1.05601,93340.01000000001,0
2025-11-18 14:17:00.849245,93340.01000000001,67.13999999999942,0.07193056868110408,0.000909999999999779,-0.09422000000000022,0.15137,1.7341700000000002,-1.5828000000000002,0.08728671352866212,0.00023,1.05567,93336.345,0
2025-11-18 14:17:02.883484,93336.345,74.47000000000116,0.0797867111680891,0.13167000000000004,0.13076000000000026,0.15114,1.60227,-1.45113,0.0943286711977382,0.00023,1.05567,93336.345,0
2025-11-18 14:17:04.918941,93336.345,74.47000000000116,0.0797867111680891,0.00023000000000000104,-0.13144000000000003,0.15137,1.60227,-1.4509,0.09447221754136319,0.00023,1.05567,93341.48999999999,1
2025-11-18 14:17:06.956512,93341.48999999999,84.75999999999476,0.09080634988791669,0.05902,0.05879,0.21039,1.60227,-1.39188,0.13130745754460857,0.00023,1.05567,93341.495,1
2025-11-18 14:17:08.992709,93341.495,84.75,0.09079563167485158,-0.05835999999999998,-0.11737999999999998,0.15169,1.60193,-1.45024,0.09469202774153676,0.00023,1.05533,93341.495,0
2025-11-18 14:17:11.032511,93341.495,84.75,0.09079563167485158,0.0,0.05835999999999998,0.15169,1.6019300000000003,-1.4502400000000004,0.09469202774153675,0.00023,0.49048,93341.495,0
2025-11-18 14:17:13.070815,93341.495,84.75,0.09079563167485158,0.05925,0.05925,0.21094,1.6019300000000003,-1.3909900000000004,0.13167866261322278,0.00023,0.49048,93347.225,1
2025-11-18 14:17:15.108246,93347.225,73.2899999999936,0.07851331413439831,0.04218999999999998,-0.01706000000000002,0.28425,1.6330500000000001,-1.3488000000000002,0.17406080646642785,0.055,0.49048,93347.23,1
2025-11-18 14:17:17.142404,93347.23,73.27999999999884,0.07850259723828852,-0.13277,-0.17495999999999998,0.15148,1.6330500000000001,-1.48157,0.09275894798077217,0.00023,0.49048,93346.63,0
2025-11-18 14:17:19.176738,93346.63,72.08000000000175,0.07721757068252141,-0.10081999999999995,0.03195000000000005,0.15144000000000002,1.7338300000000002,-1.5823900000000002,0.08734420329559414,0.00019,1.05533,93340.89,0
2025-11-18 14:17:21.213326,93340.89,83.55999999999767,0.08952132339856377,3.9999999999999996e-05,0.10085999999999995,0.15148,1.7338300000000002,-1.5823500000000001,0.0873672736081392,0.00023,1.05533,93340.89,0
2025-11-18 14:17:23.242319,93340.89,83.55999999999767,0.08952132339856377,0.00068,0.00064,0.15182,1.7334900000000002,-1.5816700000000001,0.08758054560453189,0.00023,1.05499,93340.89,0
2025-11-18 14:17:25.274305,93340.89,83.55999999999767,0.08952132339856377,0.00021000000000000185,-0.0004699999999999982,0.15203,1.7334900000000002,-1.5814600000000003,0.08770168850123161,0.00023,1.05499,93340.89,0
2025-11-18 14:17:27.305293,93340.89,83.55999999999767,0.08952132339856377,0.13169000000000003,0.13148000000000004,0.15182,1.60159,-1.44977,0.09479329915896079,0.00023,1.05499,93344.23,1
2025-11-18 14:17:29.335694,93344.23,79.27999999999884,0.08493294122196823,-0.09614999999999993,-0.22783999999999996,0.055670000000000004,1.60159,-1.54592,0.03475920803701322,0.055,0.49048,93352.36499999999,1
2025-11-18 14:17:31.366990,93352.36499999999,85.77000000000407,0.0918776937252785,0.15515000000000004,0.25129999999999997,0.21082,1.60159,-1.39077,0.13163169100706174,0.055,0.49048,93350.73000000001,0
2025-11-18 14:17:33.402611,93350.73000000001,82.4600000000064,0.0883335352599882,-0.05899999999999994,-0.21414999999999998,0.15182,1.60159,-1.44977,0.09479329915896079,0.00023,1.05499,93346.78,0
2025-11-18 14:17:35.436490,93346.78,90.36000000000058,0.09680033955108101,0.0,0.05899999999999994,0.15182,1.60159,-1.44977,0.09479329915896079,0.00023,1.05499,93346.785,1
2025-11-18 14:17:37.466612,93346.785,90.35000000000582,0.09678962162436104,-0.0960699999999999,-0.0960699999999999,0.055670000000000004,1.60151,-1.5458399999999999,0.03476094435876142,0.00023,1.05491,93341.735,0
2025-11-18 14:17:39.495392,93341.735,80.26999999998952,0.08599583026819624,-0.13190000000000002,-0.03583000000000011,0.05567,1.7334100000000001,-1.67774,0.032115887181913105,0.00023,1.05491,93335.295,0
2025-11-18 14:17:41.525394,93335.295,72.36999999999534,0.0775376560389029,0.0,0.13190000000000002,0.05567,1.7334100000000001,-1.67774,0.032115887181913105,0.00023,1.05491,93319.455,0
2025-11-18 14:17:43.559312,93319.455,40.69000000000233,0.04360291216874587,0.09691,0.09691,0.15224,1.73307,-1.5808300000000002,0.08784411477897602,0.00023,1.05457,93319.455,0
2025-11-18 14:17:45.594169,93319.455,40.69000000000233,0.04360291216874587,0.00023000000000000104,-0.09667999999999999,0.15247,1.73307,-1.5806,0.0879768272487551,0.00023,1.05457,93312.765,0
2025-11-18 14:17:47.629149,93312.765,27.30999999999767,0.029267164036986443,-0.02622999999999992,-0.02645999999999992,0.15650999999999998,1.7633399999999997,-1.6068299999999998,0.08875769845860697,0.00023,1.05032,93312.765,0
2025-11-18 14:17:49.658403,93312.765,27.30999999999767,0.029267164036986443,-0.10083999999999999,-0.07461000000000007,0.05567,1.7633399999999997,-1.7076699999999998,0.031570769108623414,0.00023,1.05032,93312.76999999999,1
2025-11-18 14:17:51.696425,93312.76999999999,27.319999999992433,0.029277879115572752,0.13628,0.23712,0.15650999999999998,1.7279,-1.57139,0.0905781584582441,0.00023,0.055,93312.765,0
2025-11-18 14:17:53.726052,93312.765,27.30999999999767,0.029267164036986443,0.0,-0.13628,0.15650999999999998,1.7279,-1.57139,0.0905781584582441,0.00023,1.05032,93312.765,0
2025-11-18 14:17:55.762715,93312.765,27.30999999999767,0.029267164036986443,0.0003999999999999282,0.0003999999999999282,0.15682000000000001,1.7278099999999998,-1.5709899999999999,0.09076229446524793,0.00023,1.05023,93312.765,0
2025-11-18 14:17:57.803752,93312.765,27.30999999999767,0.029267164036986443,-0.00021000000000000185,-0.00060999999999993,0.15661,1.7278099999999998,-1.5712,0.09064075332357147,0.00023,1.05023,93310.465,0
2025-11-18 14:17:59.834434,93310.465,22.710000000006403,0.024338106127760058,-0.10094,-0.10073,0.05567,1.7278099999999998,-1.6721399999999997,0.03221997789108756,0.00023,1.05023,93317.16,1
2025-11-18 14:18:01.867813,93317.16,36.10000000000582,0.03868527503409428,0.10094,0.20188,0.15661,1.7278099999999998,-1.5712,0.09064075332357147,0.00023,1.05023,93317.16,0
2025-11-18 14:18:03.899892,93317.16,36.10000000000582,0.03868527503409428,-0.13640000000000002,-0.23734000000000002,0.05565,1.76325,-1.7076,0.03156103785623139,0.00023,1.05023,93317.16,0
2025-11-18 14:18:05.927410,93317.16,36.10000000000582,0.03868527503409428,0.0,0.13640000000000002,0.05565,1.76325,-1.7076,0.03156103785623139,0.00023,1.05023,93317.16,0
2025-11-18 14:18:07.964217,93317.16,36.10000000000582,0.03868527503409428,0.00034000000000000696,0.00034000000000000696,0.05565,1.76291,-1.70726,0.031567124810682336,0.00023,1.04989,93317.16,0
2025-11-18 14:18:09.999572,93317.16,36.10000000000582,0.03868527503409428,0.0,-0.00034000000000000696,0.05565,1.76291,-1.70726,0.031567124810682336,0.00023,1.04989,93317.16,0
2025-11-18 14:18:12.030976,93317.16,36.10000000000582,0.03868527503409428,-0.08816000000000002,-0.08816000000000002,0.15695,1.9523700000000002,-1.7954200000000002,0.08038947535559346,0.00023,0.49048,93317.16,0
2025-11-18 14:18:14.061186,93317.16,36.10000000000582,0.03868527503409428,-0.10119999999999998,-0.013039999999999968,0.05563,1.9522499999999998,-1.8966199999999998,0.028495325906005894,0.00023,0.49036,93317.16,0
2025-11-18 14:18:16.095444,93317.16,36.10000000000582,0.03868527503409428,0.23332,0.33452,0.15695,1.8202500000000001,-1.6633000000000002,0.08622441972256557,0.00023,0.49036,93339.915,1
2025-11-18 14:18:18.128562,93339.915,66.47000000000116,0.07121283536630729,0.12252000000000006,-0.11079999999999994,0.05561000000000001,1.59639,-1.54078,0.03483484612156178,0.055,0.0001,93339.92,1
2025-11-18 14:18:20.163988,93339.92,66.45999999999185,0.07120211802194801,0.10149,-0.021030000000000063,0.15710000000000002,1.59639,-1.43929,0.09840953651676597,0.00023,0.0001,93336.13,0
2025-11-18 14:18:22.197603,93336.13,74.0399999999936,0.07932619447580866,-0.00014999999999999736,-0.10164,0.15695,1.59639,-1.43944,0.09831557451499948,0.00023,0.0001,93336.13,0
2025-11-18 14:18:24.232634,93336.13,74.0399999999936,0.07932619447580866,-0.10128,-0.10113,0.055670000000000004,1.59639,-1.5407199999999999,0.03487243092226837,0.00023,0.0001,93336.13,0
2025-11-18 14:18:26.268441,93336.13,74.0399999999936,0.07932619447580866,0.10128,0.20256,0.15695,1.59639,-1.43944,0.09831557451499948,0.00023,0.0001,93342.98999999999,1
2025-11-18 14:18:28.299569,93342.98999999999,87.36000000000058,0.09359031674472887,-0.2332000000000001,-0.3344800000000001,0.055650000000000005,1.7282899999999999,-1.67264,0.032199457267009596,0.00023,1.04989,93342.995,1
2025-11-18 14:18:30.333837,93342.995,87.34999999999127,0.09357959855476168,-1.9999999999996326e-05,0.2331800000000001,0.05563,1.7282899999999999,-1.6726599999999998,0.03218788513501785,0.00023,1.04989,93342.995,0
2025-11-18 14:18:32.362878,93342.995,87.34999999999127,0.09357959855476168,0.0,1.9999999999996326e-05,0.05563,1.7282899999999999,-1.6726599999999998,0.03218788513501785,0.00023,1.04989,93342.995,0
2025-11-18 14:18:34.397462,93342.995,87.34999999999127,0.09357959855476168,0.0,0.0,0.05563,1.7282899999999999,-1.6726599999999998,0.03218788513501785,0.00023,1.04989,93349.98999999999,1
2025-11-18 14:18:36.433363,93349.98999999999,77.19999999999709,0.08269952680230291,0.10126,0.10126,0.15689,1.7282899999999999,-1.5714,0.0907775894091848,0.00017,0.49038,93353.07999999999,1
2025-11-18 14:18:38.469140,93353.07999999999,83.36000000000058,0.08929539336034825,-0.10122000000000006,-0.20248000000000005,0.05561,1.72823,-1.67262,0.03217743008743049,0.00023,1.04983,93358.905,1
2025-11-18 14:18:40.499685,93358.905,85.85000000000582,0.09195694829540452,0.2333,0.33452000000000004,0.15700999999999998,1.59633,-1.43932,0.09835685603853839,0.00023,1.04983,93355.775,0
2025-11-18 14:18:42.528112,93355.775,79.56999999999243,0.08523307743949685,-0.10142,-0.33472,0.05559,1.59633,-1.54074,0.03482362669372874,0.00023,1.04983,93362.1,1
2025-11-18 14:18:44.565208,93362.1,79.47999999999593,0.08513090429627859,0.10158,0.203,0.15717,1.59633,-1.43916,0.09845708594087689,0.055,0.49038,93354.215,0
2025-11-18 14:18:46.602016,93354.215,84.2899999999936,0.09029051339566575,0.1326,0.031019999999999992,0.28976999999999997,1.59633,-1.3065600000000002,0.18152261750389956,0.055,1.04983,93354.225,1
2025-11-18 14:18:48.636323,93354.225,84.27000000000407,0.09026907994791245,-0.23418,-0.36678,0.05559,1.59633,-1.54074,0.03482362669372874,0.00023,1.04983,93345.735,0
2025-11-18 14:18:50.673112,93345.735,90.25,0.0966835817405048,0.10141,0.33559,0.157,1.59633,-1.43933,0.09835059166964225,0.00023,1.04983,93345.735,0
2025-11-18 14:18:52.712282,93345.735,90.25,0.0966835817405048,-0.22463,-0.32604,0.15716999999999998,1.8211300000000001,-1.66396,0.08630355877943913,0.00023,1.04983,93345.735,0
2025-11-18 14:18:54.748235,93345.735,90.25,0.0966835817405048,0.0,0.22463,0.15716999999999998,1.8211300000000001,-1.66396,0.08630355877943913,0.00023,1.04983,93345.735,0
2025-11-18 14:18:56.781343,93345.735,90.25,0.0966835817405048,0.0,0.0,0.15716999999999998,1.8211300000000001,-1.66396,0.08630355877943913,0.00023,1.04983,93331.6,0
2025-11-18 14:18:58.814138,93331.6,61.979999999995925,0.06640837615555281,0.09272999999999998,0.09272999999999998,0.157,1.72823,-1.57123,0.09084438992495213,0.00023,1.04983,93331.6,0
2025-11-18 14:19:00.848034,93331.6,61.979999999995925,0.06640837615555281,-0.10133,-0.19405999999999998,0.05567,1.72823,-1.6725599999999998,0.032212147688675696,0.00023,1.04983,93337.14499999999,1
2025-11-18 14:19:02.880154,93337.14499999999,73.06999999999243,0.0782860885663392,-0.09289999999999998,0.00843000000000002,0.05567,1.8211300000000001,-1.76546,0.030568932475990178,0.00023,1.04983,93336.39,0
2025-11-18 14:19:04.916085,93336.39,74.5799999999872,0.07990452598390317,0.10225000000000001,0.19515,0.157,1.8202099999999999,-1.6632099999999999,0.08625378390405503,0.00011,1.04983,93343.23999999999,1
2025-11-18 14:19:06.947232,93343.23999999999,88.25999999999476,0.09455424945608784,0.12254999999999999,0.020299999999999985,0.055670000000000004,1.59633,-1.54066,0.03487374164489799,0.00023,1.04983,93343.23999999999,0
2025-11-18 14:19:08.983912,93343.23999999999,88.25999999999476,0.09455424945608784,0.10133,-0.02121999999999999,0.157,1.59633,-1.43933,0.09835059166964225,0.00023,1.04983,93344.44,1
2025-11-18 14:19:11.017261,93344.44,85.88000000000466,0.09200333731714996,0.0,-0.10133,0.157,1.59633,-1.43933,0.09835059166964225,0.00023,0.055,93344.445,1
2025-11-18 14:19:13.052044,93344.445,85.8700000000099,0.09199261937869992,-0.10136999999999999,-0.10136999999999999,0.05563,1.59633,-1.5407,0.03484868416931336,0.00023,0.055,93344.445,0
2025-11-18 14:19:15.085978,93344.445,85.8700000000099,0.09199261937869992,0.0,0.10136999999999999,0.05563,1.59633,-1.5407,0.03484868416931336,0.00023,0.055,93354.26000000001,1
2025-11-18 14:19:17.116941,93354.26000000001,95.13999999999942,0.10191286396571447,-0.12325999999999998,-0.12325999999999998,0.15717,1.8211300000000001,-1.66396,0.08630355877943914,0.00023,1.04983,93354.26000000001,0
2025-11-18 14:19:19.150815,93354.26000000001,95.13999999999942,0.10191286396571447,0.0,0.12325999999999998,0.15717,1.8211300000000001,-1.66396,0.08630355877943914,0.00023,1.04983,93350.33,0
2025-11-18 14:19:21.184361,93350.33,87.27999999999884,0.0934972591955474,-0.00016999999999999654,-0.00016999999999999654,0.157,1.8211300000000001,-1.66413,0.08621021014425109,0.00023,0.055,93377.89499999999,1
2025-11-18 14:19:23.216431,93377.89499999999,83.50999999999476,0.08943230086734635,-0.008430000000000007,-0.00826000000000001,0.055670000000000004,1.72823,-1.6725599999999998,0.0322121476886757,0.00023,0.055,93388.225,1
2025-11-18 14:19:25.248603,93388.225,91.61000000000058,0.09809587878985876,0.23318,0.24161,0.157,1.5963800000000001,-1.43938,0.09834751124418997,0.055,1.04983,93385.485,0
2025-11-18 14:19:27.279242,93385.485,86.08999999999651,0.09218777414926582,-0.10135,-0.33453,0.055650000000000005,1.5963800000000001,-1.5407300000000002,0.03486012102381639,0.00023,1.04983,93390.38,1
2025-11-18 14:19:29.313809,93390.38,95.88000000000466,0.10266582061236355,5.000000000003179e-05,0.10140000000000003,0.055650000000000005,1.59633,-1.54068,0.03486121290710568,0.00023,1.04983,93397.44,1
2025-11-18 14:19:31.344932,93397.44,81.77999999999884,0.08756128647637326,0.10135,0.10129999999999996,0.157,1.59633,-1.43933,0.09835059166964225,0.00023,0.055,93397.44,0
2025-11-18 14:19:33.382984,93397.44,81.77999999999884,0.08756128647637326,0.0,-0.10135,0.157,1.59633,-1.43933,0.09835059166964225,0.00023,0.055,93397.435,0
2025-11-18 14:19:35.419632,93397.435,81.77000000000407,0.0875505842317876,0.0,0.0,0.157,1.59633,-1.43933,0.09835059166964225,0.00023,1.04983,93397.435,0
2025-11-18 14:19:37.453891,93397.435,81.77000000000407,0.0875505842317876,0.22483000000000003,0.22483000000000003,0.38176,1.59626,-1.2145000000000001,0.23915903424254192,0.00023,1.04976,93397.435,0
2025-11-18 14:19:39.488836,93397.435,81.77000000000407,0.0875505842317876,-0.22446,-0.44929,0.1573,1.59626,-1.43896,0.09854284389761066,0.00023,1.04976,93397.435,0
2025-11-18 14:19:41.519825,93397.435,81.77000000000407,0.0875505842317876,-5.000000000003179e-05,0.22440999999999997,0.1573,1.5963100000000001,-1.4390100000000001,0.09853975731530842,0.00023,1.04976,93397.435,0
2025-11-18 14:19:43.551954,93397.435,81.77000000000407,0.0875505842317876,0.058879999999999995,0.058930000000000024,0.21617999999999998,1.59631,-1.3801299999999999,0.13542482349919502,0.00023,0.49038,93397.435,0
2025-11-18 14:19:45.587428,93397.435,81.77000000000407,0.0875505842317876,0.0,-0.058879999999999995,0.21617999999999998,1.59631,-1.3801299999999999,0.13542482349919502,0.00023,0.49038,93404.25,1
2025-11-18 14:19:47.621731,93404.25,68.14000000001397,0.07295171258268651,0.07378000000000001,0.07378000000000001,0.28996,1.59631,-1.30635,0.1816439162819252,0.00023,0.49038,93404.25,0
2025-11-18 14:19:49.666314,93404.25,68.14000000001397,0.07295171258268651,0.00021,-0.07357000000000001,0.29017000000000004,1.5963100000000001,-1.30614,0.18177546967694247,0.00044,0.49038,93404.255,1
2025-11-18 14:19:51.704440,93404.255,68.13000000000466,0.07294100252713825,-0.133,-0.13321,0.15717,1.5963100000000001,-1.43914,0.09845831949934536,0.00023,0.49038,93404.255,0
2025-11-18 14:19:53.741091,93404.255,68.13000000000466,0.07294100252713825,0.0,0.133,0.15717,1.5963100000000001,-1.43914,0.09845831949934536,0.00023,0.49038,93404.255,0
2025-11-18 14:19:55.821938,93404.255,68.13000000000466,0.07294100252713825,5.000000000005694e-05,5.000000000005694e-05,0.15717,1.59626,-1.43909,0.09846140353075314,0.00023,0.49038,93406.54000000001,1
2025-11-18 14:19:57.858926,93406.54000000001,63.560000000012224,0.06804662714196695,0.35726,0.35720999999999997,0.51443,1.59626,-1.08183,0.32227206094245303,0.055,0.49038,93406.54500000001,1
2025-11-18 14:19:59.893390,93406.54500000001,63.55000000000291,0.06803591761155806,0.8253299999999999,0.4680699999999999,0.29015,0.54665,-0.25649999999999995,0.5307783773895546,0.00023,0.49038,93423.14,1
2025-11-18 14:20:01.926727,93423.14,66.0,0.07064630882669969,-1.1222900000000002,-1.9476200000000001,0.21747,1.59626,-1.37879,0.13623720446543797,0.00046,0.00102,93423.14499999999,1
2025-11-18 14:20:03.958312,93423.14499999999,65.99000000000524,0.07063560106010694,-0.00023,1.1220600000000003,0.21724,1.59626,-1.3790200000000001,0.13609311766253618,0.00023,0.00102,93404.28,0
2025-11-18 14:20:05.988623,93404.28,84.48000000001048,0.09044553418752382,0.00023000000000004858,0.0004600000000000486,0.21747,1.59626,-1.37879,0.13623720446543797,0.00046,1.04976,93404.285,1
2025-11-18 14:20:08.038015,93404.285,84.47000000000116,0.09043482319895833,-0.060329999999999995,-0.060560000000000044,0.15719,1.5963100000000001,-1.4391200000000002,0.0984708483941089,0.00023,1.04976,93404.285,0
2025-11-18 14:20:10.073012,93404.285,84.47000000000116,0.09043482319895833,0.0,0.060329999999999995,0.15719,1.5963100000000001,-1.4391200000000002,0.0984708483941089,0.00023,1.04976,93404.26999999999,0
2025-11-18 14:20:12.107980,93404.26999999999,84.4600000000064,0.09042413157343493,0.059759999999999924,0.059759999999999924,0.21702,1.5963800000000001,-1.3793600000000001,0.13594507573384781,1e-05,0.00022,93404.28,1
2025-11-18 14:20:14.140912,93404.28,84.48000000001048,0.09044553418752382,0.0,-0.059759999999999924,0.21702,1.5963800000000001,-1.3793600000000001,0.13594507573384781,1e-05,0.00022,93407.345,1
2025-11-18 14:20:16.177261,93407.345,78.35000000000582,0.08387991329804505,0.0,0.0,0.21702,1.5963800000000001,-1.3793600000000001,0.13594507573384781,0.055,0.00022,93414.695,1
2025-11-18 14:20:18.215205,93414.695,82.8700000000099,0.08871195265371244,0.15657000000000001,0.15657000000000001,0.37359,1.5963800000000001,-1.2227900000000003,0.23402322755233712,0.04715,0.00022,93414.695,0
2025-11-18 14:20:20.248137,93414.695,82.8700000000099,0.08871195265371244,0.8851199999999999,0.7285499999999999,0.20917,0.54684,-0.33767,0.38250676614731915,0.04715,0.00022,93417.245,1
2025-11-18 14:20:22.283470,93417.245,77.77000000000407,0.08325015365204153,-0.05213999999999999,-0.9372599999999999,0.15691,0.54672,-0.38981,0.28700248756218905,0.00017,0.00022,93428.675,1
2025-11-18 14:20:24.317305,93428.675,54.91000000000349,0.05877210610126226,0.6229899999999999,0.6751299999999999,0.28974,0.05656,0.23318,5.122701555869873,0.055,0.00022,93434.465,1
2025-11-18 14:20:26.352163,93434.465,43.330000000001746,0.046374750473502195,-1.04954,-1.6725299999999999,0.28974,1.1061,-0.8163600000000001,0.26194738269595874,0.055,0.00022,93434.47,1
2025-11-18 14:20:28.386223,93434.47,43.320000000006985,0.04636404530363043,-0.07807000000000003,0.9714699999999998,0.15689,1.05132,-0.8944300000000001,0.14923144237720198,0.00015,0.00022,93434.47,0
2025-11-18 14:20:30.421872,93434.47,43.320000000006985,0.04636404530363043,0.0,0.07807000000000003,0.15689,1.05132,-0.8944300000000001,0.14923144237720198,0.00015,0.00022,93434.47,0
2025-11-18 14:20:32.461803,93434.47,43.320000000006985,0.04636404530363043,-0.054900000000000004,-0.054900000000000004,0.15689,1.10622,-0.94933,0.14182531503679197,0.00015,0.00022,93434.47,0
2025-11-18 14:20:34.524214,93434.47,43.320000000006985,0.04636404530363043,0.0,0.054900000000000004,0.15689,1.10622,-0.94933,0.14182531503679197,0.00015,0.00022,93434.475,1
2025-11-18 14:20:36.558723,93434.475,43.330000000001746,0.04637474551015751,-0.49015999999999993,-0.49015999999999993,0.15689,1.59638,-1.43949,0.09827860534459215,0.00015,0.00102,93434.47,0
2025-11-18 14:20:38.593208,93434.47,43.320000000006985,0.04636404530363043,0.49024,0.9803999999999999,0.15689,1.10614,-0.9492499999999999,0.14183557235069702,0.00015,0.00014,93434.47,0
2025-11-18 14:20:40.621432,93434.47,43.320000000006985,0.04636404530363043,0.0,-0.49024,0.15689,1.10614,-0.9492499999999999,0.14183557235069702,0.00015,0.00014,93427.055,0
2025-11-18 14:20:42.664495,93427.055,58.15000000000873,0.06224107138987602,0.6248799999999999,0.6248799999999999,0.22232,0.54669,-0.32437000000000005,0.40666556915253615,0.055,0.00014,93427.055,0
2025-11-18 14:20:44.697791,93427.055,58.15000000000873,0.06224107138987602,-0.49219999999999986,-1.1170799999999996,0.28967,1.10624,-0.8165699999999999,0.2618509545849002,0.055,0.00014,93439.25,1
2025-11-18 14:20:46.730219,93439.25,82.51999999998952,0.08831406502084459,-0.6217999999999999,-0.12960000000000005,0.15704,1.59541,-1.43837,0.09843237788405489,0.00017,1.04978,93416.19,0
2025-11-18 14:20:48.764450,93416.19,36.39999999999418,0.03896540845863461,-0.0007100000000000485,0.6210899999999998,0.15710000000000002,1.59618,-1.43908,0.0984224836797855,0.00023,0.00102,93423.1,1
2025-11-18 14:20:50.800932,93423.1,22.580000000001746,0.024169611156129207,0.94796,0.9486700000000001,0.05553000000000001,0.54665,-0.49111999999999995,0.10158236531601575,0.00023,0.00102,93447.455,1
2025-11-18 14:20:52.834249,93447.455,71.29000000000815,0.07628886201342577,-0.9466399999999998,-1.8945999999999998,0.15710000000000002,1.5948600000000002,-1.4377600000000001,0.09850394391984249,0.00023,0.49005,93447.455,0
2025-11-18 14:20:54.870431,93447.455,71.29000000000815,0.07628886201342577,0.00017,0.9468099999999998,0.15727000000000002,1.59486,-1.43759,0.09861053634801803,0.0004,0.49005,93441.16,0
2025-11-18 14:20:56.905663,93441.16,83.86000000000058,0.08974631736164296,-0.10309999999999993,-0.10326999999999993,0.18629,1.7269799999999997,-1.5406899999999997,0.10787038645496766,0.055,1.04978,93435.48000000001,0
2025-11-18 14:20:58.941463,93435.48000000001,72.4600000000064,0.07755084043021601,-0.1305400000000001,-0.027440000000000173,0.05553,1.72676,-1.67123,0.03215849336329311,0.00023,1.04956,93428.61,0
2025-11-18 14:21:00.978829,93428.61,74.4200000000128,0.07965440136593363,0.10241999999999996,0.23296000000000006,0.15762,1.7264300000000001,-1.56881,0.09129822813551665,0.00023,1.04923,93400.13,0
2025-11-18 14:21:03.006906,93400.13,17.460000000006403,0.018693764130742006,0.13144,0.029020000000000046,0.15777,1.5951400000000002,-1.4373700000000003,0.09890667903757662,0.00023,0.00102,93400.13,0
2025-11-18 14:21:05.042665,93400.13,17.460000000006403,0.018693764130742006,-0.10220999999999997,-0.23364999999999997,0.05553,1.59511,-1.53958,0.03481264614979531,0.00023,0.00102,93400.13,0
2025-11-18 14:21:07.071494,93400.13,17.460000000006403,0.018693764130742006,0.1022300000000001,0.20444000000000007,0.15777,1.59512,-1.4373500000000001,0.09890791915341791,0.00023,0.00102,93386.035,0
2025-11-18 14:21:09.103681,93386.035,45.64999999999418,0.04888311191281884,0.49014,0.3879099999999999,0.15796,1.10517,-0.94721,0.14292823728476162,0.00042,0.00102,93386.04000000001,1
2025-11-18 14:21:11.136234,93386.04000000001,45.63999999999942,0.04887240105694536,-0.10243,-0.59257,0.05553,1.10517,-1.04964,0.050245663563071745,0.00023,0.00102,93386.035,0
2025-11-18 14:21:13.170985,93386.035,45.64999999999418,0.04888311191281884,0.10224,0.20467,0.15777,1.10517,-0.9474,0.14275631803251987,0.00023,0.00102,93386.035,0
2025-11-18 14:21:15.205833,93386.035,45.64999999999418,0.04888311191281884,0.0,-0.10224,0.15777,1.10517,-0.9474,0.14275631803251987,0.00023,0.00102,93385.455,0
2025-11-18 14:21:17.241275,93385.455,46.80999999999767,0.05012557897800859,-0.5921299999999999,-0.5921299999999999,0.05553,1.5950600000000001,-1.53953,0.03481373741426655,0.00023,0.00102,93385.455,0
2025-11-18 14:21:19.281366,93385.455,46.80999999999767,0.05012557897800859,0.10224,0.6943699999999999,0.15777,1.5950600000000001,-1.4372900000000002,0.09891163968753525,0.00023,0.00102,93385.455,0
2025-11-18 14:21:21.320758,93385.455,46.80999999999767,0.05012557897800859,-0.10232000000000005,-0.20456000000000005,0.055510000000000004,1.59512,-1.5396100000000001,0.034799889663473596,0.00023,0.00102,93385.455,0
2025-11-18 14:21:23.359550,93385.455,46.80999999999767,0.05012557897800859,0.0,0.10232000000000005,0.055510000000000004,1.59512,-1.5396100000000001,0.034799889663473596,0.00023,0.00102,93385.455,0
2025-11-18 14:21:25.397480,93385.455,46.80999999999767,0.05012557897800859,0.0,0.0,0.055510000000000004,1.59512,-1.5396100000000001,0.034799889663473596,0.00023,0.00102,93385.455,0
2025-11-18 14:21:27.429362,93385.455,46.80999999999767,0.05012557897800859,0.0,0.0,0.055510000000000004,1.59512,-1.5396100000000001,0.034799889663473596,0.00023,0.00102,93385.455,0
2025-11-18 14:21:29.467883,93385.455,46.80999999999767,0.05012557897800859,1.0000000000010001e-05,1.0000000000010001e-05,0.055510000000000004,1.59511,-1.5396,0.034800107829554075,0.00023,0.00102,93391.42,1
2025-11-18 14:21:31.501331,93391.42,34.88000000000466,0.03734818466193646,-6.938893903907228e-18,-1.000000000001694e-05,0.055510000000000004,1.59511,-1.5396,0.034800107829554075,0.055,0.00102,93394.95999999999,1
2025-11-18 14:21:33.534795,93394.95999999999,27.80000000000291,0.02976606018140905,0.10222999999999999,0.10222999999999999,0.15769,1.5950600000000001,-1.43737,0.09886148483442628,0.055,0.00102,93394.965,1
2025-11-18 14:21:35.567542,93394.965,27.789999999993597,0.02975535137252163,-0.10219999999999999,-0.20442999999999997,0.055490000000000005,1.5950600000000001,-1.53957,0.03478865998771206,0.00023,0.00102,93394.965,0
2025-11-18 14:21:37.605760,93394.965,27.789999999993597,0.02975535137252163,0.5922100000000001,0.6944100000000001,0.15777,1.10513,-0.94736,0.14276148507415418,0.00023,0.00095,93401.4,1
2025-11-18 14:21:39.643304,93401.4,14.919999999998254,0.015974064628579716,0.5588500000000001,-0.033360000000000056,0.15777,0.54628,-0.38851,0.2888079373215201,0.055,0.00095,93401.405,1
2025-11-18 14:21:41.679856,93401.405,14.910000000003492,0.01596335729639559,0.0,-0.5588500000000001,0.15777,0.54628,-0.38851,0.2888079373215201,0.00023,0.00095,93401.41,1
2025-11-18 14:21:43.714226,93401.41,14.89999999999418,0.015952649965342257,-0.10231,-0.10231,0.05546000000000001,0.54628,-0.49082,0.10152302848356157,0.00023,0.00095,93401.41,0
2025-11-18 14:21:45.743520,93401.41,14.89999999999418,0.015952649965342257,-0.94663,-0.84432,0.15777,1.5952199999999999,-1.43745,0.09890171888516945,0.00023,0.00095,93401.35500000001,0
2025-11-18 14:21:47.774047,93401.35500000001,15.009999999994761,0.016070430669870645,-0.10211000000000015,0.8445199999999998,0.05548000000000001,1.59504,-1.53956,0.034782826762965194,0.00023,0.00095,93392.76999999999,0
2025-11-18 14:21:49.806421,93392.76999999999,32.18000000000757,0.034456628709061285,0.10221,0.20432000000000014,0.15769,1.59504,-1.43735,0.09886272444578192,0.00015,0.00095,93392.775,1
2025-11-18 14:21:51.840268,93392.775,32.169999999998254,0.03444591939793871,-0.10235999999999994,-0.20456999999999992,0.055490000000000005,1.5952000000000002,-1.5397100000000001,0.03478560682046138,0.00023,0.00095,93386.53,0
2025-11-18 14:21:53.877963,93386.53,44.66000000000349,0.04782274274459442,0.10243999999999993,0.20479999999999987,0.15777,1.59504,-1.43727,0.0989128799277761,0.00023,0.00095,93386.53,0
2025-11-18 14:21:55.912529,93386.53,44.66000000000349,0.04782274274459442,0.0,-0.10243999999999993,0.15777,1.59504,-1.43727,0.0989128799277761,0.00023,0.00095,93389.98000000001,1
2025-11-18 14:21:57.944517,93389.98000000001,37.75999999999476,0.0404326031550652,0.38761999999999985,0.38761999999999985,0.055510000000000004,1.1051600000000001,-1.0496500000000002,0.050228021281986314,0.00023,0.00095,93389.98000000001,0
2025-11-18 14:21:59.975509,93389.98000000001,37.75999999999476,0.0404326031550652,-0.49004999999999976,-0.8776699999999996,0.055510000000000004,1.5952099999999998,-1.5396999999999998,0.034797926291836194,0.00023,0.00095,93389.98000000001,0
2025-11-18 14:22:02.008823,93389.98000000001,37.75999999999476,0.0404326031550652,0.49004999999999976,0.9800999999999995,0.055510000000000004,1.1051600000000001,-1.0496500000000002,0.050228021281986314,0.00023,0.00095,93389.98000000001,0
2025-11-18 14:22:04.040784,93389.98000000001,37.75999999999476,0.0404326031550652,-0.49004999999999976,-0.9800999999999995,0.055510000000000004,1.5952099999999998,-1.5396999999999998,0.034797926291836194,0.00023,0.00095,93389.98000000001,0
2025-11-18 14:22:06.076798,93389.98000000001,37.75999999999476,0.0404326031550652,0.0,0.49004999999999976,0.055510000000000004,1.5952099999999998,-1.5396999999999998,0.034797926291836194,0.00023,0.00095,93385.455,0
2025-11-18 14:22:08.108074,93385.455,46.80999999999767,0.05012557897800859,0.10247999999999999,0.10247999999999999,0.15777,1.5949900000000001,-1.4372200000000002,0.09891598066445556,0.00023,0.00095,93385.455,0
2025-11-18 14:22:10.144168,93385.455,46.80999999999767,0.05012557897800859,-0.1024799999999999,-0.2049599999999999,0.05553,1.59523,-1.5396999999999998,0.03481002739416887,0.00023,0.00095,93385.455,0
2025-11-18 14:22:12.175775,93385.455,46.80999999999767,0.05012557897800859,0.0,0.1024799999999999,0.05553,1.59523,-1.5396999999999998,0.03481002739416887,0.00023,0.00095,93385.455,0
2025-11-18 14:22:14.211751,93385.455,46.80999999999767,0.05012557897800859,0.0,0.0,0.05553,1.59523,-1.5396999999999998,0.03481002739416887,0.00023,0.00095,93387.275,1
2025-11-18 14:22:16.245078,93387.275,43.169999999998254,0.04622685478294367,-0.13187999999999997,-0.13187999999999997,0.05553000000000001,1.7271100000000001,-1.67158,0.03215197642304196,0.055,0.00095,93387.28,1
2025-11-18 14:22:18.277864,93387.28,43.16000000000349,0.04621614421150663,1.2829099999999998,1.4147899999999998,0.15777,0.54644,-0.38867000000000007,0.28872337310592194,0.00023,0.00095,93387.28,0
2025-11-18 14:22:20.310347,93387.28,43.16000000000349,0.04621614421150663,0.00019,-1.2827199999999999,0.15796,0.54644,-0.38848000000000005,0.2890710782519581,0.00042,0.00095,93387.285,1
2025-11-18 14:22:22.346734,93387.285,43.14999999999418,0.046205433641200916,-0.10238,-0.10257,0.05553,0.54639,-0.49086,0.10163070334376544,0.00023,0.00095,93389.675,1
2025-11-18 14:22:24.384930,93389.675,38.36999999999534,0.041085912334522356,0.10241,0.20479,0.15794,0.54639,-0.3884500000000001,0.28906092717655885,0.0004,0.00095,93392.065,1
2025-11-18 14:22:26.418487,93392.065,33.58999999999651,0.035966653055585086,-0.99406,-1.09647,0.15777,1.54028,-1.3825100000000001,0.10242942841561274,0.055,0.00095,93392.075,1
2025-11-18 14:22:28.454883,93392.075,33.570000000006985,0.035945234111145925,-0.10224,0.8918200000000001,0.05553,1.54028,-1.48475,0.03605188666995611,0.00023,0.00095,93392.075,0
2025-11-18 14:22:30.491363,93392.075,33.570000000006985,0.035945234111145925,0.0,0.10224,0.05553,1.54028,-1.48475,0.03605188666995611,0.00023,0.00095,93392.075,0
2025-11-18 14:22:32.527640,93392.075,33.570000000006985,0.035945234111145925,0.0,0.0,0.05553,1.54028,-1.48475,0.03605188666995611,0.00023,0.00095,93392.075,0
2025-11-18 14:22:34.560715,93392.075,33.570000000006985,0.035945234111145925,-0.05490000000000006,-0.05490000000000006,0.05553,1.59518,-1.53965,0.034811118494464575,0.00023,0.00095,93385.45,0
2025-11-18 14:22:36.596455,93385.45,46.820000000006985,0.05013628996809137,0.22066999999999998,0.27557000000000004,0.27613,1.59511,-1.31898,0.1731103184106425,1e-05,0.00095,93383.315,0
2025-11-18 14:22:38.655803,93383.315,42.529999999998836,0.04554346780257141,-0.22064000000000003,-0.44131,0.05553,1.5951499999999998,-1.5396199999999998,0.03481177318747454,0.00023,1.04889,93383.32,1
2025-11-18 14:22:40.689818,93383.32,42.5399999999936,0.04555417391456375,-0.22478999999999996,-0.0041499999999999315,0.05545,1.8198599999999998,-1.7644099999999998,0.030469376765245682,0.00023,0.055,93383.315,0
2025-11-18 14:22:42.721223,93383.315,42.529999999998836,0.04554346780257141,1.0489,1.27369,0.05564,0.77115,-0.71551,0.07215198080788433,0.00023,0.00018,93383.315,0
2025-11-18 14:22:44.759280,93383.315,42.529999999998836,0.04554346780257141,0.0,-1.0489,0.05564,0.77115,-0.71551,0.07215198080788433,0.00023,0.00018,93383.315,0
2025-11-18 14:22:46.792461,93383.315,42.529999999998836,0.04554346780257141,0.2248,0.2248,0.05564,0.54635,-0.49071,0.10183948018669352,0.00023,0.00018,93385.455,1
2025-11-18 14:22:48.821405,93385.455,46.80999999999767,0.05012557897800859,-1.04882,-1.2736200000000002,0.05553,1.5950600000000001,-1.53953,0.03481373741426655,0.00023,0.00095,93385.455,0
2025-11-18 14:22:50.854468,93385.455,46.80999999999767,0.05012557897800859,0.5922200000000001,1.6410400000000003,0.15782000000000002,1.1051300000000002,-0.9473100000000001,0.14280672862016233,0.00023,0.00095,93385.455,0
2025-11-18 14:22:52.888412,93385.455,46.80999999999767,0.05012557897800859,0.0,-0.5922200000000001,0.15782000000000002,1.1051300000000002,-0.9473100000000001,0.14280672862016233,0.00023,0.00095,93385.455,0
2025-11-18 14:22:54.922991,93385.455,46.80999999999767,0.05012557897800859,0.0,0.0,0.15782000000000002,1.1051300000000002,-0.9473100000000001,0.14280672862016233,0.00023,0.00095,93385.455,0
2025-11-18 14:22:56.961061,93385.455,46.80999999999767,0.05012557897800859,-0.10228999999999999,-0.10228999999999999,0.05553,1.1051300000000002,-1.0496,0.05024748219666464,0.00023,0.00095,93385.455,0
2025-11-18 14:22:58.997864,93385.455,46.80999999999767,0.05012557897800859,-0.49002,-0.38773,0.05553,1.5951500000000003,-1.5396200000000002,0.034811773187474526,0.00023,0.00095,93385.455,0
2025-11-18 14:23:01.035645,93385.455,46.80999999999767,0.05012557897800859,0.0,0.49002,0.05553,1.5951500000000003,-1.5396200000000002,0.034811773187474526,0.00023,0.00095,93385.455,0
2025-11-18 14:23:03.073167,93385.455,46.80999999999767,0.05012557897800859,-4.000000000007082e-05,-4.000000000007082e-05,0.05545,1.59511,-1.53966,0.03476249286883036,0.00023,0.00095,93401.295,1
2025-11-18 14:23:05.109617,93401.295,78.48999999999069,0.08403523741291882,0.0011299999999999605,0.0011700000000000313,0.055510000000000004,1.5940400000000001,-1.5385300000000002,0.03482346741612507,0.00023,1.04855,93390.85500000001,0
2025-11-18 14:23:07.142353,93390.85500000001,57.61000000000058,0.061686982092626276,-0.02912999999999999,-0.03025999999999995,0.15816,1.7258200000000001,-1.56766,0.09164339270607594,0.00023,1.04855,93387.805,0
2025-11-18 14:23:09.172968,93387.805,51.50999999999476,0.055157094654912135,0.13200000000000012,0.1611300000000001,0.15835,1.59401,-1.43566,0.09934065658308291,0.00023,0.00019,93387.815,1
2025-11-18 14:23:11.208103,93387.815,51.529999999998836,0.05517850481885548,-0.13199999999999995,-0.26400000000000007,0.15816,1.7258200000000001,-1.56766,0.09164339270607594,0.00023,0.055,93387.81,0
2025-11-18 14:23:13.246931,93387.81,51.520000000004075,0.055167799737464746,0.1320199999999999,0.2640199999999998,0.15835,1.5939900000000002,-1.4356400000000002,0.099341903023231,0.00023,0.00022,93387.81,0
2025-11-18 14:23:15.286758,93387.81,51.520000000004075,0.055167799737464746,0.0,-0.1320199999999999,0.15835,1.5939900000000002,-1.4356400000000002,0.099341903023231,0.00023,0.00022,93387.81,0
2025-11-18 14:23:17.324851,93387.81,51.520000000004075,0.055167799737464746,0.0,0.0,0.15835,1.5939900000000002,-1.4356400000000002,0.099341903023231,0.00023,0.00022,93384.16500000001,0
2025-11-18 14:23:19.360265,93384.16500000001,44.229999999995925,0.047363490373336765,-0.22486999999999988,-0.22486999999999988,0.15816,1.81867,-1.66051,0.08696464999147728,0.00023,1.04855,93384.16,0
2025-11-18 14:23:21.397007,93384.16,44.220000000001164,0.04735278445509512,0.12208000000000013,0.34695,0.05553,1.59396,-1.53843,0.03483776255363999,0.00023,0.00019,93342.76999999999,0
2025-11-18 14:23:23.430128,93342.76999999999,21.979999999995925,0.023547619167500523,0.5919999999999999,0.4699199999999997,0.15822,1.10465,-0.9464299999999999,0.14323088761146066,0.0001,0.00078,93334.975,0
2025-11-18 14:23:25.463810,93334.975,37.55000000000291,0.040231435214937286,-0.49003,-1.0820299999999998,0.15822,1.59468,-1.43646,0.09921739784784407,0.00019,0.00023,93334.975,0
2025-11-18 14:23:27.497915,93334.975,37.55000000000291,0.040231435214937286,0.0,0.49003,0.15822,1.59468,-1.43646,0.09921739784784407,0.00019,0.00023,93331.775,0
2025-11-18 14:23:29.534567,93331.775,43.94999999999709,0.04709007195030534,0.7146399999999999,0.7146399999999999,0.38293,1.10475,-0.7218199999999999,0.34662140755827114,0.055,0.00023,93331.78,1
2025-11-18 14:23:31.573194,93331.78,43.94000000000233,0.047079354963552957,-0.71466,-1.4293,0.1582,1.5946799999999999,-1.43648,0.09920485614668775,0.00017,0.00023,93331.78,0
2025-11-18 14:23:33.605989,93331.78,43.94000000000233,0.047079354963552957,0.0,0.71466,0.1582,1.5946799999999999,-1.43648,0.09920485614668775,0.00017,0.00023,93322.195,0
2025-11-18 14:23:35.643878,93322.195,63.11000000000058,0.06762592757275006,0.18436999999999998,0.18436999999999998,0.34252,1.59463,-1.25211,0.2147959087688053,0.055,0.00018,93322.20499999999,1
2025-11-18 14:23:37.682279,93322.20499999999,63.11000000000058,0.06762592032625096,0.3057899999999999,0.12141999999999992,0.15827,1.1045900000000002,-0.9463200000000002,0.14328393340515483,0.00024,0.00078,93322.20999999999,1
2025-11-18 14:23:39.715978,93322.20999999999,63.09999999999127,0.06761520114021226,-0.5927800000000001,-0.89857,0.05545,1.59455,-1.5391,0.03477470132639303,5e-05,0.00078,93322.20999999999,0
2025-11-18 14:23:41.747556,93322.20999999999,63.09999999999127,0.06761520114021226,0.48994,1.0827200000000001,0.05545,1.10461,-1.04916,0.0501987126678194,5e-05,0.00078,93322.20999999999,0
2025-11-18 14:23:43.786102,93322.20999999999,63.09999999999127,0.06761520114021226,2.0816681711721685e-17,-0.48994,0.05545,1.10461,-1.04916,0.0501987126678194,5e-05,0.00078,93322.20999999999,0
2025-11-18 14:23:45.821632,93322.20999999999,63.09999999999127,0.06761520114021226,-0.48994,-0.48994,0.05545,1.59455,-1.5391,0.03477470132639303,5e-05,0.00078,93322.20999999999,0
2025-11-18 14:23:47.853810,93322.20999999999,63.09999999999127,0.06761520114021226,0.0,0.48994,0.05545,1.59455,-1.5391,0.03477470132639303,5e-05,0.00078,93322.20999999999,0
2025-11-18 14:23:49.885691,93322.20999999999,63.09999999999127,0.06761520114021226,-6.000000000000001e-05,-6.000000000000001e-05,0.05545,1.5946100000000003,-1.5391600000000003,0.03477339286722145,5e-05,0.00078,93324.6,1
2025-11-18 14:23:51.922591,93324.6,58.31999999999243,0.06249156171040908,-0.029210000000000014,-0.029150000000000013,0.15808,1.7264500000000003,-1.5683700000000003,0.09156361319470588,5e-05,0.00078,93324.6,0
2025-11-18 14:23:53.955522,93324.6,58.31999999999243,0.06249156171040908,0.13202999999999998,0.16124,0.15825,1.5945900000000002,-1.4363400000000002,0.09924181137471073,5e-05,0.00078,93336.625,1
2025-11-18 14:23:55.992680,93336.625,34.26999999998952,0.036716562228374466,-0.10286,-0.23489,0.05541,1.59461,-1.5392000000000001,0.03474830836380055,0.00015,0.00078,93336.63,1
2025-11-18 14:23:58.029922,93336.63,34.25999999999476,0.03670584635420709,-6.938893903907228e-18,0.10285999999999998,0.05541,1.59461,-1.5392000000000001,0.03474830836380055,5e-05,0.00078,93336.63,0
2025-11-18 14:24:00.060947,93336.63,34.25999999999476,0.03670584635420709,-0.12206999999999983,-0.12206999999999982,0.15808,1.81935,-1.66127,0.08688817434798142,5e-05,0.00078,93340.22,1
2025-11-18 14:24:02.097812,93340.22,27.080000000001746,0.029012145032443405,1.1705200000000002,1.2925900000000001,0.05543000000000001,0.54618,-0.49075,0.10148668936980484,5e-05,0.00078,93346.15,1
2025-11-18 14:24:04.134888,93346.15,15.220000000001164,0.016304903844455466,-0.94562,-2.11614,0.15818,1.5945500000000001,-1.4363700000000001,0.09920040136715687,0.055,0.00078,93346.155,1
2025-11-18 14:24:06.168118,93346.155,15.209999999991851,0.016294190157047014,0.9455899999999999,1.89121,0.05541,0.5461900000000001,-0.49078000000000005,0.10144821399146817,5e-05,0.00078,93346.155,0
2025-11-18 14:24:08.201832,93346.155,15.209999999991851,0.016294190157047014,-0.89091,-1.8365,0.15808,1.53977,-1.38169,0.10266468368652461,5e-05,0.00078,93346.155,0
2025-11-18 14:24:10.236096,93346.155,15.209999999991851,0.016294190157047014,-0.05477999999999994,0.83613,0.15808,1.5945500000000001,-1.4364700000000001,0.09913768774889466,5e-05,0.00078,93346.155,0
2025-11-18 14:24:12.264973,93346.155,15.209999999991851,0.016294190157047014,0.0,0.05477999999999994,0.15808,1.5945500000000001,-1.4364700000000001,0.09913768774889466,5e-05,0.00078,93346.155,0
2025-11-18 14:24:14.291203,93346.155,15.209999999991851,0.016294190157047014,-0.00012,-0.00012,0.15808,1.59467,-1.43659,0.09913022757059455,5e-05,0.00078,93376.81,1
2025-11-18 14:24:16.317697,93376.81,76.52000000000407,0.08194754136493212,-0.2737999999999999,-0.27367999999999987,0.15808,1.8684700000000003,-1.7103900000000003,0.08460398079712277,5e-05,0.49012,93368.325,0
2025-11-18 14:24:18.346374,93368.325,83.08999999999651,0.08899163608214725,-7.999999999994123e-05,0.27371999999999996,0.15822,1.86869,-1.71047,0.08466893920339917,5e-05,1.04877,93368.32500000001,1
2025-11-18 14:24:20.376643,93368.32500000001,83.11000000000058,0.08901305662278998,0.11773999999999978,0.11781999999999972,0.27574,1.8684700000000003,-1.5927300000000004,0.147575288872714,0.055,0.055,93368.315,0
2025-11-18 14:24:22.407490,93368.315,83.07000000000698,0.08897022507047168,0.15680999999999998,0.0390700000000002,0.15815,1.5940699999999999,-1.4359199999999999,0.09921145244562662,0.00012,0.00018,93368.315,0
2025-11-18 14:24:24.434951,93368.315,83.07000000000698,0.08897022507047168,0.0,-0.15680999999999998,0.15815,1.5940699999999999,-1.4359199999999999,0.09921145244562662,0.00012,0.00018,93368.315,0
2025-11-18 14:24:26.465833,93368.315,83.07000000000698,0.08897022507047168,0.0,0.0,0.15815,1.5940699999999999,-1.4359199999999999,0.09921145244562662,0.00012,0.00018,93368.315,0
2025-11-18 14:24:28.495603,93368.315,83.07000000000698,0.08897022507047168,0.0,0.0,0.15815,1.5940699999999999,-1.4359199999999999,0.09921145244562662,0.00012,0.00018,93391.92,1
2025-11-18 14:24:30.528898,93391.92,19.519999999989523,0.020901165753942658,0.06521999999999992,0.06521999999999992,0.22329,1.59399,-1.3707,0.14008243464513578,0.00255,1.04855,93391.92499999999,1
2025-11-18 14:24:32.561277,93391.92499999999,19.50999999999476,0.02089045707109556,-0.11773999999999987,-0.1829599999999998,0.10569999999999999,1.5941400000000001,-1.4884400000000002,0.06630534331990916,0.00012,0.00037,93391.92,0
2025-11-18 14:24:34.597781,93391.92,19.5,0.02087975062510761,9.999999999998899e-05,0.11783999999999986,0.10569999999999999,1.5940400000000001,-1.4883400000000002,0.06630950289829614,0.00012,0.00018,93391.92,0
2025-11-18 14:24:36.631737,93391.92,19.5,0.02087975062510761,0.0,-9.999999999998899e-05,0.10569999999999999,1.5940400000000001,-1.4883400000000002,0.06630950289829614,0.00012,0.00018,93396.91500000001,1
2025-11-18 14:24:38.665155,93396.91500000001,29.49000000000524,0.03157491872189273,-0.1320300000000002,-0.1320300000000002,0.10569999999999999,1.72607,-1.62037,0.061237377394891275,0.00012,0.0004,93398.61499999999,1
2025-11-18 14:24:40.701724,93398.61499999999,32.88999999999942,0.035214654949647185,0.08222000000000006,0.21425000000000027,0.10569999999999999,1.64385,-1.5381500000000001,0.06430027070596465,0.00012,0.00018,93398.61499999999,0
2025-11-18 14:24:42.735941,93398.61499999999,32.88999999999942,0.035214654949647185,0.89727,0.8150499999999999,0.17926,0.8201400000000001,-0.6408800000000001,0.2185724388519033,0.00012,0.00022,93398.61,0
2025-11-18 14:24:44.773531,93398.61,32.88000000000466,0.035203950037377064,-0.84743,-1.7447,0.10575999999999999,1.59407,-1.48831,0.06634589447138456,0.00012,0.00018,93398.61,0
2025-11-18 14:24:46.807914,93398.61,32.88000000000466,0.035203950037377064,0.0,0.84743,0.10575999999999999,1.59407,-1.48831,0.06634589447138456,0.00012,0.00018,93398.61,0
2025-11-18 14:24:48.837883,93398.61,32.88000000000466,0.035203950037377064,0.0,0.0,0.10575999999999999,1.59407,-1.48831,0.06634589447138456,0.00012,0.00018,93398.61499999999,1
2025-11-18 14:24:50.870322,93398.61499999999,32.88999999999942,0.035214654949647185,0.00012000000000005756,0.00012000000000005756,0.10575999999999999,1.59395,-1.48819,0.06635088930016625,0.00012,0.00018,93398.61,0
2025-11-18 14:24:52.898976,93398.61,32.88000000000466,0.035203950037377064,-0.04800000000000006,-0.04812000000000012,0.05788,1.59407,-1.5361900000000002,0.03630957235253157,0.00012,0.00018,93398.61,0
2025-11-18 14:24:54.936540,93398.61,32.88000000000466,0.035203950037377064,0.0,0.04800000000000006,0.05788,1.59407,-1.5361900000000002,0.03630957235253157,0.00012,0.00018,93398.61,0
2025-11-18 14:24:56.969646,93398.61,32.88000000000466,0.035203950037377064,0.0,0.0,0.05788,1.59407,-1.5361900000000002,0.03630957235253157,0.00012,0.00018,93398.61,0
2025-11-18 14:24:59.007345,93398.61,32.88000000000466,0.035203950037377064,0.0,0.0,0.05788,1.59407,-1.5361900000000002,0.03630957235253157,0.00012,0.00018,93408.955,1
2025-11-18 14:25:01.045384,93408.955,53.570000000006985,0.05734996178900297,0.10289000000000006,0.10289000000000006,0.16065000000000002,1.59395,-1.4333,0.10078735217541329,0.00012,0.00018,93408.965,1
2025-11-18 14:25:03.077902,93408.965,53.58999999999651,0.057371366870403194,-0.04986999999999997,-0.15276000000000003,0.16065000000000002,1.64382,-1.48317,0.0977296784319451,0.00012,0.055,93408.955,0
2025-11-18 14:25:05.115060,93408.955,53.570000000006985,0.05734996178900297,-0.000250000000000028,0.04961999999999994,0.16065000000000002,1.64407,-1.48342,0.09771481749560543,0.00012,0.0004,93408.95,0
2025-11-18 14:25:07.145714,93408.95,53.55999999999767,0.05733925924656864,0.050000000000000044,0.05025000000000007,0.16065000000000002,1.5940699999999999,-1.43342,0.10077976500404627,0.00012,0.00018,93408.95,0
2025-11-18 14:25:09.178611,93408.95,53.55999999999767,0.05733925924656864,0.0,-0.050000000000000044,0.16065000000000002,1.5940699999999999,-1.43342,0.10077976500404627,0.00012,0.00018,93408.95,0
2025-11-18 14:25:11.208213,93408.95,53.55999999999767,0.05733925924656864,0.0,0.0,0.16065000000000002,1.5940699999999999,-1.43342,0.10077976500404627,0.00012,0.00018,93408.95,0
2025-11-18 14:25:13.244376,93408.95,53.55999999999767,0.05733925924656864,0.0,0.0,0.16065000000000002,1.5940699999999999,-1.43342,0.10077976500404627,0.00012,0.00018,93408.95,0
2025-11-18 14:25:15.273591,93408.95,53.55999999999767,0.05733925924656864,0.0,0.0,0.16065000000000002,1.5940699999999999,-1.43342,0.10077976500404627,0.00012,0.00018,93408.95999999999,1
2025-11-18 14:25:17.305223,93408.95999999999,53.580000000001746,0.05736066433027597,0.00012000000000000899,0.00012000000000000899,0.16065000000000002,1.5939500000000002,-1.4333000000000002,0.10078735217541328,0.00012,0.00018,93408.955,0
2025-11-18 14:25:19.338673,93408.955,53.570000000006985,0.05734996178900297,-0.00012000000000012001,-0.000240000000000129,0.16065000000000002,1.5940699999999999,-1.43342,0.10077976500404627,0.00012,0.00018,93413.54000000001,1
2025-11-18 14:25:21.391422,93413.54000000001,62.74000000000524,0.06716371095668276,8.000000000008001e-05,0.00020000000000020002,0.16065000000000002,1.5939900000000002,-1.4333400000000003,0.1007848229913613,0.00012,0.00022,93413.535,0
2025-11-18 14:25:23.424906,93413.535,62.729999999995925,0.0671530094648446,1.04837,1.04829,0.16065000000000002,0.54562,-0.38497,0.2944356878413548,0.00012,0.00018,93413.545,1
2025-11-18 14:25:25.458796,93413.545,62.75,0.06717441244735975,-1.04855,-2.09692,0.16065000000000002,1.59417,-1.4335200000000001,0.1007734432337831,0.00012,0.0004,93413.54000000001,0
2025-11-18 14:25:27.493059,93413.54000000001,62.74000000000524,0.06716371095668276,-0.04989999999999983,0.9986500000000003,0.16065000000000002,1.6440700000000001,-1.4834200000000002,0.09771481749560541,0.00012,0.00018,93409.70999999999,0
2025-11-18 14:25:29.534901,93409.70999999999,55.080000000001746,0.05896603254629711,0.00021999999999983144,0.050119999999999665,0.16065000000000002,1.6438500000000003,-1.4832000000000003,0.09772789488091979,0.00012,0.00018,93409.70999999999,0
2025-11-18 14:25:31.580279,93409.70999999999,55.080000000001746,0.05896603254629711,0.0,-0.00021999999999983144,0.16065000000000002,1.6438500000000003,-1.4832000000000003,0.09772789488091979,0.00012,0.00018,93409.70999999999,0
2025-11-18 14:25:33.614344,93409.70999999999,55.080000000001746,0.05896603254629711,0.0,0.0,0.16065000000000002,1.6438500000000003,-1.4832000000000003,0.09772789488091979,0.00012,0.00018,93409.705,0
2025-11-18 14:25:35.648408,93409.705,55.070000000006985,0.05895533017688792,0.049809999999999854,0.049809999999999854,0.16065000000000002,1.5940400000000001,-1.4333900000000002,0.10078166168979448,0.00012,0.00018,93409.705,0
2025-11-18 14:25:37.686669,93409.705,55.070000000006985,0.05895533017688792,0.0,-0.049809999999999854,0.16065000000000002,1.5940400000000001,-1.4333900000000002,0.10078166168979448,0.00012,0.00018,93409.705,0
2025-11-18 14:25:39.726193,93409.705,55.070000000006985,0.05895533017688792,0.0,0.0,0.16065000000000002,1.5940400000000001,-1.4333900000000002,0.10078166168979448,0.00012,0.00018,93409.705,0
2025-11-18 14:25:41.757992,93409.705,55.070000000006985,0.05895533017688792,0.0,0.0,0.16065000000000002,1.5940400000000001,-1.4333900000000002,0.10078166168979448,0.00012,0.00018,93413.545,1
2025-11-18 14:25:43.792629,93413.545,62.75,0.06717441244735975,-0.00012999999999996348,-0.00012999999999996348,0.16065000000000002,1.59417,-1.4335200000000001,0.1007734432337831,0.00012,0.0004,93413.54000000001,0
2025-11-18 14:25:45.828992,93413.54000000001,62.74000000000524,0.06716371095668276,0.00010000000000005144,0.00023000000000001491,0.16065000000000002,1.59407,-1.4334200000000001,0.10077976500404624,0.00012,0.00018,93413.54000000001,0
2025-11-18 14:25:47.861089,93413.54000000001,62.74000000000524,0.06716371095668276,0.0,-0.00010000000000005144,0.16065000000000002,1.59407,-1.4334200000000001,0.10077976500404624,0.00012,0.00018,93413.535,0
2025-11-18 14:25:49.894039,93413.535,62.75,0.06717441963843891,1.27303,1.27303,0.38523,0.54562,-0.16038999999999998,0.7060408342802683,0.00255,0.00018,93413.535,0
2025-11-18 14:25:51.931109,93413.535,62.75,0.06717441963843891,-1.04845,-2.32148,0.38523,1.59407,-1.2088400000000001,0.2416644187519996,0.00255,0.00018,93413.535,0
2025-11-18 14:25:53.964134,93413.535,62.75,0.06717441963843891,0.0,1.04845,0.38523,1.59407,-1.2088400000000001,0.2416644187519996,0.00255,0.00018,93413.535,0
2025-11-18 14:25:55.989930,93413.535,62.75,0.06717441963843891,0.0,0.0,0.38523,1.59407,-1.2088400000000001,0.2416644187519996,0.00255,0.00018,93413.535,0
2025-11-18 14:25:58.023699,93413.535,62.75,0.06717441963843891,0.0,0.0,0.38523,1.59407,-1.2088400000000001,0.2416644187519996,0.00255,0.00018,93416.58499999999,1
2025-11-18 14:26:00.062982,93416.58499999999,56.65000000000873,0.06064233669000931,-0.22459,-0.22459,0.16064,1.59407,-1.43343,0.10077349175381256,0.00011,0.00018,93435.47,1
2025-11-18 14:26:02.095435,93435.47,18.880000000004657,0.020206459067423386,-0.051049999999999936,0.17354000000000008,0.15937,1.64385,-1.48448,0.09694923502752685,0.00011,0.00018,93451.23999999999,1
2025-11-18 14:26:04.133028,93451.23999999999,50.419999999998254,0.0539532701759744,-0.0003399999999999999,0.050709999999999936,0.15937,1.64419,-1.48482,0.09692918701609912,0.00011,0.00052,93451.23999999999,0
2025-11-18 14:26:06.165259,93451.23999999999,50.419999999998254,0.0539532701759744,0.00034,0.0006799999999999999,0.15937,1.64385,-1.48448,0.09694923502752685,0.00011,0.00018,93451.23999999999,0
2025-11-18 14:26:08.196864,93451.23999999999,50.419999999998254,0.0539532701759744,0.0,-0.00034,0.15937,1.64385,-1.48448,0.09694923502752685,0.00011,0.00018,93451.235,0
2025-11-18 14:26:10.229220,93451.235,50.41000000000349,0.05394257229452719,0.049660000000000044,0.049660000000000044,0.15937,1.59419,-1.43482,0.0999692633876765,0.00011,0.00018,93451.235,0
2025-11-18 14:26:12.262276,93451.235,50.41000000000349,0.05394257229452719,0.0,-0.049660000000000044,0.15937,1.59419,-1.43482,0.0999692633876765,0.00011,0.00018,93451.235,0
2025-11-18 14:26:14.297135,93451.235,50.41000000000349,0.05394257229452719,0.0,0.0,0.15937,1.59419,-1.43482,0.0999692633876765,0.00011,0.00018,93451.23999999999,1
2025-11-18 14:26:16.329429,93451.23999999999,50.419999999998254,0.0539532701759744,-0.04965999999999999,-0.04965999999999999,0.15937,1.6438500000000003,-1.4844800000000002,0.09694923502752684,0.00011,0.00018,93451.235,0
2025-11-18 14:26:18.371717,93451.235,50.41000000000349,0.05394257229452719,0.04966000000000004,0.09932000000000002,0.15937,1.5941900000000002,-1.4348200000000002,0.09996926338767649,0.00011,0.00018,93451.245,1
2025-11-18 14:26:20.405572,93451.245,50.43000000000757,0.05396396805629242,-0.04963000000000006,-0.0992900000000001,0.15937,1.6438200000000003,-1.4844500000000003,0.09695100436787482,0.00011,0.49012,93451.235,0
2025-11-18 14:26:22.437397,93451.235,50.41000000000349,0.05394257229452719,-0.00037000000000003,0.04926000000000003,0.15937,1.64419,-1.48482,0.09692918701609912,0.00011,0.00018,93451.235,0
2025-11-18 14:26:24.470815,93451.235,50.41000000000349,0.05394257229452719,0.0,0.00037000000000003,0.15937,1.64419,-1.48482,0.09692918701609912,0.00011,0.00018,93447.425,0
2025-11-18 14:26:26.503523,93447.425,42.79000000000815,0.04579045383006342,-0.00014999999999982389,-0.00014999999999982389,0.15937,1.64434,-1.48497,0.09692034494082734,0.00011,1.04907,93447.42,0
2025-11-18 14:26:28.536500,93447.42,42.779999999998836,0.045779755075098745,0.00014999999999981695,0.00029999999999964083,0.15937,1.6441900000000003,-1.4848200000000003,0.09692918701609911,0.00011,0.00018,93447.42,0
2025-11-18 14:26:30.564743,93447.42,42.779999999998836,0.045779755075098745,0.00034000000000000696,0.00019000000000019002,0.15937,1.64385,-1.48448,0.09694923502752685,0.00011,0.00018,93451.235,1
2025-11-18 14:26:32.598552,93451.235,50.41000000000349,0.05394257229452719,-0.0003399999999999999,-0.0006800000000000069,0.15937,1.64419,-1.48482,0.09692918701609912,0.00011,0.00052,93451.23,0
2025-11-18 14:26:34.634817,93451.23,50.39999999999418,0.05393187441191965,0.049999999999999996,0.050339999999999996,0.15937,1.59419,-1.43482,0.0999692633876765,0.00011,0.00018,93451.23,0
2025-11-18 14:26:36.667269,93451.23,50.39999999999418,0.05393187441191965,0.0,-0.049999999999999996,0.15937,1.59419,-1.43482,0.0999692633876765,0.00011,0.00018,93448.37,0
2025-11-18 14:26:38.700584,93448.37,44.68000000000757,0.04781249796011163,-0.04957999999999985,-0.04957999999999985,0.15937,1.64377,-1.4844,0.0969539534119737,0.00011,1.04855,93448.36,0
2025-11-18 14:26:40.733916,93448.36,44.66000000000349,0.04779110088181696,-8.00000000000245e-05,0.04949999999999983,0.15937,1.6438500000000003,-1.4844800000000002,0.09694923502752684,0.00011,0.00018,93448.36499999999,1
2025-11-18 14:26:42.766573,93448.36499999999,44.669999999998254,0.04780179942152895,1.11853,1.11861,0.22969,0.5956400000000001,-0.36595000000000005,0.38561883016587195,0.00011,0.00018,93448.36499999999,0
2025-11-18 14:26:44.804707,93448.36499999999,44.669999999998254,0.04780179942152895,0.00019000000000002348,-1.11834,0.22969,0.59545,-0.36576000000000003,0.3857418758921824,0.00011,0.00018,93451.235,1
2025-11-18 14:26:46.841572,93451.235,50.41000000000349,0.05394257229452719,-1.06909,-1.06928,0.15934,1.59419,-1.43485,0.0999504450536009,0.00011,0.00018,93451.235,0
2025-11-18 14:26:48.872240,93451.235,50.41000000000349,0.05394257229452719,-0.049660000000000044,1.01943,0.15934,1.64385,-1.48451,0.09693098518721295,0.00011,0.00018,93451.23,0
2025-11-18 14:26:50.900317,93451.23,50.39999999999418,0.05393187441191965,0.04965999999999999,0.09932000000000003,0.15934,1.59419,-1.43485,0.0999504450536009,0.00011,0.00018,93451.23,0
2025-11-18 14:26:52.932662,93451.23,50.39999999999418,0.05393187441191965,0.0,-0.04965999999999999,0.15934,1.59419,-1.43485,0.0999504450536009,0.00011,0.00018,93451.23,0
2025-11-18 14:26:54.965172,93451.23,50.39999999999418,0.05393187441191965,0.0,0.0,0.15933999999999998,1.59419,-1.43485,0.09995044505360087,0.00011,0.00018,93451.23,0
2025-11-18 14:26:56.997735,93451.23,50.39999999999418,0.05393187441191965,0.0,0.0,0.15933999999999998,1.59419,-1.43485,0.09995044505360087,0.00011,0.00018,93451.23,0
2025-11-18 14:26:59.034411,93451.23,50.39999999999418,0.05393187441191965,1.1102230246251565e-16,1.1102230246251565e-16,0.15933999999999998,1.5941900000000002,-1.4348500000000002,0.09995044505360086,0.00011,0.00018,93451.23999999999,1
2025-11-18 14:27:01.071578,93451.23999999999,50.419999999998254,0.0539532701759744,-0.050000000000000044,-0.050000000000000155,0.15933999999999998,1.6441900000000003,-1.4848500000000002,0.09691094094964692,0.00011,0.00052,93451.235,0
2025-11-18 14:27:03.107310,93451.235,50.41000000000349,0.05394257229452719,0.00033999999999989594,0.05033999999999994,0.15933999999999998,1.64385,-1.48451,0.09693098518721294,0.00011,0.00018,93451.235,0
2025-11-18 14:27:05.140826,93451.235,50.41000000000349,0.05394257229452719,0.0,-0.00033999999999989594,0.15933999999999998,1.64385,-1.48451,0.09693098518721294,0.00011,0.00018,93435.64,0
2025-11-18 14:27:07.173772,93435.64,19.220000000001164,0.020570309145419418,-0.00015999999999999348,-0.00015999999999999348,0.15933999999999998,1.64401,-1.48467,0.09692155157207072,0.00011,0.055,93435.63500000001,0
2025-11-18 14:27:09.206910,93435.63500000001,19.210000000006403,0.020559607691440638,0.00016000000000000042,0.0003199999999999939,0.15933999999999998,1.6438500000000003,-1.4845100000000002,0.09693098518721292,0.00011,0.00018,93441.575,1
2025-11-18 14:27:11.242912,93441.575,31.089999999996508,0.033272127529952816,-0.00029999999999996696,-0.0004599999999999674,0.15933999999999998,1.64415,-1.48481,0.09691329866496365,0.00011,0.00018,93441.575,0
2025-11-18 14:27:13.276646,93441.575,31.089999999996508,0.033272127529952816,0.04999999999999999,0.050299999999999956,0.15933999999999998,1.59415,-1.43481,0.09995295298434902,0.00011,0.00018,93441.575,0
2025-11-18 14:27:15.314120,93441.575,31.089999999996508,0.033272127529952816,0.0,-0.04999999999999999,0.15933999999999998,1.59415,-1.43481,0.09995295298434902,0.00011,0.00018,93441.575,0
2025-11-18 14:27:17.351972,93441.575,31.089999999996508,0.033272127529952816,0.0,0.0,0.15933999999999998,1.59415,-1.43481,0.09995295298434902,0.00011,0.00018,93441.575,0
2025-11-18 14:27:19.389407,93441.575,31.089999999996508,0.033272127529952816,0.49002,0.49002,0.15933999999999998,1.10413,-0.94479,0.14431271679965219,0.00011,0.00018,93441.575,0
2025-11-18 14:27:21.423815,93441.575,31.089999999996508,0.033272127529952816,-0.49012,-0.98014,0.15933999999999998,1.5942500000000002,-1.4349100000000001,0.09994668339344517,0.00011,0.00018,93435.84,0
2025-11-18 14:27:23.457092,93435.84,19.619999999995343,0.020998366365620882,0.00029999999999996696,0.49041999999999997,0.15933999999999998,1.59395,-1.43461,0.0999654945261771,0.00011,0.00018,93435.84,0
2025-11-18 14:27:25.491869,93435.84,19.619999999995343,0.020998366365620882,0.0,-0.00029999999999996696,0.15933999999999998,1.59395,-1.43461,0.0999654945261771,0.00011,0.00018,93429.94,0
2025-11-18 14:27:27.526372,93429.94,7.820000000006985,0.00836990797597321,-8.999999999997899e-05,-8.999999999997899e-05,0.15933999999999998,1.5940400000000001,-1.4347,0.09995985044289979,0.00011,1.04855,93390.70999999999,0
2025-11-18 14:27:29.560713,93390.70999999999,10.379999999990105,0.011114595873604673,0.13503000000000015,0.13512000000000013,0.1595,1.45917,-1.29967,0.10930871659916254,5e-05,0.055,93365.285,0
2025-11-18 14:27:31.599221,93365.285,61.2100000000064,0.06555969919655512,0.3999299999999999,0.26489999999999975,0.55958,1.45932,-0.89974,0.38345256694898994,0.0001,0.00025,93370.235,1
2025-11-18 14:27:33.631547,93370.235,71.08999999999651,0.07613775417829516,-0.88994,-1.2898699999999999,0.15950999999999999,1.9491900000000002,-1.7896800000000002,0.08183399258153386,5e-05,1.04717,93370.23,0
2025-11-18 14:27:35.669734,93370.23,71.10000000000582,0.0761484683073029,0.17522,1.0651599999999999,0.33472999999999997,1.9491900000000002,-1.6144600000000002,0.17172774331901966,3e-05,1.04717,93370.22,0
2025-11-18 14:27:37.706354,93370.22,71.08000000000175,0.07612705635694308,0.6216200000000001,0.4464000000000001,0.33472999999999997,1.3275699999999997,-0.9928399999999997,0.2521373637548303,3e-05,0.00023,93370.23,1
2025-11-18 14:27:39.740398,93370.23,71.10000000000582,0.0761484683073029,-0.4897500000000001,-1.1113700000000002,0.33472999999999997,1.81732,-1.48259,0.18418880549380404,3e-05,0.00023,93376.12,1
2025-11-18 14:27:41.774399,93376.12,82.88000000000466,0.08875931019623075,0.6227,1.1124500000000002,0.46760999999999997,1.3275000000000001,-0.8598900000000002,0.35224858757062144,3e-05,0.00023,93373.965,0
2025-11-18 14:27:43.808348,93373.965,87.19000000000233,0.09337720637653368,0.09188000000000002,-0.5308200000000001,0.33479000000000003,1.1028,-0.76801,0.30358179180268413,0.00011,0.00023,93373.965,0
2025-11-18 14:27:45.840137,93373.965,87.19000000000233,0.09337720637653368,0.0,-0.09188000000000002,0.33479000000000003,1.1028,-0.76801,0.30358179180268413,0.00011,0.00023,93373.965,0
2025-11-18 14:27:47.875750,93373.965,87.19000000000233,0.09337720637653368,-0.4901199999999999,-0.4901199999999999,0.33479000000000003,1.5929199999999997,-1.2581299999999995,0.21017376892750428,0.00011,0.00023,93363.09,0
2025-11-18 14:27:49.909436,93363.09,86.0,0.09211348938857958,0.22488999999999998,0.7150099999999999,0.55958,1.5928200000000001,-1.0332400000000002,0.3513140216722542,0.0001,0.055,93363.08499999999,0
2025-11-18 14:27:51.938554,93363.08499999999,85.99000000000524,0.09210278345023117,-0.22458,-0.44947,0.3348,1.59262,-1.25782,0.21021963808064698,0.0001,0.00023,93363.08499999999,0
2025-11-18 14:27:53.969291,93363.08499999999,85.99000000000524,0.09210278345023117,0.0,0.22458,0.3348,1.59262,-1.25782,0.21021963808064698,0.0001,0.00023,93367.91500000001,1
2025-11-18 14:27:56.026146,93367.91500000001,76.31000000001222,0.08173043170131004,0.22460999999999998,0.22460999999999998,0.55958,1.59279,-1.03321,0.3513206386278166,0.055,0.00023,93367.91500000001,0
2025-11-18 14:27:58.080122,93367.91500000001,76.31000000001222,0.08173043170131004,0.0,-0.22460999999999998,0.55958,1.59279,-1.03321,0.3513206386278166,0.055,0.00023,93383.945,1
2025-11-18 14:28:00.116891,93383.945,91.59000000001106,0.09807895779088265,-0.22462,-0.22462,0.33479000000000003,1.59262,-1.2578299999999998,0.21021335911893613,0.00011,0.00023,93391.43,1
2025-11-18 14:28:02.147763,93391.43,76.6200000000099,0.08204178905924227,1.1797600000000001,1.4043800000000002,0.46768,0.54575,-0.07806999999999997,0.8569491525423729,0.055,0.00023,93392.62,1
2025-11-18 14:28:04.180667,93392.62,79.0,0.08458912492229044,-0.9921099999999999,-2.17187,0.46778,1.53796,-1.0701800000000001,0.3041561549064995,0.0551,0.00023,93398.755,1
2025-11-18 14:28:06.214591,93398.755,66.72999999999593,0.07144634850860263,-0.00010000000000000286,0.99201,0.46768000000000004,1.53796,-1.07028,0.30409113370958935,0.055,0.00023,93398.76,1
2025-11-18 14:28:08.250251,93398.76,66.72000000000116,0.07143563790354515,-0.18757000000000007,-0.18747000000000008,0.33474000000000004,1.5925899999999997,-1.2578499999999997,0.21018592355848026,9e-05,0.00023,93410.07999999999,1
2025-11-18 14:28:10.286949,93410.07999999999,89.36000000000058,0.09566419384289211,-0.00033999999999999997,0.18723000000000006,0.33474000000000004,1.5929299999999997,-1.2581899999999997,0.21014106081246514,9e-05,0.00057,93410.075,0
2025-11-18 14:28:12.326481,93410.075,89.35000000000582,0.09565349348023307,0.055000000000000014,0.055340000000000014,0.33474000000000004,1.5379299999999998,-1.2031899999999998,0.21765620021717508,9e-05,0.00023,93410.075,0
2025-11-18 14:28:14.363593,93410.075,89.35000000000582,0.09565349348023307,0.0,-0.055000000000000014,0.33474000000000004,1.5379299999999998,-1.2031899999999998,0.21765620021717508,9e-05,0.00023,93405.515,0
2025-11-18 14:28:16.397496,93405.515,80.23000000001048,0.08589428579245077,-0.09697000000000003,-0.09697000000000003,0.29243,1.59259,-1.30016,0.1836191361241751,9e-05,0.00023,93405.515,0
2025-11-18 14:28:18.442022,93405.515,80.23000000001048,0.08589428579245077,0.0,0.09697000000000003,0.29243,1.59259,-1.30016,0.1836191361241751,9e-05,0.00023,93379.3,0
2025-11-18 14:28:20.474786,93379.3,73.16000000000349,0.07834712832501795,0.52927,0.52927,0.33188000000000006,1.10277,-0.77089,0.3009512409659313,0.0001,0.055,93379.29000000001,0
2025-11-18 14:28:22.506278,93379.29000000001,73.13999999999942,0.0783257186898716,-0.5292600000000001,-1.0585300000000002,0.29244000000000003,1.59259,-1.30015,0.1836254152041643,0.0001,0.00023,93379.29000000001,0
2025-11-18 14:28:24.541743,93379.29000000001,73.13999999999942,0.0783257186898716,0.0,0.5292600000000001,0.29244000000000003,1.59259,-1.30015,0.1836254152041643,0.0001,0.00023,93379.29000000001,0
2025-11-18 14:28:26.579980,93379.29000000001,73.13999999999942,0.0783257186898716,0.0,0.0,0.29244000000000003,1.59259,-1.30015,0.1836254152041643,0.0001,0.00023,93379.295,1
2025-11-18 14:28:28.619434,93379.295,73.14999999999418,0.07833642350801019,-0.05007,-0.05007,0.29244000000000003,1.64266,-1.35022,0.17802831992012957,0.0001,1.04747,93379.29000000001,0
2025-11-18 14:28:30.656557,93379.29000000001,73.13999999999942,0.0783257186898716,0.14187000000000005,0.19194000000000006,0.38424,1.59259,-1.2083499999999998,0.24126736950502015,0.0001,0.00023,93369.555,0
2025-11-18 14:28:32.686212,93369.555,92.59000000001106,0.09916508652098757,0.45285,0.3109799999999999,0.51724,1.2727399999999998,-0.7554999999999997,0.4063987931549257,0.0001,0.00023,93369.555,0
2025-11-18 14:28:34.718152,93369.555,92.59000000001106,0.09916508652098757,-0.13289,-0.5857399999999999,0.38434999999999997,1.2727399999999998,-0.8883899999999998,0.30198626585162724,0.0001,0.00023,93372.65,1
2025-11-18 14:28:36.746557,93372.65,125.27999999999884,0.1341720514518961,-0.31198000000000004,-0.17909000000000003,0.56237,1.76274,-1.20037,0.3190317346857733,9e-05,0.00045,93372.64499999999,0
2025-11-18 14:28:38.775236,93372.64499999999,125.27000000000407,0.1341613488618686,0.22467000000000004,0.5366500000000001,0.56237,1.53807,-0.9757,0.3656335537394267,9e-05,0.00023,93372.655,1
2025-11-18 14:28:40.806762,93372.655,125.29000000000815,0.13418275404079294,-0.36612000000000006,-0.5907900000000001,0.47047,1.8122900000000002,-1.3418200000000002,0.25959973293457445,9e-05,1.04717,93372.64499999999,0
2025-11-18 14:28:42.843468,93372.64499999999,125.27000000000407,0.1341613488618686,0.97922,1.34534,0.40275,0.76535,-0.3626,0.5262298294897759,9e-05,0.00023,93372.655,1
2025-11-18 14:28:44.881157,93372.655,112.04999999998836,0.12000301373029221,-1.11249,-2.09171,0.33765,1.81274,-1.47509,0.18626499111841743,0.0001,0.0001,93372.65,0
2025-11-18 14:28:46.916850,93372.65,112.0399999999936,0.11999231038210183,0.049770000000000036,1.16226,0.33765,1.7629699999999997,-1.4253199999999997,0.19152339517972516,0.0001,0.00023,93372.65,0
2025-11-18 14:28:48.950418,93372.65,112.0399999999936,0.11999231038210183,0.13299,0.08321999999999996,0.47064,1.7629699999999997,-1.2923299999999998,0.26695859827450275,0.0001,0.00023,93376.09,1
2025-11-18 14:28:50.982856,93376.09,105.16000000000349,0.11261983661984935,0.0,-0.13299,0.47064,1.7629699999999997,-1.2923299999999998,0.26695859827450275,0.055,0.00023,93371.005,0
2025-11-18 14:28:53.017137,93371.005,94.99000000000524,0.1017339376394259,0.2622300000000001,0.2622300000000001,0.5625199999999999,1.5926200000000001,-1.0301000000000002,0.3532041541610678,0.05508,0.00023,93360.38,0
2025-11-18 14:28:55.049598,93360.38,87.5,0.09372284045973249,-0.0002499999999999933,-0.26248000000000005,0.56244,1.59279,-1.0303499999999999,0.35311623001148934,0.0001,0.055,93358.32999999999,0
2025-11-18 14:28:57.081643,93358.32999999999,91.58000000000175,0.09809515658645754,-0.22488,-0.22463,0.33775,1.5929799999999998,-1.2552299999999998,0.21202400532335625,0.00014,0.00059,93361.12,1
2025-11-18 14:28:59.118569,93361.12,86.0,0.09211543306249968,0.22515,0.45003,0.56254,1.5926200000000001,-1.03008,0.3532167120844897,0.05513,0.00023,93361.11499999999,0
2025-11-18 14:29:01.155295,93361.11499999999,85.99000000000524,0.09210472689835082,-0.22168,-0.44682999999999995,0.34086,1.5926200000000001,-1.2517600000000002,0.21402468887744722,0.055,0.00023,93361.12,1
2025-11-18 14:29:03.183413,93361.12,86.0,0.09211543306249968,0.00014000000000000123,0.22182,0.34099999999999997,1.5926200000000001,-1.2516200000000002,0.21411259434139968,0.05514,0.00023,93361.12,0
2025-11-18 14:29:05.217280,93361.12,86.0,0.09211543306249968,0.0,-0.00014000000000000123,0.34099999999999997,1.5926200000000001,-1.2516200000000002,0.21411259434139968,0.05514,0.00023,93361.12,0
2025-11-18 14:29:07.251780,93361.12,86.0,0.09211543306249968,-0.0005900000000000013,-0.0005900000000000013,0.34086,1.59307,-1.25221,0.2139642325823724,0.055,0.00068,93358.17,0
2025-11-18 14:29:09.288643,93358.17,80.10000000000582,0.08579859695193877,0.0005900000000000627,0.001180000000000064,0.34099999999999997,1.5926199999999997,-1.2516199999999997,0.21411259434139973,0.05514,1.04717,93350.61499999999,0
2025-11-18 14:29:11.325298,93350.61499999999,81.22999999999593,0.08701603090670151,-0.13230999999999996,-0.13290000000000002,0.34086,1.72479,-1.38393,0.19762405858104465,0.00325,1.04757,93340.1,0
2025-11-18 14:29:13.361812,93340.1,71.47999999999593,0.07658016222394869,0.26169999999999993,0.39400999999999986,0.47061,1.5928399999999998,-1.1222299999999998,0.29545340398282316,0.0001,0.00045,93340.1,0
2025-11-18 14:29:15.390806,93340.1,71.47999999999593,0.07658016222394869,-0.13264,-0.3943399999999999,0.33775,1.5926200000000001,-1.2548700000000002,0.21207193178535996,0.0001,0.00023,93340.1,0
2025-11-18 14:29:17.426108,93340.1,71.47999999999593,0.07658016222394869,0.0,0.13264,0.33775,1.5926200000000001,-1.2548700000000002,0.21207193178535996,0.0001,0.00023,93340.1,0
2025-11-18 14:29:19.454620,93340.1,71.47999999999593,0.07658016222394869,0.0,0.0,0.33775,1.5926200000000001,-1.2548700000000002,0.21207193178535996,0.0001,0.00023,93375.425,1
2025-11-18 14:29:21.480800,93375.425,0.8500000000058208,0.0009103037549824494,-0.27815,-0.27815,0.28398,1.8170000000000002,-1.53302,0.1562905888827738,0.00325,0.05471,93375.42499999999,0
2025-11-18 14:29:23.514718,93375.42499999999,0.8300000000017462,0.0008888848430962925,0.10336999999999993,0.38151999999999997,0.1629,1.59255,-1.4296499999999999,0.10228878214184797,0.00023,0.00045,93375.42499999999,0
2025-11-18 14:29:25.548611,93375.42499999999,0.8300000000017462,0.0008888848430962925,-0.0001499999999999986,-0.10351999999999993,0.16304,1.59284,-1.4298,0.10235805228397075,0.00037,0.00045,93380.63,1
2025-11-18 14:29:27.581535,93380.63,11.220000000001164,0.012015339797987188,-0.3287699999999999,-0.3286199999999999,0.05872,1.8172899999999998,-1.7585699999999997,0.03231184896191582,0.00023,0.055,93386.83499999999,1
2025-11-18 14:29:29.615136,93386.83499999999,23.629999999990105,0.02530335244790136,-0.00045000000000006146,0.32831999999999983,0.05872,1.8177400000000001,-1.75902,0.032303849835510025,0.00023,1.04762,93386.83499999999,0
2025-11-18 14:29:31.648745,93386.83499999999,23.629999999990105,0.02530335244790136,0.00045000000000006146,0.0009000000000001229,0.05872,1.8172899999999998,-1.7585699999999997,0.03231184896191582,0.00023,1.04717,93386.83499999999,0
2025-11-18 14:29:33.680391,93386.83499999999,23.629999999990105,0.02530335244790136,0.0,-0.00045000000000006146,0.05872,1.8172899999999998,-1.7585699999999997,0.03231184896191582,0.00023,1.04717,93386.825,0
2025-11-18 14:29:35.709145,93386.825,23.630000000004657,0.025303355157437524,0.32853999999999994,0.32853999999999994,0.16280999999999998,1.59284,-1.4300300000000001,0.10221365611109715,0.00014,0.00045,93386.82999999999,1
2025-11-18 14:29:37.744826,93386.82999999999,23.639999999999418,0.025314061950704847,0.00026999999999999995,-0.32826999999999995,0.16280999999999998,1.59257,-1.4297600000000001,0.102230985137231,0.00014,0.00018,93364.72,0
2025-11-18 14:29:39.778158,93364.72,67.83999999999651,0.0726612793354883,0.25092000000000003,0.25065000000000004,0.41373000000000004,1.5925699999999998,-1.1788399999999997,0.2597876388479,0.0001,0.00018,93381.1,1
2025-11-18 14:29:41.815623,93381.1,60.24000000000524,0.06450984192733351,-0.08997,-0.34089,0.32376,1.5925699999999998,-1.2688099999999998,0.20329404672950013,0.055,0.00018,93383.675,1
2025-11-18 14:29:43.848179,93383.675,65.36999999999534,0.07000152863977065,1.01551,1.10548,0.29255,0.5458500000000001,-0.2533000000000001,0.5359531006686817,0.00013,0.00018,93383.675,0
2025-11-18 14:29:45.879585,93383.675,65.36999999999534,0.07000152863977065,0.0,-1.01551,0.29255,0.5458500000000001,-0.2533000000000001,0.5359531006686817,0.00013,0.00018,93377.44,0
2025-11-18 14:29:47.913474,93377.44,77.86000000000058,0.08338202460894256,-1.01551,-1.01551,0.32376,1.5925699999999998,-1.2688099999999998,0.20329404672950013,0.055,0.00018,93377.45000000001,1
2025-11-18 14:29:49.943909,93377.45000000001,77.86000000000058,0.08338201567937503,0.013939999999999918,1.0294499999999998,0.38445,1.6393199999999999,-1.25487,0.23451797086596884,0.00023,0.48705,93377.45000000001,0
2025-11-18 14:29:51.974841,93377.45000000001,77.86000000000058,0.08338201567937503,0.0,-0.013939999999999918,0.38445,1.6393199999999999,-1.25487,0.23451797086596884,0.00023,0.48705,93377.45000000001,0
2025-11-18 14:29:54.006452,93377.45000000001,77.86000000000058,0.08338201567937503,0.00014000000000000123,0.00014000000000000123,0.38459,1.6393199999999999,-1.25473,0.23460337212990753,0.00023,0.48705,93377.445,0
2025-11-18 14:29:56.043789,93377.445,77.84999999999127,0.08337131091988143,-0.09239000000000006,-0.09253000000000006,0.29264999999999997,1.63977,-1.3471199999999999,0.17847015130170693,0.00023,1.04762,93368.98999999999,0
2025-11-18 14:29:58.080541,93368.98999999999,82.68000000000757,0.08855188430335122,0.0501400000000001,0.14253000000000016,0.29279,1.58977,-1.29698,0.18417129521880524,0.00023,0.00045,93367.28,0
2025-11-18 14:30:00.113940,93367.28,86.10000000000582,0.09221645955628761,-0.00014000000000000123,-0.0502800000000001,0.29265,1.58977,-1.2971199999999998,0.1840832321656592,0.055,0.00045,93374.81,1
2025-11-18 14:30:02.146875,93374.81,83.13999999999942,0.08903900313157201,-0.18242000000000005,-0.18228000000000005,0.15978,1.6393199999999999,-1.4795399999999999,0.09746724251518923,0.00023,0.48705,93374.81,0
2025-11-18 14:30:04.180677,93374.81,83.13999999999942,0.08903900313157201,0.0,0.18242000000000005,0.15978,1.6393199999999999,-1.4795399999999999,0.09746724251518923,0.00023,0.48705,93374.81,0
2025-11-18 14:30:06.225063,93374.81,83.13999999999942,0.08903900313157201,0.0,0.0,0.15978,1.6393199999999999,-1.4795399999999999,0.09746724251518923,0.00023,0.48705,93374.81,0
2025-11-18 14:30:08.259781,93374.81,83.13999999999942,0.08903900313157201,0.0,0.0,0.15978,1.6393199999999999,-1.4795399999999999,0.09746724251518923,0.00023,0.48705,93374.805,0
2025-11-18 14:30:10.292251,93374.805,83.1299999999901,0.08902829837233943,0.04954999999999999,0.04954999999999999,0.15978,1.58977,-1.4299899999999999,0.10050510451197343,0.00023,0.00045,93372.49,0
2025-11-18 14:30:12.328553,93372.49,78.5,0.084071871704396,0.06691000000000008,0.01736000000000009,0.27624000000000004,1.6393199999999999,-1.3630799999999998,0.16850889393163024,0.00023,0.055,93370.33499999999,0
2025-11-18 14:30:14.362305,93370.33499999999,82.7899999999936,0.08866841915046529,0.04974000000000009,-0.01716999999999999,0.27637999999999996,1.5897199999999998,-1.3133399999999997,0.17385451526054901,0.00023,0.0004,93375.205,1
2025-11-18 14:30:16.400625,93375.205,82.35000000000582,0.08819257746208516,-0.04973999999999987,-0.09947999999999996,0.27624000000000004,1.6393199999999999,-1.3630799999999998,0.16850889393163024,0.00023,0.48705,93375.205,0
2025-11-18 14:30:18.434804,93375.205,82.35000000000582,0.08819257746208516,0.0,0.04973999999999987,0.27624000000000004,1.6393199999999999,-1.3630799999999998,0.16850889393163024,0.00023,0.48705,93375.2,0
2025-11-18 14:30:20.464527,93375.2,82.32000000000698,0.08816045373933014,-0.06691000000000003,-0.06691000000000003,0.15978,1.58977,-1.4299899999999999,0.10050510451197343,0.00023,0.00045,93375.20999999999,1
2025-11-18 14:30:22.493774,93375.20999999999,82.34000000001106,0.08818186325900747,-0.04955000000000004,0.017359999999999987,0.15978,1.6393199999999999,-1.4795399999999999,0.09746724251518923,0.00023,0.48705,93379.98999999999,1
2025-11-18 14:30:24.527334,93379.98999999999,72.75999999999476,0.07791819210946024,0.16413,0.21368000000000004,0.27436000000000005,1.58977,-1.31541,0.17257842329393563,0.00023,0.00045,93383.63,1
2025-11-18 14:30:26.564660,93383.63,65.47999999999593,0.07011935603702268,0.0,-0.16413,0.27436000000000005,1.58977,-1.31541,0.17257842329393563,0.00023,0.00045,93402.09,1
2025-11-18 14:30:28.605255,93402.09,67.86000000000058,0.07265362049179047,-0.03162000000000012,-0.03162000000000012,0.29265,1.63968,-1.34703,0.1784799473067916,0.00023,0.0001,93404.44,1
2025-11-18 14:30:30.640336,93404.44,63.16000000000349,0.06761991185858347,-0.13290000000000002,-0.1012799999999999,0.15975,1.63968,-1.47993,0.0974275468384075,0.00023,0.0001,93399.195,0
2025-11-18 14:30:32.673716,93399.195,73.65000000000873,0.0788550693611532,0.27415,0.40705,0.38435,1.5901299999999998,-1.2057799999999999,0.2417097973121695,0.00023,0.0001,93399.195,0
2025-11-18 14:30:34.706597,93399.195,73.65000000000873,0.0788550693611532,0.0,-0.27415,0.38435,1.5901299999999998,-1.2057799999999999,0.2417097973121695,0.00023,0.0001,93390.495,0
2025-11-18 14:30:36.743408,93390.495,91.61000000000058,0.09809349441824951,0.13259,0.13259,0.5168900000000001,1.59008,-1.0731899999999999,0.32507169450593687,0.05477,0.0004,93385.91,0
2025-11-18 14:30:38.781008,93385.91,82.41999999999825,0.08825742555809357,-0.13273000000000001,-0.26532,0.38399,1.5899100000000002,-1.20592,0.24151681541722486,0.0001,0.00023,93385.905,0
2025-11-18 14:30:40.821963,93385.905,82.41000000000349,0.08824672202941491,0.3953500000000001,0.5280800000000001,0.29229,1.10286,-0.81057,0.2650291061422121,0.0001,0.00023,93397.91,1
2025-11-18 14:30:42.859449,93397.91,86.19999999999709,0.09229328579193805,0.5205299999999999,0.12517999999999985,0.30287000000000003,0.59291,-0.29004,0.5108195172960484,9e-05,0.0004,93382.185,0
2025-11-18 14:30:44.897329,93382.185,84.30999999999767,0.09028488678006161,-0.8928099999999999,-1.4133399999999998,0.40706,1.5899099999999997,-1.1828499999999997,0.25602707071469455,0.055,1.04717,93382.18,0
2025-11-18 14:30:46.928766,93382.18,84.28000000001339,0.09025276557049042,-0.13290000000000002,0.7599099999999999,0.27416,1.5899100000000002,-1.3157500000000002,0.17243743356542193,0.0001,0.00023,93382.18,0
2025-11-18 14:30:48.961398,93382.18,84.28000000001339,0.09025276557049042,0.48695999999999995,0.61986,0.27416,1.1029499999999999,-0.8287899999999999,0.24856974477537516,0.0001,0.00023,93382.19,1
2025-11-18 14:30:50.992415,93382.19,84.30000000000291,0.09027417326580466,-0.48695999999999995,-0.9739199999999999,0.27416,1.5899100000000002,-1.3157500000000002,0.17243743356542193,0.0001,0.00023,93385.775,1
2025-11-18 14:30:53.025905,93385.775,77.1299999999901,0.08259287884047663,-0.00045000000000000004,0.48650999999999994,0.27416,1.59036,-1.3162,0.17238864156543174,0.055,0.00068,93391.11,1
2025-11-18 14:30:55.063279,93391.11,66.44000000000233,0.0711416750480879,0.1879,0.18835000000000002,0.40706,1.5353599999999998,-1.1282999999999999,0.2651234889537307,0.055,0.00023,93398.04999999999,1
2025-11-18 14:30:57.097516,93398.04999999999,80.30000000000291,0.08597609907273537,-0.18745999999999996,-0.37535999999999997,0.27415,1.58991,-1.31576,0.17243114390122713,9e-05,0.00023,93398.04999999999,0
2025-11-18 14:30:59.129945,93398.04999999999,80.30000000000291,0.08597609907273537,0.48696,0.67442,0.27415,1.1029499999999999,-0.8287999999999999,0.24856067818124125,9e-05,0.00023,93398.04999999999,0
2025-11-18 14:31:01.163068,93398.04999999999,80.30000000000291,0.08597609907273537,-0.48696,-0.97392,0.27415,1.5899099999999997,-1.3157599999999996,0.17243114390122716,9e-05,0.00023,93398.04999999999,0
2025-11-18 14:31:03.197602,93398.04999999999,80.30000000000291,0.08597609907273537,0.0,0.48696,0.27415,1.5899099999999997,-1.3157599999999996,0.17243114390122716,9e-05,0.00023,93398.04999999999,0
2025-11-18 14:31:05.231240,93398.04999999999,80.30000000000291,0.08597609907273537,0.0,0.0,0.27415,1.5899099999999997,-1.3157599999999996,0.17243114390122716,9e-05,0.00023,93385.775,0
2025-11-18 14:31:07.264838,93385.775,82.11000000000058,0.08792559680529564,0.13251000000000002,0.13251000000000002,0.40706,1.5903099999999997,-1.1832499999999997,0.25596267394407385,0.055,0.00063,93385.775,0
2025-11-18 14:31:09.308964,93385.775,82.09000000001106,0.0879041802672956,0.35451000000000005,0.22200000000000003,0.27416,1.1028999999999998,-0.8287399999999998,0.24858101369117788,0.0001,0.00023,93385.775,0
2025-11-18 14:31:11.346058,93385.775,82.09000000001106,0.0879041802672956,0.0,-0.35451000000000005,0.27416,1.1028999999999998,-0.8287399999999998,0.24858101369117788,0.0001,0.00023,93385.775,0
2025-11-18 14:31:13.383754,93385.775,82.09000000001106,0.0879041802672956,0.0,0.0,0.27416,1.1028999999999998,-0.8287399999999998,0.24858101369117788,0.0001,0.00023,93389.42,1
2025-11-18 14:31:15.421214,93389.42,74.83999999999651,0.08013755733786172,-0.35411000000000004,-0.35411000000000004,0.40706,1.5899100000000002,-1.1828500000000002,0.2560270707146945,0.055,0.00023,93395.1,1
2025-11-18 14:31:17.459522,93395.1,86.19999999999709,0.09229606264139883,0.48695999999999995,0.84107,0.40706,1.1029499999999999,-0.6958899999999999,0.3690647808150868,0.055,0.00023,93375.245,0
2025-11-18 14:31:19.495072,93375.245,88.80999999999767,0.09511086155650535,-0.48718000000000006,-0.97414,0.40706,1.5901299999999998,-1.1830699999999998,0.2559916484815707,0.055,1.04717,93375.245,0
2025-11-18 14:31:21.530235,93375.245,88.7899999999936,0.09508944260332983,-0.1326799999999999,0.35450000000000015,0.27416,1.5899099999999997,-1.3157499999999998,0.172437433565422,0.0001,0.00023,93375.245,0
2025-11-18 14:31:23.557361,93375.245,88.7899999999936,0.09508944260332983,0.0,0.1326799999999999,0.27416,1.5899099999999997,-1.3157499999999998,0.172437433565422,0.0001,0.00023,93375.245,0
2025-11-18 14:31:25.591219,93375.245,88.7899999999936,0.09508944260332983,0.0,0.0,0.27416,1.5899099999999997,-1.3157499999999998,0.172437433565422,0.0001,0.00023,93378.13,1
2025-11-18 14:31:27.625883,93378.13,83.0,0.08888590936657223,0.48706,0.48706,0.27421,1.1028999999999998,-0.8286899999999997,0.24862634871701883,0.055,0.00023,93386.63,1
2025-11-18 14:31:29.658345,93386.63,89.22000000000116,0.09553830136069924,-0.2621300000000002,-0.7491900000000002,0.49899000000000004,1.58981,-1.09082,0.31386769488177835,0.055,0.00023,93386.63,0
2025-11-18 14:31:31.692455,93386.63,89.22000000000116,0.09553830136069924,0.0,0.2621300000000002,0.49899000000000004,1.58981,-1.09082,0.31386769488177835,0.055,0.00023,93357.465,0
2025-11-18 14:31:33.722842,93357.465,30.869999999995343,0.03306645055111056,-0.33918000000000004,-0.33918000000000004,0.38448,1.81448,-1.4300000000000002,0.2118954190732331,0.0001,0.055,93334.25,0
2025-11-18 14:31:35.755239,93334.25,77.27999999999884,0.0827991867936999,0.39237000000000005,0.7315500000000001,0.55218,1.5898100000000002,-1.03763,0.34732452305621425,0.05447,0.00023,93340.17,1
2025-11-18 14:31:37.789319,93340.17,89.11999999999534,0.09547872046943491,0.0,-0.39237000000000005,0.55218,1.5898100000000002,-1.03763,0.34732452305621425,0.05447,0.00023,93349.83499999999,1
2025-11-18 14:31:39.835800,93349.83499999999,95.06999999999243,0.10184270813118462,-0.30483,-0.30483,0.47225,1.8147099999999998,-1.3424599999999998,0.26023441762044625,0.055,1.0473,93338.545,0
2025-11-18 14:31:41.868482,93338.545,72.47000000000116,0.07764209309241019,0.08055999999999991,0.3853899999999999,0.32791000000000003,1.5898099999999997,-1.2618999999999998,0.2062573515074129,0.0001,1.04707,93333.19,0
2025-11-18 14:31:43.912114,93333.19,83.16000000000349,0.08910013683235672,0.10908000000000012,0.028520000000000212,0.43699,1.5898099999999997,-1.1528199999999997,0.2748693240072714,0.055,0.00023,93333.19,0
2025-11-18 14:31:45.950383,93333.19,83.16000000000349,0.08910013683235672,0.0,-0.10908000000000012,0.43699,1.5898099999999997,-1.1528199999999997,0.2748693240072714,0.055,0.00023,93333.195,1
2025-11-18 14:31:47.987297,93333.195,83.15000000000873,0.08908941775753923,-0.00034999999999996145,-0.00034999999999996145,0.43694,1.5901100000000001,-1.1531700000000003,0.27478602109288036,0.00012,0.00023,93333.195,0
2025-11-18 14:31:50.024862,93333.195,83.15000000000873,0.08908941775753923,-0.36924,-0.36889000000000005,0.2926,1.8150099999999996,-1.5224099999999996,0.16121123299596152,0.00012,0.00023,93329.59,0
2025-11-18 14:31:52.058392,93329.59,90.32000000000698,0.09677530995261738,0.31710999999999995,0.68635,0.38451,1.58981,-1.2052999999999998,0.2418590900799467,0.00013,0.00023,93332.625,1
2025-11-18 14:31:54.092209,93332.625,84.23000000001048,0.0902471134825689,1.19097,0.8738600000000001,0.52877,0.5431,-0.014330000000000065,0.9736144356472103,0.055,0.00023,93332.625,0
2025-11-18 14:31:56.126650,93332.625,84.23000000001048,0.0902471134825689,0.0,-1.19097,0.52877,0.5431,-0.014330000000000065,0.9736144356472103,0.055,0.00023,93332.625,0
2025-11-18 14:31:58.157221,93332.625,84.23000000001048,0.0902471134825689,0.0,0.0,0.52877,0.5431,-0.014330000000000065,0.9736144356472103,0.055,0.00023,93332.625,0
2025-11-18 14:32:00.194383,93332.625,84.23000000001048,0.0902471134825689,-0.09177999999999997,-0.09177999999999997,0.43699,0.5431,-0.10611000000000004,0.804621616645185,0.05512,0.00023,93332.625,0
2025-11-18 14:32:02.232277,93332.625,84.23000000001048,0.0902471134825689,0.0,0.09177999999999997,0.43699,0.5431,-0.10611000000000004,0.804621616645185,0.05512,0.00023,93332.625,0
2025-11-18 14:32:04.269723,93332.625,84.23000000001048,0.0902471134825689,0.0,0.0,0.43699,0.5431,-0.10611000000000004,0.804621616645185,0.05512,0.00023,93332.625,0
2025-11-18 14:32:06.307238,93332.625,84.23000000001048,0.0902471134825689,-1.04719,-1.04719,0.43687,1.59017,-1.1533000000000002,0.2747316324669689,0.055,0.00023,93323.62,0
2025-11-18 14:32:08.344982,93323.62,91.5399999999936,0.09808877966799145,-0.13249999999999992,0.9146900000000001,0.30401,1.5898100000000002,-1.2858,0.1912241085412722,0.00014,0.00023,93323.605,0
2025-11-18 14:32:10.382809,93323.605,91.52999999999884,0.09807808003130487,0.22452999999999998,0.3570299999999999,0.52877,1.5900399999999997,-1.0612699999999997,0.3325513823551609,0.055,0.00023,93323.61,1
2025-11-18 14:32:12.423335,93323.61,91.51999999998952,0.09806735937453505,-0.22476,-0.44928999999999997,0.30401,1.5900399999999997,-1.2860299999999998,0.19119644788810347,0.00014,0.00023,93316.35,0
2025-11-18 14:32:14.458559,93316.35,78.30000000000291,0.08390812542496884,0.22509,0.44984999999999997,0.52887,1.5898100000000002,-1.0609400000000002,0.33266239361936323,0.0001,0.00023,93313.82,0
2025-11-18 14:32:16.492708,93313.82,83.34000000001106,0.08931152963195704,-0.00029999999999996696,-0.22538999999999998,0.52887,1.5901099999999997,-1.0612399999999997,0.3325996314720366,0.055,0.00023,93298.0,0
2025-11-18 14:32:18.530894,93298.0,75.04000000000815,0.08043044866986232,-0.22457000000000005,-0.22427000000000008,0.304,1.58981,-1.28581,0.19121781848145375,0.00013,0.00023,93295.64,0
2025-11-18 14:32:20.568972,93295.64,70.55999999999767,0.07563054393538399,0.48723000000000005,0.7118000000000001,0.30409,1.10267,-0.7985800000000001,0.27577607080994315,0.0001,0.00023,93289.45,0
2025-11-18 14:32:22.606682,93289.45,58.179999999993015,0.06236503698970571,-0.48717,-0.9744,0.30406,1.58981,-1.28575,0.19125555884036458,0.0001,0.055,93289.44,0
2025-11-18 14:32:24.639558,93289.44,58.16000000000349,0.06234360502110795,0.48717,0.97434,0.30406,1.1026399999999998,-0.7985799999999998,0.2757563665384895,0.0001,0.00023,93289.44,0
2025-11-18 14:32:26.672750,93289.44,58.16000000000349,0.06234360502110795,0.0,-0.48717,0.30406,1.1026399999999998,-0.7985799999999998,0.2757563665384895,0.0001,0.00023,93275.995,0
2025-11-18 14:32:28.705514,93275.995,85.05000000000291,0.0911810160802926,3.0000000000002247e-05,3.0000000000002247e-05,0.30409,1.1026399999999998,-0.7985499999999999,0.2757835739679316,0.0001,0.00023,93275.995,0
2025-11-18 14:32:30.739998,93275.995,85.05000000000291,0.0911810160802926,0.0,-3.0000000000002247e-05,0.30409,1.1026399999999998,-0.7985499999999999,0.2757835739679316,0.0001,0.00023,93275.995,0
2025-11-18 14:32:32.774122,93275.995,85.05000000000291,0.0911810160802926,-3.0000000000002247e-05,-3.0000000000002247e-05,0.30406,1.1026399999999998,-0.7985799999999998,0.2757563665384895,0.0001,0.00023,93275.995,0
2025-11-18 14:32:34.811143,93275.995,85.05000000000291,0.0911810160802926,-0.48738000000000004,-0.48735000000000006,0.30409,1.5900499999999997,-1.2859599999999998,0.19124555831577628,0.0001,0.00023,93273.025,0
2025-11-18 14:32:36.848812,93273.025,90.99000000000524,0.09755232019118629,-0.0004800000000000037,0.48690000000000005,0.30361,1.59005,-1.28644,0.19094368101632023,0.05451,0.00023,93269.82,0
2025-11-18 14:32:38.885314,93269.82,84.56000000001222,0.09066169528365361,-0.22460999999999998,-0.22412999999999997,0.30363,1.81468,-1.51105,0.16731875592390946,0.00013,0.055,93269.81,0
2025-11-18 14:32:40.918563,93269.81,84.54000000000815,0.09064026183821769,0.4634499999999998,0.6880599999999998,0.05502,1.10262,-1.0475999999999999,0.0498993306850955,0.00013,0.00023,93269.81,0
2025-11-18 14:32:42.956249,93269.81,84.54000000000815,0.09064026183821769,0.33477999999999997,-0.12866999999999984,0.05502,0.76784,-0.71282,0.0716555532402584,0.00013,0.00023,93253.555,0
2025-11-18 14:32:44.993121,93253.555,79.40999999998894,0.08515493055464636,-0.7170699999999999,-1.05185,0.15993000000000002,1.58982,-1.4298899999999999,0.10059629392006643,0.0001,0.00024,93253.555,0
2025-11-18 14:32:47.023224,93253.555,79.40999999998894,0.08515493055464636,-2.0000000000002248e-05,0.7170499999999999,0.1599,1.58981,-1.42991,0.10057805649731728,0.0001,0.00023,93253.555,0
2025-11-18 14:32:49.056859,93253.555,79.40999999998894,0.08515493055464636,-0.00012999999999999877,-0.00010999999999999652,0.16004000000000002,1.59008,-1.43004,0.10064902394848059,0.0001,0.0005,93253.555,0
2025-11-18 14:32:51.094729,93253.555,79.40999999998894,0.08515493055464636,0.00020000000000000004,0.0003299999999999988,0.16004000000000002,1.58988,-1.42984,0.10066168515862833,0.0001,0.0003,93242.95999999999,0
2025-11-18 14:32:53.129383,93242.95999999999,83.56000000001222,0.08961534468662538,0.38266000000000006,0.3824600000000001,0.05552,1.1027,-1.04718,0.05034914301260542,0.00014,0.00023,93242.95999999999,0
2025-11-18 14:32:55.167216,93242.95999999999,83.56000000001222,0.08961534468662538,0.0,-0.38266000000000006,0.05552,1.1027,-1.04718,0.05034914301260542,0.00014,0.00023,93256.305,1
2025-11-18 14:32:57.200029,93256.305,90.83000000000175,0.09739824025839512,-0.38273,-0.38273,0.1599,1.58981,-1.42991,0.10057805649731728,0.055,0.00023,93258.89,1
2025-11-18 14:32:59.236735,93258.89,85.60000000000582,0.09178749607678778,0.9423599999999998,1.3250899999999999,0.05552,0.54307,-0.48755000000000004,0.10223359787872649,0.00014,0.00023,93258.89499999999,1
2025-11-18 14:33:01.271472,93258.89499999999,85.61000000000058,0.09179821399342185,-1.0471,-1.9894599999999998,0.05552,1.59017,-1.53465,0.03491450599621424,0.00014,0.00059,93258.89,0
2025-11-18 14:33:03.302643,93258.89,85.60000000000582,0.09178749607678778,1.04707,2.09417,0.05552,0.5431,-0.48758,0.10222795065365493,0.00014,0.00023,93258.89499999999,1
2025-11-18 14:33:05.339938,93258.89499999999,85.61000000000058,0.09179821399342185,-1.04671,-2.0937799999999998,0.05552,1.58981,-1.53429,0.03492241211213919,0.00014,0.00023,93257.12,0
2025-11-18 14:33:07.372953,93257.12,75.90000000000873,0.08138788759507985,0.0,1.04671,0.05552,1.58981,-1.53429,0.03492241211213919,0.055,0.00023,93260.435,1
2025-11-18 14:33:09.405660,93260.435,82.52999999999884,0.08849411864741874,0.0,0.0,0.05552,1.58981,-1.53429,0.03492241211213919,0.055,0.00023,93260.43,0
2025-11-18 14:33:11.442883,93260.43,82.52000000000407,0.08848340073062506,1.1509999999999998,1.1509999999999998,0.1599,0.5431900000000001,-0.3832900000000001,0.29437213498039355,0.055,0.00023,93256.83499999999,0
2025-11-18 14:33:13.479829,93256.83499999999,75.31000000001222,0.08075547492043048,-1.0466,-2.1975999999999996,0.15992,1.58981,-1.4298899999999999,0.10059063661695423,0.00013,0.055,93248.73999999999,0
2025-11-18 14:33:15.512170,93248.73999999999,91.4600000000064,0.09808175424140468,-0.1044,0.9421999999999999,0.05552,1.5898100000000002,-1.5342900000000002,0.03492241211213918,0.00014,0.00023,93245.7,0
2025-11-18 14:33:17.546284,93245.7,85.38000000000466,0.09156454399506321,-0.00035000000000001696,0.10404999999999999,0.05552,1.59016,-1.53464,0.03491472556220757,0.00014,1.04707,93236.995,0
2025-11-18 14:33:19.580068,93236.995,88.38999999999942,0.09480142512100419,0.00035000000000001696,0.0007000000000000339,0.05552,1.5898100000000002,-1.5342900000000002,0.03492241211213918,0.0001,0.00023,93217.02,0
2025-11-18 14:33:21.608110,93217.02,48.44000000000233,0.05196475922530277,-0.028390000000000054,-0.02874000000000007,0.1599,1.72258,-1.56268,0.09282587746287545,0.0001,0.055,93224.255,1
2025-11-18 14:33:23.640851,93224.255,62.91000000000349,0.0674824379127551,0.028260000000000035,0.05665000000000009,0.05552,1.5899399999999997,-1.5344199999999997,0.03491955671283194,0.0001,0.00036,93230.255,1
2025-11-18 14:33:25.672627,93230.255,74.91000000000349,0.08034945308258942,0.10450999999999996,0.07624999999999993,0.1599,1.5898100000000002,-1.4299100000000002,0.10057805649731727,0.0001,0.00023,93230.255,0
2025-11-18 14:33:27.710541,93230.255,74.91000000000349,0.08034945308258942,-0.10439,-0.20889999999999997,0.055510000000000004,1.5898100000000002,-1.5343000000000002,0.03491612205232072,0.0001,0.00023,93224.525,0
2025-11-18 14:33:29.743198,93224.525,86.3700000000099,0.0926472942608288,0.10399000000000004,0.20838000000000004,0.1599,1.59021,-1.43031,0.10055275718301356,0.055,0.00063,93224.525,0
2025-11-18 14:33:31.777573,93224.525,86.34999999999127,0.09262584067871762,0.48755000000000004,0.38356,0.16004,1.1028,-0.94276,0.1451215088864708,0.10466,0.00023,93240.655,1
2025-11-18 14:33:33.812283,93240.655,91.07000000000698,0.0976719865384976,-0.7120200000000002,-1.1995700000000002,0.1599,1.8146799999999998,-1.65478,0.08811470892939802,0.055,0.0001,93240.65,0
2025-11-18 14:33:35.848100,93240.65,91.05999999999767,0.09766126684015788,0.22500000000000006,0.9370200000000003,0.16003,1.58981,-1.42978,0.1006598272749574,0.05513,0.00023,93240.655,1
2025-11-18 14:33:37.881692,93240.655,91.04999999998836,0.09765053666771041,1.04643,0.8214299999999999,0.15983999999999998,0.5431900000000001,-0.3833500000000001,0.29426167639315887,0.10452,0.00023,93252.255,1
2025-11-18 14:33:39.918378,93252.255,67.84999999999127,0.07275963460614573,-1.15096,-2.19739,0.05550000000000001,1.58981,-1.5343099999999998,0.034909831992502256,0.055,0.00023,93253.35,1
2025-11-18 14:33:41.955699,93253.35,70.0399999999936,0.07510722134914574,0.10418,1.25514,0.1599,1.59003,-1.4301300000000001,0.10056414029923963,0.055,0.00045,93253.355,1
2025-11-18 14:33:43.985106,93253.355,70.02999999999884,0.07509649384732467,-0.1042,-0.20838,0.05548,1.58981,-1.53433,0.03489725187286531,0.0001,0.00023,93255.945,1
2025-11-18 14:33:46.020626,93255.945,64.84999999999127,0.06953980252947012,0.10396999999999999,0.20817,0.1599,1.59026,-1.43036,0.10054959566360216,0.055,0.00068,93255.945,0
2025-11-18 14:33:48.054208,93255.945,64.83000000000175,0.06951835617557867,-0.10398,-0.20795,0.055470000000000005,1.58981,-1.53434,0.03489096181304684,9e-05,0.00023,93249.8,0
2025-11-18 14:33:50.087840,93249.8,77.11999999999534,0.08270259024683736,0.10443000000000001,0.20841,0.1599,1.58981,-1.42991,0.10057805649731728,0.055,0.00023,93256.98999999999,1
2025-11-18 14:33:52.125682,93256.98999999999,91.47999999999593,0.098094523531154,-0.3302400000000001,-0.4346700000000001,0.05548,1.8156299999999999,-1.7601499999999999,0.03055688659032953,0.0001,1.04775,93252.845,0
2025-11-18 14:33:54.159718,93252.845,83.19000000000233,0.08920907453279557,0.22555000000000003,0.5557900000000001,0.05548,1.59008,-1.5346,0.034891326222579996,0.0001,0.055,93252.83499999999,0
2025-11-18 14:33:56.195502,93252.83499999999,83.16999999999825,0.08918763703001444,0.48722999999999994,0.2616799999999999,0.05548,1.1028499999999999,-1.04737,0.05030602529809131,0.0001,0.00023,93244.95,0
2025-11-18 14:33:58.229678,93244.95,84.17999999999302,0.09027834751371845,-0.028129999999999947,-0.5153599999999999,0.1599,1.2354,-1.0755000000000001,0.12943176299174355,0.055,0.00023,93244.95,0
2025-11-18 14:34:00.267444,93244.95,84.16000000000349,0.09025689863097518,0.02814999999999994,0.056279999999999886,0.05550000000000001,1.1028499999999999,-1.0473499999999998,0.050324160130570804,0.00012,0.00023,93244.95,0
2025-11-18 14:34:02.302849,93244.95,84.16000000000349,0.09025689863097518,0.0,-0.02814999999999994,0.05550000000000001,1.1028499999999999,-1.0473499999999998,0.050324160130570804,0.00012,0.00023,93244.95,0
2025-11-18 14:34:04.341705,93244.95,84.16000000000349,0.09025689863097518,0.0,0.0,0.05550000000000001,1.1028499999999999,-1.0473499999999998,0.050324160130570804,0.00012,0.00023,93244.95,0
2025-11-18 14:34:06.375541,93244.95,84.16000000000349,0.09025689863097518,-0.13254999999999995,-0.13254999999999995,0.05550000000000001,1.2354,-1.1799,0.04492472073822244,0.00012,0.00023,93244.95,0
2025-11-18 14:34:08.407875,93244.95,84.16000000000349,0.09025689863097518,-0.00021999999999999998,0.13232999999999995,0.05550000000000001,1.23562,-1.1801199999999998,0.04491672196953757,0.00012,0.00045,93244.95499999999,1
2025-11-18 14:34:10.441070,93244.95499999999,84.16999999999825,0.09026761823199793,0.00021999999999999998,0.00043999999999999996,0.05550000000000001,1.2354,-1.1799,0.04492472073822244,0.00012,0.00023,93244.95,0
2025-11-18 14:34:12.472701,93244.95,84.16000000000349,0.09025689863097518,-0.3549,-0.35512,0.05550000000000001,1.5903,-1.5348,0.03489907564610451,0.00012,0.48768,93244.945,0
2025-11-18 14:34:14.513003,93244.945,84.15000000000873,0.09024617902880282,1.04684,1.40174,0.05550000000000001,0.54346,-0.48796000000000006,0.10212343134729328,0.00012,0.00023,93248.03,1
2025-11-18 14:34:16.550401,93248.03,77.98000000001048,0.0836264315718096,-0.94252,-1.98936,0.16,1.59048,-1.43048,0.1005985614405714,0.0551,0.00063,93248.025,0
2025-11-18 14:34:18.588851,93248.025,77.97000000000116,0.08361571196816359,9.999999999987796e-05,0.9426199999999999,0.16,1.59038,-1.43038,0.10060488688238033,0.0551,0.00023,93241.45499999999,0
2025-11-18 14:34:20.621585,93241.45499999999,89.16999999999825,0.09563342828573221,0.0003400000000000139,0.00024000000000013594,0.16004000000000002,1.5900800000000002,-1.4300400000000002,0.10064902394848058,0.05514,0.00023,93231.57500000001,0
2025-11-18 14:34:22.650250,93231.57500000001,78.99000000000524,0.08472451527286247,-0.0002699999999999994,-0.0006100000000000133,0.1599,1.5902100000000001,-1.4303100000000002,0.10055275718301354,0.0001,0.055,93229.275,0
2025-11-18 14:34:24.684746,93229.275,74.38999999999942,0.07979253297850854,0.00027000000000000125,0.0005400000000000007,0.16004000000000002,1.5900800000000002,-1.4300400000000002,0.10064902394848058,0.0001,0.055,93229.265,0
2025-11-18 14:34:26.717025,93229.265,74.36999999999534,0.07977108904590778,-0.00037000000000017574,-0.000640000000000177,0.1599,1.5903100000000001,-1.4304100000000002,0.10054643434298971,0.0001,0.00023,93229.265,0
2025-11-18 14:34:28.743899,93229.265,74.36999999999534,0.07977108904590778,0.00022999999999995246,0.0006000000000001282,0.15990000000000001,1.5900800000000002,-1.4301800000000002,0.10056097806399678,0.0001,0.00023,93233.45999999999,1
2025-11-18 14:34:30.773448,93233.45999999999,85.74000000000524,0.09196269236388444,-0.10439,-0.10461999999999995,0.055510000000000004,1.5900799999999997,-1.5345699999999998,0.03491019319782653,0.00013,0.00023,93227.29500000001,0
2025-11-18 14:34:32.800234,93227.29500000001,98.05000000000291,0.10517306117269935,0.10438999999999994,0.20877999999999994,0.1599,1.5900799999999997,-1.4301799999999998,0.10056097806399679,0.0001,1.04707,93220.77,0
2025-11-18 14:34:34.830283,93220.77,85.0,0.0911813965921972,-0.32935000000000003,-0.43373999999999996,0.05552,1.81505,-1.75953,0.03058868901683149,0.0001,0.055,93216.69,0
2025-11-18 14:34:36.863505,93216.69,83.55999999999767,0.08964059976812914,0.46871000000000007,0.7980600000000001,0.29925999999999997,1.5900800000000002,-1.29082,0.18820436707587035,3e-05,0.00023,93216.69,0
2025-11-18 14:34:38.898697,93216.69,83.55999999999767,0.08964059976812914,0.0,-0.46871000000000007,0.29925999999999997,1.5900800000000002,-1.29082,0.18820436707587035,3e-05,0.00023,93216.69,0
2025-11-18 14:34:40.926761,93216.69,83.55999999999767,0.08964059976812914,-0.13956,-0.13956,0.1598,1.59018,-1.43038,0.10049176822749627,3e-05,0.00033,93216.685,0
2025-11-18 14:34:42.958988,93216.685,83.55000000000291,0.08962987688309547,1.08192,1.22148,0.19488,0.5433399999999999,-0.34845999999999994,0.3586704457614017,3e-05,0.00023,93201.505,0
2025-11-18 14:34:44.987286,93201.505,53.19000000000233,0.0570698938820809,-0.09218000000000001,-1.1741,0.32774000000000003,0.7683800000000001,-0.44064000000000003,0.4265337463234337,3e-05,0.0003,93209.245,1
2025-11-18 14:34:47.016794,93209.245,68.66999999999825,0.07367294950194936,-0.8755999999999999,-0.7834199999999999,0.27384,1.5900800000000002,-1.31624,0.1722177500503119,3e-05,0.00023,93204.705,0
2025-11-18 14:34:49.053592,93204.705,59.58999999999651,0.06393454064362578,-0.00022999999999995246,0.87537,0.27384,1.5903100000000001,-1.3164700000000003,0.17219284290484244,3e-05,0.055,93200.11,0
2025-11-18 14:34:51.087046,93200.11,50.39999999999418,0.054077189393868935,-0.11406000000000001,-0.11383000000000006,0.15985,1.59038,-1.4305299999999999,0.10051056980092808,3e-05,0.055,93196.61,0
2025-11-18 14:34:53.120356,93196.61,43.39999999999418,0.04656821744910483,0.11429,0.22835,0.27384,1.5900800000000002,-1.31624,0.1722177500503119,3e-05,0.00023,93196.60500000001,0
2025-11-18 14:34:55.157781,93196.60500000001,43.38999999999942,0.04655748994290019,-0.11416,-0.22845,0.15985,1.5902500000000002,-1.4304000000000001,0.10051878635434679,3e-05,0.00023,93198.005,1
2025-11-18 14:34:57.190360,93198.005,46.19000000000233,0.04956114672197364,0.48751000000000005,0.60167,0.15981,1.1027,-0.94289,0.14492609050512378,3e-05,0.0003,93198.0,0
2025-11-18 14:34:59.225090,93198.0,46.179999999993015,0.04955041953689244,-0.10444,-0.5919500000000001,0.05537,1.1027,-1.04733,0.05021311326743448,3e-05,0.00023,93198.0,0
2025-11-18 14:35:01.256680,93198.0,46.179999999993015,0.04955041953689244,0.0,0.10444,0.05537,1.1027,-1.04733,0.05021311326743448,3e-05,0.00023,93202.41,1
2025-11-18 14:35:03.291072,93202.41,55.0,0.05901134959922173,-0.51571,-0.51571,0.15981,1.7228499999999998,-1.5630399999999998,0.09275909104100764,3e-05,0.055,93202.4,0
2025-11-18 14:35:05.324605,93202.4,54.979999999995925,0.05898989725586029,0.5156699999999999,1.03138,0.05536,1.10273,-1.04737,0.05020267880623543,3e-05,0.00023,93202.4,0
2025-11-18 14:35:07.355982,93202.4,54.979999999995925,0.05898989725586029,-2.000000000000004e-05,-0.5156899999999999,0.05537,1.10276,-1.04739,0.05021038122528928,3e-05,0.00023,93202.405,1
2025-11-18 14:35:09.393506,93202.405,54.98999999999069,0.05900062342810863,-0.25390000000000007,-0.25388000000000005,0.28879,1.59008,-1.3012899999999998,0.18161979271483197,3e-05,0.00023,93203.35,1
2025-11-18 14:35:11.427177,93203.35,56.879999999990105,0.06102784932085606,-0.3540500000000001,-0.10015000000000002,0.15981,1.8151499999999998,-1.6553399999999998,0.08804231055284689,3e-05,1.04707,93203.345,0
2025-11-18 14:35:13.460794,93203.345,56.86999999999534,0.06101712336611453,0.2250700000000001,0.5791200000000002,0.15981,1.59008,-1.43027,0.1005043771382572,3e-05,0.00023,93203.35,1
2025-11-18 14:35:15.494126,93203.35,56.879999999990105,0.06102784932085606,-0.13313000000000008,-0.3582000000000002,0.15980999999999998,1.72321,-1.5634,0.09273971251327463,3e-05,0.48804,93219.215,1
2025-11-18 14:35:17.529418,93219.215,78.2100000000064,0.08389901159327119,-0.19627999999999995,-0.06314999999999987,0.05537,1.8150499999999998,-1.75968,0.030506046665381124,0.00013,0.0001,93219.20999999999,0
2025-11-18 14:35:19.564872,93219.20999999999,78.19999999999709,0.08388828869070775,0.22497000000000006,0.42125,0.05537,1.59008,-1.53471,0.034822147313342725,0.00013,0.00023,93214.88500000001,0
2025-11-18 14:35:21.602533,93214.88500000001,79.94999999999709,0.08576956351981455,0.10421999999999988,-0.12075000000000018,0.15981,1.5903,-1.43049,0.10049047349556688,3e-05,0.00045,93204.555,0
2025-11-18 14:35:23.639600,93204.555,59.2899999999936,0.06361277085652477,-0.22484999999999994,-0.3290699999999998,0.15981,1.81515,-1.65534,0.08804231055284688,3e-05,0.055,93204.55,0
2025-11-18 14:35:25.672528,93204.55,59.279999999998836,0.06360204517912359,0.4874500000000001,0.7123,0.15981,1.3277,-1.16789,0.12036604654665964,3e-05,0.00023,93199.60500000001,0
2025-11-18 14:35:27.715605,93199.60500000001,49.38999999999942,0.0529937868298899,0.0923,-0.3951500000000001,0.15981,1.2354,-1.07559,0.12935891209324915,3e-05,0.00023,93196.35500000001,0
2025-11-18 14:35:29.747973,93196.35500000001,42.88999999999942,0.046021113164779255,0.028210000000000096,-0.0640899999999999,0.05538,1.10276,-1.04738,0.05021944938155174,3e-05,0.00023,93210.745,1
2025-11-18 14:35:31.780770,93210.745,71.66999999999825,0.07689027697396718,-0.22485000000000016,-0.2530600000000003,0.05537,1.3276000000000001,-1.2722300000000002,0.041706839409460676,3e-05,0.00023,93210.74,0
2025-11-18 14:35:33.814049,93210.74,71.66000000000349,0.0768795527210743,0.3292400000000001,0.5540900000000002,0.15981,1.1028,-0.94299,0.14491294885745376,3e-05,0.00023,93210.74,0
2025-11-18 14:35:35.846125,93210.74,71.66000000000349,0.0768795527210743,0.0,-0.3292400000000001,0.15981,1.1028,-0.94299,0.14491294885745376,3e-05,0.00023,93191.29000000001,0
2025-11-18 14:35:37.879978,93191.29000000001,63.90000000000873,0.06856863983748773,0.35366000000000003,0.35366000000000003,0.51348,1.1028099999999998,-0.5893299999999998,0.46561057661791255,0.05466,0.00023,93191.29500000001,1
2025-11-18 14:35:39.918085,93191.29500000001,63.88999999999942,0.06855790554257177,-0.22506,-0.57872,0.28842,1.1028099999999998,-0.8143899999999998,0.2615319048612182,0.00014,0.00023,93199.375,1
2025-11-18 14:35:41.950494,93199.375,47.73000000001048,0.05121278978535047,0.6925899999999999,0.91765,0.42162,0.54342,-0.12180000000000002,0.7758639726178646,0.055,0.00023,93199.375,0
2025-11-18 14:35:43.982585,93199.375,47.73000000001048,0.05121278978535047,0.0004400000000000237,-0.6921499999999999,0.42176,0.54312,-0.12136000000000002,0.7765503019590514,0.05514,0.00023,93199.38,1
2025-11-18 14:35:46.011585,93199.38,47.720000000001164,0.051202057352743295,0.48709,0.48665,0.42162,0.05589,0.36573,7.54374664519592,0.10457,0.00023,93206.48000000001,1
2025-11-18 14:35:48.040293,93206.48000000001,33.520000000004075,0.03596316479283851,-0.61604,-1.1031300000000002,0.29281,0.54312,-0.25031000000000003,0.5391257917219031,0.055,0.00023,93199.845,0
2025-11-18 14:35:50.070879,93199.845,46.79000000000815,0.050203946154640224,0.64886,1.2649,0.45444000000000007,0.05589,0.39855000000000007,8.130971551261407,0.055,0.00023,93199.845,0
2025-11-18 14:35:52.108465,93199.845,46.79000000000815,0.050203946154640224,0.0,-0.64886,0.45444000000000007,0.05589,0.39855000000000007,8.130971551261407,0.055,0.00023,93192.16500000001,0
2025-11-18 14:35:54.138770,93192.16500000001,62.15000000000873,0.06669015576578646,-0.4871,-0.4871,0.45457000000000003,0.54312,-0.08855000000000002,0.8369605243776698,0.1047,0.00023,93192.16,0
2025-11-18 14:35:56.178160,93192.16,62.16000000000349,0.06670088986026666,-0.5603899999999999,-0.07328999999999997,0.45357000000000003,1.1025099999999999,-0.6489399999999999,0.4113976290464486,0.05413,0.00023,93192.16,0
2025-11-18 14:35:58.216315,93192.16,62.16000000000349,0.06670088986026666,1.04649,1.6068799999999999,0.45357000000000003,0.05602,0.39755,8.096572652624063,0.05413,0.00023,93192.16,0
2025-11-18 14:36:00.253766,93192.16,62.16000000000349,0.06670088986026666,-1.13869,-2.18518,0.36137,1.1025099999999999,-0.7411399999999999,0.3277702696574181,0.05413,0.00023,93192.16,0
2025-11-18 14:36:02.291677,93192.16,62.16000000000349,0.06670088986026666,0.0,1.13869,0.36137,1.1025099999999999,-0.7411399999999999,0.3277702696574181,0.05413,0.00023,93192.16,0
2025-11-18 14:36:04.322218,93192.16,62.16000000000349,0.06670088986026666,0.0,0.0,0.36137,1.1025099999999999,-0.7411399999999999,0.3277702696574181,0.05413,0.00023,93192.16500000001,1
2025-11-18 14:36:06.355107,93192.16500000001,62.15000000000873,0.06669015576578646,1.04649,1.04649,0.36137,0.05602,0.30535,6.450731881470904,0.10457,0.00023,93198.41,1
2025-11-18 14:36:08.388601,93198.41,49.66000000000349,0.053284170835107045,-0.48623000000000005,-1.5327199999999999,0.36224,0.54312,-0.18088000000000004,0.666961260863161,0.055,0.00023,93198.41500000001,1
2025-11-18 14:36:10.416566,93198.41500000001,49.65000000000873,0.05327343818026167,0.5098199999999999,0.99605,0.38495999999999997,0.05602,0.32893999999999995,6.871831488754016,9e-05,0.00023,93189.88,0
2025-11-18 14:36:12.450885,93189.88,66.72000000000116,0.07159575696416946,-0.9770099999999999,-1.4868299999999999,0.45444,1.1025099999999999,-0.6480699999999999,0.41218673753526053,0.10457,0.00023,93189.88,0
2025-11-18 14:36:14.479783,93189.88,66.72000000000116,0.07159575696416946,0.07800000000000003,1.05501,0.53244,1.1025099999999999,-0.5700699999999999,0.4829343951528785,0.10457,0.00023,93182.865,0
2025-11-18 14:36:16.515265,93182.865,80.75,0.08665756306162081,0.5592899999999998,0.48128999999999983,0.53234,0.54312,-0.010780000000000012,0.9801517160111946,0.0001,0.00023,93182.865,0
2025-11-18 14:36:18.552285,93182.865,80.75,0.08665756306162081,0.0,-0.5592899999999998,0.53234,0.54312,-0.010780000000000012,0.9801517160111946,0.0001,0.00023,93182.865,0
2025-11-18 14:36:20.592457,93182.865,80.75,0.08665756306162081,-0.17056000000000004,-0.17056000000000004,0.30736,0.4887,-0.18134,0.6289339062819725,0.0001,0.00023,93175.1,0
2025-11-18 14:36:22.629769,93175.1,96.27999999999884,0.10333232805760212,-0.58301,-0.41245,0.33816,1.1025099999999999,-0.7643499999999999,0.3067183064099192,0.0001,0.00023,93175.1,0
2025-11-18 14:36:24.670037,93175.1,96.27999999999884,0.10333232805760212,1.01569,1.5987,0.30736,0.05602,0.25134,5.486611924312746,0.0001,0.00023,93175.1,0
2025-11-18 14:36:26.699409,93175.1,96.27999999999884,0.10333232805760212,-0.03012999999999999,-1.04582,0.27723000000000003,0.05602,0.22121000000000002,4.948768297036773,0.0001,0.00023,93163.475,0
2025-11-18 14:36:28.735749,93163.475,73.02999999999884,0.07838908971568401,-0.03808,-0.007950000000000013,0.34668000000000004,0.16355,0.18313000000000004,2.119718740446347,0.0001,0.00023,93163.48,1
2025-11-18 14:36:30.775253,93163.48,73.0,0.07835688404941507,0.2529799999999999,0.29105999999999993,0.54518,0.10907,0.43611,4.998441367928853,0.10457,0.00023,93163.48,0
2025-11-18 14:36:32.807062,93163.48,73.0,0.07835688404941507,-0.00010999999999999899,-0.2530899999999999,0.5450699999999999,0.10907,0.43599999999999994,4.9974328412945805,0.10457,0.00023,93163.485,1
2025-11-18 14:36:34.843090,93163.485,72.98999999999069,0.07834614602490524,-9.999999999982245e-06,0.00010000000000001674,0.54506,0.10907,0.43599,4.997341157055102,9e-05,0.00023,93199.975,1
2025-11-18 14:36:36.878921,93199.975,0.00999999999476131,1.072961660640071e-05,0.05398,0.05398999999999998,0.59904,0.10907,0.48997,5.492252681764005,0.055,0.00023,93199.975,0
2025-11-18 14:36:38.906945,93199.975,0.00999999999476131,1.072961660640071e-05,0.0,-0.05398,0.59904,0.10907,0.48997,5.492252681764005,0.055,0.00023,93199.995,1
2025-11-18 14:36:40.946196,93199.995,0.00999999999476131,1.0729614303907754e-05,-1.4285599999999998,-1.4285599999999998,0.27271999999999996,1.21131,-0.9385900000000001,0.22514467807580218,0.05553,0.00551,93199.995,0
2025-11-18 14:36:42.982456,93199.995,0.00999999999476131,1.0729614303907754e-05,0.7955099999999999,2.2240699999999998,0.40532,0.5484,-0.14307999999999998,0.7390955506929249,0.05523,0.00551,93199.995,0
2025-11-18 14:36:45.015569,93199.995,0.00999999999476131,1.0729614303907754e-05,0.0,-0.7955099999999999,0.40532,0.5484,-0.14307999999999998,0.7390955506929249,0.05523,0.00551,93199.995,0
2025-11-18 14:36:47.048945,93199.995,0.00999999999476131,1.0729614303907754e-05,-0.83475,-0.83475,0.23348,1.21131,-0.9778300000000001,0.19274999793611872,0.05523,0.00551,93199.995,0
2025-11-18 14:36:49.079844,93199.995,0.00999999999476131,1.0729614303907754e-05,0.0,0.83475,0.23348,1.21131,-0.9778300000000001,0.19274999793611872,0.05523,0.00551,93199.995,0
2025-11-18 14:36:51.111249,93199.995,0.00999999999476131,1.0729614303907754e-05,0.0,0.0,0.23348,1.21131,-0.9778300000000001,0.19274999793611872,0.05523,0.00551,93199.995,0
2025-11-18 14:36:53.145502,93199.995,0.00999999999476131,1.0729614303907754e-05,0.0,0.0,0.23348,1.2113099999999999,-0.9778299999999999,0.19274999793611877,0.05523,0.00551,93199.995,0
2025-11-18 14:36:55.176834,93199.995,0.00999999999476131,1.0729614303907754e-05,-0.17568999999999999,-0.17568999999999999,0.05779,1.21131,-1.15352,0.04770867903344313,0.0004,0.00551,93199.995,0
2025-11-18 14:36:57.215982,93199.995,0.00999999999476131,1.0729614303907754e-05,0.0,0.17568999999999999,0.05779,1.21131,-1.15352,0.04770867903344313,0.0004,0.00551,93199.995,0
2025-11-18 14:36:59.250788,93199.995,0.00999999999476131,1.0729614303907754e-05,-0.00017,-0.00017,0.057620000000000005,1.21131,-1.15369,0.04756833510827121,0.00023,0.00551,93199.995,0
2025-11-18 14:37:01.286219,93199.995,0.00999999999476131,1.0729614303907754e-05,0.0,0.00017,0.057620000000000005,1.21131,-1.15369,0.04756833510827121,0.00023,0.00551,93199.995,0
2025-11-18 14:37:03.318121,93199.995,0.00999999999476131,1.0729614303907754e-05,0.0,0.0,0.057620000000000005,1.21131,-1.15369,0.04756833510827121,0.00023,0.00551,93199.995,0
2025-11-18 14:37:05.352645,93199.995,0.00999999999476131,1.0729614303907754e-05,0.17586,0.17586,0.23348,1.21131,-0.9778300000000001,0.19274999793611872,0.05523,0.00551,93199.995,0
2025-11-18 14:37:07.389539,93199.995,0.00999999999476131,1.0729614303907754e-05,-0.17565999999999998,-0.35151999999999994,0.05782,1.21131,-1.1534900000000001,0.04773344560847347,0.00043,0.00551,93199.995,0
2025-11-18 14:37:09.428990,93199.995,0.00999999999476131,1.0729614303907754e-05,-0.00019999999999999998,0.17545999999999998,0.057620000000000005,1.21131,-1.15369,0.04756833510827121,0.00023,0.00551,93199.995,0
2025-11-18 14:37:11.467975,93199.995,0.00999999999476131,1.0729614303907754e-05,0.0,0.00019999999999999998,0.057620000000000005,1.21131,-1.15369,0.04756833510827121,0.00023,0.00551,93199.995,0
2025-11-18 14:37:13.504450,93199.995,0.00999999999476131,1.0729614303907754e-05,0.0,0.0,0.057620000000000005,1.21131,-1.15369,0.04756833510827121,0.00023,0.00551,93199.995,0
2025-11-18 14:37:15.539160,93199.995,0.00999999999476131,1.0729614303907754e-05,0.2253,0.2253,0.28292,1.21131,-0.92839,0.23356531358611748,0.05543,0.00551,93199.995,0
2025-11-18 14:37:17.566069,93199.995,0.00999999999476131,1.0729614303907754e-05,-0.049440000000000005,-0.27474,0.23348,1.21131,-0.9778300000000001,0.19274999793611872,0.05523,0.00551,93199.995,0
2025-11-18 14:37:19.598657,93199.995,0.00999999999476131,1.0729614303907754e-05,0.0,0.049440000000000005,0.23348,1.21131,-0.9778300000000001,0.19274999793611872,0.05523,0.00551,93199.995,0
2025-11-18 14:37:21.630258,93199.995,0.00999999999476131,1.0729614303907754e-05,0.133,0.133,0.36648000000000003,1.21131,-0.8448300000000001,0.3025484805706219,0.05573,0.00551,93199.995,0
2025-11-18 14:37:23.658741,93199.995,0.00999999999476131,1.0729614303907754e-05,0.0,-0.133,0.36648000000000003,1.21131,-0.8448300000000001,0.3025484805706219,0.05573,0.00551,93199.995,0
2025-11-18 14:37:25.687449,93199.995,0.00999999999476131,1.0729614303907754e-05,0.0004099999999999998,0.0004099999999999998,0.36648000000000003,1.2109,-0.8444200000000001,0.3026509208027087,0.05573,0.0051,93199.995,0
2025-11-18 14:37:27.727300,93199.995,0.00999999999476131,1.0729614303907754e-05,0.0,-0.0004099999999999998,0.36648000000000003,1.2109,-0.8444200000000001,0.3026509208027087,0.05573,0.0051,93199.995,0
2025-11-18 14:37:29.757354,93199.995,0.00999999999476131,1.0729614303907754e-05,0.0,0.0,0.36648000000000003,1.2109,-0.8444200000000001,0.3026509208027087,0.05573,0.0051,93199.995,0
2025-11-18 14:37:31.791035,93199.995,0.00999999999476131,1.0729614303907754e-05,0.04864000000000007,0.04864000000000007,0.41512,1.2108999999999999,-0.7957799999999999,0.342819390535965,0.05523,0.0046,93199.995,0
2025-11-18 14:37:33.825989,93199.995,0.00999999999476131,1.0729614303907754e-05,0.0,-0.04864000000000007,0.41512,1.2108999999999999,-0.7957799999999999,0.342819390535965,0.05523,0.0046,93199.995,0
2025-11-18 14:37:35.857295,93199.995,0.00999999999476131,1.0729614303907754e-05,-0.0008799999999999988,-0.0008799999999999988,0.41424,1.2108999999999999,-0.7966599999999999,0.342092658353291,0.05435,0.0046,93199.995,0
2025-11-18 14:37:37.890925,93199.995,0.00999999999476131,1.0729614303907754e-05,0.042689999999999985,0.043569999999999984,0.45716,1.21113,-0.75397,0.3774656725537308,0.05435,0.00483,93199.995,0
2025-11-18 14:37:39.926818,93199.995,0.00999999999476131,1.0729614303907754e-05,-0.09209999999999999,-0.13478999999999997,0.36506,1.21113,-0.8460700000000001,0.30142098701212916,0.05435,0.00483,93199.995,0
2025-11-18 14:37:41.966023,93199.995,0.00999999999476131,1.0729614303907754e-05,0.0,0.09209999999999999,0.36506,1.21113,-0.8460700000000001,0.30142098701212916,0.05435,0.00483,93199.995,0
2025-11-18 14:37:43.994799,93199.995,0.00999999999476131,1.0729614303907754e-05,0.66406,0.66406,0.36571,0.54772,-0.18201,0.6676951727159862,0.055,0.00483,93254.17,1
2025-11-18 14:37:46.024867,93254.17,3.4800000000104774,0.0037317366076074425,-1.41619,-2.08025,0.22767000000000004,1.82587,-1.5982,0.12469124307864198,0.00023,0.0001,93254.17,0
2025-11-18 14:37:48.058411,93254.17,3.4800000000104774,0.0037317366076074425,0.13185000000000002,1.54804,0.22767000000000004,1.69402,-1.46635,0.13439628811938467,0.00023,0.0001,93274.845,1
2025-11-18 14:37:50.095135,93274.845,70.54999999998836,0.07563668425285333,-0.30220000000000014,-0.43405000000000016,0.05732,1.82587,-1.76855,0.03139325362703807,0.00023,0.0001,93274.845,0
2025-11-18 14:37:52.127747,93274.845,70.54999999998836,0.07563668425285333,0.13187000000000004,0.4340700000000002,0.05732,1.694,-1.63668,0.033837072018890205,0.00023,0.0001,93274.845,0
2025-11-18 14:37:54.157985,93274.845,70.54999999998836,0.07563668425285333,0.0,-0.13187000000000004,0.05732,1.694,-1.63668,0.033837072018890205,0.00023,0.0001,93279.67,1
2025-11-18 14:37:56.190902,93279.67,60.89999999999418,0.0652875380026475,0.0009299999999999864,0.0009299999999999864,0.19012,1.82587,-1.63575,0.1041257044586964,0.00023,0.0001,93279.67499999999,1
2025-11-18 14:37:58.223164,93279.67499999999,60.88999999999942,0.06527681405407923,-0.13280000000000003,-0.13373000000000002,0.05732,1.82587,-1.76855,0.03139325362703807,0.00023,0.0001,93279.67499999999,0
2025-11-18 14:38:00.254755,93279.67499999999,60.88999999999942,0.06527681405407923,0.13185000000000013,0.26465000000000016,0.05732,1.69402,-1.6367,0.03383667253043057,0.00023,0.0001,93292.43,1
2025-11-18 14:38:02.288718,93292.43,86.41999999999825,0.09263345375396295,0.17557000000000003,0.0437199999999999,0.23289,1.69402,-1.46113,0.1374777157294483,0.0002,0.0001,93296.92,1
2025-11-18 14:38:04.326339,93296.92,77.44000000000233,0.08300381191576564,-0.13182000000000024,-0.3073900000000003,0.23292000000000002,1.82587,-1.59295,0.1275665846966104,0.00023,0.0001,93290.685,0
2025-11-18 14:38:06.366422,93290.685,89.91000000000349,0.09637618160913225,-0.043769999999999865,0.08805000000000038,0.057300000000000004,1.69402,-1.6367200000000002,0.03382486629437669,0.00023,0.0001,93290.685,0
2025-11-18 14:38:08.402308,93290.685,89.91000000000349,0.09637618160913225,0.0,0.043769999999999865,0.057300000000000004,1.69402,-1.6367200000000002,0.03382486629437669,0.00023,0.0001,93290.685,0
2025-11-18 14:38:10.435034,93290.685,89.91000000000349,0.09637618160913225,0.22321000000000002,0.22321000000000002,0.28051000000000004,1.69402,-1.41351,0.1655883637737453,0.00023,0.0001,93290.685,0
2025-11-18 14:38:12.476213,93290.685,89.91000000000349,0.09637618160913225,0.0,-0.22321000000000002,0.28051000000000004,1.69402,-1.41351,0.1655883637737453,0.00023,0.0001,93292.53,1
2025-11-18 14:38:14.507536,93292.53,93.60000000000582,0.10032957622652727,-6.938893903907228e-18,-6.938893903907228e-18,0.28051000000000004,1.69402,-1.41351,0.1655883637737453,0.00023,0.00015,93298.16,1
2025-11-18 14:38:16.540337,93298.16,82.33999999999651,0.08825468798098109,0.30839000000000005,0.30839000000000005,0.5889,1.69402,-1.10512,0.3476346206066044,0.055,0.00015,93298.17,1
2025-11-18 14:38:18.578578,93298.17,82.32000000000698,0.08823324187388347,-0.35764000000000007,-0.6660300000000001,0.23126,1.69402,-1.46276,0.13651550749105676,0.00023,0.00015,93298.17,0
2025-11-18 14:38:20.609060,93298.17,82.32000000000698,0.08823324187388347,0.0,0.35764000000000007,0.23126,1.69402,-1.46276,0.13651550749105676,0.00023,0.00015,93298.17,0
2025-11-18 14:38:22.644035,93298.17,82.32000000000698,0.08823324187388347,0.0,0.0,0.23126,1.69402,-1.46276,0.13651550749105676,0.00023,0.00015,93288.89,0
2025-11-18 14:38:24.685752,93288.89,91.51999999998952,0.0981038578119962,0.0009800000000001197,0.0009800000000001197,0.36409,1.82587,-1.46178,0.19940631041640425,0.00023,0.055,93283.73999999999,0
2025-11-18 14:38:26.721181,93283.73999999999,81.24000000000524,0.087089132575522,0.04236000000000002,0.0413799999999999,0.40645000000000003,1.82587,-1.4194200000000001,0.2226062096425266,0.055,0.055,93283.74,1
2025-11-18 14:38:28.760718,93283.74,81.22000000000116,0.08706769261181119,0.08969000000000003,0.04733000000000001,0.36427,1.694,-1.32973,0.2150354191263282,0.00023,0.00013,93283.74,0
2025-11-18 14:38:30.786859,93283.74,81.22000000000116,0.08706769261181119,0.09182,0.0021299999999999653,0.45609,1.694,-1.2379099999999998,0.26923848878394335,0.00023,0.00013,93283.74,0
2025-11-18 14:38:32.823156,93283.74,81.22000000000116,0.08706769261181119,0.0001999999999999988,-0.09162000000000001,0.45629,1.694,-1.2377099999999999,0.2693565525383707,0.00023,0.00013,93283.74,0
2025-11-18 14:38:34.856004,93283.74,81.22000000000116,0.08706769261181119,0.0,-0.0001999999999999988,0.45629,1.694,-1.2377099999999999,0.2693565525383707,0.00023,0.00013,93283.73,0
2025-11-18 14:38:36.890463,93283.73,81.22000000000116,0.08706770194545305,0.6194400000000001,0.6194400000000001,0.58828,1.20655,-0.61827,0.48757200281795204,0.05442,0.00023,93283.73,0
2025-11-18 14:38:38.929652,93283.73,81.22000000000116,0.08706770194545305,0.0001999999999999988,-0.6192400000000001,0.58848,1.20655,-0.61807,0.487737764701007,0.05462,0.00023,93283.73,0
2025-11-18 14:38:40.969084,93283.73,81.22000000000116,0.08706770194545305,-0.18261,-0.18281,0.40587000000000006,1.20655,-0.80068,0.33638887737764706,0.05442,0.00023,93283.73,0
2025-11-18 14:38:43.008005,93283.73,81.22000000000116,0.08706770194545305,0.6634099999999999,0.84602,0.40587000000000006,0.54314,-0.1372699999999999,0.747265898295099,0.05442,0.00023,93283.73,0
2025-11-18 14:38:45.042324,93283.73,81.22000000000116,0.08706770194545305,-0.8976799999999999,-1.5610899999999999,0.39670000000000005,1.4316499999999999,-1.0349499999999998,0.2770928648761919,0.05442,0.00023,93246.735,0
2025-11-18 14:38:47.071721,93246.735,37.95000000001164,0.04069847593056383,-0.07678000000000004,0.8208999999999999,0.22769000000000003,1.33942,-1.11173,0.1699914888533843,0.0001,0.00023,93255.04999999999,1
2025-11-18 14:38:49.105489,93255.04999999999,54.580000000001746,0.05852766150466034,0.30876000000000015,0.3855400000000002,0.40357,1.20654,-0.80297,0.3344853879689028,0.0001,0.00023,93273.485,1
2025-11-18 14:38:51.135733,93273.485,75.01000000000931,0.08041942466287104,-0.21517000000000008,-0.5239300000000002,0.41328000000000004,1.4314200000000001,-1.01814,0.2887202917382739,0.055,0.00023,93273.485,0
2025-11-18 14:38:53.166200,93273.485,75.01000000000931,0.08041942466287104,0.03618000000000002,0.2513500000000001,0.22459,1.20655,-0.9819599999999999,0.18614230657660272,0.055,0.00023,93273.485,0
2025-11-18 14:38:55.208511,93273.485,75.01000000000931,0.08041942466287104,0.6634099999999999,0.62723,0.22459,0.54314,-0.31854999999999994,0.4135029642449461,0.055,0.00023,93266.3,0
2025-11-18 14:38:57.242900,93266.3,89.38000000000466,0.09583311442611603,-0.97516,-1.63857,0.40039,1.6941000000000002,-1.2937100000000001,0.23634378135883358,0.055,0.00023,93268.79500000001,1
2025-11-18 14:38:59.278446,93268.79500000001,84.38999999999942,0.09048042273945901,0.3117500000000001,1.2869100000000002,0.22458,1.20654,-0.9819599999999999,0.1861355611915063,0.055,0.00023,93271.54000000001,1
2025-11-18 14:39:01.309561,93271.54000000001,78.90000000000873,0.08459172004666024,-0.3117500000000001,-0.6235000000000002,0.40039,1.6941000000000002,-1.2937100000000001,0.23634378135883358,0.055,0.00023,93275.11,1
2025-11-18 14:39:03.342616,93275.11,86.01999999998952,0.09222181565906439,0.31172,0.6234700000000001,0.22456,1.20655,-0.98199,0.18611744229414448,0.00015,0.055,93275.10500000001,0
2025-11-18 14:39:05.374122,93275.10500000001,86.00999999999476,0.09221109962834645,-0.34812999999999994,-0.6598499999999999,0.3641,1.69422,-1.33012,0.21490715491494608,0.00017,0.00035,93275.1,0
2025-11-18 14:39:07.404608,93275.1,86.0,0.09220038359647965,0.48768,0.8358099999999999,0.3641,1.20654,-0.84244,0.3017720092164371,0.00017,0.00023,93275.1,0
2025-11-18 14:39:09.444172,93275.1,86.0,0.09220038359647965,0.0,-0.48768,0.3641,1.20654,-0.84244,0.3017720092164371,0.00017,0.00023,93275.095,0
2025-11-18 14:39:11.482615,93275.095,86.01000000000931,0.09221110951429137,0.03614000000000003,0.03614000000000003,0.40024,1.20654,-0.8063,0.3317254297412436,0.055,0.00023,93277.94,1
2025-11-18 14:39:13.522070,93277.94,80.32000000000698,0.08610824810239912,-0.03613000000000002,-0.07227000000000006,0.36411,1.20654,-0.84243,0.3017802973792829,0.055,0.00023,93294.405,1
2025-11-18 14:39:15.559160,93294.405,47.38999999999942,0.05079618654516251,-0.40509000000000006,-0.36896000000000007,0.44658,1.6941000000000002,-1.2475200000000002,0.26360899592704085,0.055,0.00023,93316.255,1
2025-11-18 14:39:17.593136,93316.255,51.770000000004075,0.055478008627761664,0.43848000000000004,0.8435700000000002,0.39751000000000003,1.20655,-0.80904,0.32946003066594837,0.055,0.00023,93322.39499999999,1
2025-11-18 14:39:19.625896,93322.39499999999,39.49000000000524,0.042315673531530394,-0.17925,-0.61773,0.21828,1.20657,-0.9882899999999999,0.18090952037594174,0.055,0.00023,93326.535,1
2025-11-18 14:39:21.654194,93326.535,31.210000000006403,0.03344172158540591,-0.31187000000000015,-0.13262000000000015,0.39394,1.6941000000000002,-1.3001600000000002,0.2325364500324656,0.055,0.00023,93334.07,1
2025-11-18 14:39:23.687118,93334.07,16.139999999999418,0.017292720653882786,0.31542000000000014,0.6272900000000003,0.22183,1.20657,-0.98474,0.18385174502929794,0.055,0.00023,93342.13500000001,1
2025-11-18 14:39:25.722032,93342.13500000001,0.00999999999476131,1.0713275408540109e-05,-0.10260000000000014,-0.4180200000000003,0.60676,1.6941000000000002,-1.0873400000000002,0.35816067528481194,0.055,0.00023,93370.13500000001,1
2025-11-18 14:39:27.759314,93370.13500000001,56.00999999999476,0.05998706117324855,-0.21137,-0.10876999999999987,0.39531000000000005,1.69402,-1.29871,0.23335615872303753,0.055,0.0001,93387.66,1
2025-11-18 14:39:29.790781,93387.66,20.94000000000233,0.02242266269440987,1.1998199999999999,1.41119,0.4443500000000001,0.54324,-0.09888999999999987,0.8179625948015612,0.055,0.00023,93390.505,1
2025-11-18 14:39:31.826415,93390.505,15.25,0.016329283153571125,0.14411000000000002,-1.05571,0.5884600000000001,0.54324,0.04522000000000015,1.0832412929828439,0.055,0.00023,93390.505,0
2025-11-18 14:39:33.864085,93390.505,15.25,0.016329283153571125,-1.15086,-1.29497,0.5884600000000001,1.6941000000000002,-1.1056400000000002,0.3473584794286052,0.055,0.00023,93390.505,0
2025-11-18 14:39:35.899971,93390.505,15.25,0.016329283153571125,0.2621600000000001,1.4130200000000002,0.36309,1.20657,-0.8434799999999999,0.300927422362565,0.05421,0.00023,93390.505,0
2025-11-18 14:39:37.937425,93390.505,15.25,0.016329283153571125,-0.4461700000000001,-0.7083300000000002,0.40445000000000003,1.6941000000000002,-1.2896500000000002,0.23874033410070244,0.05421,0.00023,93385.865,0
2025-11-18 14:39:39.970392,93385.865,24.529999999998836,0.02626735855581445,0.000789999999999999,0.44696000000000013,0.40524000000000004,1.6941000000000002,-1.2888600000000001,0.2392066584026917,0.055,0.00023,93414.405,1
2025-11-18 14:39:42.006672,93414.405,64.25,0.06877954208454252,0.9754,0.9746100000000001,0.22970000000000002,0.54316,-0.31345999999999996,0.42289564769128807,0.00012,0.00023,93416.995,1
2025-11-18 14:39:44.041007,93416.995,59.06999999999243,0.06323260558744417,0.17546,-0.7999400000000001,0.40524000000000004,0.54324,-0.1379999999999999,0.7459686326485533,0.055,0.00023,93431.36499999999,1
2025-11-18 14:39:46.076615,93431.36499999999,30.330000000001746,0.03246233210871076,0.0048799999999999885,-0.17058,0.40512000000000004,0.53824,-0.13312000000000002,0.7526753864447087,0.055,0.00023,93431.36499999999,0
2025-11-18 14:39:49.277973,93431.36499999999,30.330000000001746,0.03246233210871076,0.0,-0.0048799999999999885,0.40512000000000004,0.53824,-0.13312000000000002,0.7526753864447087,0.055,0.00023,93443.44,1
2025-11-18 14:39:51.316469,93443.44,6.179999999993015,0.006613626381897985,0.30093000000000003,0.30093000000000003,0.21852,0.05071,0.16781,4.309209228948926,0.055,0.00023,93470.745,1
2025-11-18 14:39:53.347838,93470.745,26.669999999998254,0.028532991793312715,-0.000570000000000008,-0.30150000000000005,0.21795000000000003,0.050710000000000005,0.16724000000000003,4.297968842437389,0.055,0.00023,93472.39,1
2025-11-18 14:39:55.380378,93472.39,23.380000000004657,0.025012733706717735,0.22441000000000003,0.22498000000000004,0.44236000000000003,0.050710000000000005,0.39165000000000005,8.723328732005522,0.055,0.00023,93472.39,0
2025-11-18 14:39:57.410629,93472.39,23.380000000004657,0.025012733706717735,-0.048960000000000004,-0.27337,0.3934,0.050710000000000005,0.34269000000000005,7.757838690593571,0.055,0.00023,93484.07500000001,1
2025-11-18 14:39:59.445734,93484.07500000001,0.00999999999476131,1.0697009083912217e-05,-0.16281,-0.11385,0.23059,0.050710000000000005,0.17987999999999998,4.547229343324787,0.055,0.00023,93484.08499999999,1
2025-11-18 14:40:01.481297,93484.08499999999,0.00999999999476131,1.0697007939652307e-05,-0.00016000000000000736,0.16265000000000002,0.23035,0.05063,0.17972,4.54967410626111,8e-05,0.00023,93484.08499999999,0
2025-11-18 14:40:03.519434,93484.08499999999,0.00999999999476131,1.0697007939652307e-05,0.00037999999999999146,0.0005399999999999988,0.23073000000000002,0.05063,0.1801,4.557179537823425,0.00023,0.00023,93479.09,0
2025-11-18 14:40:05.550550,93479.09,10.0,0.010697579533561997,0.17523,0.17485,0.40596,0.05063,0.35533,8.018171044835077,9e-05,0.00023,93479.09,0
2025-11-18 14:40:07.584650,93479.09,10.0,0.010697579533561997,0.0,-0.17523,0.40596,0.05063,0.35533,8.018171044835077,9e-05,0.00023,93479.095,1
2025-11-18 14:40:09.617105,93479.095,9.989999999990687,0.010686881382399654,-0.13277000000000003,-0.13277000000000003,0.27319,0.05063,0.22255999999999998,5.395812759233656,0.00023,0.00023,93479.09,0
2025-11-18 14:40:11.649654,93479.09,10.0,0.010697579533561997,0.13277000000000003,0.26554000000000005,0.40596,0.05063,0.35533,8.018171044835077,9e-05,0.00023,93472.88,0
2025-11-18 14:40:13.681207,93472.88,22.419999999998254,0.02398556672266678,-0.014469999999999997,-0.14724000000000004,0.39149,0.05063,0.34086,7.732372111396405,0.055,0.00023,93472.885,1
2025-11-18 14:40:15.721400,93472.885,22.410000000003492,0.023974867149979904,-0.00012999999999999817,0.014339999999999999,0.39136,0.05063,0.34073,7.729804463756666,0.0001,0.00023,93472.89,1
2025-11-18 14:40:17.756476,93472.89,22.39999999999418,0.023964167578422128,-0.08256000000000001,-0.08243,0.3637,0.10553,0.25817,3.44641334217758,0.00023,0.00023,93460.89,0
2025-11-18 14:40:19.796205,93460.89,46.39999999999418,0.049646434995423414,-0.13289000000000004,-0.05033000000000003,0.23081000000000002,0.10553,0.12528,2.187150573296693,0.00023,0.00023,93460.885,0
2025-11-18 14:40:21.833684,93460.885,46.41000000000349,0.04965713731472102,0.13277000000000003,0.26566000000000006,0.36358,0.10553,0.25805,3.4452762247702076,0.00011,0.00023,93460.885,0
2025-11-18 14:40:23.870422,93460.885,46.41000000000349,0.04965713731472102,6.0000000000004494e-05,-0.13271000000000002,0.36364,0.10553,0.25811,3.445844783473894,0.00011,0.00023,93460.89,1
2025-11-18 14:40:25.910497,93460.89,46.39999999999418,0.049646434995423414,0.00012,5.999999999999551e-05,0.36376000000000003,0.10553,0.25823,3.446981900881266,0.00023,0.00023,93460.58,0
2025-11-18 14:40:27.949881,93460.58,47.01999999998952,0.05030998095666593,-0.13288000000000003,-0.13300000000000003,0.23088,0.10553,0.12535000000000002,2.1878138917843266,0.055,0.00023,93460.58499999999,1
2025-11-18 14:40:29.982241,93460.58499999999,47.00999999999476,0.05029927856753172,0.18778000000000003,0.32066000000000006,0.36376000000000003,0.05063,0.31313,7.184673118704326,0.00023,0.00023,93460.58499999999,0
2025-11-18 14:40:32.013801,93460.58499999999,47.00999999999476,0.05029927856753172,0.0,-0.18778000000000003,0.36376000000000003,0.05063,0.31313,7.184673118704326,0.00023,0.00023,93469.465,1
2025-11-18 14:40:34.054451,93469.465,29.25,0.03129364226060351,0.030970000000000025,0.030970000000000025,0.39473,0.05063,0.3441,7.796365791032985,0.055,0.00023,93469.465,0
2025-11-18 14:40:36.087271,93469.465,29.25,0.03129364226060351,-0.00021000000000000185,-0.031180000000000027,0.39452,0.05063,0.34389,7.79221805253802,0.05479,0.00023,93444.295,0
2025-11-18 14:40:38.123362,93444.295,79.57000000000698,0.08515233594518208,-0.05483,-0.054619999999999995,0.33982,0.05076,0.28906,6.694641449960599,0.0001,0.00023,93444.295,0
2025-11-18 14:40:40.155440,93444.295,79.57000000000698,0.08515233594518208,0.24191,0.29674,0.58173,0.05076,0.5309699999999999,11.460401891252955,0.0001,0.00023,93436.155,0
2025-11-18 14:40:42.188003,93436.155,95.85000000000582,0.10258341645159288,-0.24185,-0.48375999999999997,0.33983,0.050710000000000005,0.28912000000000004,6.70143955827253,0.0001,0.00023,93436.155,0
2025-11-18 14:40:44.222182,93436.155,95.85000000000582,0.10258341645159288,0.2419,0.48375,0.58173,0.050710000000000005,0.5310199999999999,11.471701833957798,0.0001,0.00023,93436.155,0
2025-11-18 14:40:46.254145,93436.155,95.85000000000582,0.10258341645159288,-0.24189,-0.48379,0.33984000000000003,0.050710000000000005,0.28913,6.701636758035891,0.0001,0.00023,93436.155,0
2025-11-18 14:40:48.284115,93436.155,95.85000000000582,0.10258341645159288,0.0,0.24189,0.33984000000000003,0.050710000000000005,0.28913,6.701636758035891,0.0001,0.00023,93436.155,0
2025-11-18 14:40:50.324896,93436.155,95.85000000000582,0.10258341645159288,0.010510000000000002,0.010510000000000002,0.35035,0.050710000000000005,0.29964,6.908893709327548,0.0001,0.00023,93436.155,0
2025-11-18 14:40:52.360660,93436.155,95.85000000000582,0.10258341645159288,0.0,-0.010510000000000002,0.35035,0.050710000000000005,0.29964,6.908893709327548,0.0001,0.00023,93432.08499999999,0
2025-11-18 14:40:54.398426,93432.08499999999,103.99000000000524,0.11130009567912912,0.24187999999999998,0.24187999999999998,0.59223,0.050710000000000005,0.54152,11.678761585486097,0.0001,0.00023,93432.08499999999,0
2025-11-18 14:40:56.435064,93432.08499999999,103.99000000000524,0.11130009567912912,-0.24694,-0.48882,0.35036000000000006,0.05578,0.29458000000000006,6.281104338472572,0.0001,0.00023,93444.98000000001,1
2025-11-18 14:40:58.470651,93444.98000000001,78.19999999999709,0.08368560836547569,0.054869999999999995,0.30180999999999997,0.40523000000000003,0.05578,0.34945000000000004,7.264790247400502,0.055,0.00023,93444.985,1
2025-11-18 14:41:00.509478,93444.985,78.19000000000233,0.08367490240380726,-0.04158000000000002,-0.09645000000000001,0.36365000000000003,0.05578,0.30787000000000003,6.5193617784152025,0.00012,0.00023,93419.195,0
2025-11-18 14:41:02.541267,93419.195,78.2100000000064,0.08371941119810163,-1.1728500000000002,-1.1312700000000002,0.39167,1.2566499999999998,-0.8649799999999999,0.311677873711853,0.0001,1.15132,93419.19,0
2025-11-18 14:41:04.576432,93419.19,78.19999999999709,0.0837087112401607,1.02536,2.1982100000000004,0.21614,0.055760000000000004,0.16038,3.8762553802008606,0.0001,0.00023,93416.265,0
2025-11-18 14:41:06.615231,93416.265,84.04999999998836,0.08997362504269289,0.17553,-0.8498300000000001,0.39167,0.055760000000000004,0.33591000000000004,7.024210903873745,0.055,0.00023,93416.26999999999,1
2025-11-18 14:41:08.651335,93416.26999999999,84.0399999999936,0.08996291545358598,-0.17554,-0.35107,0.21613000000000002,0.055760000000000004,0.16037,3.8760760401721663,0.00012,0.00023,93416.26999999999,0
2025-11-18 14:41:10.683912,93416.26999999999,84.0399999999936,0.08996291545358598,0.0,0.17554,0.21613000000000002,0.055760000000000004,0.16037,3.8760760401721663,0.00012,0.00023,93416.26999999999,0
2025-11-18 14:41:12.718669,93416.26999999999,84.0399999999936,0.08996291545358598,0.0,0.0,0.21613000000000002,0.055760000000000004,0.16037,3.8760760401721663,0.00012,0.00023,93416.26999999999,0
2025-11-18 14:41:14.753900,93416.26999999999,84.0399999999936,0.08996291545358598,0.0,0.0,0.21613000000000002,0.055760000000000004,0.16037,3.8760760401721663,0.00012,0.00023,93423.265,1
2025-11-18 14:41:16.786837,93423.265,88.86999999999534,0.09512619795507611,-1.41376,-1.41376,0.44071000000000005,1.6941,-1.25339,0.2601440292780828,0.055,0.055,93435.745,1
2025-11-18 14:41:18.817735,93435.745,82.08999999999651,0.08785716858146367,0.0,1.41376,0.44071000000000005,1.6941,-1.25339,0.2601440292780828,0.055,0.055,93442.67499999999,1
2025-11-18 14:41:20.847775,93442.67499999999,82.77000000000407,0.0885783717129289,0.9810599999999999,0.9810599999999999,0.21611,0.48844,-0.27232999999999996,0.442449430841045,0.055,0.00023,93442.67499999999,0
2025-11-18 14:41:22.878513,93442.67499999999,82.77000000000407,0.0885783717129289,0.0,-0.9810599999999999,0.21611,0.48844,-0.27232999999999996,0.442449430841045,0.055,0.00023,93442.67499999999,0
2025-11-18 14:41:24.915188,93442.67499999999,82.77000000000407,0.0885783717129289,0.17556000000000005,0.17556000000000005,0.39167,0.48844,-0.09676999999999997,0.8018794529522563,0.055,0.00023,93426.715,0
2025-11-18 14:41:26.954720,93426.715,100.55000000000291,0.10762446266038886,-0.9629899999999999,-1.13855,0.63454,1.6942999999999997,-1.0597599999999998,0.37451454878120766,0.055,0.055,93422.265,0
2025-11-18 14:41:28.992698,93422.265,91.64999999999418,0.09810295222449827,7.000000000003347e-05,0.9630599999999999,0.63454,1.69423,-1.0596899999999998,0.374530022488092,0.055,0.00023,93415.26999999999,0
2025-11-18 14:41:31.029454,93415.26999999999,82.30000000000291,0.08810122798981679,-0.24295000000000008,-0.24302000000000012,0.39154,1.6941799999999998,-1.3026399999999998,0.23110885502130826,0.0001,0.055,93415.265,0
2025-11-18 14:41:33.062406,93415.265,82.29000000000815,0.08809052781684894,-4.999999999993898e-05,0.24290000000000014,0.39154,1.69423,-1.30269,0.2311020345525696,0.0001,0.00023,93415.26,0
2025-11-18 14:41:35.098459,93415.26,82.27999999999884,0.0880798276427201,0.000180000000000069,0.00023000000000000798,0.39165,1.69416,-1.30251,0.2311765122538603,0.0001,0.00023,93414.525,0
2025-11-18 14:41:37.135186,93414.525,83.75,0.08965415174995538,0.24279,0.24260999999999994,0.63444,1.69416,-1.05972,0.37448647117155404,0.055,0.00023,93416.55,1
2025-11-18 14:41:39.174899,93416.55,88.16000000000349,0.09437299921695191,-0.000250000000000139,-0.24304000000000014,0.63444,1.6944099999999997,-1.0599699999999999,0.37443121794606976,0.055,0.00041,93416.54999999999,0
2025-11-18 14:41:41.234706,93416.54999999999,88.13999999999942,0.09435158973436658,-0.24263999999999997,-0.24238999999999983,0.39157,1.6941799999999998,-1.3026099999999998,0.23112656270290052,0.00013,0.00023,93416.54999999999,0
2025-11-18 14:41:43.273296,93416.54999999999,88.13999999999942,0.09435158973436658,0.0,0.24263999999999997,0.39157,1.6941799999999998,-1.3026099999999998,0.23112656270290052,0.00013,0.00023,93422.435,1
2025-11-18 14:41:45.307822,93422.435,76.36999999999534,0.0817469593893537,1.3938099999999998,1.3938099999999998,0.63444,0.54324,0.09120000000000006,1.1678815992931302,0.055,0.00023,93429.885,1
2025-11-18 14:41:47.348583,93429.885,91.25,0.09766682255897029,-0.24308,-1.6368899999999997,0.39156,0.5434399999999999,-0.1518799999999999,0.7205211246871781,0.00012,0.00043,93432.76999999999,1
2025-11-18 14:41:49.385110,93432.76999999999,85.4600000000064,0.09146683759884933,0.00010000000000000796,0.24318,0.39156,0.5433399999999999,-0.15177999999999991,0.7206537343100086,0.055,0.00023,93425.59,0
2025-11-18 14:41:51.409202,93425.59,99.83999999999651,0.10686579554916005,-0.92631,-0.92641,0.61614,1.69423,-1.07809,0.3636696316320689,0.055,0.00023,93406.525,0
2025-11-18 14:41:53.442795,93406.525,88.65000000000873,0.09490771656477826,0.018299999999999983,0.94461,0.63444,1.69423,-1.05979,0.37447099862474403,0.055,0.055,93406.52,0
2025-11-18 14:41:55.475083,93406.52,88.61999999999534,0.0948756039728226,-0.24284999999999995,-0.26114999999999994,0.39156,1.6942,-1.3026399999999998,0.23111793176720577,0.00012,0.00023,93406.52,0
2025-11-18 14:41:57.510511,93406.52,88.61999999999534,0.0948756039728226,0.0,0.24284999999999995,0.39156,1.6942,-1.3026399999999998,0.23111793176720577,0.00012,0.00023,93406.52,0
2025-11-18 14:41:59.545573,93406.52,88.61999999999534,0.0948756039728226,0.0,0.0,0.39156,1.6942,-1.3026399999999998,0.23111793176720577,0.00012,0.00023,93406.525,1
2025-11-18 14:42:01.579978,93406.525,88.6299999999901,0.09488630478437145,-9.999999999964505e-06,-9.999999999964505e-06,0.39157,1.6942199999999998,-1.3026499999999999,0.23112110587763102,0.00013,0.00022,93373.695,0
2025-11-18 14:42:03.615050,93373.695,145.09000000001106,0.15538637514560288,0.18796999999999997,0.18797999999999992,0.57955,1.69423,-1.11468,0.3420728000330534,0.17553,0.00023,93373.69,0
2025-11-18 14:42:05.650633,93373.69,145.08000000000175,0.15537567381132925,3.0000000000030003e-05,-0.18793999999999994,0.57955,1.6942,-1.11465,0.34207885727777126,0.17553,0.00023,93352.995,0
2025-11-18 14:42:07.690396,93352.995,156.13000000000466,0.16724691050351911,0.01510999999999997,0.01507999999999994,0.59469,1.69423,-1.0995399999999997,0.3510090129439333,0.17576,0.00023,93352.995,0
2025-11-18 14:42:09.724267,93352.995,112.00999999999476,0.11998543806762146,0.46924,0.45413000000000003,0.5763,1.2066,-0.6302999999999999,0.47762307309796126,0.0001,0.00023,93352.995,0
2025-11-18 14:42:11.758345,93352.995,112.00999999999476,0.11998543806762146,-0.46912,-0.93836,0.59468,1.6941000000000002,-1.0994200000000003,0.3510300454518623,0.0001,0.00023,93346.45000000001,0
2025-11-18 14:42:13.792904,93346.45000000001,98.91999999999825,0.10597082160060532,-0.2506,0.21852,0.34408000000000005,1.6941,-1.3500199999999998,0.2031048934537513,0.0001,0.055,93346.445,0
2025-11-18 14:42:15.830353,93346.445,98.90999999998894,0.10596011449604634,5.551115123125783e-17,0.25060000000000004,0.34408000000000005,1.6941000000000002,-1.3500200000000002,0.20310489345375127,0.0001,0.00023,93324.52,0
2025-11-18 14:42:17.869859,93324.52,55.05999999999767,0.05899842828015368,0.4821099999999999,0.48210999999999987,0.33866,1.20657,-0.86791,0.2806799439734123,0.0001,0.00023,93322.13,0
2025-11-18 14:42:19.897196,93322.13,50.279999999998836,0.05387789584313906,-0.48765999999999976,-0.9697699999999997,0.33866,1.69423,-1.35557,0.19989021561417283,0.0001,0.055,93309.09,0
2025-11-18 14:42:21.933617,93309.09,85.89999999999418,0.09205962677376253,0.4876799999999999,0.9753399999999997,0.33866,1.20655,-0.86789,0.2806845965770171,0.0001,0.00023,93306.1,0
2025-11-18 14:42:23.970609,93306.1,79.91999999999825,0.08565356391489758,0.025320000000000023,-0.4623599999999999,0.36397999999999997,1.2065499999999998,-0.8425699999999998,0.30167005097177907,0.0001,1.15109,93309.67,1
2025-11-18 14:42:26.006896,93309.67,72.77999999999884,0.077998346795138,-0.48772000000000015,-0.5130400000000002,0.36396,1.6942499999999998,-1.3302899999999998,0.21482071713147413,0.055,0.00038,93324.3,1
2025-11-18 14:42:28.037965,93324.3,85.66000000000349,0.09178745514298366,0.029670000000000005,0.5173900000000001,0.39348,1.6941000000000002,-1.30062,0.232264919426244,0.055,0.00023,93324.305,1
2025-11-18 14:42:30.071956,93324.305,85.65000000000873,0.09177673490309811,-0.029690000000000015,-0.059360000000000024,0.36395,1.6942599999999999,-1.3303099999999999,0.21481354691723822,0.00015,0.00039,93309.4,0
2025-11-18 14:42:32.109773,93309.4,86.52000000000407,0.09272377702568453,0.029690000000000015,0.05938000000000003,0.39348,1.6941000000000002,-1.30062,0.232264919426244,0.0001,0.055,93297.945,0
2025-11-18 14:42:34.146462,93297.945,81.43000000000757,0.08727952153716521,-0.02944,-0.059130000000000016,0.36396,1.69402,-1.33006,0.21484988370857486,0.00016,0.00015,93297.94,0
2025-11-18 14:42:36.183801,93297.94,81.41999999999825,0.08726880786435183,0.48745000000000005,0.5168900000000001,0.36396,1.20657,-0.8426099999999999,0.3016484746015565,0.00016,0.00023,93297.935,0
2025-11-18 14:42:38.218354,93297.935,81.42999999999302,0.08727953089207496,0.029280000000000014,-0.45817,0.39324,1.20657,-0.8133299999999999,0.3259156120241677,0.0547,0.00023,93319.125,1
2025-11-18 14:42:40.252027,93319.125,78.51000000000931,0.08413066453420916,-0.4870899999999999,-0.5163699999999999,0.39368,1.6941000000000002,-1.3004200000000001,0.23238297621155773,0.05514,0.00023,93349.54999999999,1
2025-11-18 14:42:42.288243,93349.54999999999,118.86000000000058,0.12732787678140986,-0.13779000000000025,0.34929999999999967,0.28215999999999997,1.7203700000000002,-1.4382100000000002,0.16401123014235305,0.00015,0.00027,93363.72,1
2025-11-18 14:42:44.319078,93363.72,90.55999999999767,0.0969969919793231,1.0929499999999999,1.2307400000000002,0.36409,0.70935,-0.34526,0.5132727144568972,0.055,0.48768,93363.725,1
2025-11-18 14:42:46.355424,93363.725,90.52999999999884,0.09696485439071634,-1.17606,-2.2690099999999997,0.10662,1.6279399999999997,-1.5213199999999998,0.06549381426833914,0.00023,1.10049,93358.35,0
2025-11-18 14:42:48.392073,93358.35,101.27999999999884,0.10848520780412124,-0.09255000000000001,1.0835100000000002,0.10663,1.7204999999999997,-1.6138699999999997,0.06197616971810521,0.00023,1.10049,93358.35,0
2025-11-18 14:42:50.431647,93358.35,101.27999999999884,0.10848520780412124,0.13285000000000002,0.22540000000000004,0.23948,1.7204999999999997,-1.4810199999999998,0.1391920953211276,0.00023,1.10049,93358.35,0
2025-11-18 14:42:52.463733,93358.35,101.27999999999884,0.10848520780412124,-0.036729999999999985,-0.16958,0.23948,1.7572299999999998,-1.51775,0.13628267216016118,0.00023,1.10049,93358.35,0
2025-11-18 14:42:54.500004,93358.35,101.27999999999884,0.10848520780412124,0.0,0.036729999999999985,0.23948,1.7572299999999998,-1.51775,0.13628267216016118,0.00023,1.10049,93358.35,0
2025-11-18 14:42:56.535709,93358.35,101.27999999999884,0.10848520780412124,0.0,0.0,0.23948,1.7572299999999998,-1.51775,0.13628267216016118,0.00023,1.10049,93355.66500000001,0
2025-11-18 14:42:58.568989,93355.66500000001,106.65000000000873,0.11424052305771559,-0.13286,-0.13286,0.10661999999999999,1.7572299999999998,-1.65061,0.06067503969315343,0.00023,1.10049,93355.66500000001,0
2025-11-18 14:43:00.600661,93355.66500000001,106.65000000000873,0.11424052305771559,0.13286,0.26572,0.23948,1.7572299999999998,-1.51775,0.13628267216016118,0.00023,1.10049,93355.66500000001,0
2025-11-18 14:43:02.634022,93355.66500000001,106.65000000000873,0.11424052305771559,0.0,-0.13286,0.23948,1.7572299999999998,-1.51775,0.13628267216016118,0.00023,1.10049,93336.515,0
2025-11-18 14:43:04.670126,93336.515,68.35000000000582,0.07322964651080642,-0.018860000000000043,-0.018860000000000043,0.10663,1.64324,-1.53661,0.06489009517781943,0.00023,0.00027,93336.515,0
2025-11-18 14:43:06.716087,93336.515,68.35000000000582,0.07322964651080642,0.0,0.018860000000000043,0.10663,1.64324,-1.53661,0.06489009517781943,0.00023,0.00027,93346.26000000001,1
2025-11-18 14:43:08.757363,93346.26000000001,69.63999999999942,0.07460395306678533,0.13273,0.13273,0.23939000000000002,1.6432699999999998,-1.4038799999999998,0.14567904239717153,0.055,0.0003,93351.22,1
2025-11-18 14:43:10.795618,93351.22,59.76000000000931,0.06401630316133984,0.00016000000000008878,-0.1325699999999999,0.23948000000000003,1.6431999999999998,-1.4037199999999999,0.14574001947419674,0.00023,0.48768,93351.22,0
2025-11-18 14:43:12.830129,93351.22,59.76000000000931,0.06401630316133984,0.0,-0.00016000000000008878,0.23948000000000003,1.6431999999999998,-1.4037199999999999,0.14574001947419674,0.00023,0.48768,93351.22,0
2025-11-18 14:43:14.868097,93351.22,59.73999999999069,0.06399487869573711,-0.13320999999999994,-0.13320999999999994,0.1066,1.64353,-1.53693,0.06486039196120545,0.00023,1.10052,93344.275,0
2025-11-18 14:43:16.903744,93344.275,73.6299999999901,0.07888003843834034,0.13320999999999994,0.2664199999999999,0.23948000000000003,1.6432,-1.4037199999999999,0.1457400194741967,0.00023,1.10019,93344.275,0
2025-11-18 14:43:18.936443,93344.275,73.61000000000058,0.07885861237874586,-0.00012999999999992,-0.13333999999999985,0.23948000000000003,1.6433299999999997,-1.4038499999999998,0.1457284903214814,0.00023,0.00036,93335.54000000001,0
2025-11-18 14:43:20.972706,93335.54000000001,84.52000000000407,0.09055500187817424,0.0001299999999999755,0.0002599999999998955,0.23948000000000003,1.6431999999999998,-1.4037199999999999,0.14574001947419674,0.00023,1.10019,93335.535,0
2025-11-18 14:43:23.009827,93335.535,84.50999999999476,0.09054429269623274,-0.00018000000000000798,-0.00030999999999998347,0.2394,1.6432999999999998,-1.4038999999999997,0.14568246820422323,0.00015,0.00033,93339.77,1
2025-11-18 14:43:25.049120,93339.77,82.61999999999534,0.08851532417531706,7.00000000000145e-05,0.00025000000000002245,0.23936000000000002,1.6431900000000002,-1.4038300000000001,0.1456678777256434,0.055,0.00022,93339.77,0
2025-11-18 14:43:27.085034,93339.77,82.60000000000582,0.08849389708160392,-0.00022999999999991777,-0.00029999999999993227,0.23939000000000002,1.6434499999999999,-1.4040599999999999,0.14566308679911166,0.00014,0.00022,93343.26000000001,1
2025-11-18 14:43:29.119848,93343.26000000001,75.6200000000099,0.08101281228019022,-3.0000000000002247e-05,0.00019999999999991552,0.23936000000000002,1.6434499999999999,-1.4040899999999998,0.14564483251696128,0.055,0.00022,93343.26500000001,1
2025-11-18 14:43:31.155588,93343.26500000001,75.61000000000058,0.08100209479494913,1.0000000000010001e-05,4.000000000001225e-05,0.23937000000000003,1.6434499999999999,-1.4040799999999998,0.1456509172776781,0.00012,0.00022,93351.05,1
2025-11-18 14:43:33.192420,93351.05,60.04000000000815,0.06431636280471205,0.08932999999999994,0.08931999999999993,0.27380000000000004,1.5885500000000001,-1.31475,0.17235844008687168,0.055,0.00022,93369.68,1
2025-11-18 14:43:35.226612,93369.68,74.71999999998661,0.08002597845466175,-0.08905999999999986,-0.1783899999999998,0.23939000000000002,1.6432,-1.40381,0.1456852482960078,0.055,1.10019,93369.675,0
2025-11-18 14:43:37.262632,93369.675,74.69000000000233,0.0799938523937267,0.054449999999999846,0.1435099999999997,0.23919,1.58855,-1.34936,0.15057127569166853,0.00012,0.00022,93375.695,1
2025-11-18 14:43:39.294063,93375.695,62.65000000000873,0.06709454746227991,0.17582,0.12137000000000016,0.41501,1.5885500000000001,-1.17354,0.26125082622517387,0.055,0.00022,93375.7,1
2025-11-18 14:43:41.330287,93375.7,62.66000000000349,0.06710525329395495,-0.05478000000000005,-0.23060000000000005,0.41501,1.6433299999999997,-1.2283199999999996,0.25254209440587105,0.055,0.00036,93375.695,0
2025-11-18 14:43:43.366035,93375.695,62.65000000000873,0.06709454746227991,-0.12082999999999991,-0.06604999999999986,0.2394,1.58855,-1.3491499999999998,0.15070347171949264,0.00015,0.00022,93366.755,0
2025-11-18 14:43:45.404178,93366.755,80.52999999999884,0.08625125720605673,0.17561000000000002,0.2964399999999999,0.41501,1.58855,-1.17354,0.2612508262251739,0.055,0.00022,93366.765,1
2025-11-18 14:43:47.439516,93366.765,80.52999999999884,0.08625124796815958,-0.23024999999999998,-0.40586,0.23942000000000002,1.6432099999999998,-1.4037899999999999,0.1457026186549498,0.00017,0.00024,93366.76999999999,1
2025-11-18 14:43:49.470121,93366.76999999999,80.52000000000407,0.08624053290052133,-0.13277,0.09747999999999998,0.10665,1.6432099999999998,-1.53656,0.0649034511717918,0.00023,0.00024,93368.285,1
2025-11-18 14:43:51.505241,93368.285,36.55000000000291,0.039146054787236276,-0.12860999999999995,0.0041600000000000525,0.10980000000000001,1.7749699999999997,-1.6651699999999998,0.0618602004540922,0.0004,1.10019,93368.285,0
2025-11-18 14:43:53.540946,93368.285,36.529999999998836,0.03912463423741674,0.08095999999999984,0.20956999999999978,0.05865,1.64286,-1.58421,0.03569993791315146,0.00023,0.00022,93368.285,0
2025-11-18 14:43:55.578232,93368.285,36.529999999998836,0.03912463423741674,0.0,-0.08095999999999984,0.05865,1.64286,-1.58421,0.03569993791315146,0.00023,0.00022,93371.14,1
2025-11-18 14:43:57.613575,93371.14,42.23999999999069,0.045238817904537404,-0.1317799999999999,-0.1317799999999999,0.05865,1.7746399999999998,-1.7159899999999997,0.03304895640806023,0.00023,1.09986,93371.14,0
2025-11-18 14:43:59.640332,93371.14,42.23999999999069,0.045238817904537404,0.0,0.1317799999999999,0.05865,1.7746399999999998,-1.7159899999999997,0.03304895640806023,0.00023,1.09986,93371.69,1
2025-11-18 14:44:01.679075,93371.69,43.33999999999651,0.04641663870493991,0.13176,0.13176,0.05865,1.6428800000000001,-1.58423,0.03569950331125828,0.00023,0.00024,93373.73000000001,1
2025-11-18 14:44:03.712011,93373.73000000001,47.419999999998254,0.0507851619507952,-0.13176,-0.26352,0.05865,1.7746400000000002,-1.7159900000000001,0.03304895640806022,0.00023,0.48768,93373.725,0
2025-11-18 14:44:05.744009,93373.725,47.40999999998894,0.05077445501932041,0.13176,0.26352,0.05865,1.6428800000000001,-1.58423,0.03569950331125828,0.00023,0.00024,93360.5,0
2025-11-18 14:44:07.780452,93360.5,73.88000000000466,0.07913410917894041,0.09211000000000003,-0.03964999999999996,0.28252,1.7746400000000002,-1.4921200000000003,0.15919848532660144,0.00023,0.48768,93360.505,1
2025-11-18 14:44:09.816229,93360.505,73.86999999999534,0.0791233937734113,-0.17543,-0.26754,0.10699,1.77454,-1.66755,0.060291681224429995,0.00023,0.48758,93360.505,0
2025-11-18 14:44:11.851733,93360.505,73.86999999999534,0.0791233937734113,0.0,0.17543,0.10699,1.77454,-1.66755,0.060291681224429995,0.00023,0.48758,93360.505,0
2025-11-18 14:44:13.887876,93360.505,73.86999999999534,0.0791233937734113,0.000250000000000028,0.000250000000000028,0.10699,1.7742900000000001,-1.6673000000000002,0.0603001764085916,0.00023,0.48733,93360.505,0
2025-11-18 14:44:15.919969,93360.505,73.86999999999534,0.0791233937734113,0.0,-0.000250000000000028,0.10699,1.7742900000000001,-1.6673000000000002,0.0603001764085916,0.00023,0.48733,93365.16,1
2025-11-18 14:44:17.953642,93365.16,83.17999999999302,0.08909104852387445,0.1754600000000001,0.1754600000000001,0.28252,1.7743600000000002,-1.4918400000000003,0.15922360738519803,0.00023,1.09986,93346.28,0
2025-11-18 14:44:19.993086,93346.28,83.55999999999767,0.08951615425917099,0.0,-0.1754600000000001,0.28252,1.7743600000000002,-1.4918400000000003,0.15922360738519803,0.00023,1.09986,93346.28,0
2025-11-18 14:44:22.025512,93346.28,83.55999999999767,0.08951615425917099,0.0,0.0,0.28252,1.7743600000000002,-1.4918400000000003,0.15922360738519803,0.00023,1.09986,93369.035,1
2025-11-18 14:44:24.058425,93369.035,38.05000000000291,0.040752268672374,-0.17462999999999998,-0.17462999999999998,0.10789,1.7743600000000002,-1.6664700000000001,0.060805022656056265,0.00023,1.09986,93369.035,0
2025-11-18 14:44:26.089180,93369.035,38.05000000000291,0.040752268672374,-0.05095999999999984,0.12367000000000014,0.0566,1.7740299999999998,-1.7174299999999998,0.031904759220531785,0.00023,1.09953,93369.04000000001,1
2025-11-18 14:44:28.128665,93369.04000000001,38.060000000012224,0.04076297667836386,0.00021999999999988695,0.051179999999999726,0.0566,1.77381,-1.7172100000000001,0.03190871626611644,0.00023,0.05478,93377.82999999999,1
2025-11-18 14:44:30.167515,93377.82999999999,55.63999999999942,0.059585878146878574,0.051400000000000105,0.05118000000000022,0.10822000000000001,1.7740299999999998,-1.6658099999999998,0.061002350580317145,0.00023,1.09953,93377.83499999999,1
2025-11-18 14:44:32.202918,93377.83499999999,55.65000000000873,0.059596584135848445,-0.05142000000000011,-0.10282000000000022,0.056580000000000005,1.77381,-1.71723,0.031897441101358094,0.00023,0.05478,93377.83499999999,0
2025-11-18 14:44:34.239632,93377.83499999999,55.65000000000873,0.059596584135848445,0.0,0.05142000000000011,0.056580000000000005,1.77381,-1.71723,0.031897441101358094,0.00023,0.05478,93377.83,0
2025-11-18 14:44:36.274021,93377.83,55.66000000000349,0.05960729650710826,0.22733,0.22733,0.28369,1.77359,-1.4899,0.15995241290264378,0.00107,0.05456,93377.83,0
2025-11-18 14:44:38.310222,93377.83,55.60000000000582,0.059543041426434754,-0.041279999999999956,-0.26860999999999996,0.11052999999999999,1.6417099999999998,-1.5311799999999998,0.06732614164499212,0.00254,0.00012,93374.68,0
2025-11-18 14:44:40.343195,93374.68,49.28000000001339,0.05277661995737323,-0.18072000000000016,-0.1394400000000002,0.05893,1.7708300000000001,-1.7119000000000002,0.033278180288339364,0.00022,1.09633,93374.685,1
2025-11-18 14:44:42.379938,93374.685,49.270000000004075,0.05276590759048245,-0.05466000000000004,0.12606000000000012,0.00404,1.7706,-1.76656,0.0022817124138710043,0.00011,1.0961,93374.69,1
2025-11-18 14:44:44.417290,93374.69,49.279999999998836,0.0527766143052243,1.0962100000000001,1.1508700000000003,0.00404,0.6743899999999999,-0.6703499999999999,0.00599059891160901,0.00011,0.05466,93374.69,0
2025-11-18 14:44:46.457503,93374.69,49.279999999998836,0.0527766143052243,0.0,-1.0962100000000001,0.00404,0.6743899999999999,-0.6703499999999999,0.00599059891160901,0.00011,0.05466,93374.69,0
2025-11-18 14:44:48.496444,93374.69,49.26000000000931,0.0527551952247545,-1.04109,-1.04109,0.05882,1.77026,-1.7114399999999999,0.033226757651418436,0.00011,1.0961,93327.36,0
2025-11-18 14:44:50.530967,93327.36,17.39999999999418,0.01864405036207408,0.36774999999999997,1.40884,0.42311,1.7668,-1.34369,0.2394781525922572,0.0001,0.00022,93318.66500000001,0
2025-11-18 14:44:52.566620,93318.66500000001,0.00999999999476131,1.0715969838146859e-05,-0.13393000000000002,-0.50168,0.29029,1.76791,-1.4776200000000002,0.16419953504420473,0.0001,1.14718,93250.69,0
2025-11-18 14:44:54.606405,93250.69,91.19999999999709,0.0978008849049772,0.00038000000000015105,0.13431000000000018,0.29047,1.76771,-1.4772399999999999,0.1643199393565687,0.00018,0.00023,93229.765,0
2025-11-18 14:44:56.634535,93229.765,88.48999999999069,0.09491603888521084,0.62004,0.6196599999999999,0.42329,1.28049,-0.8572,0.33056876664401913,0.055,0.00023,93232.485,1
2025-11-18 14:44:58.669972,93232.485,83.04999999998836,0.08907839365215714,-0.61999,-1.24003,0.29052,1.76771,-1.4771899999999998,0.16434822453909295,0.055,0.00023,93204.81,0
2025-11-18 14:45:00.702903,93204.81,95.38000000000466,0.10233377440499547,0.13285000000000005,0.7528400000000001,0.42334,1.76768,-1.3443399999999999,0.23948904779145547,0.055,0.055,93191.66500000001,0
2025-11-18 14:45:02.733875,93191.66500000001,70.7899999999936,0.07596172898079843,0.30467999999999995,0.1718299999999999,0.24093000000000003,1.28059,-1.0396599999999998,0.1881398417916742,0.0001,0.00041,93192.38500000001,1
2025-11-18 14:45:04.765204,93192.38500000001,72.22999999999593,0.0775063327330832,-0.12606,-0.43073999999999996,0.11469,1.28041,-1.16572,0.08957287118969705,0.0001,0.00023,93185.95999999999,0
2025-11-18 14:45:06.801843,93185.95999999999,59.379999999990105,0.06372204568154914,0.30867000000000006,0.43473000000000006,0.29056000000000004,1.14761,-0.85705,0.2531870583212067,0.0001,0.00023,93186.565,1
2025-11-18 14:45:08.832017,93186.565,60.58999999999651,0.0650201024149742,-0.13301999999999992,-0.44168999999999997,0.29056000000000004,1.28063,-0.9900699999999999,0.22688832840086523,0.0001,0.00045,93180.77,0
2025-11-18 14:45:10.863670,93180.77,49.0,0.052585957381549864,-0.17565000000000003,-0.04263000000000011,0.11469,1.28041,-1.16572,0.08957287118969705,0.0001,0.00023,93175.87,0
2025-11-18 14:45:12.895824,93175.87,39.19999999999709,0.04207097824790591,0.30867000000000006,0.4843200000000001,0.29056000000000004,1.14761,-0.85705,0.2531870583212067,0.0001,0.00023,93154.725,0
2025-11-18 14:45:14.929919,93154.725,2.7700000000040745,0.0029735475039017875,-0.3034299999999999,-0.6121,0.11988,1.28036,-1.16048,0.0936299165859602,0.00011,0.00018,93175.36,1
2025-11-18 14:45:16.969283,93175.36,44.04000000000815,0.047265714884287165,-0.00524,0.2981899999999999,0.11469,1.28041,-1.16572,0.08957287118969705,0.00011,0.00023,93175.36,0
2025-11-18 14:45:19.003977,93175.36,44.04000000000815,0.047265714884287165,0.0,0.00524,0.11469,1.28041,-1.16572,0.08957287118969705,0.00011,0.00023,93175.355,0
2025-11-18 14:45:21.037500,93175.355,44.029999999998836,0.047254984968931796,-0.35452,-0.35452,0.11467,1.63491,-1.52024,0.07013841740523942,0.00011,0.00023,93182.005,1
2025-11-18 14:45:23.069756,93182.005,57.330000000001746,0.0615247546991522,0.005309999999999933,0.3598299999999999,0.11988,1.63481,-1.51493,0.07332962240260335,0.00011,0.00023,93182.0,0
2025-11-18 14:45:25.105197,93182.0,57.320000000006985,0.06151402631410249,1.21949,1.21418,0.24751,0.54295,-0.29544000000000004,0.4558614973754489,0.00011,0.00023,93200.20999999999,1
2025-11-18 14:45:27.137508,93200.20999999999,75.40000000000873,0.08090110526575932,-1.2246299999999999,-2.44412,0.24751,1.76758,-1.52007,0.14002760836850384,0.055,0.0001,93204.64499999999,1
2025-11-18 14:45:29.173396,93204.64499999999,66.50999999999476,0.07135910447381112,0.61995,1.8445799999999999,0.24751,1.14763,-0.9001199999999999,0.21567055584116834,0.055,0.00023,93210.135,1
2025-11-18 14:45:31.212160,93210.135,55.529999999998836,0.0595750665954929,-0.48705999999999994,-1.1070099999999998,0.24763000000000002,1.6348099999999999,-1.3871799999999999,0.15147325988952848,0.05512,0.00023,93210.135,0
2025-11-18 14:45:33.251460,93210.135,55.529999999998836,0.0595750665954929,0.48717999999999984,0.9742399999999998,0.24763000000000002,1.14763,-0.8999999999999999,0.21577511915861386,0.05512,0.00023,93210.135,0
2025-11-18 14:45:35.282811,93210.135,55.529999999998836,0.0595750665954929,0.0,-0.48717999999999984,0.24763000000000002,1.14763,-0.8999999999999999,0.21577511915861386,0.05512,0.00023,93196.145,0
2025-11-18 14:45:37.322346,93196.145,83.52999999999884,0.08962817077895104,-0.6201,-0.6201,0.1147,1.6348,-1.5201,0.07016148764374847,6e-05,0.0001,93212.785,1
2025-11-18 14:45:39.357696,93212.785,78.55000000000291,0.08426955594128306,-0.13291000000000017,0.4871899999999998,0.11456999999999999,1.76758,-1.6530099999999999,0.06481743400581585,6e-05,0.0001,93199.62,0
2025-11-18 14:45:41.389635,93199.62,91.4600000000064,0.09813344732522129,0.00010999999999999205,0.13302000000000017,0.11457,1.76747,-1.6529,0.06482146797399672,6e-05,0.05489,93163.315,0
2025-11-18 14:45:43.420712,93163.315,19.929999999993015,0.021392540615362405,0.48709,0.48698,0.11457,1.2803799999999999,-1.1658099999999998,0.08948124775457288,6e-05,0.055,93156.465,0
2025-11-18 14:45:45.455067,93156.465,6.2299999999959255,0.006687673260246539,1.9999999999999185e-05,-0.48707,0.11457,1.28036,-1.1657899999999999,0.08948264550595146,6e-05,0.00018,93169.0,1
2025-11-18 14:45:47.491254,93169.0,31.29999999998836,0.03359486524486509,-0.4872200000000002,-0.48724000000000023,0.11457,1.76758,-1.6530099999999999,0.06481743400581587,6e-05,0.055,93161.505,0
2025-11-18 14:45:49.525609,93161.505,16.30999999999767,0.017507231125127993,0.07793000000000008,0.5651500000000003,0.059699999999999996,1.63478,-1.5750799999999998,0.03651867529575845,6e-05,0.055,93170.25,1
2025-11-18 14:45:51.562506,93170.25,33.79999999998836,0.03627767447225736,-0.07793000000000003,-0.1558600000000001,0.11457,1.76758,-1.6530099999999999,0.06481743400581587,6e-05,0.055,93170.245,0
2025-11-18 14:45:53.595128,93170.245,33.7899999999936,0.03626694337875102,0.13282,0.21075000000000002,0.11457,1.63476,-1.52019,0.0700836820083682,6e-05,0.00018,93176.145,1
2025-11-18 14:45:55.627199,93176.145,45.58999999999651,0.04892883258906719,-0.19199,-0.32481,0.0554,1.76758,-1.71218,0.031342287194921874,6e-05,0.055,93176.145,0
2025-11-18 14:45:57.666537,93176.145,45.58999999999651,0.04892883258906719,0.0,0.19199,0.0554,1.76758,-1.71218,0.031342287194921874,6e-05,0.055,93176.145,0
2025-11-18 14:45:59.706577,93176.145,45.58999999999651,0.04892883258906719,0.0,0.0,0.0554,1.76758,-1.71218,0.031342287194921874,6e-05,0.055,93176.14,0
2025-11-18 14:46:01.747221,93176.14,45.579999999987194,0.04891810285335623,0.19199000000000008,0.19199000000000008,0.11459,1.63478,-1.52019,0.07009505866232765,6e-05,0.0002,93176.14,0
2025-11-18 14:46:03.784628,93176.14,45.579999999987194,0.04891810285335623,-0.05492,-0.24691000000000007,0.05969,1.6348,-1.57511,0.03651211157328114,6e-05,0.00022,93182.29000000001,1
2025-11-18 14:46:05.817535,93182.29000000001,57.879999999990105,0.06211480743818391,-0.07790000000000018,-0.02298000000000018,0.11457,1.76758,-1.6530099999999999,0.06481743400581587,6e-05,0.055,93182.28,0
2025-11-18 14:46:07.854659,93182.28,57.86000000000058,0.06209335079588156,0.07359000000000013,0.1514900000000003,0.05538,1.6347999999999998,-1.5794199999999998,0.0338757034499633,6e-05,0.00022,93182.28,0
2025-11-18 14:46:09.891156,93182.28,57.86000000000058,0.06209335079588156,0.05918999999999999,-0.014400000000000135,0.11457,1.6347999999999998,-1.5202299999999997,0.07008196721311477,6e-05,0.00022,93182.28,0
2025-11-18 14:46:11.932343,93182.28,57.86000000000058,0.06209335079588156,0.00012000000000000205,-0.05906999999999999,0.11469000000000001,1.6347999999999998,-1.5201099999999999,0.07015537068754589,6e-05,0.00022,93182.28,0
2025-11-18 14:46:13.968431,93182.28,57.86000000000058,0.06209335079588156,-0.00012000000000000205,-0.0002400000000000041,0.11457,1.6347999999999998,-1.5202299999999997,0.07008196721311477,6e-05,0.00022,93182.28,0
2025-11-18 14:46:16.003839,93182.28,57.86000000000058,0.06209335079588156,0.0001799999999999996,0.00030000000000000165,0.11474999999999999,1.6347999999999998,-1.52005,0.07019207242476144,6e-05,0.00022,93182.28,0
2025-11-18 14:46:18.037710,93182.28,57.86000000000058,0.06209335079588156,-0.0001799999999999996,-0.0003599999999999992,0.11457,1.6347999999999998,-1.5202299999999997,0.07008196721311477,6e-05,0.00022,93182.28,0
2025-11-18 14:46:20.065622,93182.28,57.86000000000058,0.06209335079588156,-0.05914,-0.05896,0.05543,1.6347999999999998,-1.5793699999999997,0.03390628823097627,6e-05,0.00022,93182.28,0
2025-11-18 14:46:22.101008,93182.28,57.86000000000058,0.06209335079588156,0.0,0.05914,0.05543,1.6347999999999998,-1.5793699999999997,0.03390628823097627,6e-05,0.00022,93182.28,0
2025-11-18 14:46:24.138981,93182.28,57.86000000000058,0.06209335079588156,0.0,0.0,0.05543,1.6347999999999998,-1.5793699999999997,0.03390628823097627,6e-05,0.00022,93182.28,0
2025-11-18 14:46:26.170322,93182.28,57.86000000000058,0.06209335079588156,0.0,0.0,0.05543,1.6347999999999998,-1.5793699999999997,0.03390628823097627,6e-05,0.00022,93165.70499999999,0
2025-11-18 14:46:28.204442,93165.70499999999,78.66999999999825,0.08444094315606612,0.23538999999999985,0.23538999999999985,0.29071,1.63469,-1.34398,0.17783799986541793,2e-05,0.055,93152.81,0
2025-11-18 14:46:30.239854,93152.81,52.88000000000466,0.05676694025655765,0.49226,0.25687000000000015,0.29591999999999996,1.14764,-0.85172,0.2578508940085741,2e-05,0.00023,93158.605,1
2025-11-18 14:46:32.271840,93158.605,64.47000000000116,0.06920455710988928,-0.4871999999999999,-0.9794599999999999,0.2961,1.63502,-1.3389199999999999,0.18109870215654852,2e-05,0.00043,93149.01,0
2025-11-18 14:46:34.304753,93149.01,45.279999999998836,0.048610285820535115,0.31115000000000004,0.7983499999999999,0.11985,1.1476199999999999,-1.0277699999999999,0.10443352329168193,2e-05,1.09208,93133.07999999999,0
2025-11-18 14:46:36.345442,93133.07999999999,13.419999999998254,0.014409488014353497,-0.12062000000000003,-0.4317700000000001,0.13182,1.2802099999999998,-1.1483899999999998,0.1029674818975012,2e-05,0.055,93126.375,0
2025-11-18 14:46:38.377934,93126.375,0.010000000009313226,1.073809649448207e-05,-0.54218,-0.42155999999999993,0.07704000000000001,1.76761,-1.69057,0.04358427481175147,2e-05,0.05523,93082.655,0
2025-11-18 14:46:40.405873,93082.655,65.29000000000815,0.07014196146425793,0.62048,1.16266,0.07712000000000001,1.1472099999999998,-1.0700899999999998,0.06722396073953332,0.00022,0.055,93082.64499999999,0
2025-11-18 14:46:42.505776,93082.64499999999,65.27000000000407,0.07012048271727139,0.0,-0.62048,0.07712000000000001,1.1472099999999998,-1.0700899999999998,0.06722396073953332,0.00022,0.00023,93082.65,1
2025-11-18 14:46:44.606888,93082.65,65.27999999999884,0.07013122209133371,0.95456,0.95456,0.0726,0.18813000000000002,-0.11553000000000002,0.385903364694626,0.00022,2e-05,93082.64499999999,0
2025-11-18 14:46:46.642531,93082.64499999999,65.27000000000407,0.07012048271727139,-0.9590799999999999,-1.91364,0.0726,1.1472099999999998,-1.0746099999999998,0.06328396718996522,0.00022,0.00023,93082.64499999999,0
2025-11-18 14:46:48.675432,93082.64499999999,65.27000000000407,0.07012048271727139,8.000000000000388e-05,0.9591599999999999,0.0726,1.14713,-1.07453,0.06328838056715455,0.00022,0.00023,93082.65,1
2025-11-18 14:46:50.706983,93082.65,65.27999999999884,0.07013122209133371,-0.48740000000000006,-0.4874800000000001,0.0726,1.63453,-1.56193,0.04441643775274849,0.00022,0.00025,93077.51,0
2025-11-18 14:46:52.800461,93077.51,55.0,0.0590905364786832,0.49200999999999995,0.97941,0.07729,1.1472099999999998,-1.0699199999999998,0.06737214633763654,0.00022,0.055,93077.5,0
2025-11-18 14:46:54.892856,93077.5,54.98000000001048,0.05906905535710615,1.09185,0.59984,0.07729,0.055360000000000006,0.02192999999999999,1.3961343930635837,0.00022,0.00023,93077.5,0
2025-11-18 14:46:56.996952,93077.5,54.98000000001048,0.05906905535710615,0.0,-1.09185,0.07729,0.055360000000000006,0.02192999999999999,1.3961343930635837,0.00022,0.00023,93103.975,1
2025-11-18 14:46:59.088420,93103.975,34.629999999990105,0.03719497475804884,-1.03517,-1.03517,0.13376,1.1469999999999998,-1.0132399999999997,0.11661726242371405,0.00179,2e-05,93103.975,0
2025-11-18 14:47:01.186592,93103.975,34.629999999990105,0.03719497475804884,-0.00021,1.0349599999999999,0.13376,1.1472099999999998,-1.0134499999999997,0.1165959153075723,0.00179,0.00023,93103.975,0
2025-11-18 14:47:03.281694,93103.975,34.629999999990105,0.03719497475804884,0.0,0.00021,0.13376,1.1472099999999998,-1.0134499999999997,0.1165959153075723,0.00179,0.00023,93103.975,0
2025-11-18 14:47:05.382399,93103.975,34.629999999990105,0.03719497475804884,-0.5422199999999999,-0.5422199999999999,0.07886,1.63453,-1.55567,0.048246284864762345,0.00179,0.00025,93103.975,0
2025-11-18 14:47:07.481341,93103.975,34.629999999990105,0.03719497475804884,1.0917899999999998,1.6340099999999997,0.07886,0.54274,-0.46388,0.1452997752146516,0.00179,0.00023,93103.97,0
2025-11-18 14:47:09.574315,93103.97,34.61999999999534,0.03718423607499803,0.0,-1.0917899999999998,0.07886,0.54274,-0.46388,0.1452997752146516,0.00179,0.00023,93103.975,1
2025-11-18 14:47:11.675503,93103.975,34.629999999990105,0.03719497475804884,0.0,0.0,0.07886,0.54274,-0.46388,0.1452997752146516,0.00179,0.00023,93100.63500000001,0
2025-11-18 14:47:13.775897,93100.63500000001,27.930000000007567,0.02999979538271416,-0.66386,-0.66386,0.01939,1.14713,-1.12774,0.016903053707949405,0.00022,0.055,93100.63,0
2025-11-18 14:47:15.806979,93100.63,27.919999999998254,0.029989055927976266,-0.48740000000000006,0.17645999999999995,0.01939,1.63453,-1.61514,0.011862737300630763,0.00022,0.00025,93100.63,0
2025-11-18 14:47:17.850037,93100.63,27.919999999998254,0.029989055927976266,1.9999999999999998e-05,0.4874200000000001,0.01939,1.63451,-1.61512,0.011862882454068805,0.00022,0.00023,93105.575,1
2025-11-18 14:47:19.885974,93105.575,37.80999999999767,0.04060981310732217,0.4873799999999999,0.4873599999999999,0.01939,1.14713,-1.12774,0.016903053707949405,0.00022,0.00023,93105.575,0
2025-11-18 14:47:21.919697,93105.575,37.80999999999767,0.04060981310732217,0.0,-0.4873799999999999,0.01939,1.14713,-1.12774,0.016903053707949405,0.00022,0.00023,93102.28,0
2025-11-18 14:47:23.950267,93102.28,31.220000000001164,0.03353301336981346,-0.48740000000000006,-0.48740000000000006,0.01939,1.63453,-1.61514,0.011862737300630763,0.00022,0.00025,93099.235,0
2025-11-18 14:47:25.991526,93099.235,25.130000000004657,0.026992703001270265,1.9999999999999998e-05,0.4874200000000001,0.01939,1.63451,-1.61512,0.011862882454068805,0.00022,0.00023,93099.235,0
2025-11-18 14:47:28.026827,93099.235,25.130000000004657,0.026992703001270265,0.53516,0.53514,0.06717,1.14713,-1.07996,0.05855482813630539,0.00022,2e-05,93106.51999999999,1
2025-11-18 14:47:30.061180,93106.51999999999,39.69999999999709,0.04263933395856391,0.5998199999999999,0.06465999999999994,0.06248,0.5426200000000001,-0.4801400000000001,0.1151450370424975,0.00022,1e-05,93106.515,0
2025-11-18 14:47:32.096585,93106.515,39.69000000000233,0.042628595861419934,0.11445000000000001,-0.4853699999999999,0.12207,0.48775999999999997,-0.36568999999999996,0.2502665245202559,0.00022,0.00023,93106.515,0
2025-11-18 14:47:34.132632,93106.515,39.69000000000233,0.042628595861419934,-0.0549,-0.16935,0.12207,0.54266,-0.42059,0.22494748092728412,0.00022,0.00023,93106.51999999999,1
2025-11-18 14:47:36.166769,93106.51999999999,39.69999999999709,0.04263933395856391,0.00013000000000001205,0.05503000000000001,0.12207,0.54253,-0.42045999999999994,0.22500138241203252,0.00022,1e-05,93107.385,1
2025-11-18 14:47:38.195711,93107.385,37.970000000001164,0.04078086824154837,-1.0919699999999999,-1.0920999999999998,0.12195,1.63438,-1.51243,0.07461545050722598,0.05969,1e-05,93115.215,1
2025-11-18 14:47:40.227129,93115.215,22.30999999999767,0.023959564502962993,-0.005079999999999999,1.08689,0.11687,1.63438,-1.51751,0.0715072382187741,0.055,1e-05,93107.885,0
2025-11-18 14:47:42.264089,93107.885,36.970000000001164,0.03970662635071258,0.49283000000000016,0.49791000000000013,0.12232,1.1469999999999998,-1.0246799999999998,0.10664341761115956,0.06006,1e-05,93110.98,1
2025-11-18 14:47:44.299819,93110.98,30.779999999998836,0.033057325784777304,-0.0001799999999999996,-0.49301000000000017,0.12214000000000001,1.1469999999999998,-1.0248599999999999,0.10648648648648652,0.05988,1e-05,93114.97,1
2025-11-18 14:47:46.327539,93114.97,22.79999999998836,0.024485858718515784,-0.48732000000000014,-0.48714000000000013,0.1222,1.63438,-1.5121799999999999,0.07476841371039783,0.00035,1e-05,93114.97,0
2025-11-18 14:47:48.361898,93114.97,22.79999999998836,0.024485858718515784,0.48740000000000017,0.9747200000000003,0.12222000000000001,1.1469999999999998,-1.0247799999999998,0.10655623365300787,0.00037,1e-05,93117.72,1
2025-11-18 14:47:50.394005,93117.72,17.29999999998836,0.01857863358336991,0.6043899999999999,0.1169899999999997,0.12214000000000001,0.54253,-0.42038999999999993,0.22513040753506722,0.05988,1e-05,93121.56,1
2025-11-18 14:47:52.430692,93121.56,9.619999999995343,0.01033058294985108,-0.005400000000000037,-0.6097899999999999,0.11683,0.5426200000000001,-0.4257900000000001,0.21530721315100804,0.00019,1e-05,93121.555,0
2025-11-18 14:47:54.464295,93121.555,9.610000000000582,0.010319844852247777,0.48717,0.49257,0.11673,0.05535,0.06138,2.1089430894308943,0.00015,0.00022,93126.35500000001,1
2025-11-18 14:47:56.504394,93126.35500000001,0.00999999999476131,1.0738098784990897e-05,-0.47036,-0.95753,0.07886000000000001,0.48784,-0.40898,0.16165136110200068,0.05969,0.00022,93168.515,1
2025-11-18 14:47:58.541895,93168.515,17.829999999987194,0.019137366308765568,-0.6276599999999999,-0.15729999999999988,0.11046,1.1471,-1.03664,0.09629500479469968,0.00013,0.0001,93168.515,0
2025-11-18 14:48:00.586049,93168.515,17.829999999987194,0.019137366308765568,-0.48728000000000016,0.14037999999999973,0.11056,1.63448,-1.52392,0.06764230825706036,0.00023,0.0001,93168.51999999999,1
2025-11-18 14:48:02.622635,93168.51999999999,17.819999999992433,0.01912663204266037,0.48743000000000014,0.9747100000000003,0.11061,1.1471,-1.03649,0.09642576933135734,0.00023,0.0001,93168.515,0
2025-11-18 14:48:04.658356,93168.515,17.829999999987194,0.019137366308765568,-0.48743000000000014,-0.9748600000000003,0.11056,1.63448,-1.52392,0.06764230825706036,0.00023,0.0001,93184.42,1
2025-11-18 14:48:06.694453,93184.42,49.61999999999534,0.05324924488449394,0.4857500000000001,0.9731800000000003,0.10893000000000001,1.1471,-1.03817,0.09496120652079157,0.00023,0.00011,93184.41,0
2025-11-18 14:48:08.730576,93184.41,49.63999999999942,0.05327071341654619,-0.42629000000000017,-0.9120400000000003,0.17002,1.63448,-1.4644599999999999,0.1040208506681024,0.05344,0.00011,93184.42,1
2025-11-18 14:48:10.762216,93184.42,49.61999999999534,0.05324924488449394,0.42631000000000013,0.8526000000000002,0.10895,1.1471,-1.03815,0.09497864179234591,0.00023,0.00011,93184.42,0
2025-11-18 14:48:12.797182,93184.42,49.61999999999534,0.05324924488449394,-0.48577000000000015,-0.9120800000000002,0.11056,1.63448,-1.52392,0.06764230825706036,0.00023,0.00011,93164.935,0
2025-11-18 14:48:14.831722,93164.935,10.64999999999418,0.011431339484103305,0.43257999999999985,0.91835,0.055760000000000004,1.1470999999999998,-1.0913399999999998,0.048609537093540246,0.00023,0.055,93159.63,0
2025-11-18 14:48:16.864286,93159.63,0.059999999997671694,6.440557996813823e-05,0.05949000000000022,-0.37308999999999964,0.11525,1.1471,-1.03185,0.10047075233196757,0.00023,2e-05,93159.60500000001,0
2025-11-18 14:48:18.904005,93159.60500000001,0.00999999999476131,1.0734266203427236e-05,-0.4920700000000001,-0.5515600000000004,0.11056,1.63448,-1.52392,0.06764230825706036,0.00023,0.055,93159.60500000001,0
2025-11-18 14:48:20.940501,93159.60500000001,0.00999999999476131,1.0734266203427236e-05,0.00021999999999999998,0.4922900000000001,0.11078,1.63448,-1.5236999999999998,0.06777690764035045,0.00045,0.055,93159.60500000001,0
2025-11-18 14:48:22.976679,93159.60500000001,0.00999999999476131,1.0734266203427236e-05,-0.13322000000000028,-0.13344000000000028,0.11056,1.7674800000000002,-1.6569200000000002,0.06255233439699459,0.00023,1.14687,93118.89000000001,0
2025-11-18 14:48:25.012208,93118.89000000001,30.360000000000582,0.03260348142036549,0.19686000000000017,0.3300800000000005,0.12102,1.58108,-1.4600600000000001,0.07654261643939586,0.0001,0.00023,93118.89000000001,0
2025-11-18 14:48:27.042822,93118.89000000001,30.360000000000582,0.03260348142036549,0.0,-0.19686000000000017,0.12102,1.58108,-1.4600600000000001,0.07654261643939586,0.0001,0.00023,93118.89000000001,0
2025-11-18 14:48:29.083076,93118.89000000001,30.360000000000582,0.03260348142036549,0.0,0.0,0.12102,1.58108,-1.4600600000000001,0.07654261643939586,0.0001,0.00023,93116.47,0
2025-11-18 14:48:31.119143,93116.47,59.60000000000582,0.06400586276520773,0.049729999999999996,0.049729999999999996,0.17065,1.58098,-1.41033,0.10793937937228806,0.00018,0.00023,93112.275,0
2025-11-18 14:48:33.150774,93112.275,51.2100000000064,0.05499811920609437,-0.04963,-0.09936,0.12102,1.58098,-1.4599600000000001,0.07654745790585586,0.00018,0.00023,93118.475,1
2025-11-18 14:48:35.183486,93118.475,6.650000000008731,0.007141439977414504,0.49891,0.54854,0.13277,1.0938199999999998,-0.9610499999999997,0.12138194584118048,0.00181,0.055,93115.155,0
2025-11-18 14:48:37.214935,93115.155,0.010000000009313226,1.0739390391728635e-05,-0.67857,-1.17748,0.07419,1.71381,-1.63962,0.04328951283981305,0.00181,0.05506,93115.155,0
2025-11-18 14:48:39.251358,93115.155,0.010000000009313226,1.0739390391728635e-05,0.0,0.67857,0.07419,1.71381,-1.63962,0.04328951283981305,0.00181,0.05506,93115.155,0
2025-11-18 14:48:41.284502,93115.155,0.010000000009313226,1.0739390391728635e-05,0.00017999999999994453,0.00017999999999994453,0.07436999999999999,1.7138099999999998,-1.6394399999999998,0.04339454198540095,0.00199,0.05506,93115.155,0
2025-11-18 14:48:43.323899,93115.155,0.010000000009313226,1.0739390391728635e-05,0.19141000000000005,0.1912300000000001,0.13295,1.58098,-1.4480300000000002,0.08409341041632405,0.00199,0.00023,93116.015,1
2025-11-18 14:48:45.359731,93116.015,1.7300000000104774,0.0018578973767407008,0.48702999999999996,0.2956199999999999,0.1328,1.0937999999999999,-0.9609999999999999,0.12141159261290914,0.00181,0.00023,93128.78,1
2025-11-18 14:48:47.400802,93128.78,27.260000000009313,0.029271295081938487,-0.44397000000000003,-0.931,0.17589,1.58086,-1.40497,0.11126222435889326,0.00181,0.055,93128.78,0
2025-11-18 14:48:49.436160,93128.78,27.260000000009313,0.029271295081938487,0.00018000000000000004,0.44415000000000004,0.17607,1.58086,-1.40479,0.11137608643396633,0.00199,0.055,93121.58499999999,0
2025-11-18 14:48:51.469492,93121.58499999999,12.870000000009895,0.013820641046874253,-0.0003099999999999631,-0.0004899999999999631,0.17589,1.58099,-1.4051,0.11125307560452628,0.00181,0.055,93121.57999999999,0
2025-11-18 14:48:53.505734,93121.57999999999,12.860000000000582,0.013809903139530691,-0.10151,-0.10120000000000004,0.07437,1.58098,-1.50661,0.047040443269364574,0.00199,0.00023,93072.62,0
2025-11-18 14:48:55.536800,93072.62,26.660000000003492,0.028644299472824007,0.30020999999999987,0.40171999999999985,0.018369999999999997,1.2247700000000001,-1.2064000000000001,0.014998734456265254,0.0001,0.00023,93067.98,0
2025-11-18 14:48:57.566161,93067.98,35.94000000000233,0.03861693355760201,0.0,-0.30020999999999987,0.018369999999999997,1.2247700000000001,-1.2064000000000001,0.014998734456265254,0.00018,0.00023,93068.98,1
2025-11-18 14:48:59.596406,93068.98,37.94000000000233,0.04076546234846705,-0.4871700000000001,-0.4871700000000001,0.018369999999999997,1.71194,-1.69357,0.010730516256410853,0.00018,0.055,93068.97,0
2025-11-18 14:49:01.635735,93068.97,37.919999999998254,0.040743977289098884,0.24730000000000002,0.7344700000000002,0.13298,1.57925,-1.4462700000000002,0.08420452746556908,0.00018,0.00023,93068.97,0
2025-11-18 14:49:03.666096,93068.97,37.919999999998254,0.040743977289098884,0.0,-0.24730000000000002,0.13298,1.57925,-1.4462700000000002,0.08420452746556908,0.00018,0.00023,93068.97,0
2025-11-18 14:49:05.700745,93068.97,37.919999999998254,0.040743977289098884,-0.060419999999999995,-0.060419999999999995,0.07256,1.57925,-1.50669,0.04594586037676112,0.00018,0.00023,93068.97,0
2025-11-18 14:49:07.731442,93068.97,37.919999999998254,0.040743977289098884,0.060419999999999995,0.12083999999999999,0.13298,1.57925,-1.4462700000000002,0.08420452746556908,0.00018,0.00023,93074.775,1
2025-11-18 14:49:09.761227,93074.775,49.529999999998836,0.05321527771622208,-0.00012000000000000205,-0.06054,0.13298,1.5793700000000002,-1.44639,0.08419812963396796,0.00018,0.00043,93074.775,0
2025-11-18 14:49:11.796741,93074.775,49.529999999998836,0.05321527771622208,0.00020999999999999998,0.00033000000000000206,0.13298,1.5791600000000001,-1.44618,0.0842093264773677,0.00018,0.00022,93074.76999999999,0
2025-11-18 14:49:13.833133,93074.76999999999,49.520000000004075,0.05320453652477903,0.4871700000000001,0.4869600000000001,0.13298,1.09199,-0.95901,0.12177767195670289,0.00018,0.00023,93082.515,1
2025-11-18 14:49:15.869974,93082.515,65.01000000000931,0.06984125858654476,-0.43252,-0.9196900000000001,0.18788,1.57941,-1.39153,0.11895581261357088,0.00018,0.00047,93087.85,1
2025-11-18 14:49:17.898052,93087.85,73.91999999999825,0.07940885948058554,0.00027999999999992614,0.43279999999999996,0.1878,1.57905,-1.39125,0.11893226940248883,0.055,0.0001,93087.85,0
2025-11-18 14:49:19.935542,93087.85,73.90000000000873,0.0793873743995685,0.4870999999999999,0.48682,0.18786,1.09201,-0.9041499999999999,0.1720313916539226,0.00016,0.00023,93091.48,1
2025-11-18 14:49:21.970114,93091.48,81.16000000000349,0.08718305907264928,-0.4871700000000001,-0.97427,0.18786,1.57918,-1.3913200000000001,0.11896047315695488,0.00016,0.00024,93091.475,0
2025-11-18 14:49:24.002847,93091.475,81.15000000000873,0.08717232163311273,0.0001100000000000198,0.4872800000000001,0.18796,1.5791700000000002,-1.3912100000000003,0.1190245508716604,0.11558,0.00023,93100.39,1
2025-11-18 14:49:26.031733,93100.39,86.60000000000582,0.09301787027960444,0.48700000000000004,0.48689000000000004,0.1878,1.09201,-0.90421,0.17197644710213278,0.11542,0.00023,93105.32500000001,1
2025-11-18 14:49:28.063799,93105.32500000001,76.72999999999593,0.08241204249058356,-0.48712000000000005,-0.9741200000000001,0.18783999999999998,1.5791700000000002,-1.3913300000000002,0.11894856158614966,0.055,0.00023,93105.32500000001,0
2025-11-18 14:49:30.101257,93105.32500000001,76.72999999999593,0.08241204249058356,0.48712000000000005,0.9742400000000001,0.1878,1.09201,-0.90421,0.17197644710213278,0.055,0.00023,93105.33,1
2025-11-18 14:49:32.135744,93105.33,76.72000000000116,0.0824012975411839,5.9999999999994086e-05,-0.48706000000000005,0.18786,1.09201,-0.9041499999999999,0.1720313916539226,0.00016,0.00023,93105.33,0
2025-11-18 14:49:34.174975,93105.33,76.72000000000116,0.0824012975411839,0.0,-5.9999999999994086e-05,0.18786,1.09201,-0.9041499999999999,0.1720313916539226,0.00016,0.00023,93099.13500000001,0
2025-11-18 14:49:36.206471,93099.13500000001,89.11000000000058,0.09571517501209928,-0.48722000000000004,-0.48722000000000004,0.1878,1.5791700000000002,-1.3913700000000002,0.11892323182431276,0.055,0.00023,93102.56,1
2025-11-18 14:49:38.238144,93102.56,82.27999999999884,0.08837565798405418,9.000000000000022e-05,0.48731,0.18788000000000002,1.5791600000000001,-1.39128,0.11897464474784063,0.055,0.0001,93102.565,1
2025-11-18 14:49:40.269709,93102.565,82.27000000000407,0.08836491239527512,0.00010999999999999899,1.9999999999998765e-05,0.18799,1.5791600000000001,-1.3911700000000002,0.11904430203399274,0.00029,0.0001,93091.61499999999,0
2025-11-18 14:49:42.306173,93091.61499999999,83.2100000000064,0.08938506437986538,-0.11536999999999993,-0.11547999999999993,0.07251,1.57905,-1.50654,0.045920015199012065,0.00013,0.055,93091.615,1
2025-11-18 14:49:44.343114,93091.615,83.19000000000233,0.08936358016777593,-0.0001199999999999743,0.11524999999999996,0.07259,1.57925,-1.50666,0.04596485673579231,0.00013,1.03664,93091.615,0
2025-11-18 14:49:46.387463,93091.615,83.19000000000233,0.08936358016777593,0.0,0.0001199999999999743,0.07259,1.57925,-1.50666,0.04596485673579231,0.00013,1.03664,93091.615,0
2025-11-18 14:49:48.424470,93091.615,83.19000000000233,0.08936358016777593,-0.054900000000000004,-0.054900000000000004,0.01769,1.57925,-1.56156,0.011201519708722496,0.00013,1.03664,93060.345,0
2025-11-18 14:49:50.462887,93060.345,20.64999999999418,0.022189902691628943,0.35452999999999996,0.40942999999999996,0.01769,1.22472,-1.20703,0.014444117839179567,0.00013,0.055,93060.345,0
2025-11-18 14:49:52.497201,93060.345,20.64999999999418,0.022189902691628943,-0.48721999999999993,-0.8417499999999999,0.01769,1.71194,-1.69425,0.010333306073810998,0.00013,0.055,93050.025,0
2025-11-18 14:49:54.536772,93050.025,0.00999999999476131,1.0746907370268101e-05,0.0,0.48721999999999993,0.01769,1.71194,-1.69425,0.010333306073810998,0.00013,0.055,93050.025,0
2025-11-18 14:49:56.573693,93050.025,0.00999999999476131,1.0746907370268101e-05,0.45323,0.45323,0.01769,1.25871,-1.24102,0.014054071231657809,0.00013,0.055,93050.025,0
2025-11-18 14:49:58.608484,93050.025,0.00999999999476131,1.0746907370268101e-05,0.0007099999999999999,-0.45252000000000003,0.0184,1.25871,-1.24031,0.014618140794940853,0.00013,0.055,93050.025,0
2025-11-18 14:50:00.641472,93050.025,0.00999999999476131,1.0746907370268101e-05,0.0,-0.0007099999999999999,0.0184,1.25871,-1.24031,0.014618140794940853,0.00013,0.055,93050.025,0
2025-11-18 14:50:02.673903,93050.025,0.00999999999476131,1.0746907370268101e-05,0.0,0.0,0.0184,1.25871,-1.24031,0.014618140794940853,0.00013,0.055,93050.025,0
2025-11-18 14:50:04.712412,93050.025,0.00999999999476131,1.0746907370268101e-05,0.0,0.0,0.0184,1.25871,-1.24031,0.014618140794940853,0.00013,0.055,93050.025,0
2025-11-18 14:50:06.748429,93050.025,0.00999999999476131,1.0746907370268101e-05,0.0,0.0,0.0184,1.25871,-1.24031,0.014618140794940853,0.00013,0.055,93050.025,0
2025-11-18 14:50:08.783633,93050.025,0.00999999999476131,1.0746907370268101e-05,-0.4874,-0.4874,0.0184,1.74611,-1.72771,0.010537709537199832,0.00013,0.5424,93050.025,0
2025-11-18 14:50:10.821495,93050.025,0.00999999999476131,1.0746907370268101e-05,0.0,0.4874,0.0184,1.74611,-1.72771,0.010537709537199832,0.00013,0.5424,93050.025,0
2025-11-18 14:50:12.861562,93050.025,0.00999999999476131,1.0746907370268101e-05,0.0,0.0,0.0184,1.74611,-1.72771,0.010537709537199832,0.00013,0.5424,93044.57500000001,0
2025-11-18 14:50:14.898612,93044.57500000001,10.889999999999418,0.011704067647145915,0.13116999999999993,0.13116999999999993,0.14392,1.7404600000000001,-1.59654,0.08269078289647563,0.01191,1.03079,93044.575,0
2025-11-18 14:50:16.933745,93044.575,10.869999999995343,0.011682572573409404,-0.08701999999999996,-0.21818999999999988,0.02296,1.70652,-1.68356,0.013454281227292971,0.00014,0.00023,93004.45,0
2025-11-18 14:50:18.966680,93004.45,8.89999999999418,0.009569434580812186,0.18832000000000004,0.27534000000000003,0.19906,1.6943,-1.49524,0.11748804816148262,0.00081,1.0188,93006.85,1
2025-11-18 14:50:20.998879,93006.85,13.69999999999709,0.014730097836876626,0.1327700000000001,-0.05554999999999993,0.19906,1.56153,-1.36247,0.12747753805562492,0.00081,0.00023,93006.85,0
2025-11-18 14:50:23.034973,93006.85,13.69999999999709,0.014730097836876626,0.0,-0.1327700000000001,0.19906,1.56153,-1.36247,0.12747753805562492,0.00081,0.00023,93006.85,0
2025-11-18 14:50:25.067454,93006.85,13.69999999999709,0.014730097836876626,0.0,0.0,0.19906,1.56153,-1.36247,0.12747753805562492,0.00081,0.00023,93006.85,0
2025-11-18 14:50:27.102824,93006.85,13.69999999999709,0.014730097836876626,0.0,0.0,0.19906,1.56153,-1.36247,0.12747753805562492,0.00081,0.00023,93006.85,0
2025-11-18 14:50:29.132939,93006.85,13.69999999999709,0.014730097836876626,-0.0005000000000000004,-0.0005000000000000004,0.19856,1.56153,-1.36297,0.12715733927622266,0.00031,0.00023,93001.31,0
2025-11-18 14:50:31.167777,93001.31,2.6199999999953434,0.0028171646184288624,0.0,0.0005000000000000004,0.19856,1.56153,-1.36297,0.12715733927622266,0.00031,0.055,93000.005,0
2025-11-18 14:50:33.203994,93000.005,0.00999999999476131,1.0752687588308528e-05,-0.13338,-0.13338,0.06552,1.5618699999999999,-1.4963499999999998,0.041949714124735096,0.00031,0.05523,92990.01,0
2025-11-18 14:50:35.236497,92990.01,20.0,0.021507686685913897,0.00017999999999995797,0.13355999999999996,0.19835999999999998,1.69453,-1.4961700000000002,0.11705900751240755,0.00011,0.05523,92990.005,0
2025-11-18 14:50:37.268330,92990.005,19.99000000000524,0.021496933998449874,0.13300000000000006,0.1328200000000001,0.19835999999999998,1.56153,-1.3631700000000002,0.12702925976446175,0.00011,0.00023,92988.76,0
2025-11-18 14:50:39.298120,92988.76,17.5,0.018819478827333543,0.0,-0.13300000000000006,0.19835999999999998,1.56153,-1.3631700000000002,0.12702925976446175,0.00011,0.00023,92988.76,0
2025-11-18 14:50:41.332587,92988.76,17.5,0.018819478827333543,0.0,0.0,0.19835999999999998,1.56153,-1.3631700000000002,0.12702925976446175,0.00011,0.00023,92988.76,0
2025-11-18 14:50:43.364672,92988.76,17.5,0.018819478827333543,0.0,0.0,0.19835999999999998,1.56153,-1.3631700000000002,0.12702925976446175,0.00011,0.00023,92988.755,0
2025-11-18 14:50:45.398292,92988.755,17.49000000000524,0.01880872585078189,0.00015000000000001124,0.00015000000000001124,0.19851,1.56153,-1.3630200000000001,0.12712531939828245,0.00011,0.00023,93001.29999999999,1
2025-11-18 14:50:47.432203,93001.29999999999,42.580000000001746,0.04578430624088239,9.000000000000002e-05,-6.0000000000011216e-05,0.19851,1.56144,-1.36293,0.12713264678758068,0.00011,0.00014,93001.29999999999,0
2025-11-18 14:50:49.469249,93001.29999999999,42.580000000001746,0.04578430624088239,-0.00024000000000000003,-0.00033000000000000005,0.19851,1.56168,-1.36317,0.127113108959582,0.00011,0.00038,93001.29999999999,0
2025-11-18 14:50:51.507205,93001.29999999999,42.580000000001746,0.04578430624088239,0.00015000000000000001,0.00039000000000000005,0.19851,1.56153,-1.3630200000000001,0.12712531939828245,0.00011,0.00023,93001.29999999999,0
2025-11-18 14:50:53.540965,93001.29999999999,42.580000000001746,0.04578430624088239,0.0,-0.00015000000000000001,0.19851,1.56153,-1.3630200000000001,0.12712531939828245,0.00011,0.00023,93001.29999999999,0
2025-11-18 14:50:55.576658,93001.29999999999,42.580000000001746,0.04578430624088239,0.0,0.0,0.19851,1.56153,-1.3630200000000001,0.12712531939828245,0.00011,0.00023,92952.75,0
2025-11-18 14:50:57.605723,92952.75,14.5,0.015599323312112874,-0.09552,-0.09552,0.50546,1.964,-1.45854,0.2573625254582485,0.0001,0.4024,92945.225,0
2025-11-18 14:50:59.637885,92945.225,29.529999999998836,0.03177140084388287,0.30356000000000005,0.39908000000000005,0.32155,1.47653,-1.15498,0.21777410550412116,0.00015,0.00023,92945.22,0
2025-11-18 14:51:01.675221,92945.22,29.54000000000815,0.031782161578624644,0.18391,-0.11965000000000006,0.50546,1.47653,-0.9710699999999999,0.3423296512769805,0.1333,0.00023,92945.22,0
2025-11-18 14:51:03.711445,92945.22,29.54000000000815,0.031782161578624644,0.0,-0.18391,0.50546,1.47653,-0.9710699999999999,0.3423296512769805,0.1333,0.00023,92945.225,1
2025-11-18 14:51:05.743941,92945.225,29.529999999998836,0.03177140084388287,-0.18391,-0.18391,0.32155,1.47653,-1.15498,0.21777410550412116,0.00015,0.00023,92940.10500000001,0
2025-11-18 14:51:07.779483,92940.10500000001,39.770000000004075,0.04279099964434521,0.18369,0.3676,0.50546,1.47675,-0.97129,0.3422786524462502,0.1333,0.00045,92940.105,0
2025-11-18 14:51:09.817240,92940.105,39.75,0.04276948040891497,0.8348899999999999,0.6511999999999999,0.32155,0.45794999999999997,-0.13639999999999997,0.7021508898351349,0.00015,0.00023,92940.095,0
2025-11-18 14:51:11.850800,92940.095,39.76999999998952,0.04279100424847803,0.18391000000000002,-0.6509799999999999,0.50546,0.45794999999999997,0.04751000000000005,1.1037449503220877,0.055,0.00023,92940.095,0
2025-11-18 14:51:13.878919,92940.095,39.76999999998952,0.04279100424847803,0.0,-0.18391000000000002,0.50546,0.45794999999999997,0.04751000000000005,1.1037449503220877,0.055,0.00023,92947.14,1
2025-11-18 14:51:15.915529,92947.14,25.679999999993015,0.027628606969502253,-0.18391,-0.18391,0.32155,0.45794999999999997,-0.13639999999999997,0.7021508898351349,0.1333,0.00023,92947.135,0
2025-11-18 14:51:17.949724,92947.135,25.69000000000233,0.027639367259681896,0.18405,0.36795999999999995,0.5056,0.45794999999999997,0.04765000000000008,1.1040506605524623,0.05514,0.00023,92941.2,0
2025-11-18 14:51:19.990052,92941.2,37.55999999999767,0.04041264799679547,-0.00014000000000000123,-0.18419,0.50546,0.45794999999999997,0.04751000000000005,1.1037449503220877,0.1333,0.00023,92941.20499999999,1
2025-11-18 14:51:22.029239,92941.20499999999,37.55000000000291,0.0404018863323355,-0.18391,-0.18377,0.32155,0.45794999999999997,-0.13639999999999997,0.7021508898351349,0.00015,0.00023,92941.195,0
2025-11-18 14:51:24.059877,92941.195,37.56999999999243,0.04042340966241335,0.18391000000000002,0.36782000000000004,0.50546,0.45794999999999997,0.04751000000000005,1.1037449503220877,0.055,0.00023,92941.2,1
2025-11-18 14:51:26.090609,92941.2,37.55999999999767,0.04041264799679547,-0.18391000000000002,-0.36782000000000004,0.32155,0.45794999999999997,-0.13639999999999997,0.7021508898351349,0.00015,0.00023,92941.2,0
2025-11-18 14:51:28.130140,92941.2,37.55999999999767,0.04041264799679547,0.0,0.18391000000000002,0.32155,0.45794999999999997,-0.13639999999999997,0.7021508898351349,0.00015,0.00023,92941.2,0
2025-11-18 14:51:30.164141,92941.2,37.55999999999767,0.04041264799679547,0.0,0.0,0.32155,0.45794999999999997,-0.13639999999999997,0.7021508898351349,0.00015,0.00023,92941.2,0
2025-11-18 14:51:32.194120,92941.2,37.55999999999767,0.04041264799679547,0.0,0.0,0.32155,0.45794999999999997,-0.13639999999999997,0.7021508898351349,0.00015,0.00023,92929.515,0
2025-11-18 14:51:34.230925,92929.515,60.929999999993015,0.06556582157992863,-0.9127499999999998,-0.9127499999999998,0.3726,1.4217499999999998,-1.0491499999999998,0.26207139089150694,0.055,0.00023,92929.51999999999,1
2025-11-18 14:51:36.262890,92929.51999999999,60.919999999998254,0.06555505720894529,0.9639399999999999,1.8766899999999997,0.3726,0.45780999999999994,-0.08520999999999995,0.8138747515344794,0.1333,9e-05,92929.535,1
2025-11-18 14:51:38.299389,92929.535,60.91000000000349,0.0655442857860028,-1.01871,-1.98265,0.3726,1.4765199999999998,-1.1039199999999998,0.25235012055373446,0.00014,0.00022,92929.535,0
2025-11-18 14:51:40.333011,92929.535,60.91000000000349,0.0655442857860028,-0.18391,0.8348,0.18869,1.4765199999999998,-1.2878299999999998,0.12779373120580825,0.00014,0.00022,92929.525,0
2025-11-18 14:51:42.365112,92929.525,60.93000000000757,0.06556581452450938,0.18406,0.36797,0.37275,1.4765199999999998,-1.10377,0.25245171077940026,0.00029,0.00022,92943.845,1
2025-11-18 14:51:44.396954,92943.845,32.29000000000815,0.034741407567126306,-0.00014999999999999736,-0.18420999999999998,0.37260000000000004,1.4765199999999998,-1.1039199999999998,0.2523501205537345,0.055,0.00022,92947.145,1
2025-11-18 14:51:46.445129,92947.145,25.69000000000233,0.027639364286016883,0.13286,0.13301000000000002,0.50546,1.4765199999999998,-0.9710599999999998,0.3423319697667489,0.1333,0.00022,92947.145,0
2025-11-18 14:51:48.478164,92947.145,25.69000000000233,0.027639364286016883,-0.13274,-0.2656,0.37272,1.4765199999999998,-1.1038,0.25243139273426707,0.00014,0.00022,92959.985,1
2025-11-18 14:51:50.505755,92959.985,0.010000000009313226,1.0757316719998637e-05,0.7333699999999999,0.8661099999999998,0.5746899999999999,0.94512,-0.37043000000000004,0.6080603521245979,0.18844,0.00022,92959.995,1
2025-11-18 14:51:52.542715,92959.995,0.00999999999476131,1.075731554714618e-05,-0.16053000000000006,-0.8938999999999999,0.41408,0.94504,-0.53096,0.4381613476678236,0.00038,0.26954,92959.995,0
2025-11-18 14:51:54.577082,92959.995,0.00999999999476131,1.075731554714618e-05,-0.19823,-0.03769999999999993,0.21585000000000001,0.94504,-0.72919,0.22840303055955305,0.0003,0.26954,92959.995,0
2025-11-18 14:51:56.605716,92959.995,0.00999999999476131,1.075731554714618e-05,-3.9999999999999996e-05,0.19818999999999998,0.21581000000000003,0.94504,-0.7292299999999999,0.22836070430881236,0.00026,0.26954,92959.995,0
2025-11-18 14:51:58.639811,92959.995,0.00999999999476131,1.075731554714618e-05,2.4530074152484538e-18,4.000000000000245e-05,0.21581000000000003,0.94504,-0.7292299999999999,0.22836070430881236,0.0551,0.26954,92959.995,0
2025-11-18 14:52:00.670986,92959.995,0.00999999999476131,1.075731554714618e-05,0.0,-2.4530074152484538e-18,0.21581000000000003,0.94504,-0.7292299999999999,0.22836070430881236,0.0551,0.26954,92952.66500000001,0
2025-11-18 14:52:02.699022,92952.66500000001,14.669999999998254,0.015782226362200863,0.40698,0.40698,0.35768999999999995,0.67994,-0.32225000000000004,0.5260611230402682,0.00016,0.13733,92946.38500000001,0
2025-11-18 14:52:04.730843,92946.38500000001,27.229999999995925,0.02929645945885461,-8e-05,-0.40706000000000003,0.35761,0.67994,-0.32233,0.5259434655999059,8e-05,0.13733,92946.38500000001,0
2025-11-18 14:52:06.765194,92946.38500000001,27.229999999995925,0.02929645945885461,0.00017999999999998573,0.0002599999999999857,0.35778999999999994,0.67994,-0.32215000000000005,0.5262081948407211,8e-05,0.13733,92946.38500000001,0
2025-11-18 14:52:08.803357,92946.38500000001,27.229999999995925,0.02929645945885461,-0.13307,-0.13324999999999998,0.35761,0.8128299999999999,-0.45521999999999996,0.43995669451176755,8e-05,0.13733,92946.38500000001,0
2025-11-18 14:52:10.839056,92946.38500000001,27.229999999995925,0.02929645945885461,0.0,0.13307,0.35761,0.8128299999999999,-0.45521999999999996,0.43995669451176755,8e-05,0.13733,92946.38500000001,0
2025-11-18 14:52:12.876767,92946.38500000001,27.229999999995925,0.02929645945885461,0.00021999999999999797,0.00021999999999999797,0.35783,0.8128299999999999,-0.45499999999999996,0.4402273538132205,8e-05,0.13733,92946.38500000001,0
2025-11-18 14:52:14.914951,92946.38500000001,27.229999999995925,0.02929645945885461,-0.00021999999999999797,-0.00043999999999999595,0.35761,0.8128299999999999,-0.45521999999999996,0.43995669451176755,8e-05,0.13733,92975.155,1
2025-11-18 14:52:16.949872,92975.155,53.98999999999069,0.05806927667933513,-0.060069999999999985,-0.05984999999999999,0.34731999999999996,0.8626100000000001,-0.5152900000000001,0.40263850407484253,8e-05,0.0001,93001.075,1
2025-11-18 14:52:18.982250,93001.075,2.1300000000046566,0.0022902961067973212,0.29453,0.3546,0.45489,0.67565,-0.22075999999999996,0.6732627839857915,0.00022,0.00015,93001.075,0
2025-11-18 14:52:21.017357,93001.075,2.1300000000046566,0.0022902961067973212,0.0,-0.29453,0.45489,0.67565,-0.22075999999999996,0.6732627839857915,0.00022,0.00015,93001.075,0
2025-11-18 14:52:23.055461,93001.075,2.1300000000046566,0.0022902961067973212,0.05489000000000001,0.05489000000000001,0.50978,0.67565,-0.16586999999999996,0.7545030711167025,0.00022,0.00015,93001.075,0
2025-11-18 14:52:25.093928,93001.075,2.1300000000046566,0.0022902961067973212,-0.030200000000000005,-0.08509000000000001,0.47958,0.67565,-0.19606999999999997,0.709805372604159,0.00022,0.00015,93028.44,1
2025-11-18 14:52:27.124011,93028.44,56.86000000000058,0.06112109372144752,-0.13290000000000002,-0.10270000000000001,0.34668,0.67565,-0.32897,0.5131058980241249,0.00022,0.00015,93028.44,0
2025-11-18 14:52:29.156482,93028.44,56.86000000000058,0.06112109372144752,0.0,0.13290000000000002,0.34668,0.67565,-0.32897,0.5131058980241249,0.00022,0.00015,93028.44,0
2025-11-18 14:52:31.185993,93028.44,56.86000000000058,0.06112109372144752,0.0,0.0,0.34668,0.67565,-0.32897,0.5131058980241249,0.00022,0.00015,93026.76,0
2025-11-18 14:52:33.218936,93026.76,53.5,0.057510333585733826,0.0,0.0,0.34668,0.67565,-0.32897,0.5131058980241249,0.00022,0.00015,93026.76,0
2025-11-18 14:52:35.253256,93026.76,53.5,0.057510333585733826,0.0,0.0,0.34668,0.67565,-0.32897,0.5131058980241249,0.00022,0.00015,93026.765,1
2025-11-18 14:52:37.285182,93026.765,53.51000000000931,0.057521080089165004,0.0009199999999999764,0.0009199999999999764,0.34668,0.67473,-0.32805000000000006,0.5138055222088835,0.00022,0.05412,93025.29500000001,0
2025-11-18 14:52:39.330018,93025.29500000001,50.55000000000291,0.0543400587979892,-0.18603,-0.18694999999999998,0.16308,0.67716,-0.51408,0.240829346092504,0.00023,0.00254,93023.675,0
2025-11-18 14:52:41.366659,93023.675,47.30999999999767,0.05085802082104117,-0.0008799999999999988,0.18515,0.16308,0.67804,-0.51496,0.2405167836705799,0.00023,0.055,93023.675,0
2025-11-18 14:52:43.402256,93023.675,47.30999999999767,0.05085802082104117,0.0,0.0008799999999999988,0.16308,0.67804,-0.51496,0.2405167836705799,0.00023,0.055,93023.675,0
2025-11-18 14:52:45.435867,93023.675,47.30999999999767,0.05085802082104117,0.0,0.0,0.16308,0.67804,-0.51496,0.2405167836705799,0.00023,0.055,93010.38500000001,0
2025-11-18 14:52:47.475232,93010.38500000001,20.729999999995925,0.022287833772536177,-0.719,-0.719,0.10812000000000001,1.34208,-1.23396,0.0805615164520744,0.00023,0.055,93007.44,0
2025-11-18 14:52:49.503522,93007.44,14.839999999996508,0.01595571279028485,0.0,0.719,0.10812000000000001,1.34208,-1.23396,0.0805615164520744,0.00023,0.00254,93007.44,0
2025-11-18 14:52:51.536081,93007.44,14.839999999996508,0.01595571279028485,0.0,0.0,0.10812000000000001,1.34208,-1.23396,0.0805615164520744,0.00023,0.00254,93007.44,0
2025-11-18 14:52:53.570155,93007.44,14.839999999996508,0.01595571279028485,0.0,0.0,0.10812000000000001,1.34208,-1.23396,0.0805615164520744,0.00023,0.00254,93005.975,0
2025-11-18 14:52:55.603711,93005.975,11.90999999998894,0.012805628885659162,0.0,0.0,0.10812000000000001,1.34208,-1.23396,0.0805615164520744,0.00023,0.00254,93005.975,0
2025-11-18 14:52:57.641672,93005.975,11.90999999998894,0.012805628885659162,0.0,0.0,0.10812000000000001,1.34208,-1.23396,0.0805615164520744,0.00023,0.00254,93005.975,0
2025-11-18 14:52:59.677008,93005.975,11.90999999998894,0.012805628885659162,0.0,0.0,0.10812000000000001,1.34208,-1.23396,0.0805615164520744,0.00023,0.00254,93004.505,0
2025-11-18 14:53:01.708327,93004.505,8.970000000001164,0.009644694093045454,-0.3544,-0.3544,0.10812000000000001,1.69648,-1.58836,0.0637319626520796,0.00023,0.00254,93004.505,0
2025-11-18 14:53:03.741471,93004.505,8.970000000001164,0.009644694093045454,0.0,0.3544,0.10812000000000001,1.69648,-1.58836,0.0637319626520796,0.00023,0.00254,93004.505,0
2025-11-18 14:53:05.769865,93004.505,8.970000000001164,0.009644694093045454,0.0,0.0,0.10812000000000001,1.69648,-1.58836,0.0637319626520796,0.00023,0.00254,93003.04000000001,0
2025-11-18 14:53:07.806933,93003.04000000001,6.039999999993597,0.006494411365471061,0.0,0.0,0.10812000000000001,1.69648,-1.58836,0.0637319626520796,0.00023,0.00254,93003.04000000001,0
2025-11-18 14:53:09.846812,93003.04000000001,6.039999999993597,0.006494411365471061,0.0,0.0,0.10812000000000001,1.69648,-1.58836,0.0637319626520796,0.00023,0.00254,93003.04000000001,0
2025-11-18 14:53:11.884528,93003.04000000001,6.039999999993597,0.006494411365471061,0.0,0.0,0.10812000000000001,1.69648,-1.58836,0.0637319626520796,0.00023,0.00254,93006.41500000001,1
2025-11-18 14:53:13.918404,93006.41500000001,12.789999999993597,0.013751739597740216,0.0,0.0,0.10812000000000001,1.69648,-1.58836,0.0637319626520796,0.00023,0.00254,93006.41500000001,0
2025-11-18 14:53:15.953481,93006.41500000001,12.789999999993597,0.013751739597740216,0.0,0.0,0.10812000000000001,1.69648,-1.58836,0.0637319626520796,0.00023,0.00254,93006.41500000001,0
2025-11-18 14:53:17.994328,93006.41500000001,12.789999999993597,0.013751739597740216,0.054900000000000004,0.054900000000000004,0.16302,1.69648,-1.53346,0.09609308686220881,0.00023,0.00254,93010.63500000001,1
2025-11-18 14:53:20.032016,93010.63500000001,21.229999999995925,0.02282534680039108,-0.054900000000000004,-0.10980000000000001,0.10812000000000001,1.69648,-1.58836,0.0637319626520796,0.00023,0.055,93010.63500000001,0
2025-11-18 14:53:22.066625,93010.63500000001,21.229999999995925,0.02282534680039108,0.0,0.054900000000000004,0.10812000000000001,1.69648,-1.58836,0.0637319626520796,0.00023,0.055,93010.63500000001,0
2025-11-18 14:53:24.098657,93010.63500000001,21.229999999995925,0.02282534680039108,0.0,0.0,0.10812000000000001,1.69648,-1.58836,0.0637319626520796,0.00023,0.055,93010.62,0
2025-11-18 14:53:26.130312,93010.62,21.24000000000524,0.022836101941912913,0.23879,0.23879,0.34453,1.6941000000000002,-1.3495700000000002,0.20337052122070715,0.10544,0.00016,93000.005,0
2025-11-18 14:53:28.165220,93000.005,0.00999999999476131,1.0752687588308528e-05,-0.13284000000000007,-0.37163000000000007,0.34453,1.82694,-1.48241,0.18858309523027575,0.10544,0.055,93000.005,0
2025-11-18 14:53:30.204213,93000.005,0.00999999999476131,1.0752687588308528e-05,-0.00023000000000000104,0.13261000000000006,0.34453,1.8271700000000002,-1.4826400000000002,0.18855935681956248,0.10544,0.05523,93000.005,0
2025-11-18 14:53:32.237304,93000.005,0.00999999999476131,1.0752687588308528e-05,0.0,0.00023000000000000104,0.34453,1.8271700000000002,-1.4826400000000002,0.18855935681956248,0.10544,0.05523,93000.005,0
2025-11-18 14:53:34.269740,93000.005,0.00999999999476131,1.0752687588308528e-05,0.0,0.0,0.34453,1.8271700000000002,-1.4826400000000002,0.18855935681956248,0.10544,0.05523,93001.34,1
2025-11-18 14:53:36.300867,93001.34,2.679999999993015,0.0028816789091350888,0.61974,0.61974,0.34402,1.20692,-0.8629,0.2850396049448182,0.10493,0.055,93001.33499999999,0
2025-11-18 14:53:38.335764,93001.33499999999,2.6699999999982538,0.0028709265302463175,-0.1328499999999999,-0.7525899999999999,0.34402,1.3397700000000001,-0.9957500000000001,0.25677541667599657,0.10493,0.00023,93000.005,0
2025-11-18 14:53:40.370327,93000.005,0.00999999999476131,1.0752687588308528e-05,-0.48717000000000005,-0.35432000000000013,0.34402,1.82694,-1.48292,0.18830393992139863,0.10493,0.055,93000.005,0
2025-11-18 14:53:42.403076,93000.005,0.00999999999476131,1.0752687588308528e-05,-0.00023000000000000104,0.48694000000000004,0.34402,1.8271700000000002,-1.4831500000000002,0.18828023665012011,0.10493,0.05523,93000.005,0
2025-11-18 14:53:44.435971,93000.005,0.00999999999476131,1.0752687588308528e-05,0.0,0.00023000000000000104,0.34402,1.8271700000000002,-1.4831500000000002,0.18828023665012011,0.10493,0.05523,93000.005,0
2025-11-18 14:53:46.470268,93000.005,0.00999999999476131,1.0752687588308528e-05,-5.551115123125783e-17,-5.551115123125783e-17,0.34402,1.82717,-1.48315,0.18828023665012014,0.10493,0.05523,93000.005,0
2025-11-18 14:53:48.502723,93000.005,0.00999999999476131,1.0752687588308528e-05,0.0,5.551115123125783e-17,0.34402,1.82717,-1.48315,0.18828023665012014,0.10493,0.05523,93000.005,0
2025-11-18 14:53:50.534870,93000.005,0.00999999999476131,1.0752687588308528e-05,0.00012000000000000899,0.00012000000000000899,0.34414,1.82717,-1.4830299999999998,0.18834591198410658,0.10493,0.05523,93000.005,0
2025-11-18 14:53:52.571480,93000.005,0.00999999999476131,1.0752687588308528e-05,0.0,-0.00012000000000000899,0.34414,1.82717,-1.4830299999999998,0.18834591198410658,0.10493,0.05523,93000.005,0
2025-11-18 14:53:54.606490,93000.005,0.00999999999476131,1.0752687588308528e-05,0.0,0.0,0.34414,1.82717,-1.4830299999999998,0.18834591198410658,0.10493,0.05523,93000.005,0
2025-11-18 14:53:56.638070,93000.005,0.00999999999476131,1.0752687588308528e-05,0.0,0.0,0.34414,1.82717,-1.4830299999999998,0.18834591198410658,0.10493,0.05523,93000.005,0
2025-11-18 14:53:58.668805,93000.005,0.00999999999476131,1.0752687588308528e-05,0.00023000000000000104,0.00023000000000000104,0.34414,1.82694,-1.4828000000000001,0.18836962352348735,0.10493,0.055,93000.005,0
2025-11-18 14:54:00.704153,93000.005,0.00999999999476131,1.0752687588308528e-05,-0.00023000000000000104,-0.0004600000000000021,0.34414,1.82717,-1.4830299999999998,0.18834591198410658,0.10493,0.05523,93000.005,0
2025-11-18 14:54:02.737022,93000.005,0.00999999999476131,1.0752687588308528e-05,0.0,0.00023000000000000104,0.34414,1.82717,-1.4830299999999998,0.18834591198410658,0.10493,0.05523,93000.005,0
2025-11-18 14:54:04.768713,93000.005,0.00999999999476131,1.0752687588308528e-05,0.0,0.0,0.34414,1.82717,-1.4830299999999998,0.18834591198410658,0.10493,0.05523,93000.005,0
2025-11-18 14:54:06.805847,93000.005,0.00999999999476131,1.0752687588308528e-05,0.0,0.0,0.34414,1.82717,-1.4830299999999998,0.18834591198410658,0.10493,0.05523,93000.005,0
2025-11-18 14:54:08.838425,93000.005,0.00999999999476131,1.0752687588308528e-05,0.0,0.0,0.34414,1.82717,-1.4830299999999998,0.18834591198410658,0.10493,0.05523,93000.005,0
2025-11-18 14:54:10.875288,93000.005,0.00999999999476131,1.0752687588308528e-05,0.0,0.0,0.34414,1.82717,-1.4830299999999998,0.18834591198410658,0.10493,0.05523,93000.005,0
2025-11-18 14:54:12.906748,93000.005,0.00999999999476131,1.0752687588308528e-05,0.0,0.0,0.34414,1.82717,-1.4830299999999998,0.18834591198410658,0.10493,0.05523,93000.005,0
2025-11-18 14:54:14.943799,93000.005,0.00999999999476131,1.0752687588308528e-05,0.0,0.0,0.34414,1.82717,-1.4830299999999998,0.18834591198410658,0.10493,0.05523,93000.005,0
2025-11-18 14:54:16.980272,93000.005,0.00999999999476131,1.0752687588308528e-05,0.0,0.0,0.34414,1.82717,-1.4830299999999998,0.18834591198410658,0.10493,0.05523,93000.005,0
2025-11-18 14:54:19.172157,93000.005,0.00999999999476131,1.0752687588308528e-05,0.0,0.0,0.34414,1.82717,-1.4830299999999998,0.18834591198410658,0.10493,0.05523,93000.005,0
2025-11-18 14:54:21.402694,93000.005,0.00999999999476131,1.0752687588308528e-05,0.0,0.0,0.34414,1.82717,-1.4830299999999998,0.18834591198410658,0.10493,0.05523,93000.005,0
2025-11-18 14:54:23.443150,93000.005,0.00999999999476131,1.0752687588308528e-05,0.0,0.0,0.34414,1.82717,-1.4830299999999998,0.18834591198410658,0.10493,0.05523,93000.005,0
2025-11-18 14:54:25.478377,93000.005,0.00999999999476131,1.0752687588308528e-05,0.0,0.0,0.34414,1.82717,-1.4830299999999998,0.18834591198410658,0.10493,0.05523,93000.005,0
2025-11-18 14:54:27.506429,93000.005,0.00999999999476131,1.0752687588308528e-05,0.0,0.0,0.34414,1.82717,-1.4830299999999998,0.18834591198410658,0.10493,0.05523,93000.005,0
2025-11-18 14:54:29.544006,93000.005,0.00999999999476131,1.0752687588308528e-05,0.00023000000000000104,0.00023000000000000104,0.34414,1.82694,-1.4828000000000001,0.18836962352348735,0.10493,0.055,93000.005,0
2025-11-18 14:54:31.613296,93000.005,0.00999999999476131,1.0752687588308528e-05,0.0,-0.00023000000000000104,0.34414,1.82694,-1.4828000000000001,0.18836962352348735,0.10493,0.055,93000.005,0
2025-11-18 14:54:33.648616,93000.005,0.00999999999476131,1.0752687588308528e-05,0.0,0.0,0.34414,1.82694,-1.4828000000000001,0.18836962352348735,0.10493,0.055,93000.005,0
2025-11-18 14:54:35.681191,93000.005,0.00999999999476131,1.0752687588308528e-05,0.0,0.0,0.34414,1.82694,-1.4828000000000001,0.18836962352348735,0.10493,0.055,93000.005,0
2025-11-18 14:54:37.719369,93000.005,0.00999999999476131,1.0752687588308528e-05,-0.0005599999999999911,-0.0005599999999999911,0.34358,1.82694,-1.48336,0.18806310004707325,0.10437,0.055,93000.005,0
2025-11-18 14:54:39.754929,93000.005,0.00999999999476131,1.0752687588308528e-05,0.0,0.0005599999999999911,0.34358,1.82694,-1.48336,0.18806310004707325,0.10437,0.055,93000.005,0
2025-11-18 14:54:41.789941,93000.005,0.00999999999476131,1.0752687588308528e-05,0.0,0.0,0.34358,1.82694,-1.48336,0.18806310004707325,0.10437,0.055,93000.005,0
2025-11-18 14:54:43.829055,93000.005,0.00999999999476131,1.0752687588308528e-05,0.0,0.0,0.34358,1.82694,-1.48336,0.18806310004707325,0.10437,0.055,93000.005,0
2025-11-18 14:54:45.858779,93000.005,0.00999999999476131,1.0752687588308528e-05,1.11522,1.11522,0.34368,0.71182,-0.36814,0.4828186901182883,0.10437,0.055,93000.005,0
2025-11-18 14:54:47.887894,93000.005,0.00999999999476131,1.0752687588308528e-05,0.0,-1.11522,0.34368,0.71182,-0.36814,0.4828186901182883,0.10437,0.055,92972.09,0
2025-11-18 14:54:49.922189,92972.09,55.779999999998836,0.059996500024898695,-1.24998,-1.24998,0.10483,1.72295,-1.61812,0.06084332104820222,0.0001,0.00013,92986.7,1
2025-11-18 14:54:51.961868,92986.7,85.0,0.09141092220715437,0.18386000000000002,1.43384,0.28879,1.72305,-1.43426,0.16760395809755957,0.0001,0.00023,92980.055,0
2025-11-18 14:54:53.996123,92980.055,98.2899999999936,0.10571084304047099,-0.18412999999999996,-0.36799,0.10481000000000001,1.7232,-1.61839,0.06082288765088208,0.0001,0.00038,92986.70000000001,1
2025-11-18 14:54:56.029496,92986.70000000001,111.58000000000175,0.11999565529264049,0.09561000000000003,0.27974,0.23765000000000003,1.76043,-1.52278,0.13499542725356875,0.0001,0.0001,92986.695,0
2025-11-18 14:54:58.065177,92986.695,111.56999999999243,0.1199849075182126,0.17021999999999993,0.0746099999999999,0.23765000000000003,1.5902100000000001,-1.35256,0.14944567069758083,0.0001,0.00023,92986.695,0
2025-11-18 14:55:00.098302,92986.695,111.56999999999243,0.1199849075182126,0.00012999999999999817,-0.17008999999999994,0.23778000000000002,1.5902100000000001,-1.35243,0.1495274209066727,0.0001,0.00023,92986.695,0
2025-11-18 14:55:02.135130,92986.695,111.56999999999243,0.1199849075182126,-0.00012999999999999817,-0.00025999999999999635,0.23765000000000003,1.5902100000000001,-1.35256,0.14944567069758083,0.0001,0.00023,92986.695,0
2025-11-18 14:55:04.170749,92986.695,111.56999999999243,0.1199849075182126,0.0,0.00012999999999999817,0.23765,1.5902100000000001,-1.3525600000000002,0.1494456706975808,0.0001,0.00023,92986.695,0
2025-11-18 14:55:06.209734,92986.695,111.56999999999243,0.1199849075182126,0.0,0.0,0.23765000000000003,1.5902100000000001,-1.35256,0.14944567069758083,0.0001,0.00023,92986.68,0
2025-11-18 14:55:08.245212,92986.68,111.56000000001222,0.11997417264495543,-0.2971500000000002,-0.2971500000000002,0.10481000000000001,1.75452,-1.64971,0.05973713608280328,0.0001,1.10232,92961.54,0
2025-11-18 14:55:10.277833,92961.54,61.279999999998836,0.06591973411800067,0.2933300000000001,0.5904800000000003,0.28872,1.6451,-1.3563800000000001,0.175503008935627,0.0001,0.00023,92968.44,1
2025-11-18 14:55:12.312494,92968.44,75.08000000000175,0.08075858861351416,5.999999999983796e-05,-0.29327000000000025,0.28873000000000004,1.6450500000000001,-1.3563200000000002,0.17551442205404091,0.0001,0.00023,92968.44,0
2025-11-18 14:55:14.353182,92968.44,75.08000000000175,0.08075858861351416,0.0,-5.999999999983796e-05,0.28873000000000004,1.6450500000000001,-1.3563200000000002,0.17551442205404091,0.0001,0.00023,92964.695,0
2025-11-18 14:55:16.396349,92964.695,67.59000000001106,0.07270501990030845,-5.999999999989347e-05,-5.999999999989347e-05,0.28873000000000004,1.64511,-1.3563800000000001,0.17550802074025446,0.0001,0.00023,92957.35,0
2025-11-18 14:55:18.429774,92957.35,52.90000000000873,0.05690781847805335,4.999999999988347e-05,0.00010999999999977694,0.28872,1.6450500000000001,-1.3563300000000003,0.1755083432114525,0.0001,0.00023,92942.685,0
2025-11-18 14:55:20.467241,92942.685,82.20999999999185,0.08845236179694169,0.4872700000000002,0.4872200000000003,0.28874,1.1578,-0.8690599999999999,0.2493867680082916,0.0001,0.00023,92942.685,0
2025-11-18 14:55:22.503838,92942.685,82.20999999999185,0.08845236179694169,0.0,-0.4872700000000002,0.28874,1.1578,-0.8690599999999999,0.2493867680082916,0.0001,0.00023,92938.23999999999,0
2025-11-18 14:55:24.537522,92938.23999999999,73.31999999999243,0.07889110015424484,-0.18393000000000023,-0.18393000000000023,0.10481000000000001,1.1578,-1.0529899999999999,0.09052513387458976,0.0001,1.10232,92936.4,0
2025-11-18 14:55:26.573791,92936.4,69.63999999999942,0.07493296490933522,-0.43605000000000005,-0.2521199999999998,0.28878,1.77782,-1.48904,0.16243489217131094,0.0001,0.055,92929.55,0
2025-11-18 14:55:28.608033,92929.55,55.94000000000233,0.06019613782699079,-0.05107999999999996,0.3849700000000001,0.10483,1.64495,-1.54012,0.06372838080184809,0.0001,0.00013,92929.545,0
2025-11-18 14:55:30.641051,92929.545,55.929999999993015,0.06018538022540949,0.18382000000000007,0.23490000000000003,0.28878,1.64508,-1.3563,0.17554161499744692,0.0001,0.00023,92929.545,0
2025-11-18 14:55:32.678347,92929.545,55.929999999993015,0.06018538022540949,0.0001799999999999996,-0.18364000000000008,0.28896,1.64508,-1.3561200000000002,0.17565103216864833,0.0001,0.00023,92929.545,0
2025-11-18 14:55:34.712906,92929.545,55.929999999993015,0.06018538022540949,-0.0001799999999999996,-0.0003599999999999992,0.28878,1.64508,-1.3563,0.17554161499744692,0.0001,0.00023,92937.515,1
2025-11-18 14:55:36.743217,92937.515,85.76999999998952,0.09228781294613862,0.1329299999999999,0.1331099999999999,0.42168,1.6450500000000001,-1.22337,0.25633263426643565,0.055,0.00023,92937.7,1
2025-11-18 14:55:38.774280,92937.7,90.72000000000116,0.09761377783181763,-0.1327700000000001,-0.26570000000000005,0.42168,1.77782,-1.35614,0.23718936675253963,0.055,0.055,92937.695,0
2025-11-18 14:55:40.808186,92937.695,90.68999999998778,0.09758150339320097,-0.05136000000000018,0.08140999999999993,0.23770000000000002,1.6452,-1.4075,0.14448091417456846,0.00015,0.00023,92954.0,1
2025-11-18 14:55:42.846394,92954.0,83.98000000001048,0.09034576242013305,0.00014999999999981695,0.05151,0.23770000000000002,1.6450500000000001,-1.40735,0.1444940883255828,0.00015,0.00023,92956.69,1
2025-11-18 14:55:44.875219,92956.69,78.39999999999418,0.08434035248027245,0.05102000000000001,0.05087000000000019,0.28872,1.64505,-1.3563299999999998,0.17550834321145253,0.055,0.00023,92962.63500000001,1
2025-11-18 14:55:46.917075,92962.63500000001,90.27000000000407,0.09710352982142133,-9.999999999982245e-06,-0.05102999999999999,0.28871,1.64505,-1.3563399999999999,0.17550226436886418,0.00013,0.00023,92962.63,0
2025-11-18 14:55:48.953670,92962.63,90.25999999999476,0.09709277803349019,0.4870899999999999,0.48709999999999987,0.28871,1.1579599999999999,-0.8692499999999999,0.2493264016028188,0.00013,0.00023,92962.63,0
2025-11-18 14:55:50.983636,92962.63,90.25999999999476,0.09709277803349019,0.0,-0.4870899999999999,0.28871,1.1579599999999999,-0.8692499999999999,0.2493264016028188,0.00013,0.00023,92962.63,0
2025-11-18 14:55:53.018590,92962.63,90.25999999999476,0.09709277803349019,0.0,0.0,0.28871,1.1579599999999999,-0.8692499999999999,0.2493264016028188,0.00013,0.00023,92954.94,0
2025-11-18 14:55:55.052228,92954.94,105.63999999999942,0.11364646139301408,9.999999999982245e-06,9.999999999982245e-06,0.28872,1.1579599999999999,-0.8692399999999999,0.2493350374797057,0.055,0.00023,92962.01,1
2025-11-18 14:55:57.084458,92962.01,85.94000000000233,0.09244636599402524,-0.48693999999999993,-0.4869499999999999,0.28887,1.64505,-1.35618,0.17559952585027813,0.05515,0.00023,92972.08499999999,1
2025-11-18 14:55:59.117400,92972.08499999999,77.22999999999593,0.08306794453409959,0.08364000000000002,0.57058,0.31779,1.59033,-1.27254,0.19982645111391975,0.055,0.00023,92972.08499999999,0
2025-11-18 14:56:01.154518,92972.08499999999,77.22999999999593,0.08306794453409959,1.04732,0.96368,0.31779,0.54301,-0.22521999999999998,0.58523784092374,0.055,0.00023,92972.08499999999,0
2025-11-18 14:56:03.191523,92972.08499999999,77.22999999999593,0.08306794453409959,0.0,-1.04732,0.31779,0.54301,-0.22521999999999998,0.58523784092374,0.055,0.00023,92981.61499999999,1
2025-11-18 14:56:05.229852,92981.61499999999,58.169999999998254,0.06256075461799439,-0.66602,-0.66602,0.26672,1.1579599999999999,-0.8912399999999998,0.2303361083284397,0.055,0.00023,92987.16,1
2025-11-18 14:56:07.261627,92987.16,47.080000000001746,0.050630646209650604,-0.6184000000000001,0.047619999999999885,0.13541,1.6450500000000001,-1.50964,0.08231360748913406,0.00013,0.00023,93003.28,1
2025-11-18 14:56:09.297586,93003.28,79.32000000000698,0.08528731459794427,0.4870500000000002,1.1054500000000003,0.13541,1.158,-1.0225899999999999,0.11693436960276339,0.00013,0.00023,93003.28,0
2025-11-18 14:56:11.331504,93003.28,79.32000000000698,0.08528731459794427,-3.0000000000000024e-05,-0.4870800000000002,0.13541,1.15803,-1.0226199999999999,0.11693134029342937,0.00013,0.00023,93012.765,1
2025-11-18 14:56:13.363404,93012.765,60.35000000000582,0.06488356732541584,-0.3848,-0.38477,0.23763,1.6450500000000001,-1.4074200000000001,0.1444515364274642,0.00012,0.00023,93004.475,0
2025-11-18 14:56:15.402172,93004.475,76.93000000000757,0.08271644993427205,0.51767,0.9024699999999999,0.26828,1.15803,-0.8897499999999998,0.23166930044990203,0.055,0.00023,93007.02,1
2025-11-18 14:56:17.440342,93007.02,71.83999999999651,0.07724148134194225,-0.51766,-1.03533,0.23764000000000002,1.6450500000000001,-1.40741,0.14445761527005258,0.055,0.00023,93006.92,0
2025-11-18 14:56:19.479429,93006.92,72.04000000000815,0.07745660215391302,0.51769,1.03535,0.26828,1.158,-0.8897199999999998,0.23167530224525046,0.055,0.00023,93020.275,1
2025-11-18 14:56:21.505379,93020.275,83.75,0.09003413503131442,-0.65047,-1.1681599999999999,0.23763,1.77782,-1.54019,0.13366370048711343,0.00012,0.055,93014.57,0
2025-11-18 14:56:23.537172,93014.57,95.1200000000099,0.10226354860320258,0.65051,1.30098,0.26828,1.1579599999999999,-0.8896799999999998,0.23168330512280222,0.055,0.00023,93014.57,0
2025-11-18 14:56:25.571200,93014.57,95.1200000000099,0.10226354860320258,-0.48727000000000004,-1.13778,0.26841000000000004,1.64536,-1.37695,0.16313147274760542,0.05513,0.00023,93014.33,0
2025-11-18 14:56:27.607397,93014.33,81.05999999999767,0.08714786205523135,0.02060999999999999,0.50788,0.42148,1.77782,-1.3563399999999999,0.2370768694243512,0.055,0.055,93018.61,1
2025-11-18 14:56:29.637166,93018.61,72.45999999999185,0.0778983904403558,0.61989,0.59928,0.42148,1.15793,-0.7364499999999998,0.3639943692623907,0.055,0.00023,93006.58,0
2025-11-18 14:56:31.667931,93006.58,83.94000000000233,0.09025167896723256,-0.6200700000000001,-1.2399600000000002,0.28861000000000003,1.64513,-1.35652,0.17543294450894462,0.055,0.00031,93006.575,0
2025-11-18 14:56:33.699819,93006.575,83.92999999999302,0.09024093189109804,0.6200400000000001,1.2401100000000003,0.42148,1.1579599999999999,-0.7364799999999998,0.3639849390307092,0.055,0.00023,93006.575,0
2025-11-18 14:56:35.732759,93006.575,83.92999999999302,0.09024093189109804,0.0,-0.6200400000000001,0.42148,1.1579599999999999,-0.7364799999999998,0.3639849390307092,0.055,0.00023,93006.57999999999,1
2025-11-18 14:56:37.762035,93006.57999999999,83.91999999999825,0.09023017511233965,-0.13361,-0.13361,0.28787,1.1579599999999999,-0.8700899999999998,0.2486009879443159,0.00012,0.00023,93002.23499999999,0
2025-11-18 14:56:39.797463,93002.23499999999,92.61000000000058,0.09957825207103958,0.13361,0.26722,0.42148,1.1579599999999999,-0.7364799999999998,0.3639849390307092,0.055,0.00023,93009.23999999999,1
2025-11-18 14:56:41.834972,93009.23999999999,78.59999999999127,0.0845077327800886,-0.48709,-0.6207,0.42148,1.6450500000000001,-1.22357,0.25621105741466826,0.055,0.00023,93018.26,1
2025-11-18 14:56:43.872852,93018.26,85.83999999999651,0.09228295605615125,-0.13288,0.35421,0.28859999999999997,1.6450500000000001,-1.3564500000000002,0.17543539710039205,0.00012,0.00023,93022.195,1
2025-11-18 14:56:45.911592,93022.195,80.34999999999127,0.08637723502438452,0.6199500000000002,0.7528300000000002,0.4215,1.158,-0.7364999999999999,0.3639896373056995,0.055,0.00023,93020.81,0
2025-11-18 14:56:47.939423,93020.81,77.55999999999767,0.08337919224740967,-0.6199400000000002,-1.2398900000000004,0.28861000000000003,1.6450500000000001,-1.35644,0.17544147594298046,0.00011,0.055,93013.965,0
2025-11-18 14:56:49.973891,93013.965,91.22999999999593,0.09808204606694912,0.04143000000000002,0.6613700000000002,0.33035000000000003,1.64536,-1.31501,0.2007767297126465,0.00012,0.00054,93013.955,0
2025-11-18 14:56:52.009970,93013.955,91.23000000001048,0.09808205661183902,0.67125,0.62982,0.5142,1.1579599999999999,-0.6437599999999999,0.44405678952640854,0.055,0.00023,93010.82,0
2025-11-18 14:56:54.038902,93010.82,84.93999999998778,0.0913227084762695,-0.67093,-1.34218,0.33036,1.6450500000000001,-1.3146900000000001,0.2008206437494301,0.00013,0.00023,93028.235,1
2025-11-18 14:56:56.075949,93028.235,67.86999999999534,0.07295634492043769,0.6199900000000003,1.2909200000000003,0.46323000000000003,1.15793,-0.6946999999999999,0.40005008938364156,0.055,0.00023,93045.495,1
2025-11-18 14:56:58.111040,93045.495,77.13000000000466,0.08289493220494411,-0.7125900000000001,-1.3325800000000003,0.46313000000000004,1.87042,-1.40729,0.24760748922701856,0.055,0.0001,93048.015,1
2025-11-18 14:57:00.138281,93048.015,72.07000000000698,0.07745463457765003,1.10191,1.8145,0.23766,0.54304,-0.30538,0.43764731879787866,0.00013,0.00023,93048.015,0
2025-11-18 14:57:02.177097,93048.015,72.07000000000698,0.07745463457765003,-1.10201,-2.20392,0.23766,1.64505,-1.40739,0.14446977295522934,0.00013,0.00023,93048.015,0
2025-11-18 14:57:04.214223,93048.015,72.07000000000698,0.07745463457765003,1.10197,2.2039799999999996,0.23766,0.54308,-0.30542,0.4376150843337998,0.00013,0.00023,93048.015,0
2025-11-18 14:57:06.249179,93048.015,72.07000000000698,0.07745463457765003,0.0,-1.10197,0.23766,0.54308,-0.30542,0.4376150843337998,0.00013,0.00023,93055.745,1
2025-11-18 14:57:08.285531,93055.745,56.61000000000058,0.06083450301751985,-0.5640799999999999,-0.5640799999999999,0.28853,1.15803,-0.8694999999999999,0.2491558940614665,0.055,0.00023,93067.985,1
2025-11-18 14:57:10.315044,93067.985,81.08999999999651,0.08712985458962769,-0.26154,0.3025399999999999,0.5140100000000001,1.6450500000000001,-1.13104,0.31245858788486675,0.055,0.00023,93069.51000000001,1
2025-11-18 14:57:12.348536,93069.51000000001,84.1200000000099,0.09038405810883703,0.30325,0.56479,0.33024,1.15803,-0.8277899999999999,0.2851739592238543,0.00011,0.00023,93069.51000000001,0
2025-11-18 14:57:14.399614,93069.51000000001,84.1200000000099,0.09038405810883703,0.0,-0.30325,0.33024,1.15803,-0.8277899999999999,0.2851739592238543,0.00011,0.00023,93073.20000000001,1
2025-11-18 14:57:16.441215,93073.20000000001,76.74000000000524,0.08245123193358048,-0.30335,-0.30335,0.5139100000000001,1.6450500000000001,-1.13114,0.31239779945898305,0.055,0.00023,93083.035,1
2025-11-18 14:57:18.475854,93083.035,57.070000000006985,0.061310850038363035,-0.05087999999999998,0.25247,0.46303000000000005,1.6450500000000001,-1.18202,0.2814686483693505,0.055,0.00023,93083.04000000001,1
2025-11-18 14:57:20.514344,93083.04000000001,57.060000000012224,0.06130010364939974,0.26162,0.3125,0.23763,1.15803,-0.9203999999999999,0.20520193777363283,0.0001,0.00023,93083.04000000001,0
2025-11-18 14:57:22.552832,93083.04000000001,57.060000000012224,0.06130010364939974,0.0,-0.26162,0.23763,1.15803,-0.9203999999999999,0.20520193777363283,0.0001,0.00023,93074.405,0
2025-11-18 14:57:24.588442,93074.405,74.33000000000175,0.07986083821862922,-0.48701,-0.48701,0.23764000000000002,1.6450500000000001,-1.40741,0.14445761527005258,0.00011,0.00023,93074.405,0
2025-11-18 14:57:26.616915,93074.405,74.33000000000175,0.07986083821862922,0.0,0.48701,0.23764000000000002,1.6450500000000001,-1.40741,0.14445761527005258,0.00011,0.00023,93068.01000000001,0
2025-11-18 14:57:28.645057,93068.01000000001,87.1200000000099,0.09360896402535081,0.18372,0.18372,0.42136,1.64505,-1.22369,0.2561381113036078,0.055,0.00023,93066.39,0
2025-11-18 14:57:30.677127,93066.39,83.88000000000466,0.09012920776233467,0.48705000000000004,0.30333000000000004,0.42136,1.158,-0.73664,0.3638687392055268,0.055,0.00023,93071.505,1
2025-11-18 14:57:32.711667,93071.505,80.13000000000466,0.0860950943041102,4.0000000000040004e-05,-0.48701,0.42136,1.1579599999999999,-0.7365999999999999,0.36388130850806594,0.055,0.00023,93075.695,1
2025-11-18 14:57:34.743990,93075.695,88.49000000000524,0.09507315524209112,-0.6200600000000001,-0.6201000000000001,0.28847,1.64513,-1.35666,0.17534784485116678,0.00011,0.00031,93075.685,0
2025-11-18 14:57:36.779341,93075.685,88.48999999999069,0.09507316545668258,0.6195300000000001,1.2395900000000002,0.42083000000000004,1.1579599999999999,-0.7371299999999998,0.3634236070330582,0.05447,0.00023,93062.705,0
2025-11-18 14:57:38.809592,93062.705,91.29000000000815,0.09809514993144478,-0.6192300000000002,-1.2387600000000003,0.51396,1.87032,-1.35636,0.274797895547286,0.055,0.055,93062.70000000001,0
2025-11-18 14:57:40.844218,93062.70000000001,91.25999999999476,0.09806291887082016,-0.0002299999999999247,0.6190000000000002,0.28846,1.6450500000000001,-1.3565900000000002,0.17535029330415486,0.0001,0.00023,93062.71,1
2025-11-18 14:57:42.879799,93062.71,91.27999999999884,0.09808439921854717,-0.22526000000000007,-0.22503000000000015,0.28847,1.87032,-1.58185,0.15423563882116428,0.00011,0.055,93074.275,1
2025-11-18 14:57:44.918263,93074.275,91.2899999999936,0.0980829557898717,0.84511,1.07037,0.42136,1.1581,-0.73674,0.36383731974786293,0.055,0.00045,93060.14499999999,0
2025-11-18 14:57:46.955981,93060.14499999999,85.99000000000524,0.09240260693770168,-3.999999999999837e-05,-0.8451500000000001,0.42136,1.15814,-0.73678,0.36382475348403476,0.055,0.00049,93060.14,0
2025-11-18 14:57:48.987837,93060.14,85.98000000001048,0.09239186616311826,0.00011000000000000593,0.0001500000000000043,0.42147,1.15814,-0.7366699999999999,0.36391973336556893,0.05511,0.00023,93060.14,0
2025-11-18 14:57:51.018198,93060.14,85.98000000001048,0.09239186616311826,-0.00010999999999999899,-0.00022000000000000491,0.42136,1.15814,-0.73678,0.36382475348403476,0.055,0.00023,93060.14,0
2025-11-18 14:57:53.055339,93060.14,85.98000000001048,0.09239186616311826,0.0,0.00010999999999999899,0.42136,1.15814,-0.73678,0.36382475348403476,0.055,0.00023,93060.14,0
2025-11-18 14:57:55.088270,93060.14,85.98000000001048,0.09239186616311826,-0.2615200000000001,-0.2615200000000001,0.64714,1.64544,-0.9983,0.39329297938545316,0.05513,0.00023,93046.015,0
2025-11-18 14:57:57.119937,93046.015,60.70999999999185,0.0652472865173128,-0.13264000000000015,0.12887999999999994,0.5141100000000001,1.6450500000000001,-1.13094,0.31251937631075044,0.0001,0.055,93029.195,0
2025-11-18 14:57:59.156674,93029.195,77.96999999998661,0.0838123988926128,0.26138,0.39402000000000015,0.28854,1.1581,-0.8695599999999999,0.2491494689577757,0.00013,0.055,93029.17499999999,0
2025-11-18 14:58:01.195791,93029.17499999999,77.99000000000524,0.08383391554316723,-0.35412,-0.6154999999999999,0.42154,1.6452200000000001,-1.22368,0.25622105250361654,0.0001,0.0004,93030.675,1
2025-11-18 14:58:03.232830,93030.675,74.97000000000116,0.08058632273709844,0.4870400000000001,0.8411600000000001,0.42141,1.15805,-0.73664,0.36389620482708,0.055,0.00023,93041.72,1
2025-11-18 14:58:05.264147,93041.72,85.27999999999884,0.0916578068419187,-0.4870000000000001,-0.9740400000000002,0.42141,1.6450500000000001,-1.22364,0.2561685055165496,0.055,0.00023,93053.29999999999,1
2025-11-18 14:58:07.296170,93053.29999999999,91.25999999999476,0.09807282492936283,0.48695,0.9739500000000001,0.42141,1.1581,-0.7366899999999998,0.3638804939124428,0.055,0.00023,93053.29999999999,0
2025-11-18 14:58:09.325654,93053.29999999999,91.25999999999476,0.09807282492936283,0.0,-0.48695,0.42141,1.1581,-0.7366899999999998,0.3638804939124428,0.055,0.00023,93055.945,1
2025-11-18 14:58:11.359150,93055.945,85.96999999998661,0.0923852850024645,-0.09118000000000001,-0.09118000000000001,0.33023,1.1581,-0.8278699999999999,0.28514808738450914,0.055,0.00023,93055.945,0
2025-11-18 14:58:13.392520,93055.945,85.96999999998661,0.0923852850024645,0.18377999999999997,0.27496,0.5140100000000001,1.1581,-0.6440899999999998,0.4438390467144462,0.055,0.00023,93055.945,0
2025-11-18 14:58:15.427794,93055.945,85.96999999998661,0.0923852850024645,0.0,-0.18377999999999997,0.5140100000000001,1.1581,-0.6440899999999998,0.4438390467144462,0.055,0.00023,93055.95,1
2025-11-18 14:58:17.467109,93055.95,85.95999999999185,0.09237453381540014,0.38936999999999994,0.38936999999999994,0.28846,0.54318,-0.25472,0.5310578445450863,9e-05,0.00023,93051.66,0
2025-11-18 14:58:19.502403,93051.66,90.17999999999302,0.09691390782280833,-0.9689600000000002,-1.35833,0.42137,1.6450500000000001,-1.22368,0.25614419014619616,0.055,0.00023,93055.15,1
2025-11-18 14:58:21.538357,93055.15,83.18000000000757,0.0893878522575135,-0.13319999999999993,0.8357600000000003,0.28847,1.64535,-1.35688,0.1753243990640289,0.055,0.00023,93049.91500000001,0
2025-11-18 14:58:23.566225,93049.91500000001,83.2899999999936,0.08951109735027012,-0.09217000000000009,0.041029999999999844,0.42137,1.87042,-1.44905,0.2252809529410507,0.055,0.055,93059.62,1
2025-11-18 14:58:25.598168,93059.62,89.31999999999243,0.09598147939997223,1.19444,1.28661,0.28848,0.54309,-0.25460999999999995,0.5311826769043806,0.055,0.00023,93062.015,1
2025-11-18 14:58:27.628752,93062.015,84.52999999999884,0.0908319038653943,0.13289,-1.06155,0.42137,0.54309,-0.12171999999999994,0.775875085160839,0.055,0.00023,93065.76,1
2025-11-18 14:58:29.665576,93065.76,92.0,0.09885483125050501,-1.1935,-1.32639,0.33023,1.6454499999999999,-1.3152199999999998,0.20069281959342433,0.0001,0.00063,93069.5,1
2025-11-18 14:58:31.700428,93069.5,84.51999999998952,0.09081385416273809,0.18414000000000003,1.37764,0.51397,1.64505,-1.1310799999999999,0.3124342725145133,0.055,0.00023,93069.5,0
2025-11-18 14:58:33.739338,93069.5,84.51999999998952,0.09081385416273809,0.0,-0.18414000000000003,0.51397,1.64505,-1.1310799999999999,0.3124342725145133,0.055,0.00023,93069.5,0
2025-11-18 14:58:35.775281,93069.5,84.51999999998952,0.09081385416273809,0.0,0.0,0.51397,1.64505,-1.1310799999999999,0.3124342725145133,0.055,0.00023,93069.505,1
2025-11-18 14:58:37.811149,93069.505,84.50999999999476,0.09080310462594032,-0.22643000000000005,-0.22643000000000005,0.28799,1.6455,-1.35751,0.1750167122455181,9e-05,0.00068,93056.455,0
2025-11-18 14:58:39.850847,93056.455,89.98999999999069,0.09670473692554771,0.0010599999999999499,0.22749,0.42137,1.77782,-1.35645,0.23701499589384753,0.055,0.055,93044.7,0
2025-11-18 14:58:41.883661,93044.7,89.17999999999302,0.09584640500747815,0.48678,0.48572000000000004,0.28847,1.15814,-0.8696699999999999,0.2490804220560554,0.0001,0.00023,93044.7,0
2025-11-18 14:58:43.914840,93044.7,89.17999999999302,0.09584640500747815,0.0,-0.48678,0.28847,1.15814,-0.8696699999999999,0.2490804220560554,0.0001,0.00023,93044.7,0
2025-11-18 14:58:45.952790,93044.7,89.17999999999302,0.09584640500747815,0.5659799999999999,0.5659799999999999,0.37204000000000004,0.67573,-0.30369,0.5505749337753245,0.0001,0.00023,93044.7,0
2025-11-18 14:58:47.986613,93044.7,89.17999999999302,0.09584640500747815,-1.18638,-1.75236,0.28843,1.7785,-1.49007,0.1621759910036548,0.0001,1.103,93044.305,0
2025-11-18 14:58:50.027404,93044.305,89.94999999999709,0.09667437464334555,0.1329599999999999,1.31934,0.28843,1.64554,-1.35711,0.17527984734494453,0.0001,0.00072,93044.3,0
2025-11-18 14:58:52.061225,93044.3,89.94000000000233,0.09666363226979226,0.48739999999999994,0.35444000000000003,0.28843,1.15814,-0.86971,0.24904588391731572,0.0001,0.00023,93044.3,0
2025-11-18 14:58:54.089102,93044.3,89.94000000000233,0.09666363226979226,0.0,-0.48739999999999994,0.28843,1.15814,-0.86971,0.24904588391731572,0.0001,0.00023,93034.89,0
2025-11-18 14:58:56.123486,93034.89,92.04000000000815,0.09893062699381722,0.22754000000000002,0.22754000000000002,0.51597,1.15814,-0.6421699999999999,0.44551608613811805,0.0001,0.055,93027.445,0
2025-11-18 14:58:58.152210,93027.445,77.15000000000873,0.08293251523785129,-0.45080000000000015,-0.6783400000000002,0.29037999999999997,1.38335,-1.0929700000000002,0.20991072396718108,0.0001,0.055,93023.295,0
2025-11-18 14:59:00.189190,93023.295,68.85000000000582,0.0740137188217272,-0.26168,0.18912000000000012,0.2904,1.6450500000000001,-1.3546500000000001,0.17652958876629887,0.0001,0.055,93014.23999999999,0
2025-11-18 14:59:02.228814,93014.23999999999,86.91999999999825,0.09344805698568118,0.4870000000000001,0.7486800000000001,0.2904,1.15805,-0.86765,0.2507663745088727,0.00013,0.00023,93014.23999999999,0
2025-11-18 14:59:04.261729,93014.23999999999,86.91999999999825,0.09344805698568118,0.0,-0.4870000000000001,0.2904,1.15805,-0.86765,0.2507663745088727,0.00013,0.00023,93014.23999999999,0
2025-11-18 14:59:06.297701,93014.23999999999,86.91999999999825,0.09344805698568118,0.0,0.0,0.2904,1.15805,-0.86765,0.2507663745088727,0.00013,0.00023,93017.18,1
2025-11-18 14:59:08.335228,93017.18,81.0399999999936,0.08712369048383707,-0.35413000000000006,-0.35413000000000006,0.42327000000000004,1.6450500000000001,-1.22178,0.2572991702379867,0.055,0.00023,93022.98999999999,1
2025-11-18 14:59:10.368838,93022.98999999999,92.63999999999942,0.09958828457352256,-0.13311,0.22102000000000005,0.29037999999999997,1.64527,-1.3548900000000001,0.17649382776079303,0.00011,0.00045,93022.98999999999,0
2025-11-18 14:59:12.399745,93022.98999999999,92.63999999999942,0.09958828457352256,0.00021999999999999998,0.13333,0.29037999999999997,1.6450500000000001,-1.35467,0.1765174310811221,0.00011,0.00023,93028.92,1
2025-11-18 14:59:14.436537,93028.92,80.76000000000931,0.08681171403474244,0.6198000000000001,0.6195800000000001,0.42327000000000004,1.15814,-0.7348699999999999,0.36547394960885565,0.055,0.00023,93032.075,1
2025-11-18 14:59:16.467673,93032.075,87.07000000000698,0.09359137695252631,-0.6196800000000002,-1.2394800000000004,0.51597,1.87052,-1.35455,0.275843081068366,0.0551,0.055,93061.08499999999,1
2025-11-18 14:59:18.518802,93061.08499999999,29.00999999999476,0.03117307304121241,0.5275000000000003,1.1471800000000005,0.33109,1.15814,-0.82705,0.28588080888320927,0.00087,0.00023,93061.08499999999,0
2025-11-18 14:59:20.554869,93061.08499999999,29.00999999999476,0.03117307304121241,-0.5268600000000002,-1.0543600000000004,0.29114,1.6450500000000001,-1.3539100000000002,0.17697942311783835,0.00087,0.00023,93062.685,1
2025-11-18 14:59:22.589009,93062.685,32.20999999999185,0.034611079617992806,0.3012600000000002,0.8281200000000004,0.10549,1.15814,-1.0526499999999999,0.09108570639128258,0.00087,0.00023,93062.685,0
2025-11-18 14:59:24.623572,93062.685,32.20999999999185,0.034611079617992806,0.18565,-0.11561000000000018,0.29114,1.15814,-0.867,0.2513858428169306,0.00087,0.00023,93066.38500000001,1
2025-11-18 14:59:26.661312,93066.38500000001,39.61000000000058,0.04256101706325069,-0.6729700000000001,-0.85862,0.10547000000000001,1.64544,-1.53997,0.0640983566705562,0.00087,0.00023,93062.64,0
2025-11-18 14:59:28.694808,93062.64,32.11999999999534,0.03451438729870047,0.18561,0.8585800000000001,0.29114,1.6455,-1.35436,0.17693102400486174,0.00087,0.00068,93062.63500000001,0
2025-11-18 14:59:30.728619,93062.63500000001,32.11000000000058,0.03450364370190096,-0.18554999999999996,-0.37115999999999993,0.10549,1.6454,-1.53991,0.0641120700133706,0.00087,0.00023,93062.63500000001,0
2025-11-18 14:59:32.755821,93062.63500000001,32.11000000000058,0.03450364370190096,0.0,0.18554999999999996,0.10549,1.6454,-1.53991,0.0641120700133706,0.00087,0.00023,93070.035,1
2025-11-18 14:59:34.790187,93070.035,46.91000000000349,0.0504029035768639,0.22582000000000005,0.22582000000000005,0.33096000000000003,1.64505,-1.3140899999999998,0.2011853743047324,0.00087,0.00023,93070.03,0
2025-11-18 14:59:36.821810,93070.03,46.89999999999418,0.05039216168727374,0.8758300000000001,0.6500100000000001,0.10496,0.54322,-0.43826000000000004,0.19321821729685945,0.00036,0.00023,93070.03,0
2025-11-18 14:59:38.863051,93070.03,46.89999999999418,0.05039216168727374,0.22559999999999997,-0.6502300000000001,0.33055999999999996,0.54322,-0.21266000000000007,0.6085195684989506,0.00036,0.00023,93081.275,1
2025-11-18 14:59:40.898646,93081.275,69.38999999999942,0.07454775409984385,-1.3279299999999998,-1.5535299999999999,0.10495000000000002,1.64554,-1.54059,0.06377845570451038,0.00036,0.00072,93086.215,1
2025-11-18 14:59:42.939815,93086.215,79.27000000000407,0.08515761436857656,0.13339,1.4613199999999997,0.23785,1.64505,-1.4072,0.1445852709644084,0.00036,0.00023,93084.775,0
2025-11-18 14:59:44.973779,93084.775,76.38999999999942,0.08206497786560629,-0.13316999999999993,-0.2665599999999999,0.10494,1.64531,-1.54037,0.06378129349484292,0.00036,0.00049,93079.33,0
2025-11-18 14:59:47.006592,93079.33,65.5,0.07037008109104352,-0.09199999999999989,0.04117000000000004,0.23795000000000002,1.87032,-1.6323699999999999,0.12722421831558237,0.00036,0.055,93091.785,1
2025-11-18 14:59:49.039058,93091.785,65.33000000000175,0.07017805061961348,1.32704,1.4190399999999999,0.23785,0.54318,-0.30533,0.4378843109098273,0.055,0.00023,93099.935,1
2025-11-18 14:59:51.074483,93099.935,81.63000000000466,0.08767997528677615,-1.00963,-2.33667,0.33035000000000003,1.64531,-1.3149600000000001,0.2007828311989838,0.055,0.00049,93099.93,0
2025-11-18 14:59:53.108201,93099.93,81.6200000000099,0.0876692388490624,0.4873000000000001,1.49693,0.33048,1.15814,-0.82766,0.2853541022674288,0.05513,0.00023,93103.225,1
2025-11-18 14:59:55.144145,93103.225,75.02999999999884,0.08058797103967004,-0.4870400000000002,-0.9743400000000003,0.33035000000000003,1.6450500000000001,-1.3147000000000002,0.20081456490684174,0.055,0.00023,93106.675,1
2025-11-18 14:59:57.179172,93106.675,81.91000000000349,0.08797435844422916,-0.2258600000000001,0.2611800000000001,0.10498,1.64554,-1.54056,0.0637966868019009,0.00013,0.00023,93106.675,0
2025-11-18 14:59:59.213924,93106.675,81.91000000000349,0.08797435844422916,0.48740000000000006,0.7132600000000001,0.10498,1.15814,-1.0531599999999999,0.09064534512235137,0.00013,0.00023,93106.675,0
2025-11-18 15:00:01.248295,93106.675,81.91000000000349,0.08797435844422916,0.0,-0.48740000000000006,0.10498,1.15814,-1.0531599999999999,0.09064534512235137,0.00013,0.00023,93109.93,1
2025-11-18 15:00:03.283166,93109.93,88.41999999999825,0.09496301844496957,-0.4871700000000001,-0.4871700000000001,0.10498,1.64531,-1.54033,0.06380560502276167,0.00013,0.00049,93109.925,0
2025-11-18 15:00:05.315376,93109.925,88.41000000000349,0.09495228355087118,0.4871700000000001,0.9743400000000002,0.10498,1.15814,-1.0531599999999999,0.09064534512235137,0.00013,0.00023,93112.465,1
2025-11-18 15:00:07.352098,93112.465,83.33000000000175,0.08949392543737485,0.1855,-0.3016700000000001,0.29047999999999996,1.15814,-0.86766,0.25081596352772545,0.055,0.00023,93116.66500000001,1
2025-11-18 15:00:09.389391,93116.66500000001,91.72999999999593,0.09851083047271497,-0.44704000000000005,-0.6325400000000001,0.33035,1.64505,-1.3147,0.20081456490684174,0.055,0.00023,93116.655,0
2025-11-18 15:00:11.423975,93116.655,91.69000000000233,0.09846788418248306,-0.22539000000000006,0.22164999999999999,0.10496,1.64505,-1.54009,0.06380353180754385,0.00011,0.00023,93116.655,0
2025-11-18 15:00:13.455509,93116.655,91.69000000000233,0.09846788418248306,-0.00049,0.22490000000000007,0.10496,1.64554,-1.54058,0.06378453273697388,0.00011,0.00072,93116.65,0
2025-11-18 15:00:15.492731,93116.65,91.68000000000757,0.09845715025186964,1.10232,1.10281,0.10496,0.54322,-0.43826000000000004,0.19321821729685945,0.00011,0.00023,93116.65,0
2025-11-18 15:00:17.526939,93116.65,91.68000000000757,0.09845715025186964,-1.10222,-2.2045399999999997,0.10496,1.64544,-1.54048,0.06378840917930766,0.00011,0.00023,93111.125,0
2025-11-18 15:00:19.557061,93111.125,80.63000000000466,0.08659545247681698,-1.1102230246251565e-16,1.10222,0.10496,1.64544,-1.54048,0.06378840917930766,0.00011,0.00023,93126.125,1
2025-11-18 15:00:21.591685,93126.125,72.73000000001048,0.07809838538864414,1.10222,1.10222,0.10496,0.54322,-0.43826000000000004,0.19321821729685945,0.055,0.00023,93126.125,0
2025-11-18 15:00:23.629952,93126.125,72.73000000001048,0.07809838538864414,0.0,-1.10222,0.10496,0.54322,-0.43826000000000004,0.19321821729685945,0.055,0.00023,93126.125,0
2025-11-18 15:00:25.669535,93126.125,72.73000000001048,0.07809838538864414,0.18558999999999998,0.18558999999999998,0.29055,0.54322,-0.25267000000000006,0.5348661684032251,0.055,0.00023,93131.12,1
2025-11-18 15:00:27.705527,93131.12,62.74000000000524,0.06736738482260843,0.0,-0.18558999999999998,0.29055,0.54322,-0.25267000000000006,0.5348661684032251,0.055,0.00023,93134.86,1
2025-11-18 15:00:29.744386,93134.86,55.26000000000931,0.05933331515182319,-0.18558999999999998,-0.18558999999999998,0.10496,0.54322,-0.43826000000000004,0.19321821729685945,0.055,0.00023,93151.875,1
2025-11-18 15:00:31.776364,93151.875,65.52999999999884,0.07034748361211068,-0.4816500000000001,-0.2960600000000001,0.23785,1.15776,-0.9199099999999999,0.20543981481481483,0.055,0.00023,93157.265,1
2025-11-18 15:00:33.812544,93157.265,54.75,0.05877158372994312,2.220446049250313e-16,0.4816500000000003,0.23785,1.15776,-0.9199099999999999,0.20543981481481483,0.055,0.00023,93157.26999999999,1
2025-11-18 15:00:35.845360,93157.26999999999,54.74000000000524,0.058760846040255624,-0.13339000000000012,-0.13339000000000034,0.10495000000000002,1.15825,-1.0533,0.09061083531189296,0.0001,0.00023,93157.265,0
2025-11-18 15:00:37.881342,93157.265,54.75,0.05877158372994312,1.3272499999999998,1.46064,0.32988000000000006,0.05593,0.2739500000000001,5.898086894332202,0.05473,0.00023,93152.13,0
2025-11-18 15:00:39.912242,93152.13,65.02000000000407,0.06979979953223192,-1.32677,-2.65402,0.10494,1.15776,-1.0528199999999999,0.0906405472636816,9e-05,0.00023,93160.36499999999,1
2025-11-18 15:00:41.948245,93160.36499999999,81.49000000000524,0.08747282173057742,-6.938893903907228e-18,1.32677,0.10494,1.15776,-1.0528199999999999,0.0906405472636816,9e-05,0.055,93160.36,0
2025-11-18 15:00:43.984353,93160.36,81.48000000001048,0.08746209224611248,-0.0003099999999999978,-0.00030999999999999084,0.10494,1.15807,-1.05313,0.09061628398974156,9e-05,0.00054,93160.355,0
2025-11-18 15:00:46.015360,93160.355,81.47000000000116,0.08745136276048021,1.2382,1.23851,0.24105,0.05598,0.18506999999999998,4.306002143622722,9e-05,0.00023,93166.935,1
2025-11-18 15:00:48.048391,93166.935,68.30999999999767,0.07332000349694628,0.04925000000000001,-1.18895,0.2903,0.05598,0.23432,5.185780635941407,0.055,0.00023,93171.005,1
2025-11-18 15:00:50.080304,93171.005,76.43000000000757,0.08203195833296803,-0.18547000000000002,-0.23472000000000004,0.10488,0.05603,0.04885,1.871854363733714,8e-05,0.00023,93160.66,0
2025-11-18 15:00:52.111678,93160.66,85.89999999999418,0.09220630253155589,-1.4037100000000002,-1.2182400000000002,0.2903,1.64516,-1.35486,0.176457001142746,0.055,0.055,93160.655,0
2025-11-18 15:00:54.147417,93160.655,85.86999999999534,0.0921741050446622,1.58886,2.99257,0.29003,0.05603,0.234,5.176334106728538,9e-05,0.00023,93160.655,0
2025-11-18 15:00:56.179428,93160.655,85.86999999999534,0.0921741050446622,0.0,-1.58886,0.29003,0.05603,0.234,5.176334106728538,9e-05,0.00023,93175.17499999999,1
2025-11-18 15:00:58.215879,93175.17499999999,56.830000000001746,0.06099264101194525,-0.3141,-0.3141,0.46274000000000004,0.54284,-0.08009999999999995,0.8524427087171175,0.055,0.00023,93177.98999999999,1
2025-11-18 15:01:00.247845,93177.98999999999,62.4600000000064,0.06703299781419025,0.014690000000000009,0.32879,0.42302,0.48843,-0.06540999999999997,0.8660811170485024,0.05508,0.00023,93180.685,1
2025-11-18 15:01:02.281069,93180.685,57.070000000006985,0.06124659847693434,-1.10181,-1.1165,0.42294,1.59016,-1.16722,0.2659732353976958,0.055,0.00023,93180.685,0
2025-11-18 15:01:04.320474,93180.685,57.070000000006985,0.06124659847693434,0.9163399999999999,2.01815,0.23755,0.48843,-0.25088,0.48635423704522657,0.055,0.00023,93186.97,1
2025-11-18 15:01:06.352648,93186.97,44.5,0.047753457377141886,-0.026790000000000008,-0.9431299999999999,0.26517,0.54284,-0.27767,0.48848647852037436,0.055,0.00023,93186.97,0
2025-11-18 15:01:08.385664,93186.97,44.5,0.047753457377141886,0.0,0.026790000000000008,0.26517,0.54284,-0.27767,0.48848647852037436,0.055,0.00023,93188.82,1
2025-11-18 15:01:10.421463,93188.82,40.80000000000291,0.04378207600439936,0.11896999999999999,0.11896999999999999,0.32973,0.48843,-0.15869999999999995,0.6750813832074197,0.055,0.00023,93188.82,0
2025-11-18 15:01:12.459190,93188.82,40.80000000000291,0.04378207600439936,0.0,-0.11896999999999999,0.32973,0.48843,-0.15869999999999995,0.6750813832074197,0.055,0.00023,93199.2,1
2025-11-18 15:01:14.495941,93199.2,20.04000000000815,0.021502330492115973,0.133,0.133,0.46273000000000003,0.48843,-0.025699999999999945,0.9473824294167026,0.05509,0.00023,93202.095,1
2025-11-18 15:01:16.532478,93202.095,14.25,0.015289355888405728,-0.05460000000000004,-0.18760000000000004,0.46254,0.54284,-0.08029999999999998,0.8520742760297694,0.055,0.00023,93196.005,0
2025-11-18 15:01:18.564129,93196.005,26.430000000007567,0.028359584726842704,0.48691000000000006,0.5415100000000002,0.46264000000000005,0.05603,0.40661,8.25700517579868,0.055,0.00023,93189.12,0
2025-11-18 15:01:20.599182,93189.12,40.19999999999709,0.04313808307235554,-0.68428,-1.1711900000000002,0.26517,0.54284,-0.27767,0.48848647852037436,0.055,0.00023,93186.725,0
2025-11-18 15:01:22.627812,93186.725,44.99000000000524,0.04827940889649812,0.48686,1.17114,0.26517,0.05598,0.20919000000000001,4.736870310825295,0.055,0.00023,93179.935,0
2025-11-18 15:01:24.666404,93179.935,58.570000000006985,0.06285688007832049,-1.10178,-1.58864,0.26517,1.15776,-0.8925899999999999,0.22903710613598677,0.055,0.00023,93179.935,0
2025-11-18 15:01:26.697504,93179.935,58.570000000006985,0.06285688007832049,0.054159999999999875,1.1559399999999997,0.31982,1.15825,-0.83843,0.27612346211957695,9e-05,0.00023,93177.695,0
2025-11-18 15:01:28.729088,93177.695,63.05000000000291,0.06766640879021842,0.0005100000000001015,-0.053649999999999774,0.31983999999999996,1.15776,-0.83792,0.27625760088446655,0.0001,0.00023,93173.45,0
2025-11-18 15:01:30.760317,93173.45,71.54000000000815,0.07678152950224355,0.19545,0.19493999999999992,0.51529,1.15776,-0.6424699999999999,0.4450749723604202,0.00011,0.00023,93165.35,0
2025-11-18 15:01:32.796455,93165.35,84.08000000000175,0.0902481448306712,-0.19545,-0.3909,0.31983999999999996,1.15776,-0.83792,0.27625760088446655,0.00011,0.00023,93164.59,0
2025-11-18 15:01:34.829227,93164.59,85.60000000000582,0.09188040220002666,0.13245,0.3279,0.45272999999999997,1.1582,-0.7054699999999999,0.3908910378173027,0.0001,0.00067,93142.03,0
2025-11-18 15:01:36.980908,93142.03,91.38000000000466,0.09810823320041946,-0.38983000000000007,-0.5222800000000001,0.54969,1.64499,-1.0953,0.33416008607955067,0.055,0.055,93142.01999999999,0
2025-11-18 15:01:39.031158,93142.01999999999,91.36000000000058,0.09808677114797446,0.4868000000000001,0.8766300000000002,0.54969,1.1581899999999998,-0.6084999999999998,0.47461124685932365,0.055,0.00023,93129.75,0
2025-11-18 15:01:41.060805,93129.75,91.33999999999651,0.09807821882910296,-0.7126699999999999,-1.19947,0.32437,1.64554,-1.32117,0.19712070201879017,8e-05,0.00065,93135.68,1
2025-11-18 15:01:43.089764,93135.68,79.4600000000064,0.08531639002367987,0.48773999999999995,1.2004099999999998,0.32439,1.1578199999999998,-0.8334299999999999,0.2801730838990517,0.055,0.00023,93146.475,1
2025-11-18 15:01:45.120883,93146.475,78.2899999999936,0.08405041629325596,1.0675299999999999,0.5797899999999999,0.29001,0.05591,0.23409999999999997,5.187086388839205,0.055,0.00023,93154.61,1
2025-11-18 15:01:47.159629,93154.61,62.01999999998952,0.06657748875765732,-0.96898,-2.03651,0.42294,1.1578199999999998,-0.7348799999999999,0.3652899414416749,0.055,0.00023,93150.37,0
2025-11-18 15:01:49.192301,93150.37,70.5,0.07568407940838023,0.9163699999999998,1.8853499999999999,0.23745,0.055959999999999996,0.18148999999999998,4.243209435310937,7e-05,0.00023,93153.95999999999,1
2025-11-18 15:01:51.227600,93153.95999999999,63.31999999999243,0.0679734924849061,-1.0095599999999998,-1.9259299999999997,0.32975,1.1578199999999998,-0.8280699999999999,0.284802473614206,0.055,0.00023,93153.95999999999,0
2025-11-18 15:01:53.263780,93153.95999999999,63.31999999999243,0.0679734924849061,1.23484,2.2443999999999997,0.46268,0.05591,0.40676999999999996,8.275442675728849,0.055,0.00023,93150.11,0
2025-11-18 15:01:55.301436,93150.11,85.17999999999302,0.09144379969062089,-1.1020999999999999,-2.33694,0.46277999999999997,1.15811,-0.69533,0.39959934721226825,0.055,0.00052,93155.35,1
2025-11-18 15:01:57.337736,93155.35,74.68000000000757,0.08016716162840627,-0.22504,0.8770599999999998,0.23745,1.1578199999999998,-0.9203699999999999,0.20508369176555943,0.055,0.00023,93161.25,1
2025-11-18 15:01:59.375750,93161.25,86.48000000001048,0.09282829502610847,0.18515,0.41019,0.42294,1.1581599999999999,-0.7352199999999999,0.36518270359881194,0.055,0.00057,93161.245,0
2025-11-18 15:02:01.407893,93161.245,86.47000000000116,0.09281756593098468,1.10221,0.9170599999999999,0.42300000000000004,0.056010000000000004,0.36699000000000004,7.552222817354044,0.05506,0.00023,93161.245,0
2025-11-18 15:02:03.444136,93161.245,86.47000000000116,0.09281756593098468,0.0,-1.10221,0.42300000000000004,0.056010000000000004,0.36699000000000004,7.552222817354044,0.05506,0.00023,93163.765,1
2025-11-18 15:02:05.475516,93163.765,81.42999999999302,0.08740522669945018,-5.9999999999997555e-05,-5.9999999999997555e-05,0.42294,0.056010000000000004,0.36693,7.551151580074985,0.055,0.00023,93163.76999999999,1
2025-11-18 15:02:07.503377,93163.76999999999,81.41999999999825,0.08739448822219009,-0.13298000000000001,-0.13292,0.28996,0.056010000000000004,0.23395,5.176932690590966,5e-05,0.00023,93163.76999999999,0
2025-11-18 15:02:09.531285,93163.76999999999,81.41999999999825,0.08739448822219009,0.0,0.13298000000000001,0.28996,0.056010000000000004,0.23395,5.176932690590966,5e-05,0.00023,93163.76999999999,0
2025-11-18 15:02:11.563362,93163.76999999999,81.41999999999825,0.08739448822219009,0.03977,0.03977,0.32972999999999997,0.056010000000000004,0.27371999999999996,5.886984467059452,5e-05,0.00023,93163.76999999999,0
2025-11-18 15:02:13.594978,93163.76999999999,81.41999999999825,0.08739448822219009,0.0,-0.03977,0.32972999999999997,0.056010000000000004,0.27371999999999996,5.886984467059452,5e-05,0.00023,93160.845,0
2025-11-18 15:02:15.627154,93160.845,87.26999999998952,0.0936766943236609,0.18548,0.18548,0.51521,0.056010000000000004,0.45919999999999994,9.19853597571862,0.055,0.00023,93181.485,1
2025-11-18 15:02:17.658715,93181.485,55.48999999999069,0.05955045683162345,-1.7744499999999999,-1.95993,0.32974000000000003,1.6449899999999997,-1.3152499999999998,0.20045106657183331,0.055,0.00011,93181.485,0
2025-11-18 15:02:19.693842,93181.485,55.470000000001164,0.059528993340255486,-0.03807999999999999,1.73637,0.23743,1.59076,-1.35333,0.14925570167718574,5e-05,0.00023,93174.945,0
2025-11-18 15:02:21.729201,93174.945,68.55000000000291,0.07357128034795503,1.07698,1.11506,0.26703,0.54338,-0.27635,0.49142404946814383,0.055,0.00023,93174.95,1
2025-11-18 15:02:23.765047,93174.95,68.54000000000815,0.07356054390156169,-1.07697,-2.15395,0.23744,1.59076,-1.3533199999999999,0.1492619879805879,6e-05,0.00023,93174.95,0
2025-11-18 15:02:25.797017,93174.95,68.54000000000815,0.07356054390156169,1.04738,2.1243499999999997,0.23744,0.54338,-0.30594,0.43696860392358944,6e-05,0.00023,93167.555,0
2025-11-18 15:02:27.833816,93167.555,83.33000000000175,0.08944100765551029,0.18542000000000003,-0.86196,0.42286,0.54338,-0.12051999999999996,0.778203099120321,0.055,0.00023,93166.845,0
2025-11-18 15:02:29.868674,93166.845,81.88999999999942,0.08789607504686825,-1.23524,-1.4206599999999998,0.28993,1.6456899999999999,-1.3557599999999999,0.17617534286530273,7e-05,0.0008,93166.845,0
2025-11-18 15:02:31.894762,93166.845,81.88999999999942,0.08789607504686825,0.00057,1.2358099999999999,0.28993,1.64512,-1.35519,0.1762363839719899,7e-05,0.00023,93166.845,0
2025-11-18 15:02:33.929358,93166.845,81.88999999999942,0.08789607504686825,0.0,-0.00057,0.28993,1.64512,-1.35519,0.1762363839719899,7e-05,0.00023,93166.84,0
2025-11-18 15:02:35.964120,93166.84,81.89999999999418,0.08790681319662037,0.13278,0.13278,0.42271000000000003,1.64512,-1.22241,0.2569478214355184,0.05485,0.00023,93166.83499999999,0
2025-11-18 15:02:37.999499,93166.83499999999,81.88999999999942,0.08789608448113476,0.4866999999999999,0.3539199999999999,0.42271000000000003,1.15842,-0.73571,0.36490219436819116,0.05485,0.00023,93166.83499999999,0
2025-11-18 15:02:40.037240,93166.83499999999,81.88999999999942,0.08789608448113476,-0.4866999999999999,-0.9733999999999998,0.42271000000000003,1.64512,-1.22241,0.2569478214355184,0.05485,0.00023,93151.07,0
2025-11-18 15:02:42.064845,93151.07,80.25999999999476,0.08616111441338759,0.4867799999999999,0.9734799999999998,0.42286,1.15849,-0.73563,0.36500962459753644,0.0001,0.055,93142.76000000001,0
2025-11-18 15:02:44.102320,93142.76000000001,85.86000000000058,0.09218107773486696,-0.13274,-0.6195199999999998,0.28992,1.1582899999999998,-0.8683699999999999,0.2503000112234415,6e-05,0.0007,93142.755,0
2025-11-18 15:02:46.137720,93142.755,85.84999999999127,0.09217034647514052,1.18587,1.31861,0.37364,0.05614,0.3175,6.655504096900605,6e-05,0.00023,93142.755,0
2025-11-18 15:02:48.173466,93142.755,85.84999999999127,0.09217034647514052,0.0,-1.18587,0.37364,0.05614,0.3175,6.655504096900605,6e-05,0.00023,93131.72,0
2025-11-18 15:02:50.212581,93131.72,78.58000000000175,0.08437511945446916,-0.96,-0.96,0.51532,1.1578199999999998,-0.6424999999999998,0.4450778186592044,0.0001,1.10238,93123.875,0
2025-11-18 15:02:52.242265,93123.875,62.89000000001397,0.06753370174943212,-0.09287999999999996,0.86712,0.42298,1.1583599999999998,-0.7353799999999998,0.3651541835008116,0.0001,0.00077,93120.32999999999,0
2025-11-18 15:02:54.274158,93120.32999999999,55.80000000000291,0.059922468058267106,-0.61962,-0.52674,0.28998999999999997,1.64499,-1.355,0.17628678593790842,0.0001,0.055,93108.2,0
2025-11-18 15:02:56.308389,93108.2,80.04000000000815,0.08596450151544993,0.7121299999999999,1.33175,0.51542,1.1582899999999998,-0.6428699999999998,0.4449835533415639,0.055,0.0007,93108.195,0
2025-11-18 15:02:58.340139,93108.195,80.03000000001339,0.08595376593866241,1.10221,0.39008,0.51548,0.05614,0.45934,9.182044887780549,0.05506,0.00023,93108.195,0
2025-11-18 15:03:00.379621,93108.195,80.03000000001339,0.08595376593866241,-1.77793,-2.88014,0.32711999999999997,1.64571,-1.31859,0.19877135096705978,0.055,0.00023,93108.195,0
2025-11-18 15:03:02.413322,93108.195,80.03000000001339,0.08595376593866241,0.0,1.77793,0.32711999999999997,1.64571,-1.31859,0.19877135096705978,0.055,0.00023,93111.955,1
2025-11-18 15:03:04.451199,93111.955,91.35000000000582,0.09810770271122093,0.0007200000000000539,0.0007200000000000539,0.32711999999999997,1.64499,-1.31787,0.19885835172250285,0.055,0.055,93111.95,0
2025-11-18 15:03:06.483511,93111.95,91.32000000000698,0.09807548869936349,-0.03786000000000006,-0.038580000000000114,0.29005000000000003,1.64578,-1.3557299999999999,0.17623862241611882,6e-05,0.00023,93114.34,1
2025-11-18 15:03:08.532291,93114.34,86.5399999999936,0.0929394978259993,0.03773999999999999,0.07560000000000006,0.32711999999999997,1.64511,-1.31799,0.19884384630814958,0.055,0.00023,93114.345,1
2025-11-18 15:03:10.560055,93114.345,86.54999999998836,0.092950232319186,0.18827,0.15053,0.51539,1.64511,-1.12972,0.3132860416628675,0.055,0.00023,93114.345,0
2025-11-18 15:03:12.593157,93114.345,86.54999999998836,0.092950232319186,0.0,-0.18827,0.51539,1.64511,-1.12972,0.3132860416628675,0.055,0.00023,93128.275,1
2025-11-18 15:03:14.627524,93128.275,79.06999999999243,0.08490439665074054,1.049,1.049,0.46277999999999997,0.5435,-0.08072000000000001,0.8514811407543698,0.055,0.00023,93134.32,1
2025-11-18 15:03:16.662784,93134.32,66.97999999999593,0.07191763465927052,-0.13294,-1.18194,0.32984,0.5435,-0.21365999999999996,0.6068813247470102,6e-05,0.00023,93139.255,1
2025-11-18 15:03:18.702324,93139.255,57.11000000000058,0.061316788501261446,0.13294,0.26588,0.46277999999999997,0.5435,-0.08072000000000001,0.8514811407543698,0.055,0.00023,93157.64499999999,1
2025-11-18 15:03:20.735456,93157.64499999999,81.2899999999936,0.08726068590505225,-1.2742900000000001,-1.4072300000000002,0.28998,1.64499,-1.35501,0.17628070687359804,6e-05,0.0001,93157.64,0
2025-11-18 15:03:22.776885,93157.64,81.27999999999884,0.0872499560959239,1.1021499999999997,2.3764399999999997,0.28998,0.5428400000000001,-0.2528600000000001,0.5341905533858963,6e-05,0.00023,93157.63500000001,0
2025-11-18 15:03:24.807969,93157.63500000001,81.2899999999936,0.08726069527204462,0.13228000000000004,-0.9698699999999997,0.42292,0.5435,-0.12057999999999996,0.7781416743330267,0.055,0.00023,93157.63500000001,0
2025-11-18 15:03:26.838897,93157.63500000001,81.2899999999936,0.08726069527204462,0.0,-0.13228000000000004,0.42292,0.5435,-0.12057999999999996,0.7781416743330267,0.055,0.00023,93157.64,1
2025-11-18 15:03:28.869618,93157.64,81.27999999999884,0.0872499560959239,-0.13295,-0.13295,0.28997,0.5435,-0.25353,0.5335234590616376,5e-05,0.00023,93157.64,0
2025-11-18 15:03:30.897882,93157.64,81.27999999999884,0.0872499560959239,0.03975999999999999,0.17271,0.32972999999999997,0.5435,-0.21377000000000002,0.6066789328426863,5e-05,0.00023,93164.875,1
2025-11-18 15:03:32.931440,93164.875,66.80999999999767,0.07171157584872805,-1.0000000000010001e-05,-0.03977,0.32972999999999997,0.54351,-0.21378000000000008,0.6066677706021967,0.055,0.00023,93166.065,1
2025-11-18 15:03:34.968367,93166.065,69.19000000000233,0.07426523809930399,0.1854,0.18541000000000002,0.51513,0.54351,-0.028380000000000072,0.9477838494231936,0.05491,0.00023,93166.065,0
2025-11-18 15:03:37.003280,93166.065,69.19000000000233,0.07426523809930399,0.0,-0.1854,0.51513,0.54351,-0.028380000000000072,0.9477838494231936,0.05491,0.00023,93166.065,0
2025-11-18 15:03:39.030066,93166.065,69.19000000000233,0.07426523809930399,0.0,0.0,0.51513,0.54351,-0.028380000000000072,0.9477838494231936,0.05491,0.00023,93170.35,1
2025-11-18 15:03:41.063764,93170.35,77.74000000000524,0.08343856173128601,-0.8395699999999999,-0.8395699999999999,0.28987,1.1578199999999998,-0.8679499999999998,0.2503584322260801,4e-05,0.00023,93170.35,0
2025-11-18 15:03:43.096039,93170.35,77.74000000000524,0.08343856173128601,1.10161,1.94118,0.28987,0.05621,0.23366,5.1569115815691156,4e-05,0.00023,93159.36,0
2025-11-18 15:03:45.133260,93159.36,85.9200000000128,0.0922290578209348,-1.10151,-2.20312,0.28997,1.1578199999999998,-0.8678499999999998,0.25044480143718373,5e-05,0.055,93159.35,0
2025-11-18 15:03:47.167187,93159.35,85.90000000000873,0.09220759912988737,1.10168,2.20319,0.28997,0.05614,0.23383,5.165122907018168,5e-05,0.00023,93159.355,1
2025-11-18 15:03:49.201147,93159.355,85.91000000000349,0.09221832847597915,-1.10168,-2.20336,0.28997,1.1578199999999998,-0.8678499999999998,0.25044480143718373,5e-05,0.00023,93159.35,0
2025-11-18 15:03:51.232078,93159.35,85.90000000000873,0.09220759912988737,0.03975999999999999,1.14144,0.32972999999999997,1.1578199999999998,-0.8280899999999999,0.2847851997719853,5e-05,0.00023,93159.35,0
2025-11-18 15:03:53.263558,93159.35,85.90000000000873,0.09220759912988737,1.1018599999999998,1.0620999999999998,0.32972999999999997,0.05596,0.27376999999999996,5.892244460328805,5e-05,0.00023,93159.35,0
2025-11-18 15:03:55.302721,93159.35,85.90000000000873,0.09220759912988737,0.0,-1.1018599999999998,0.32972999999999997,0.05596,0.27376999999999996,5.892244460328805,5e-05,0.00023,93168.41,1
2025-11-18 15:03:57.340446,93168.41,81.61999999999534,0.0876048008117723,-0.9163699999999998,-0.9163699999999998,0.51522,1.1578199999999998,-0.6425999999999998,0.4449914494481008,0.055,0.00023,93174.2,1
2025-11-18 15:03:59.373399,93174.2,70.04000000000815,0.07517102373833975,0.7202200000000001,1.63659,0.13358,0.05596,0.07762,2.387062187276626,0.055,0.00023,93174.2,0
2025-11-18 15:04:01.408469,93174.2,70.04000000000815,0.07517102373833975,-0.96896,-1.6891800000000001,0.26648,1.1578199999999998,-0.8913399999999998,0.230156673748942,0.055,0.00023,93174.2,0
2025-11-18 15:04:03.441247,93174.2,70.04000000000815,0.07517102373833975,0.0,0.96896,0.26648,1.1578199999999998,-0.8913399999999998,0.230156673748942,0.055,0.00023,93174.2,0
2025-11-18 15:04:05.475938,93174.2,70.04000000000815,0.07517102373833975,1.10195,1.10195,0.26657000000000003,0.05596,0.21061000000000002,4.763581129378127,0.05509,0.00023,93174.2,0
2025-11-18 15:04:07.508402,93174.2,70.04000000000815,0.07517102373833975,0.0,-1.10195,0.26657000000000003,0.05596,0.21061000000000002,4.763581129378127,0.05509,0.00023,93174.2,0
2025-11-18 15:04:09.538420,93174.2,70.04000000000815,0.07517102373833975,-1.10195,-1.10195,0.26648,1.1578199999999998,-0.8913399999999998,0.230156673748942,0.055,0.00023,93174.2,0
2025-11-18 15:04:11.576800,93174.2,70.04000000000815,0.07517102373833975,0.05212999999999998,1.15408,0.31898000000000004,1.1581899999999998,-0.8392099999999998,0.27541249708597043,0.055,0.00023,93167.67,0
2025-11-18 15:04:13.608767,93167.67,83.10000000000582,0.08919403050436468,-0.028980000000000006,-0.08110999999999999,0.29000000000000004,1.1581899999999998,-0.8681899999999998,0.2503906958271096,0.00012,0.00023,93159.455,0
2025-11-18 15:04:15.641027,93159.455,82.30999999999767,0.08835388742881511,-0.4869300000000001,-0.4579500000000001,0.29,1.64512,-1.3551199999999999,0.1762789340595215,0.0001,0.00023,93164.815,1
2025-11-18 15:04:17.677504,93164.815,83.41000000000349,0.08952950746481221,0.029109999999999914,0.51604,0.31898000000000004,1.64499,-1.32601,0.19390999337381992,0.055,0.055,93164.82,1
2025-11-18 15:04:19.710555,93164.82,83.40000000000873,0.0895187689945719,-0.028990000000000016,-0.05809999999999993,0.28998999999999997,1.64499,-1.355,0.17628678593790842,0.00011,0.055,93151.815,0
2025-11-18 15:04:21.743086,93151.815,67.02999999999884,0.07195780350602812,-0.0006399999999999878,0.028350000000000028,0.29,1.64564,-1.35564,0.17622323229868014,0.0001,0.055,93151.81,0
2025-11-18 15:04:23.772922,93151.81,67.02000000000407,0.07194707220396906,0.13523,0.13587,0.42471000000000003,1.64512,-1.2204099999999998,0.2581635382221358,0.0001,0.00023,93147.92,0
2025-11-18 15:04:25.807590,93147.92,59.23999999999069,0.0635977700843891,-0.10513,-0.24036,0.31958000000000003,1.64512,-1.32554,0.19425938533359272,0.0001,0.055,93147.91,0
2025-11-18 15:04:27.833363,93147.91,59.220000000001164,0.06357630568415455,0.0,0.10513,0.31958000000000003,1.64512,-1.32554,0.19425938533359272,0.0001,0.00023,93154.91,1
2025-11-18 15:04:29.868931,93154.91,73.22000000000116,0.07860025842975014,-0.028280000000000007,-0.028280000000000007,0.29181999999999997,1.64564,-1.35382,0.1773291849979339,0.0001,0.00075,93154.895,0
2025-11-18 15:04:31.902081,93154.895,73.19000000000233,0.07856806665930151,1.1028,1.13108,0.29181999999999997,0.5428400000000001,-0.25102000000000013,0.537580134109498,0.0001,0.00023,93154.895,0
2025-11-18 15:04:33.934880,93154.895,73.19000000000233,0.07856806665930151,0.0,-1.1028,0.29181999999999997,0.5428400000000001,-0.25102000000000013,0.537580134109498,0.0001,0.00023,93146.92,0
2025-11-18 15:04:35.971213,93146.92,89.11999999999534,0.09567680820793145,-0.000370000000000027,-0.000370000000000027,0.29181999999999997,0.5432100000000001,-0.2513900000000001,0.5372139688150069,0.00011,0.00023,93151.41,1
2025-11-18 15:04:38.008678,93151.41,80.16000000000349,0.08605344782221062,0.13302000000000003,0.13339000000000006,0.42471000000000003,0.5430800000000001,-0.11837000000000009,0.7820394785298665,0.055,0.00047,93151.41,0
2025-11-18 15:04:40.050460,93151.41,80.13999999999942,0.08603197740109293,-0.18721000000000004,-0.32023000000000007,0.23748,0.5430600000000001,-0.3055800000000001,0.4372997458844326,0.0001,8e-05,93151.41,0
2025-11-18 15:04:42.084404,93151.41,80.13999999999942,0.08603197740109293,0.0,0.18721000000000004,0.23748,0.5430600000000001,-0.3055800000000001,0.4372997458844326,0.0001,8e-05,93138.51999999999,0
2025-11-18 15:04:44.112423,93138.51999999999,79.0399999999936,0.08486284729453894,-1.0196999999999998,-1.0196999999999998,0.31969,1.64497,-1.32528,0.1943439697988413,0.0001,0.055,93138.51000000001,0
2025-11-18 15:04:46.148512,93138.51000000001,79.02000000000407,0.08484138301117773,1.05267,2.07237,0.27041,0.5430200000000001,-0.2726100000000001,0.49797429192294934,0.0001,8e-05,93129.965,0
2025-11-18 15:04:48.186542,93129.965,86.35000000000582,0.09271988881345099,-1.08059,-2.13326,0.29179,1.64499,-1.3532,0.17738101751378427,0.00011,0.055,93124.685,0
2025-11-18 15:04:50.217905,93124.685,84.11000000000058,0.09031976859841254,0.027520000000000062,1.10811,0.31967,1.6453499999999999,-1.3256799999999997,0.19428692983255844,0.0001,0.00047,93134.25,1
2025-11-18 15:04:52.249787,93134.25,88.76000000000931,0.09530328531126768,0.0002699999999999439,-0.027250000000000118,0.31955,1.64496,-1.32541,0.19426004279739326,0.055,8e-05,93134.245,0
2025-11-18 15:04:54.280874,93134.245,88.75,0.09529255323860734,0.48688,0.48661000000000004,0.31955,1.15808,-0.83853,0.2759308510638298,0.055,8e-05,93140.305,1
2025-11-18 15:04:56.317407,93140.305,86.66999999999825,0.09305316318214575,-0.5146600000000001,-1.00154,0.2918,1.64499,-1.35319,0.1773870965780947,0.00012,0.055,93140.295,0
2025-11-18 15:04:58.354604,93140.295,86.64999999999418,0.09303170018947673,0.4869100000000002,1.0015700000000003,0.2918,1.15808,-0.8662799999999999,0.2519687759049461,0.00012,8e-05,93140.295,0
2025-11-18 15:05:00.392438,93140.295,86.64999999999418,0.09303170018947673,0.0,-0.4869100000000002,0.2918,1.15808,-0.8662799999999999,0.2519687759049461,0.00012,8e-05,93140.295,0
2025-11-18 15:05:02.428017,93140.295,86.64999999999418,0.09303170018947673,0.0,0.0,0.2918,1.15808,-0.8662799999999999,0.2519687759049461,0.00012,8e-05,93140.295,0
2025-11-18 15:05:04.465002,93140.295,86.64999999999418,0.09303170018947673,0.0,0.0,0.2918,1.15808,-0.8662799999999999,0.2519687759049461,0.00012,8e-05,93132.45999999999,0
2025-11-18 15:05:06.497711,93132.45999999999,91.34000000001106,0.0980753649157459,-0.45913,-0.45913,0.31955,1.64496,-1.32541,0.19426004279739326,0.04925,8e-05,93132.45999999999,0
2025-11-18 15:05:08.530217,93132.45999999999,91.34000000001106,0.0980753649157459,0.0,0.45913,0.31955,1.64496,-1.32541,0.19426004279739326,0.04925,8e-05,93132.45999999999,0
2025-11-18 15:05:10.570670,93132.45999999999,91.34000000001106,0.0980753649157459,-0.00035000000000000493,-0.00035000000000000493,0.31967,1.64543,-1.3257599999999998,0.19427748369727063,0.04937,0.00055,93134.89499999999,1
2025-11-18 15:05:12.603991,93134.89499999999,86.44999999999709,0.09282235192297913,1.10226,1.10261,0.31955,0.54305,-0.22350000000000003,0.5884356873216094,0.055,8e-05,93134.9,1
2025-11-18 15:05:14.644345,93134.9,86.44000000000233,0.09281160982617938,-0.027760000000000007,-1.13002,0.29179,0.54305,-0.25126000000000004,0.5373170058005708,0.00011,8e-05,93121.815,0
2025-11-18 15:05:16.680001,93121.815,60.270000000004075,0.06472167665546905,-1.10228,-1.07452,0.29179,1.64533,-1.35354,0.1773443625290975,0.00011,8e-05,93125.22,1
2025-11-18 15:05:18.714047,93125.22,67.08000000000175,0.07203204459544015,0.17049999999999998,1.27278,0.46229,1.64533,-1.18304,0.2809709906219421,0.00011,0.055,93122.915,0
2025-11-18 15:05:20.749400,93122.915,62.470000000001164,0.06708338114201126,-0.18506,-0.35556,0.27723,1.64533,-1.3681,0.1684950739365355,0.00011,8e-05,93116.625,0
2025-11-18 15:05:22.784675,93116.625,49.89000000001397,0.053577972784144584,0.13308,0.31814,0.41031,1.64533,-1.23502,0.2493785441218479,0.00011,0.055,93116.62,0
2025-11-18 15:05:24.815695,93116.62,49.88000000000466,0.05356723643964381,0.48730000000000007,0.3542200000000001,0.41031,1.15803,-0.7477199999999999,0.35431724566721073,0.00011,8e-05,93122.665,1
2025-11-18 15:05:26.850409,93122.665,61.970000000001164,0.06654663502166865,0.0,-0.48730000000000007,0.41031,1.15803,-0.7477199999999999,0.35431724566721073,0.00011,8e-05,93129.515,1
2025-11-18 15:05:28.889126,93129.515,75.6700000000128,0.08125243645906757,-0.4873200000000002,-0.4873200000000002,0.41031,1.6453499999999999,-1.23504,0.2493755128088249,0.00011,0.055,93114.045,0
2025-11-18 15:05:30.926653,93114.045,106.58999999999651,0.11447252667414083,0.7126100000000002,1.1999300000000004,0.6355999999999999,1.15803,-0.52243,0.5488631555313765,0.0001,8e-05,93114.045,0
2025-11-18 15:05:32.962535,93114.045,106.58999999999651,0.11447252667414083,-0.58971,-1.3023200000000001,0.5027200000000001,1.61486,-1.11214,0.31130872026057993,0.0001,0.46593,93114.045,0
2025-11-18 15:05:34.990058,93114.045,106.57000000000698,0.11445104763734298,-0.10371999999999976,0.4859900000000002,0.40798,1.6238399999999997,-1.2158599999999997,0.25124396492265255,0.00023,0.00043,93112.76000000001,0
2025-11-18 15:05:37.025455,93112.76000000001,109.13999999999942,0.11721272143581547,1.10226,1.2059799999999998,0.40797,0.5215700000000001,-0.11360000000000009,0.7821960618900625,0.0001,0.00043,93112.895,1
2025-11-18 15:05:39.169853,93112.895,82.85000000000582,0.08897800889984767,-1.0470899999999999,-2.14935,0.46285,1.6235399999999998,-1.1606899999999998,0.285086908853493,0.055,0.055,93112.89,0
2025-11-18 15:05:41.204811,93112.89,82.83999999999651,0.08896727402618103,0.002349999999999991,1.04944,0.4652,1.6235399999999998,-1.1583399999999997,0.28653436318168946,0.055,0.00013,93103.55,0
2025-11-18 15:05:43.235743,93103.55,88.10000000000582,0.0946258225384594,-0.13317999999999997,-0.13552999999999996,0.33231,1.6238299999999999,-1.2915199999999998,0.20464580651915534,0.00011,0.00013,93103.55,0
2025-11-18 15:05:45.279326,93103.55,88.10000000000582,0.0946258225384594,0.0,0.13317999999999997,0.33231,1.6238299999999999,-1.2915199999999998,0.20464580651915534,0.00011,0.00013,93103.55,0
2025-11-18 15:05:47.310767,93103.55,88.10000000000582,0.0946258225384594,0.0,0.0,0.33231,1.6238299999999999,-1.2915199999999998,0.20464580651915534,0.00011,0.00013,93112.845,1
2025-11-18 15:05:49.347349,93112.845,91.33000000000175,0.09808528565527316,0.22568000000000005,0.22568000000000005,0.5577000000000001,1.62354,-1.06584,0.34350862929154813,0.055,0.00013,93112.84,0
2025-11-18 15:05:51.377779,93112.84,91.32000000000698,0.09807455126490287,1.1022699999999999,0.8765899999999998,0.5577,0.5212700000000001,0.03642999999999985,1.0698870067335542,0.055,0.00013,93112.84,0
2025-11-18 15:05:53.413840,93112.84,91.32000000000698,0.09807455126490287,-0.6366899999999999,-1.7389599999999996,0.55782,1.15808,-0.60026,0.4816765681127383,0.05512,0.00013,93101.56,0
2025-11-18 15:05:55.450399,93101.56,91.32000000000698,0.0980864337826423,-0.4658899999999999,0.17079999999999995,0.55782,1.62397,-1.06615,0.3434915669624439,0.05512,0.00056,93101.555,0
2025-11-18 15:05:57.484112,93101.555,91.31000000001222,0.0980756980911997,-0.0001200000000002241,0.4657699999999997,0.5577,1.62397,-1.0662699999999998,0.34341767397180983,0.055,0.00013,93105.35,1
2025-11-18 15:05:59.521907,93105.35,83.72000000000116,0.08991964478947898,-0.22494999999999984,-0.2248299999999996,0.33232,1.6235399999999998,-1.2912199999999998,0.2046885201473324,0.055,0.00013,93109.14,1
2025-11-18 15:06:01.553542,93109.14,91.29999999998836,0.09805696841361479,0.59834,0.8232899999999999,0.4652,1.1580799999999998,-0.6928799999999997,0.401699364465322,0.055,0.00013,93104.16,0
2025-11-18 15:06:03.593559,93104.16,81.32000000000698,0.08734303601472478,-0.78576,-1.3841,0.1449,1.62354,-1.47864,0.08924941793857866,0.00011,0.00013,93094.15,0
2025-11-18 15:06:05.630228,93094.15,81.74000000000524,0.08780358379125353,0.65553,1.44129,0.33493,1.15804,-0.82311,0.28922144312804393,0.0001,0.00043,93094.14499999999,0
2025-11-18 15:06:07.661190,93094.14499999999,81.72999999999593,0.08779284669298583,0.09256,-0.56297,0.42749000000000004,1.15804,-0.7305499999999999,0.369149597595938,0.0001,0.00013,93094.14499999999,0
2025-11-18 15:06:09.700748,93094.14499999999,81.72999999999593,0.08779284669298583,-0.09752000000000002,-0.19008000000000003,0.32997,1.15804,-0.82807,0.28493834409864943,0.0001,0.00013,93094.14499999999,0
2025-11-18 15:06:11.740404,93094.14499999999,81.72999999999593,0.08779284669298583,0.0,0.09752000000000002,0.32997,1.15804,-0.82807,0.28493834409864943,0.0001,0.00013,93074.04999999999,0
2025-11-18 15:06:13.774895,93074.04999999999,82.19999999999709,0.08831677572856998,-0.4711300000000002,-0.4711300000000002,0.32871000000000006,1.62791,-1.2992,0.2019214821458189,0.0001,0.055,93074.05,1
2025-11-18 15:06:15.806159,93074.05,82.17999999999302,0.08829528746196497,-0.034399999999999854,0.43673000000000034,0.29459,1.62819,-1.3336000000000001,0.18093097242950762,0.0001,0.00039,93074.04000000001,0
2025-11-18 15:06:17.843545,93074.04000000001,82.18000000000757,0.088295296948545,-9.999999999918982e-06,0.034389999999999935,0.29461000000000004,1.62822,-1.33361,0.18093992212354598,0.0001,0.00013,93074.04000000001,0
2025-11-18 15:06:19.880753,93074.04000000001,82.18000000000757,0.088295296948545,1.10228,1.1022899999999998,0.29461000000000004,0.52594,-0.23132999999999992,0.560158953492794,0.0001,0.00013,93078.48999999999,1
2025-11-18 15:06:21.921346,93078.48999999999,91.08000000000175,0.09785289812931187,0.167,-0.9352799999999999,0.46176,0.5260900000000001,-0.06433000000000005,0.8777205421125662,0.0001,0.00056,93076.14,0
2025-11-18 15:06:23.956091,93076.14,86.38000000000466,0.09280573947308586,-0.13246,-0.29946,0.32887,0.52566,-0.19679000000000002,0.6256325381425255,0.0001,0.00013,93076.08499999999,0
2025-11-18 15:06:25.987892,93076.08499999999,86.49000000000524,0.09292397719565154,-0.9697699999999998,-0.8373099999999998,0.46176,1.62832,-1.16656,0.28358062297337133,0.055,0.00052,93076.08,0
2025-11-18 15:06:28.020111,93076.08,86.48000000001048,0.09291323828851675,0.0001000000000000445,0.9698699999999998,0.46176,1.62822,-1.16646,0.28359803957696134,0.055,0.00013,93059.705,0
2025-11-18 15:06:30.054412,93059.705,53.70999999999185,0.05771563535473473,-0.16681000000000015,-0.1669100000000002,0.29466000000000003,1.6279299999999999,-1.3332699999999997,0.1810028686737145,0.00012,0.055,93048.08,0
2025-11-18 15:06:32.089585,93048.08,55.55999999999767,0.05971106550505681,-0.28313000000000016,-0.11632,0.23745,1.85385,-1.6164,0.12808479650457155,0.0001,1.10273,93044.88500000001,0
2025-11-18 15:06:34.125662,93044.88500000001,49.169999999998254,0.05284546270329449,-0.13252999999999993,0.15060000000000023,0.10457,1.8535,-1.7489299999999999,0.05641758834637173,0.0001,0.055,93044.875,0
2025-11-18 15:06:36.159325,93044.875,49.14999999999418,0.05282397337843076,0.4723299999999998,0.6048599999999997,0.33005,1.60665,-1.2766,0.20542744219338377,0.0001,0.47032,93030.97,0
2025-11-18 15:06:38.196388,93030.97,76.94000000000233,0.08270364159376424,0.16854999999999998,-0.30377999999999983,0.5202199999999999,1.62827,-1.1080500000000002,0.3194924674654694,0.055,0.00047,93042.04999999999,1
2025-11-18 15:06:40.228634,93042.04999999999,54.75999999999476,0.058855109060897484,0.8196299999999999,0.6510799999999999,0.23747000000000001,0.5258900000000001,-0.28842000000000007,0.4515583106733347,0.055,0.00019,93042.04999999999,0
2025-11-18 15:06:42.257984,93042.04999999999,54.75999999999476,0.058855109060897484,-1.00846,-1.8280899999999998,0.27639,1.57327,-1.2968799999999998,0.17567868198084247,0.055,0.00019,93046.75,1
2025-11-18 15:06:44.294663,93046.75,45.35999999998603,0.04874968765699611,-0.03892999999999999,0.9695299999999999,0.23746,1.57327,-1.33581,0.15093404183642986,0.00011,0.00019,93062.38,1
2025-11-18 15:06:46.326179,93062.38,76.61999999999534,0.08233187244942085,0.6789699999999999,0.7178999999999999,0.22718,0.88402,-0.6568400000000001,0.25698513608289403,4e-05,0.47032,93071.20999999999,1
2025-11-18 15:06:48.365464,93071.20999999999,58.939999999987776,0.06332785401628256,-0.73359,-1.4125599999999998,0.23756000000000002,1.6279899999999998,-1.3904299999999998,0.14592227224982957,0.055,0.00019,93071.20999999999,0
2025-11-18 15:06:50.406531,93071.20999999999,58.939999999987776,0.06332785401628256,0.22516000000000003,0.95875,0.46304,1.62831,-1.16527,0.2843684556380542,0.055,0.00051,93071.215,1
2025-11-18 15:06:52.445465,93071.215,58.929999999993015,0.06331710615359756,-0.22552,-0.45068,0.23755,1.62834,-1.39079,0.14588476608079395,0.00011,0.00054,93071.215,0
2025-11-18 15:06:54.482132,93071.215,58.929999999993015,0.06331710615359756,0.00035,0.22587,0.23755,1.6279899999999998,-1.39044,0.14591612970595644,0.00011,0.00019,93071.215,0
2025-11-18 15:06:56.517353,93071.215,58.929999999993015,0.06331710615359756,0.0,-0.00035,0.23755,1.6279899999999998,-1.39044,0.14591612970595644,0.00011,0.00019,93071.215,0
2025-11-18 15:06:58.558277,93071.215,58.929999999993015,0.06331710615359756,-0.00019999999999997797,-0.00019999999999997797,0.23755,1.62819,-1.39064,0.1458982059833312,0.00011,0.00039,93071.215,0
2025-11-18 15:07:00.598159,93071.215,58.929999999993015,0.06331710615359756,-0.00023,-3.0000000000022034e-05,0.23755,1.62842,-1.39087,0.1458775991451837,0.00011,0.00062,93069.85999999999,0
2025-11-18 15:07:02.639109,93069.85999999999,61.63999999999942,0.06622981919173342,0.19051999999999994,0.19074999999999995,0.42764,1.6279899999999998,-1.2003499999999998,0.2626797461900872,0.055,0.00019,93063.375,0
2025-11-18 15:07:04.670228,93063.375,74.60999999998603,0.08017117367598803,-0.19056999999999993,-0.3810899999999999,0.23754000000000003,1.6284599999999998,-1.3909199999999997,0.14586787517040642,0.0001,0.00066,93063.37,0
2025-11-18 15:07:06.703966,93063.37,74.59999999999127,0.08016043261703426,9.999999999994041e-05,0.19066999999999987,0.23754000000000003,1.6283599999999998,-1.3908199999999997,0.14587683313272254,0.0001,0.00019,93050.54000000001,0
2025-11-18 15:07:08.734822,93050.54000000001,48.919999999998254,0.05257357990614375,-0.10702999999999996,-0.10712999999999989,0.23748000000000002,1.7353299999999998,-1.4978499999999997,0.13685005157520475,4e-05,0.10753,93050.535,0
2025-11-18 15:07:10.774675,93050.535,48.91000000000349,0.052562835882677614,-0.00032999999999999,0.10669999999999996,0.23748000000000002,1.73566,-1.49818,0.13682403235656754,4e-05,0.00043,93050.51999999999,0
2025-11-18 15:07:12.810979,93050.51999999999,48.919999999998254,0.05257359120615152,0.08265999999999982,0.08298999999999981,0.26533,1.68085,-1.41552,0.157854656870036,0.055,0.00019,93050.51999999999,0
2025-11-18 15:07:14.851267,93050.51999999999,48.919999999998254,0.05257359120615152,0.0,-0.08265999999999982,0.26533,1.68085,-1.41552,0.157854656870036,0.055,0.00019,93055.45999999999,1
2025-11-18 15:07:16.890610,93055.45999999999,39.0399999999936,0.041953475916398246,1.10228,1.10228,0.26533,0.57857,-0.31324,0.4585961940646767,0.055,0.00019,93059.45499999999,1
2025-11-18 15:07:18.929759,93059.45499999999,31.05000000000291,0.03336576600411308,0.0,-1.10228,0.26533,0.57857,-0.31324,0.4585961940646767,0.055,0.00019,93061.905,1
2025-11-18 15:07:20.965696,93061.905,26.14999999999418,0.028099575223604307,0.0,0.0,0.26533,0.57857,-0.31324,0.4585961940646767,0.055,0.00019,93061.92000000001,1
2025-11-18 15:07:23.001526,93061.92000000001,26.139999999999418,0.028088825160709575,-1.2629399999999997,-1.2629399999999997,0.10458,1.6807599999999998,-1.57618,0.0622218520193246,4e-05,0.00043,93063.11,1
2025-11-18 15:07:25.031938,93063.11,23.739999999990687,0.025509570870767898,1.2351599999999998,2.4980999999999995,0.23755,0.57857,-0.34102,0.4105812606944709,0.00011,0.00019,93063.11,0
2025-11-18 15:07:27.059639,93063.11,23.739999999990687,0.025509570870767898,0.0,-1.2351599999999998,0.23755,0.57857,-0.34102,0.4105812606944709,0.00011,0.00019,93045.535,0
2025-11-18 15:07:29.098900,93045.535,58.91000000000349,0.06331308643666081,-1.1570799999999999,-1.1570799999999999,0.23756000000000002,1.73566,-1.4981,0.13687012433310672,0.00012,0.00043,93045.54000000001,1
2025-11-18 15:07:31.134758,93045.54000000001,58.90000000000873,0.06330233560900257,-0.13296000000000002,1.02412,0.1046,1.73566,-1.63106,0.060265259324983,4e-05,0.00043,93045.53,0
2025-11-18 15:07:33.175824,93045.53,58.89999999999418,0.06330234241235896,0.24500000000000016,0.3779600000000002,0.29479,1.68085,-1.38606,0.17538150340601483,0.00012,0.00019,93045.53,0
2025-11-18 15:07:35.208348,93045.53,58.89999999999418,0.06330234241235896,0.0,-0.24500000000000016,0.29479,1.68085,-1.38606,0.17538150340601483,0.00012,0.00019,93045.535,1
2025-11-18 15:07:37.241771,93045.535,58.91000000000349,0.06331308643666081,-0.05495000000000013,-0.05495000000000013,0.29465,1.73566,-1.44101,0.16976251109088186,4e-05,0.00043,93045.53,0
2025-11-18 15:07:39.273820,93045.53,58.919999999998254,0.0633238372654745,0.15426000000000004,0.20921000000000017,0.42761000000000005,1.7143599999999999,-1.2867499999999998,0.2494283581044822,0.05494,0.00017,93045.535,1
2025-11-18 15:07:41.308691,93045.535,58.91000000000349,0.06331308643666081,-0.07806000000000002,-0.23232000000000005,0.29465,1.65946,-1.3648099999999999,0.17755775975317273,4e-05,0.00017,93045.535,0
2025-11-18 15:07:43.340248,93045.535,58.91000000000349,0.06331308643666081,0.0,0.07806000000000002,0.29465,1.65946,-1.3648099999999999,0.17755775975317273,4e-05,0.00017,93045.535,0
2025-11-18 15:07:45.380583,93045.535,58.91000000000349,0.06331308643666081,0.0,0.0,0.29465,1.65946,-1.3648099999999999,0.17755775975317273,4e-05,0.00017,93045.535,0
2025-11-18 15:07:47.416283,93045.535,58.91000000000349,0.06331308643666081,-0.11216999999999994,-0.11216999999999994,0.23748000000000002,1.7144599999999999,-1.4769799999999997,0.1385159175483826,4e-05,1.10255,93032.325,0
2025-11-18 15:07:49.445211,93032.325,85.25,0.09163481617814023,0.22574000000000005,0.33791,0.46314,1.7143799999999998,-1.2512399999999997,0.2701501417422042,0.0001,0.00019,93035.095,1
2025-11-18 15:07:51.477178,93035.095,79.69000000000233,0.08565584847309751,-0.22552000000000025,-0.4512600000000003,0.23762,1.71438,-1.47676,0.13860404344427724,0.055,0.00019,93035.11,1
2025-11-18 15:07:53.513699,93035.11,79.70000000001164,0.085666583293137,-0.00012000000000000449,0.22540000000000024,0.23748000000000002,1.7143599999999999,-1.47688,0.13852399729345063,4e-05,0.00017,93035.11,0
2025-11-18 15:07:55.552504,93035.11,79.70000000001164,0.085666583293137,0.0,0.00012000000000000449,0.23748000000000002,1.7143599999999999,-1.47688,0.13852399729345063,4e-05,0.00017,93035.105,0
2025-11-18 15:07:57.591230,93035.105,79.69000000000233,0.08565583926626658,0.05493000000000003,0.05493000000000003,0.2376,1.6595499999999999,-1.4219499999999998,0.1431713416287548,0.00016,0.00019,93035.105,0
2025-11-18 15:07:59.626942,93035.105,79.69000000000233,0.08565583926626658,0.0,-0.05493000000000003,0.2376,1.6595499999999999,-1.4219499999999998,0.1431713416287548,0.00016,0.00019,93035.105,0
2025-11-18 15:08:01.659501,93035.105,79.69000000000233,0.08565583926626658,0.0,0.0,0.2376,1.6595499999999999,-1.4219499999999998,0.1431713416287548,0.00016,0.00019,93035.105,0
2025-11-18 15:08:03.689112,93035.105,79.69000000000233,0.08565583926626658,0.0,0.0,0.2376,1.6595499999999999,-1.4219499999999998,0.1431713416287548,0.00016,0.00019,93035.105,0
2025-11-18 15:08:05.722706,93035.105,79.69000000000233,0.08565583926626658,0.0,0.0,0.2376,1.6595499999999999,-1.4219499999999998,0.1431713416287548,0.00016,0.00019,93035.105,0
2025-11-18 15:08:07.750415,93035.105,79.69000000000233,0.08565583926626658,0.0,0.0,0.2376,1.6595499999999999,-1.4219499999999998,0.1431713416287548,0.00016,0.00019,93035.11,1
2025-11-18 15:08:09.786679,93035.11,79.70000000001164,0.085666583293137,0.0023899999999997534,0.0023899999999997534,0.2949,1.7144599999999999,-1.41956,0.17200751256955543,0.00016,1.10255,93035.105,0
2025-11-18 15:08:11.819204,93035.105,79.69000000000233,0.08565583926626658,-8.999999999984021e-05,-0.0024799999999995936,0.2949,1.7145499999999998,-1.4196499999999999,0.17199848356711675,0.00016,0.00019,93038.945,1
2025-11-18 15:08:13.860906,93038.945,72.00999999999476,0.07739769620130017,0.13284,0.13292999999999985,0.42774,1.7145499999999998,-1.2868099999999998,0.2494765390335657,0.055,0.00019,93037.39499999999,0
2025-11-18 15:08:15.893234,93037.39499999999,75.11000000000058,0.08073097919390433,-0.13285,-0.26569,0.29489,1.7145499999999998,-1.41966,0.17199265113295034,0.055,0.00019,93037.405,1
2025-11-18 15:08:17.922961,93037.405,75.11000000000058,0.08073097051664391,-2.000000000015878e-05,0.13282999999999984,0.29478,1.7144599999999999,-1.4196799999999998,0.17193751968549864,4e-05,1.10255,93037.405,0
2025-11-18 15:08:19.950497,93037.405,75.11000000000058,0.08073097051664391,0.00013000000000000002,0.0001500000000001588,0.29491,1.7144599999999999,-1.4195499999999999,0.1720133453098935,0.00017,1.10255,93037.405,0
2025-11-18 15:08:21.980720,93037.405,75.11000000000058,0.08073097051664391,-0.00013000000000000002,-0.00026000000000000003,0.29478,1.7144599999999999,-1.4196799999999998,0.17193751968549864,4e-05,1.10255,93015.64499999999,0
2025-11-18 15:08:24.008783,93015.64499999999,72.7100000000064,0.07816964554726939,-0.027009999999999958,-0.026879999999999956,0.2676,1.7142899999999999,-1.4466899999999998,0.15609960975097564,0.0001,1.10238,93015.645,1
2025-11-18 15:08:26.042016,93015.645,72.69000000000233,0.07814814378807171,-0.16302,-0.13601000000000005,0.10464000000000001,1.7143499999999998,-1.6097099999999998,0.06103771108583429,4e-05,0.00016,93015.645,0
2025-11-18 15:08:28.080321,93015.645,72.69000000000233,0.07814814378807171,0.0,0.16302,0.10464000000000001,1.7143499999999998,-1.6097099999999998,0.06103771108583429,4e-05,0.00016,92992.6,0
2025-11-18 15:08:30.139945,92992.6,82.97999999999593,0.08923290670440005,0.2256999999999999,0.2256999999999999,0.33028,1.7142899999999999,-1.38401,0.19266285167620417,4e-05,1.10238,92992.595,0
2025-11-18 15:08:32.177014,92992.595,82.97000000000116,0.08922215795784724,0.08649000000000001,-0.1392099999999999,0.33042,1.62794,-1.29752,0.20296816836001327,0.00018,0.00014,92992.595,0
2025-11-18 15:08:34.217302,92992.595,82.97000000000116,0.08922215795784724,0.0,-0.08649000000000001,0.33042,1.62794,-1.29752,0.20296816836001327,0.00018,0.00014,92992.595,0
2025-11-18 15:08:36.249675,92992.595,82.97000000000116,0.08922215795784724,-7.000000000000001e-05,-7.000000000000001e-05,0.33035000000000003,1.62794,-1.29759,0.20292516923228132,0.00011,0.00014,92992.485,0
2025-11-18 15:08:38.281706,92992.485,83.1700000000128,0.08943733464054951,-0.06287999999999991,-0.06280999999999991,0.2676,1.62807,-1.3604699999999998,0.16436639702224107,0.0001,0.00023,92988.655,0
2025-11-18 15:08:40.313665,92988.655,75.51000000000931,0.08120345433538029,-0.07338000000000017,-0.010500000000000259,0.25908,1.69293,-1.43385,0.1530364515957541,0.0001,1.08102,92983.36,0
2025-11-18 15:08:42.347332,92983.36,86.05999999999767,0.092554194642996,0.08623999999999998,0.15962000000000015,0.25906,1.60667,-1.34761,0.16124032937691002,0.00015,0.00023,92983.36499999999,1
2025-11-18 15:08:44.381636,92983.36499999999,86.06999999999243,0.09256494427792804,3.9999999999999996e-05,-0.08619999999999998,0.25906,1.60663,-1.34757,0.16124434375058352,0.00015,0.00019,92995.64499999999,1
2025-11-18 15:08:46.417184,92995.64499999999,76.88999999999942,0.08268129115078392,1.11412,1.11408,0.37867,0.61212,-0.23345,0.6186205319218454,0.055,0.00021,92995.645,1
2025-11-18 15:08:48.451060,92995.645,76.86999999999534,0.08265978476733543,-1.11417,-2.2282900000000003,0.25905,1.6066700000000003,-1.3476200000000003,0.1612341053234329,0.00014,0.00023,92995.65,1
2025-11-18 15:08:50.486471,92995.65,76.8799999999901,0.08267053351419137,0.22556000000000004,1.33973,0.48461,1.60667,-1.12206,0.30162385555216686,0.07081,0.00023,93018.08499999999,1
2025-11-18 15:08:52.526637,93018.08499999999,52.669999999998254,0.05662339748232643,-0.03175,-0.25731000000000004,0.48461,1.63842,-1.15381,0.2957788601213364,0.055,0.00049,93018.08499999999,0
2025-11-18 15:08:54.583731,93018.08499999999,52.65000000000873,0.056601896287166886,-0.13907000000000005,-0.10732000000000005,0.25905,1.55193,-1.29288,0.1669211884556649,0.00014,0.00023,93018.08499999999,0
2025-11-18 15:08:56.618281,93018.08499999999,52.65000000000873,0.056601896287166886,0.0,0.13907000000000005,0.25905,1.55193,-1.29288,0.1669211884556649,0.00014,0.00023,93018.08499999999,0
2025-11-18 15:08:58.657462,93018.08499999999,52.65000000000873,0.056601896287166886,0.0,0.0,0.25905,1.55193,-1.29288,0.1669211884556649,0.00014,0.00023,93027.72,1
2025-11-18 15:09:00.693577,93027.72,33.38000000000466,0.035881778033477175,1.0309500000000003,1.0309500000000003,0.29546999999999995,0.5574,-0.26193000000000005,0.530086114101184,0.055,0.00023,93027.72,0
2025-11-18 15:09:02.728843,93027.72,33.38000000000466,0.035881778033477175,0.0,-1.0309500000000003,0.29546999999999995,0.5574,-0.26193000000000005,0.530086114101184,0.055,0.00023,93021.68,0
2025-11-18 15:09:04.762680,93021.68,45.4600000000064,0.048870327863360895,-1.0309700000000002,-1.0309700000000002,0.25903,1.55193,-1.2929,0.16690830127647507,0.00012,0.00023,92995.975,0
2025-11-18 15:09:06.799618,92995.975,96.8700000000099,0.10416579857355104,1.1663000000000001,2.1972700000000005,0.4308,0.5574,-0.1266,0.7728740581270184,0.0001,0.00023,92995.975,0
2025-11-18 15:09:08.836561,92995.975,96.8700000000099,0.10416579857355104,-0.03642000000000001,-1.2027200000000002,0.39438,0.5574,-0.16302,0.707534983853606,0.0001,0.00023,93003.33499999999,1
2025-11-18 15:09:10.873934,93003.33499999999,111.59000000001106,0.11998494462592237,-1.0454900000000003,-1.0090700000000004,0.42965,1.63816,-1.20851,0.2622759681593983,0.0001,0.00023,93003.33499999999,0
2025-11-18 15:09:12.906940,93003.33499999999,111.59000000001106,0.11998494462592237,-0.00017999999999970817,1.0453100000000006,0.42975,1.63844,-1.2086899999999998,0.2622921803666903,0.0001,0.00023,93003.33499999999,0
2025-11-18 15:09:14.944329,93003.33499999999,111.59000000001106,0.11998494462592237,0.0002799999999997249,0.0004599999999994331,0.42975,1.63816,-1.20841,0.26233701225765493,0.0001,0.00023,93003.33499999999,0
2025-11-18 15:09:16.984362,93003.33499999999,111.59000000001106,0.11998494462592237,0.0,-0.0002799999999997249,0.42975,1.63816,-1.20841,0.26233701225765493,0.0001,0.00023,93003.33,0
2025-11-18 15:09:19.021087,93003.33,111.60000000000582,0.11999570337965944,1.08074,1.08074,0.42975,0.55742,-0.12767,0.7709626493487854,0.0001,0.00023,93003.33,0
2025-11-18 15:09:21.053648,93003.33,111.60000000000582,0.11999570337965944,-1.11611,-2.19685,0.39438,1.63816,-1.24378,0.2407457147043024,0.0001,0.00023,93003.33,0
2025-11-18 15:09:23.087527,93003.33,111.60000000000582,0.11999570337965944,0.0,1.11611,0.39438,1.63816,-1.24378,0.2407457147043024,0.0001,0.00023,93003.33,0
2025-11-18 15:09:25.122411,93003.33,111.60000000000582,0.11999570337965944,1.1170900000000001,1.1170900000000001,0.43073,0.55742,-0.12669000000000002,0.7727207491657996,0.0001,0.00023,93032.58499999999,1
2025-11-18 15:09:27.155639,93032.58499999999,53.09000000001106,0.05706602691950467,-1.0623,-2.17939,0.44917,1.63816,-1.18899,0.27419177613908285,0.055,0.00023,93032.58499999999,0
2025-11-18 15:09:29.183398,93032.58499999999,53.09000000001106,0.05706602691950467,0.0,1.0623,0.44917,1.63816,-1.18899,0.27419177613908285,0.055,0.00023,93040.515,1
2025-11-18 15:09:31.214794,93040.515,68.95000000001164,0.07410750037229656,-0.054769999999999985,-0.054769999999999985,0.44917,1.69293,-1.24376,0.2653210705699586,0.055,0.47032,93033.01999999999,0
2025-11-18 15:09:33.251081,93033.01999999999,83.91999999999825,0.0902045316813302,-0.13306,-0.07829000000000003,0.31629,1.6931100000000001,-1.3768200000000002,0.18681007140705566,0.00012,0.00028,93033.01999999999,0
2025-11-18 15:09:35.284542,93033.01999999999,83.91999999999825,0.0902045316813302,-2.0000000000000025e-05,0.13304000000000002,0.31622000000000006,1.69306,-1.37684,0.1867742430864825,5e-05,0.00023,93033.01999999999,0
2025-11-18 15:09:37.316292,93033.01999999999,83.91999999999825,0.0902045316813302,0.0,2.0000000000000025e-05,0.31622000000000006,1.69306,-1.37684,0.1867742430864825,5e-05,0.00023,93033.01999999999,0
2025-11-18 15:09:39.352199,93033.01999999999,83.91999999999825,0.0902045316813302,0.0,0.0,0.31622000000000006,1.69306,-1.37684,0.1867742430864825,5e-05,0.00023,93042.45,1
2025-11-18 15:09:41.384028,93042.45,65.04000000000815,0.06990357627083998,1.2685199999999999,1.2685199999999999,0.44917,0.55749,-0.10832000000000003,0.8057005506825234,0.055,0.00023,93042.45999999999,1
2025-11-18 15:09:43.425113,93042.45999999999,65.06000000001222,0.06992506432010957,-1.1143999999999998,-2.3829199999999995,0.44932000000000005,1.67204,-1.2227199999999998,0.26872562857347915,0.05515,0.44943,93051.05,1
2025-11-18 15:09:45.458067,93051.05,47.88000000000466,0.0514556257022405,-0.19019000000000008,0.9242099999999998,0.25912999999999997,1.67204,-1.41291,0.154978349800244,0.055,0.44943,93045.06,0
2025-11-18 15:09:47.492747,93045.06,59.86000000000058,0.06433442033354654,1.0000000000051634e-05,0.19020000000000015,0.25914000000000004,1.67204,-1.4129,0.15498433051840868,0.00023,0.44943,93041.065,0
2025-11-18 15:09:49.521379,93041.065,51.86999999999534,0.05574957681320108,-0.13277999999999998,-0.13279000000000002,0.12636,1.67204,-1.54568,0.07557235472835579,0.00023,1.08102,93022.17,0
2025-11-18 15:09:51.556888,93022.17,71.05999999999767,0.07639039166684423,0.0,0.13277999999999998,0.12636,1.67204,-1.54568,0.07557235472835579,0.00023,1.08102,93019.47,0
2025-11-18 15:09:53.591280,93019.47,65.66000000000349,0.07058737272960541,0.0,0.0,0.12636,1.67204,-1.54568,0.07557235472835579,0.00023,1.08102,93016.97,0
2025-11-18 15:09:55.631213,93016.97,60.66000000000349,0.065213906666712,0.19273,0.19273,0.31909,1.67204,-1.3529499999999999,0.19083873591540873,0.00023,1.08102,93016.97,0
2025-11-18 15:09:57.667651,93016.97,60.66000000000349,0.065213906666712,0.0,-0.19273,0.31909,1.67204,-1.3529499999999999,0.19083873591540873,0.00023,1.08102,93016.97,0
2025-11-18 15:09:59.696418,93016.97,60.66000000000349,0.065213906666712,-0.19273,-0.19273,0.12636,1.67204,-1.54568,0.07557235472835579,0.00023,1.08102,93016.97,0
2025-11-18 15:10:01.728946,93016.97,60.66000000000349,0.065213906666712,0.0,0.19273,0.12636,1.67204,-1.54568,0.07557235472835579,0.00023,1.08102,93016.97,0
2025-11-18 15:10:03.765747,93016.97,60.66000000000349,0.065213906666712,0.19273,0.19273,0.31909,1.67204,-1.3529499999999999,0.19083873591540873,0.00023,1.08102,93016.97,0
2025-11-18 15:10:05.803014,93016.97,60.66000000000349,0.065213906666712,0.0,-0.19273,0.31909,1.67204,-1.3529499999999999,0.19083873591540873,0.00023,1.08102,93016.97,0
2025-11-18 15:10:07.838542,93016.97,60.66000000000349,0.065213906666712,0.0,0.0,0.31909,1.67204,-1.3529499999999999,0.19083873591540873,0.00023,1.08102,93022.92,1
2025-11-18 15:10:09.873910,93022.92,72.55999999999767,0.07800228158823404,-0.19275000000000003,-0.19275000000000003,0.12634,1.67204,-1.5457,0.07556039329202652,0.00023,1.08102,93022.88500000001,0
2025-11-18 15:10:11.912858,93022.88500000001,72.49000000000524,0.07792706063675109,0.19275000000000003,0.38550000000000006,0.31909,1.67204,-1.3529499999999999,0.19083873591540873,0.00023,1.08102,93028.91500000001,1
2025-11-18 15:10:13.948453,93028.91500000001,84.55000000000291,0.09088572085356784,-0.19277,-0.38552000000000003,0.12632,1.67204,-1.54572,0.07554843185569722,0.00023,1.08102,93028.91500000001,0
2025-11-18 15:10:15.984873,93028.91500000001,84.55000000000291,0.09088572085356784,0.0,0.19277,0.12632,1.67204,-1.54572,0.07554843185569722,0.00023,1.08102,93026.17,0
2025-11-18 15:10:18.018772,93026.17,79.05999999999767,0.08498683757484338,0.0,0.0,0.12632,1.67204,-1.54572,0.07554843185569722,0.00023,1.08102,93026.17,0
2025-11-18 15:10:20.052905,93026.17,79.05999999999767,0.08498683757484338,0.0,0.0,0.12632,1.67204,-1.54572,0.07554843185569722,0.00023,1.08102,93017.945,0
2025-11-18 15:10:22.088086,93017.945,83.90999999998894,0.0902084001103109,0.0,0.0,0.12632,1.67204,-1.54572,0.07554843185569722,0.00023,1.08102,93017.945,0
2025-11-18 15:10:24.125822,93017.945,83.90999999998894,0.0902084001103109,0.0,0.0,0.12632,1.67204,-1.54572,0.07554843185569722,0.00023,1.08102,93011.645,0
2025-11-18 15:10:26.165411,93011.645,71.30999999999767,0.07666781938970939,0.0,0.0,0.12632,1.67204,-1.54572,0.07554843185569722,0.00023,1.08102,93019.38500000001,1
2025-11-18 15:10:28.202132,93019.38500000001,80.83000000000175,0.08689586584559954,0.19272,0.19272,0.31904,1.67204,-1.353,0.19080883232458554,0.055,1.08102,93028.53,1
2025-11-18 15:10:30.238963,93028.53,87.32000000000698,0.0938636781641148,-0.19272,-0.38544,0.12632,1.67204,-1.54572,0.07554843185569722,0.00023,1.08102,93028.53,0
2025-11-18 15:10:32.282029,93028.53,87.32000000000698,0.0938636781641148,0.22552000000000003,0.41824000000000006,0.35184000000000004,1.67204,-1.3201999999999998,0.21042558790459562,0.00023,1.08102,93037.26,1
2025-11-18 15:10:34.318373,93037.26,75.44000000000233,0.08108579293930446,-0.09270000000000003,-0.31822000000000006,0.25914000000000004,1.67204,-1.4129,0.15498433051840868,0.055,1.08102,93032.375,0
2025-11-18 15:10:36.357004,93032.375,85.20999999999185,0.09159177114417626,0.0001799999999999996,0.09288000000000003,0.25932,1.67204,-1.41272,0.15509198344537212,0.00023,1.08102,93038.32,1
2025-11-18 15:10:38.388538,93038.32,73.34000000001106,0.07882773463666483,-2.000000000004819e-05,-0.0002000000000000478,0.2593,1.67204,-1.4127399999999999,0.15508002200904283,0.00039,0.44943,93040.815,1
2025-11-18 15:10:40.424635,93040.815,68.35000000000582,0.07346238314873511,-0.133,-0.13297999999999996,0.1263,1.67204,-1.54574,0.07553647041936795,0.055,0.44943,93044.315,1
2025-11-18 15:10:42.461661,93044.315,61.35000000000582,0.0659363229231209,0.13276,0.26576,0.25906,1.67204,-1.41298,0.15493648477309158,0.00015,0.44943,93043.70999999999,0
2025-11-18 15:10:44.494321,93043.70999999999,62.560000000012224,0.06723721571292915,0.000659999999999869,-0.1321000000000001,0.2593,1.67162,-1.4123200000000002,0.1551189863725009,0.05516,0.44901,93043.715,1
2025-11-18 15:10:46.533977,93043.715,62.55000000000291,0.06722646446350827,0.9775600000000002,0.9769000000000003,0.38144,0.8162,-0.43476000000000004,0.4673364371477579,0.00023,0.44901,93050.955,1
2025-11-18 15:10:48.568985,93050.955,48.070000000006985,0.05165986743500589,-0.9777600000000002,-1.9553200000000004,0.2591,1.67162,-1.4125200000000002,0.15499934195570764,0.00023,0.44901,93050.95999999999,1
2025-11-18 15:10:50.601118,93050.95999999999,48.060000000012224,0.05164911785973216,-0.13285000000000002,0.8449100000000002,0.12625,1.67162,-1.5453700000000001,0.07552553810076452,0.00023,0.44901,93050.95999999999,0
2025-11-18 15:10:52.640220,93050.95999999999,48.060000000012224,0.05164911785973216,0.0,0.13285000000000002,0.12625,1.67162,-1.5453700000000001,0.07552553810076452,0.00023,0.44901,93050.95999999999,0
2025-11-18 15:10:54.678571,93050.95999999999,48.060000000012224,0.05164911785973216,0.0,0.0,0.12625,1.67162,-1.5453700000000001,0.07552553810076452,0.00023,0.44901,93043.97,0
2025-11-18 15:10:56.716079,93043.97,62.05999999999767,0.06669964748924372,0.18840999999999986,0.18840999999999986,0.31901999999999997,1.67598,-1.35696,0.19034833351233307,0.00023,0.08649,93029.91500000001,0
2025-11-18 15:10:58.751547,93029.91500000001,64.68999999998778,0.06953677212323345,-0.19276000000000001,-0.3811699999999999,0.12625999999999998,1.67598,-1.54972,0.07533502786429432,0.00023,0.055,93021.35500000001,0
2025-11-18 15:11:00.784052,93021.35500000001,81.7899999999936,0.08792604665884902,0.13284,0.3256,0.2591,1.67598,-1.41688,0.15459611689876968,0.00023,1.08102,93021.35500000001,0
2025-11-18 15:11:02.816264,93021.35500000001,81.7899999999936,0.08792604665884902,0.0,-0.13284,0.2591,1.67598,-1.41688,0.15459611689876968,0.00023,1.08102,93021.35500000001,0
2025-11-18 15:11:04.854423,93021.35500000001,81.7899999999936,0.08792604665884902,0.0,0.0,0.2591,1.67598,-1.41688,0.15459611689876968,0.00023,1.08102,93021.35500000001,0
2025-11-18 15:11:06.888040,93021.35500000001,81.7899999999936,0.08792604665884902,-0.13282,-0.13282,0.12628,1.67598,-1.5497,0.07534696118092102,0.00023,1.08102,93008.205,0
2025-11-18 15:11:08.921958,93008.205,55.48999999999069,0.05966140299126371,0.19282,0.32564,0.3191,1.67598,-1.35688,0.19039606677883983,0.00023,1.08102,92994.83499999999,0
2025-11-18 15:11:10.957340,92994.83499999999,82.22999999999593,0.08842426571324734,-0.1928,-0.38561999999999996,0.1263,1.67598,-1.54968,0.0753588944975477,0.00023,1.08102,92994.83499999999,0
2025-11-18 15:11:12.989577,92994.83499999999,82.22999999999593,0.08842426571324734,0.0,0.1928,0.1263,1.67598,-1.54968,0.0753588944975477,0.00023,1.08102,92987.715,0
2025-11-18 15:11:15.026266,92987.715,67.99000000000524,0.07311718542605897,0.42042,0.42042,0.31915,1.44841,-1.12926,0.22034506804012677,0.00023,1.08102,92987.05,0
2025-11-18 15:11:17.063454,92987.05,69.27999999999884,0.07450499827664049,-0.22757,-0.6479900000000001,0.31915,1.67598,-1.35683,0.19042590007040655,0.00023,1.08102,92984.51000000001,0
2025-11-18 15:11:19.099546,92984.51000000001,64.19999999999709,0.0690437579334419,-0.19283,0.03473999999999999,0.12632,1.67598,-1.54966,0.07537082781417438,0.00023,1.08102,92981.66,0
2025-11-18 15:11:21.135861,92981.66,58.5,0.06291563303989195,0.0,0.19283,0.12632,1.67598,-1.54966,0.07537082781417438,0.00023,1.08102,92971.965,0
2025-11-18 15:11:23.164632,92971.965,39.11000000000058,0.0420664444383859,0.19290000000000002,0.19290000000000002,0.31922,1.67598,-1.35676,0.1904676666786,0.00023,1.08102,92971.965,0
2025-11-18 15:11:25.204390,92971.965,39.11000000000058,0.0420664444383859,0.0,-0.19290000000000002,0.31922,1.67598,-1.35676,0.1904676666786,0.00023,1.08102,92971.965,0
2025-11-18 15:11:27.243260,92971.965,39.11000000000058,0.0420664444383859,0.0,0.0,0.31922,1.67598,-1.35676,0.1904676666786,0.00023,1.08102,92971.965,0
2025-11-18 15:11:29.280409,92971.965,39.11000000000058,0.0420664444383859,-0.13919,-0.13919,0.31944,1.81539,-1.4959500000000001,0.17596218994265694,0.00023,1.08102,92966.865,0
2025-11-18 15:11:31.317736,92966.865,28.910000000003492,0.031097101101562896,-0.19312,-0.053930000000000006,0.12632,1.81539,-1.68907,0.06958284445766473,0.00023,1.08102,92963.865,0
2025-11-18 15:11:33.347298,92963.865,22.910000000003492,0.024643983982382284,0.0,0.19312,0.12632,1.81539,-1.68907,0.06958284445766473,0.00023,1.08102,92947.605,0
2025-11-18 15:11:35.385003,92947.605,79.02999999999884,0.08502639739883436,0.19281,0.19281,0.31912999999999997,1.81539,-1.4962600000000001,0.1757914277372906,0.0001,1.08102,92947.6,0
2025-11-18 15:11:37.438423,92947.6,79.0,0.08499412572245006,-0.19297000000000006,-0.38578000000000007,0.12616,1.81539,-1.68923,0.06949470912586275,7e-05,1.08102,92947.6,0
2025-11-18 15:11:39.468833,92947.6,79.0,0.08499412572245006,0.19290000000000002,0.38587000000000005,0.31906,1.81539,-1.49633,0.17575286852962724,7e-05,1.08102,92947.6,0
2025-11-18 15:11:41.527776,92947.6,79.0,0.08499412572245006,0.0,-0.19290000000000002,0.31906,1.81539,-1.49633,0.17575286852962724,7e-05,1.08102,92947.6,0
2025-11-18 15:11:43.561732,92947.6,79.0,0.08499412572245006,0.0,0.0,0.31906,1.81539,-1.49633,0.17575286852962724,7e-05,1.08102,92947.60500000001,1
2025-11-18 15:11:45.598488,92947.60500000001,79.00999999999476,0.08500487989980457,-0.26355,-0.26355,0.055510000000000004,1.81539,-1.75988,0.030577451677050112,7e-05,0.45337,92956.575,1
2025-11-18 15:11:47.629385,92956.575,61.070000000006985,0.06569734308735771,0.3428399999999999,0.60639,0.25894,1.67598,-1.41704,0.15450065036575616,0.055,0.45337,92962.66500000001,1
2025-11-18 15:11:49.662295,92962.66500000001,48.88999999999942,0.0525910052169862,0.0,-0.3428399999999999,0.25894,1.67598,-1.41704,0.15450065036575616,0.055,0.45337,92962.67,1
2025-11-18 15:11:51.691922,92962.67,48.88000000000466,0.05258024538237193,0.17096,0.17096,0.4299,1.67598,-1.24608,0.25650664089070274,0.00023,0.45337,92962.675,1
2025-11-18 15:11:53.723319,92962.675,48.86999999999534,0.052569485548899425,-0.39659999999999995,-0.56756,0.2041,1.84678,-1.6426800000000001,0.11051668309165141,7e-05,0.45337,92962.675,0
2025-11-18 15:11:55.759201,92962.675,48.86999999999534,0.052569485548899425,0.0,0.39659999999999995,0.2041,1.84678,-1.6426800000000001,0.11051668309165141,7e-05,0.45337,92947.6,0
2025-11-18 15:11:57.792189,92947.6,111.5,0.11996006351966053,0.06004,0.06004,0.26424000000000003,1.84688,-1.58264,0.14307372433509488,7e-05,1.08102,92947.59,0
2025-11-18 15:11:59.831374,92947.59,111.52000000000407,0.11998159392836769,0.13293,0.07288999999999998,0.39717,1.84688,-1.44971,0.21504916399549512,0.0001,1.08102,92947.595,1
2025-11-18 15:12:01.855421,92947.595,111.51000000000931,0.11997082872344283,-0.13273000000000001,-0.26566,0.26444,1.84688,-1.58244,0.14318201507407086,7e-05,1.08102,92947.595,0
2025-11-18 15:12:03.890009,92947.595,111.51000000000931,0.11997082872344283,0.0,0.13273000000000001,0.26444,1.84688,-1.58244,0.14318201507407086,7e-05,1.08102,92947.595,0
2025-11-18 15:12:05.918177,92947.595,111.51000000000931,0.11997082872344283,0.0,0.0,0.26444,1.84688,-1.58244,0.14318201507407086,7e-05,1.08102,92947.595,0
2025-11-18 15:12:07.955784,92947.595,111.51000000000931,0.11997082872344283,0.0,0.0,0.26444,1.84688,-1.58244,0.14318201507407086,7e-05,1.08102,92947.595,0
2025-11-18 15:12:09.994594,92947.595,111.51000000000931,0.11997082872344283,0.0,0.0,0.26444,1.84688,-1.58244,0.14318201507407086,7e-05,1.08102,92947.595,0
2025-11-18 15:12:12.025611,92947.595,111.51000000000931,0.11997082872344283,-0.13836,-0.13836,0.12608,1.84688,-1.7208,0.06826648185047214,7e-05,1.08102,92933.58,0
2025-11-18 15:12:14.061918,92933.58,83.48000000001048,0.08982759514914897,-0.03909999999999998,0.09926000000000003,0.055490000000000005,1.81539,-1.7599,0.030566434760574863,7e-05,1.08102,92933.58,0
2025-11-18 15:12:16.102131,92933.58,83.48000000001048,0.08982759514914897,0.0,0.03909999999999998,0.055490000000000005,1.81539,-1.7599,0.030566434760574863,7e-05,1.08102,92940.245,1
2025-11-18 15:12:18.134980,92940.245,70.15000000000873,0.07547860455931522,0.07058999999999989,0.07058999999999989,0.12608,1.81539,-1.68931,0.06945064145996177,7e-05,0.45337,92920.76,0
2025-11-18 15:12:20.167605,92920.76,50.33999999999651,0.054175191851634136,-9.999999999990572e-05,-0.0706899999999998,0.12608,1.81549,-1.68941,0.06944681601110443,7e-05,1.08102,92918.885,0
2025-11-18 15:12:22.205415,92918.885,54.08999999999651,0.058212063134417194,0.00021999999999999797,0.0003199999999999037,0.1263,1.81549,-1.68919,0.06956799541721519,7e-05,1.08102,92938.455,1
2025-11-18 15:12:24.235573,92938.455,72.36999999999534,0.07786873582092078,-1.9999999999992246e-05,-0.00023999999999999022,0.12608,1.81529,-1.68921,0.06945446733028882,0.055,0.0001,92941.16,1
2025-11-18 15:12:26.272131,92941.16,66.9600000000064,0.07204558238783161,-0.07055,-0.07053000000000001,0.05553,1.81529,-1.75976,0.030590153639363408,7e-05,0.0001,92941.16,0
2025-11-18 15:12:28.305052,92941.16,66.9600000000064,0.07204558238783161,-0.007450000000000012,0.06309999999999999,0.12608,1.8932900000000001,-1.7672100000000002,0.0665930734330187,7e-05,0.0001,92934.815,0
2025-11-18 15:12:30.336511,92934.815,79.64999999999418,0.08570523328635687,0.00015000000000000001,0.007600000000000012,0.12623,1.8932900000000001,-1.76706,0.06667230059842918,0.00022,0.0001,92934.815,0
2025-11-18 15:12:32.376405,92934.815,79.64999999999418,0.08570523328635687,-0.00015000000000000001,-0.00030000000000000003,0.12608,1.8932900000000001,-1.7672100000000002,0.0665930734330187,7e-05,0.0001,92937.405,1
2025-11-18 15:12:34.412417,92937.405,74.47000000000116,0.08012920093906341,8.99999999999998e-05,0.00023999999999999982,0.12617,1.8932900000000001,-1.7671200000000002,0.066640609732265,0.055,0.0001,92932.155,0
2025-11-18 15:12:36.449070,92932.155,84.95000000001164,0.09141077165380664,0.26580000000000004,0.26571000000000006,0.2592,1.76052,-1.5013200000000002,0.1472292277281712,0.05519,0.00023,92932.495,1
2025-11-18 15:12:38.476529,92932.495,85.63000000000466,0.09214215113885048,-0.00024999999999995165,-0.26605,0.25901,1.76058,-1.50157,0.14711629122221087,0.055,0.00029,92932.48999999999,0
2025-11-18 15:12:40.516113,92932.48999999999,85.6200000000099,0.09213139559696495,0.00026999999999995083,0.0005199999999999025,0.25922,1.76052,-1.5013,0.1472405880080885,0.05521,0.00023,92926.95000000001,0
2025-11-18 15:12:42.552921,92926.95000000001,96.69999999999709,0.10406023225770036,0.25354,0.25327000000000005,0.31922,1.56698,-1.24776,0.20371670346781706,0.055,0.00029,92926.95,0
2025-11-18 15:12:44.590031,92926.95,96.67999999999302,0.10403870997594672,-0.16079999999999997,-0.41433999999999993,0.12622,1.53478,-1.40856,0.08223979984101956,0.00021,0.00023,92925.845,0
2025-11-18 15:12:46.627304,92925.845,98.88999999999942,0.10641818753437154,1.0781100000000001,1.2389100000000002,0.38145,0.7119,-0.33044999999999997,0.5358196375895491,0.0001,0.00023,92914.625,0
2025-11-18 15:12:48.665989,92914.625,87.23000000001048,0.09388188350328108,-0.93991,-2.01802,0.31936,1.58972,-1.2703600000000002,0.20089072289459778,0.055,0.055,92918.31,1
2025-11-18 15:12:50.702365,92918.31,76.04000000000815,0.08183532395284433,-0.19296000000000002,0.74695,0.12636,1.58968,-1.46332,0.07948769563685773,0.00021,1.08102,92913.205,0
2025-11-18 15:12:52.737364,92913.205,86.23000000001048,0.09280704502660356,0.19296000000000002,0.38592000000000004,0.31936,1.58972,-1.2703600000000002,0.20089072289459778,0.0001,0.00023,92909.45,0
2025-11-18 15:12:54.770750,92909.45,78.72000000000116,0.08472765687451725,-0.19295000000000018,-0.3859100000000002,0.12636,1.5896700000000001,-1.46331,0.07948819566325085,0.0001,0.00023,92909.445,0
2025-11-18 15:12:56.805659,92909.445,78.7100000000064,0.08471689826583982,-4.999999999999449e-05,0.19290000000000018,0.12636,1.58972,-1.46336,0.07948569559419269,0.0001,0.45337,92919.755,1
2025-11-18 15:12:58.838255,92919.755,58.05000000000291,0.06247325985739298,1.30665,1.3067000000000002,0.35205,0.50876,-0.15671000000000002,0.691976570485101,0.055,0.00023,92922.98,1
2025-11-18 15:13:00.873882,92922.98,51.61999999999534,0.055551382445973366,-1.1136500000000003,-2.4203,0.31936,1.58972,-1.2703600000000002,0.20089072289459778,0.055,0.00023,92922.98,0
2025-11-18 15:13:02.912634,92922.98,51.61999999999534,0.055551382445973366,0.0,1.1136500000000003,0.31936,1.58972,-1.2703600000000002,0.20089072289459778,0.055,0.00023,92925.675,1
2025-11-18 15:13:04.949441,92925.675,46.20999999999185,0.04972791427126233,-0.1381,-0.1381,0.12632,1.53478,-1.40846,0.08230495575913159,0.055,0.00023,92946.38,1
2025-11-18 15:13:06.989365,92946.38,64.66000000000349,0.06956699120504047,0.07789000000000001,0.21599000000000002,0.25915,1.58972,-1.33057,0.16301612862642478,0.055,0.00023,92946.38,0
2025-11-18 15:13:09.025708,92946.38,64.66000000000349,0.06956699120504047,0.0,-0.07789000000000001,0.25915,1.58972,-1.33057,0.16301612862642478,0.055,0.00023,92946.38,0
2025-11-18 15:13:11.059848,92946.38,64.63999999999942,0.06954547342241776,-0.07790000000000002,-0.07790000000000002,0.12631,1.53478,-1.40847,0.0822984401673204,0.00016,0.00023,92946.38,0
2025-11-18 15:13:13.141149,92946.38,64.63999999999942,0.06954547342241776,0.13290000000000002,0.21080000000000004,0.25921,1.53478,-1.27557,0.16889065533822437,0.00016,0.00023,92946.38,0
2025-11-18 15:13:15.177972,92946.38,64.63999999999942,0.06954547342241776,-0.18779999999999997,-0.3207,0.12631,1.58968,-1.46337,0.07945624276583967,0.00016,0.00023,92939.735,0
2025-11-18 15:13:17.217929,92939.735,77.92999999999302,0.08385003464878936,0.13284,0.32064,0.25915,1.58968,-1.33053,0.16302023048663883,0.055,0.00023,92939.735,0
2025-11-18 15:13:19.253020,92939.735,77.92999999999302,0.08385003464878936,0.0,-0.13284,0.25915,1.58968,-1.33053,0.16302023048663883,0.055,0.00023,92927.715,0
2025-11-18 15:13:21.287906,92927.715,74.2100000000064,0.07985776901972291,0.0,0.0,0.25915,1.58968,-1.33053,0.16302023048663883,0.0001,1.08102,92924.41500000001,0
2025-11-18 15:13:23.333004,92924.41500000001,67.61000000000058,0.07275805825627267,0.06371000000000002,0.06371000000000002,0.3229,1.58972,-1.26682,0.20311753013109227,0.0001,0.00023,92924.41,0
2025-11-18 15:13:25.369542,92924.41,67.60000000000582,0.07274730073616374,3.999999999998449e-05,-0.06367000000000003,0.3229,1.58968,-1.26678,0.20312264103467367,0.0001,0.00023,92924.41,0
2025-11-18 15:13:27.406850,92924.41,67.60000000000582,0.07274730073616374,0.0,-3.999999999998449e-05,0.3229,1.58968,-1.26678,0.20312264103467367,0.0001,0.00023,92924.41,0
2025-11-18 15:13:29.439831,92924.41,67.60000000000582,0.07274730073616374,0.0,0.0,0.3229,1.58968,-1.26678,0.20312264103467367,0.0001,0.00023,92924.41,0
2025-11-18 15:13:31.468881,92924.41,67.60000000000582,0.07274730073616374,-0.19658,-0.19658,0.12632,1.58968,-1.46336,0.07946253334004327,0.0001,0.00023,92924.41,0
2025-11-18 15:13:33.512505,92924.41,67.60000000000582,0.07274730073616374,0.0,0.19658,0.12632,1.58968,-1.46336,0.07946253334004327,0.0001,0.00023,92912.65,0
2025-11-18 15:13:35.549810,92912.65,91.05999999999767,0.09800603039521279,0.1965399999999999,0.1965399999999999,0.3229,1.58972,-1.26682,0.20311753013109227,0.0001,0.00023,92912.65,0
2025-11-18 15:13:37.602301,92912.65,91.05999999999767,0.09800603039521279,0.0,-0.1965399999999999,0.3229,1.58972,-1.26682,0.20311753013109227,0.0001,0.00023,92897.055,0
2025-11-18 15:13:39.641319,92897.055,80.31000000001222,0.08645053387323444,0.0001699999999999896,0.0001699999999999896,0.32308000000000003,1.58973,-1.26665,0.20322947921974172,0.0001,0.00023,92887.2,0
2025-11-18 15:13:41.674299,92887.2,60.60000000000582,0.0652404206392332,-0.1966,-0.19677,0.12647,1.58972,-1.46325,0.07955489016933799,0.0001,0.055,92887.195,0
2025-11-18 15:13:43.709305,92887.195,60.59000000001106,0.06522965840448842,0.0,0.1966,0.12647,1.58972,-1.46325,0.07955489016933799,0.0001,0.00023,92887.19,0
2025-11-18 15:13:45.742439,92887.19,60.580000000001746,0.06521889616856937,0.00018000000000005512,0.00018000000000005512,0.12665,1.5897200000000002,-1.4630700000000003,0.07966811765593941,0.0001,0.00023,92922.745,1
2025-11-18 15:13:47.782536,92922.745,70.91000000000349,0.07631070304692732,-0.13311,-0.13329000000000008,0.12631,1.72249,-1.5961800000000002,0.07332988870762674,0.055,0.45337,92922.73499999999,0
2025-11-18 15:13:49.815818,92922.73499999999,70.88999999999942,0.07628918800119198,0.32049999999999995,0.45360999999999996,0.25915,1.5348300000000001,-1.2756800000000001,0.16884606112729095,0.055,0.00023,92922.73499999999,0
2025-11-18 15:13:51.851251,92922.73499999999,70.88999999999942,0.07628918800119198,-0.05474999999999995,-0.3752499999999999,0.2593,1.58973,-1.3304300000000002,0.1631094588389223,0.05515,0.00023,92910.655,0
2025-11-18 15:13:53.884583,92910.655,87.35000000000582,0.09401505134153432,-0.00014000000000021634,0.054609999999999735,0.25915,1.58972,-1.33057,0.16301612862642478,0.0001,1.08102,92910.65,0
2025-11-18 15:13:55.923036,92910.65,87.34000000001106,0.0940042933721926,-0.13294,-0.13279999999999978,0.12631,1.58982,-1.46351,0.07944924582657156,0.0001,0.00033,92910.64499999999,0
2025-11-18 15:13:57.953188,92910.64499999999,87.33000000000175,0.09399353540167733,9.999999999993348e-05,0.13303999999999994,0.12631,1.58972,-1.46341,0.07945424351458119,0.0001,0.00023,92916.29,1
2025-11-18 15:13:59.985811,92916.29,83.77999999999884,0.09016718166426882,0.13284,0.13274000000000008,0.25915,1.58972,-1.33057,0.16301612862642478,0.055,0.00023,92919.48499999999,1
2025-11-18 15:14:02.019052,92919.48499999999,77.38999999999942,0.0832871598459671,0.06372999999999987,-0.06911000000000014,0.32289,1.58973,-1.2668400000000002,0.2031099620690306,0.055,0.00023,92919.48499999999,0
2025-11-18 15:14:04.058859,92919.48499999999,77.38999999999942,0.0832871598459671,0.00012999999999999817,-0.06359999999999988,0.32302,1.58973,-1.2667100000000002,0.20319173696162238,0.05513,0.00023,92919.48499999999,0
2025-11-18 15:14:06.094431,92919.48499999999,77.38999999999942,0.0832871598459671,0.0,-0.00012999999999999817,0.32302,1.58973,-1.2667100000000002,0.20319173696162238,0.05513,0.00023,92922.135,1
2025-11-18 15:14:08.130006,92922.135,72.08999999999651,0.07758108442083957,1.0807900000000001,1.0807900000000001,0.32289,0.50881,-0.18591999999999997,0.6345983766042335,0.055,0.00023,92922.14,1
2025-11-18 15:14:10.167337,92922.14,72.0799999999872,0.07757031854839674,-0.19654,-1.27733,0.12635000000000002,0.50881,-0.38245999999999997,0.24832452192370438,0.0002,0.00023,92925.93,1
2025-11-18 15:14:12.207055,92925.93,64.5,0.0694101205121111,0.13280000000000003,0.32934,0.25915,0.50881,-0.24966,0.509325681492109,0.055,0.00023,92932.62,1
2025-11-18 15:14:14.240395,92932.62,51.11999999999534,0.055007595825873994,-0.13282,-0.26562,0.12633,0.50881,-0.38248,0.24828521452015487,0.055,0.00023,92932.62,0
2025-11-18 15:14:16.272436,92932.62,51.11999999999534,0.055007595825873994,0.13282,0.26564,0.25915,0.50881,-0.24966,0.509325681492109,0.055,0.00023,92981.29999999999,1
2025-11-18 15:14:18.305576,92981.29999999999,14.139999999999418,0.015207358899046819,-1.13952,-1.27234,0.28703,1.67621,-1.38918,0.1712374941087334,0.055,0.00023,92981.29999999999,0
2025-11-18 15:14:20.345143,92981.29999999999,14.139999999999418,0.015207358899046819,0.08636999999999995,1.2258900000000001,0.28703,1.58984,-1.30281,0.18054018014391388,0.055,0.00023,92981.29999999999,0
2025-11-18 15:14:22.380539,92981.29999999999,14.139999999999418,0.015207358899046819,0.45337000000000005,0.3670000000000001,0.28703,1.13647,-0.8494400000000001,0.2525627601256522,0.055,0.00023,92986.61499999999,1
2025-11-18 15:14:24.415333,92986.61499999999,3.5099999999947613,0.003774736826364484,0.7097800000000002,0.25641000000000014,0.45553,0.59519,-0.13966,0.7653522404610292,0.055,0.00023,92988.36499999999,1
2025-11-18 15:14:26.449879,92988.36499999999,0.00999999999476131,1.0754033576954828e-05,-1.0260200000000002,-1.7358000000000002,0.45553,1.62121,-1.16568,0.28098148913465865,0.055,0.00023,93016.26000000001,1
2025-11-18 15:14:28.490084,93016.26000000001,55.80000000000291,0.05998951151121632,0.00010000000000000003,1.0261200000000001,0.45553,1.62111,-1.16558,0.28099882179494295,0.055,0.0001,93013.61,0
2025-11-18 15:14:30.520642,93013.61,61.079999999987194,0.06566780925929785,-0.10137000000000002,-0.10147000000000002,0.32264000000000004,1.58959,-1.26695,0.20297057731867968,0.00011,0.0001,93005.61499999999,0
2025-11-18 15:14:32.550730,93005.61499999999,77.06999999999243,0.08286596459793577,0.5860000000000001,0.68737,0.45553,1.13648,-0.6809499999999999,0.4008253554835985,0.055,0.0001,93005.61499999999,0
2025-11-18 15:14:34.590816,93005.61499999999,77.06999999999243,0.08286596459793577,0.0,-0.5860000000000001,0.45553,1.13648,-0.6809499999999999,0.4008253554835985,0.055,0.0001,92999.575,0
2025-11-18 15:14:36.624836,92999.575,89.14999999999418,0.09586065312663437,0.0,0.0,0.45553,1.1364800000000002,-0.6809500000000002,0.40082535548359843,0.055,0.0001,92986.405,0
2025-11-18 15:14:38.663664,92986.405,85.19000000000233,0.09161554315386462,-0.64949,-0.64949,0.25915,1.58959,-1.33044,0.16302946042690253,0.055,0.0001,92986.405,0
2025-11-18 15:14:40.696160,92986.405,85.19000000000233,0.09161554315386462,0.19635,0.84584,0.45564000000000004,1.58973,-1.13409,0.2866147081579891,0.055,0.00024,92986.4,0
2025-11-18 15:14:42.732919,92986.4,85.18000000000757,0.09160479381931935,1.08092,0.8845700000000001,0.45564000000000004,0.50881,-0.05316999999999994,0.8955012676637646,0.055,0.0001,92986.4,0
2025-11-18 15:14:44.769257,92986.4,85.18000000000757,0.09160479381931935,0.0,-1.08092,0.45564000000000004,0.50881,-0.05316999999999994,0.8955012676637646,0.055,0.0001,92986.405,1
2025-11-18 15:14:46.803721,92986.405,85.16999999999825,0.0915940346333405,-0.07077,-0.07077,0.38487000000000005,0.50881,-0.12393999999999994,0.7564120202040056,0.00014,0.0001,92986.405,0
2025-11-18 15:14:48.832093,92986.405,85.16999999999825,0.0915940346333405,0.0,0.07077,0.38487000000000005,0.50881,-0.12393999999999994,0.7564120202040056,0.00014,0.0001,92991.445,1
2025-11-18 15:14:50.871690,92991.445,75.09000000001106,0.08074936355705738,-0.9553100000000001,-0.9553100000000001,0.45558,1.5348300000000001,-1.07925,0.296827661695432,0.055,0.0001,92991.445,0
2025-11-18 15:14:52.907836,92991.445,75.09000000001106,0.08074936355705738,-0.05474999999999995,0.9005600000000001,0.45572999999999997,1.58973,-1.1340000000000001,0.286671321545168,0.05515,0.0001,92991.445,0
2025-11-18 15:14:54.948639,92991.445,75.09000000001106,0.08074936355705738,0.0,0.05474999999999995,0.45572999999999997,1.58973,-1.1340000000000001,0.286671321545168,0.05515,0.0001,92991.445,0
2025-11-18 15:14:56.982842,92991.445,75.09000000001106,0.08074936355705738,-0.00014999999999999736,-0.00014999999999999736,0.45558,1.58973,-1.13415,0.28657696589986975,0.055,0.0001,92991.445,0
2025-11-18 15:14:59.021402,92991.445,75.09000000001106,0.08074936355705738,0.0,0.00014999999999999736,0.45558,1.58973,-1.13415,0.28657696589986975,0.055,0.0001,92991.445,0
2025-11-18 15:15:01.058870,92991.445,75.09000000001106,0.08074936355705738,0.0,0.0,0.45558,1.58973,-1.13415,0.28657696589986975,0.055,0.0001,92991.445,0
2025-11-18 15:15:03.096387,92991.445,75.09000000001106,0.08074936355705738,0.03881000000000009,0.03881000000000009,0.49449,1.58983,-1.0953400000000002,0.31103325512790675,0.055,0.0001,92991.445,0
2025-11-18 15:15:05.131768,92991.445,75.09000000001106,0.08074936355705738,9.999999999994041e-05,-0.03871000000000015,0.49449,1.58973,-1.09524,0.31105282029023795,0.055,0.0001,92999.44,1
2025-11-18 15:15:07.162309,92999.44,59.11999999999534,0.06357027526186754,-0.23536999999999997,-0.2354699999999999,0.25912,1.58973,-1.33061,0.16299623206456443,0.055,0.00024,92999.435,0
2025-11-18 15:15:09.196615,92999.435,59.11000000000058,0.06355952592615276,0.25131999999999993,0.4866899999999999,0.45554,1.5348300000000001,-1.07929,0.2968016001772183,0.055,0.0001,93002.785,1
2025-11-18 15:15:11.234001,93002.785,52.41000000000349,0.056353151144886135,-0.19644,-0.44775999999999994,0.2591,1.5348300000000001,-1.2757300000000003,0.16881348422952377,0.00015,0.0001,93002.785,0
2025-11-18 15:15:13.273825,93002.785,52.41000000000349,0.056353151144886135,0.0,0.19644,0.2591,1.5348300000000001,-1.2757300000000003,0.16881348422952377,0.00015,0.0001,93015.055,1
2025-11-18 15:15:15.310129,93015.055,64.3700000000099,0.06920385092500338,0.05529000000000012,0.05529000000000012,0.45554,1.67598,-1.22044,0.2718051528061194,0.055,0.0001,93025.285,1
2025-11-18 15:15:17.347971,93025.285,43.88999999999942,0.04718072081155077,0.9392100000000001,0.88392,0.25909000000000004,0.54032,-0.28123,0.4795121409535091,0.055,0.0001,93027.735,1
2025-11-18 15:15:19.387214,93027.735,71.36999999999534,0.07671905588155548,-1.08102,-2.02023,0.25909000000000004,1.62134,-1.36225,0.1597999185858611,0.055,0.0001,93023.14499999999,0
2025-11-18 15:15:21.416031,93023.14499999999,80.55000000000291,0.08659135315195259,1.08102,2.16204,0.25909000000000004,0.54032,-0.28123,0.4795121409535091,0.00014,0.0001,93034.39499999999,1
2025-11-18 15:15:23.455844,93034.39499999999,58.05000000000291,0.062396278279665186,-0.9945300000000001,-2.0755500000000002,0.25909000000000004,1.53485,-1.27576,0.1688047691956869,0.055,0.0001,93034.39499999999,0
2025-11-18 15:15:25.488903,93034.39499999999,58.05000000000291,0.062396278279665186,0.19634,1.19087,0.45543,1.53485,-1.07942,0.29672606443626415,0.055,0.0001,93034.4,1
2025-11-18 15:15:27.520930,93034.4,58.05999999999767,0.062407023638565595,-0.08633999999999996,-0.28267999999999993,0.45558,1.62134,-1.1657600000000001,0.28098979856168355,0.05515,0.00036,93034.39499999999,0
2025-11-18 15:15:29.552010,93034.39499999999,58.05000000000291,0.062396278279665186,-0.05479,0.03154999999999996,0.45543,1.67598,-1.22055,0.2717395195646726,0.055,0.0001,93034.4,1
2025-11-18 15:15:31.588753,93034.4,58.05999999999767,0.062407023638565595,0.0,0.05479,0.45543,1.67598,-1.22055,0.2717395195646726,0.055,0.0001,93034.39499999999,0
2025-11-18 15:15:33.624632,93034.39499999999,58.05000000000291,0.062396278279665186,-0.046599999999999975,-0.046599999999999975,0.3226,1.58975,-1.26715,0.2029249882056927,0.00017,0.0001,93037.295,1
2025-11-18 15:15:35.656430,93037.295,72.20999999999185,0.07761403639260132,0.9945300000000001,1.04113,0.3226,0.59522,-0.27262,0.5419844763280804,0.055,0.00026,93037.3,1
2025-11-18 15:15:37.690245,93037.3,72.22000000000116,0.07762478059875035,0.13299,-0.8615400000000002,0.45543,0.59506,-0.13963000000000003,0.7653513931368265,0.055,0.0001,93039.845,1
2025-11-18 15:15:39.723648,93039.845,67.13000000000466,0.0721518828841607,-1.1588700000000003,-1.2918600000000002,0.32258,1.62108,-1.2985000000000002,0.1989907962592839,0.055,0.0001,93039.84,0
2025-11-18 15:15:41.755901,93039.84,67.11999999999534,0.07214113867779151,1.21361,2.3724800000000004,0.45543,0.54032,-0.08489000000000002,0.8428893988747409,0.055,0.0001,93038.515,0
2025-11-18 15:15:43.789655,93038.515,64.45000000001164,0.06927238681745043,-1.18229,-2.3959,0.32256999999999997,1.58975,-1.26718,0.20290611731404307,0.00014,1.08102,93028.17,0
2025-11-18 15:15:45.823114,93028.17,73.33999999999651,0.0788363352734946,0.046459999999999974,1.22875,0.4555,1.67622,-1.22072,0.2717423727195714,0.055,0.00034,93028.17,0
2025-11-18 15:15:47.857841,93028.17,73.32000000000698,0.0788148364092371,-0.14139999999999994,-0.18785999999999992,0.2591,1.62122,-1.36212,0.15981791490359112,0.00015,0.0001,93028.17,0
2025-11-18 15:15:49.893732,93028.17,73.32000000000698,0.0788148364092371,-0.05476000000000005,0.08663999999999988,0.2591,1.67598,-1.41688,0.15459611689876968,0.00015,0.0001,93032.45499999999,1
2025-11-18 15:15:51.926263,93032.45499999999,81.88999999999942,0.08802304529102176,0.0,0.05476000000000005,0.2591,1.67598,-1.41688,0.15459611689876968,0.00015,0.0001,93023.875,0
2025-11-18 15:15:53.961199,93023.875,89.30999999999767,0.09600761094933712,0.19614000000000006,0.19614000000000006,0.4555,1.67624,-1.22074,0.27173913043478265,0.055,0.00036,93023.875,0
2025-11-18 15:15:55.992669,93023.875,89.29000000000815,0.0959861110924568,-0.10989000000000004,-0.30603000000000014,0.25912,1.58975,-1.33063,0.16299418147507472,0.00017,0.0001,93023.875,0
2025-11-18 15:15:58.032033,93023.875,89.29000000000815,0.0959861110924568,0.0,0.10989000000000004,0.25912,1.58975,-1.33063,0.16299418147507472,0.00017,0.0001,93023.875,0
2025-11-18 15:16:00.060914,93023.875,89.29000000000815,0.0959861110924568,0.0,0.0,0.25912,1.58975,-1.33063,0.16299418147507472,0.00017,0.0001,93023.875,0
2025-11-18 15:16:02.100779,93023.875,89.29000000000815,0.0959861110924568,0.0,0.0,0.25912,1.58975,-1.33063,0.16299418147507472,0.00017,0.0001,93023.875,0
2025-11-18 15:16:04.139495,93023.875,89.29000000000815,0.0959861110924568,0.0,0.0,0.25912,1.58975,-1.33063,0.16299418147507472,0.00017,0.0001,93033.505,1
2025-11-18 15:16:06.179657,93033.505,79.7899999999936,0.08576480054147545,-0.08625000000000015,-0.08625000000000015,0.2591,1.67598,-1.41688,0.15459611689876968,0.00015,0.0001,93033.5,0
2025-11-18 15:16:08.214126,93033.5,79.77999999999884,0.0857540563345449,0.0,0.08625000000000015,0.2591,1.67598,-1.41688,0.15459611689876968,0.00015,0.0001,93023.33499999999,0
2025-11-18 15:16:10.247154,93023.33499999999,87.22999999999593,0.09377217017643577,0.1962400000000001,0.1962400000000001,0.4555,1.67614,-1.22064,0.271755342632477,0.055,1.08102,93023.33499999999,0
2025-11-18 15:16:12.283126,93023.33499999999,87.2100000000064,0.09375067019474889,-0.19622000000000006,-0.39246000000000014,0.25912,1.67598,-1.41686,0.15460805021539636,0.00017,0.0001,93023.32999999999,0
2025-11-18 15:16:14.318303,93023.32999999999,87.19999999999709,0.0937399252424065,0.08624999999999994,0.28247,0.25912,1.58973,-1.33061,0.16299623206456443,0.00017,0.0001,93023.32999999999,0
2025-11-18 15:16:16.353460,93023.32999999999,87.19999999999709,0.0937399252424065,0.0,-0.08624999999999994,0.25912,1.58973,-1.33061,0.16299623206456443,0.00017,0.0001,93036.05,1
2025-11-18 15:16:18.384807,93036.05,74.72000000000116,0.08031295395709637,0.1993100000000001,0.1993100000000001,0.48994000000000004,1.62124,-1.1313,0.30220078458463895,0.055,0.00026,93036.04999999999,0
2025-11-18 15:16:20.423006,93036.04999999999,74.69999999999709,0.08029145691374161,0.8500800000000001,0.65077,0.2591,0.54032,-0.28122,0.4795306485045899,0.00015,0.0001,93043.48999999999,1
2025-11-18 15:16:22.456553,93043.48999999999,59.81999999999243,0.06429251525280537,-9.999999999999999e-06,-0.85009,0.25909000000000004,0.54032,-0.28123,0.4795121409535091,0.00014,0.0001,93043.48999999999,0
2025-11-18 15:16:24.493557,93043.48999999999,59.81999999999243,0.06429251525280537,0.0,9.999999999999999e-06,0.25909000000000004,0.54032,-0.28123,0.4795121409535091,0.00014,0.0001,93043.48999999999,0
2025-11-18 15:16:26.529361,93043.48999999999,59.81999999999243,0.06429251525280537,0.0,0.0,0.25909000000000004,0.54032,-0.28123,0.4795121409535091,0.00014,0.0001,93036.14499999999,0
2025-11-18 15:16:28.564650,93036.14499999999,74.50999999999476,0.08008715322415258,-0.9396300000000001,-0.9396300000000001,0.45538,1.67624,-1.22086,0.2716675416408152,0.055,0.0001,93036.15,1
2025-11-18 15:16:30.600051,93036.15,74.5,0.08007640040994818,-0.13285000000000002,0.80678,0.32253,1.67624,-1.35371,0.19241278098601633,0.00015,0.0001,93028.125,0
2025-11-18 15:16:32.634616,93028.125,85.63000000000466,0.0920474318922419,0.21939999999999998,0.35225,0.45544,1.58975,-1.13431,0.28648529643025633,0.055,1.08102,93022.73000000001,0
2025-11-18 15:16:34.667753,93022.73000000001,74.81999999999243,0.08043195464161547,-0.2190600000000001,-0.43846000000000007,0.32261,1.67598,-1.35337,0.19249036384682394,0.00017,0.0001,93020.16500000001,0
2025-11-18 15:16:36.700002,93020.16500000001,79.88999999999942,0.0858846036233105,0.08598000000000007,0.30504000000000014,0.32249,1.58988,-1.26739,0.20283920799054017,1e-05,0.0001,93046.56,1
2025-11-18 15:16:38.733516,93046.56,27.10000000000582,0.029125203554011905,-0.030889999999999994,-0.11687000000000006,0.32313000000000003,1.62141,-1.29828,0.19928950728070013,0.00078,0.0001,93046.57,1
2025-11-18 15:16:40.768619,93046.57,27.120000000009895,0.029146695036700324,-0.05457000000000001,-0.023680000000000014,0.32313000000000003,1.67598,-1.35285,0.1928006300791179,0.00078,0.45337,93046.555,0
2025-11-18 15:16:42.803362,93046.555,27.09000000001106,0.029114457810943205,-0.11028999999999992,-0.05571999999999991,0.12678,1.58992,-1.46314,0.07973986112508806,0.00078,0.0001,93046.555,0
2025-11-18 15:16:44.837259,93046.555,27.09000000001106,0.029114457810943205,0.19644,0.30672999999999995,0.32322,1.58992,-1.2667,0.20329324745899166,0.00078,0.0001,93046.565,1
2025-11-18 15:16:46.883905,93046.565,27.110000000000582,0.029135949295925733,1.05715,0.8607100000000001,0.38551,0.5950599999999999,-0.2095499999999999,0.6478506369105638,0.00078,0.0001,93046.56,0
2025-11-18 15:16:48.917419,93046.56,27.10000000000582,0.029125203554011905,-1.33959,-2.3967400000000003,0.12684,1.67598,-1.54914,0.07568109404646833,0.00078,0.0001,93046.565,1
2025-11-18 15:16:50.955328,93046.565,27.110000000000582,0.029135949295925733,0.0,1.33959,0.12684,1.67598,-1.54914,0.07568109404646833,0.00078,0.0001,93046.56,0
2025-11-18 15:16:52.991769,93046.56,27.10000000000582,0.029125203554011905,0.19636999999999996,0.19636999999999996,0.32321,1.67598,-1.35277,0.19284836334562463,0.00078,0.0001,93046.565,1
2025-11-18 15:16:55.028854,93046.565,27.110000000000582,0.029135949295925733,0.0,-0.19636999999999996,0.32321,1.67598,-1.35277,0.19284836334562463,0.00078,0.0001,93046.565,0
2025-11-18 15:16:57.061279,93046.565,27.110000000000582,0.029135949295925733,-0.19681,-0.19681,0.12683,1.67641,-1.54958,0.07565571668028705,0.00078,0.00053,93046.56,0
2025-11-18 15:16:59.095667,93046.56,27.10000000000582,0.029125203554011905,0.05499999999999994,0.25181,0.12683,1.62141,-1.49458,0.07822204130972425,0.00078,0.0001,93053.995,1
2025-11-18 15:17:01.131837,93053.995,41.970000000001164,0.045102845933698135,0.14181,0.08681000000000005,0.32321,1.67598,-1.35277,0.19284836334562463,0.00078,0.0001,93053.995,0
2025-11-18 15:17:03.167831,93053.995,41.970000000001164,0.045102845933698135,0.0,-0.14181,0.32321,1.67598,-1.35277,0.19284836334562463,0.00078,0.0001,93053.995,0
2025-11-18 15:17:05.213100,93053.995,41.970000000001164,0.045102845933698135,-0.06379999999999998,-0.06379999999999998,0.25984,1.67641,-1.4165699999999999,0.15499788237960882,0.00078,0.00053,93053.98999999999,0
2025-11-18 15:17:07.254454,93053.98999999999,41.9600000000064,0.04509210190772734,0.00030999999999999794,0.06410999999999999,0.25972,1.67598,-1.41626,0.15496604971419706,0.00078,0.0001,93050.18,0
2025-11-18 15:17:09.293553,93050.18,34.34000000001106,0.03690481845388269,-0.13319000000000003,-0.13350000000000004,0.12686,1.67631,-1.54945,0.07567812636087598,0.00078,1.08102,93053.98999999999,1
2025-11-18 15:17:11.331075,93053.98999999999,41.9600000000064,0.04509210190772734,4.000000000001919e-05,0.13323000000000004,0.12686,1.67627,-1.54941,0.07567993223048793,0.00078,0.00039,93053.985,0
2025-11-18 15:17:13.364138,93053.985,41.95000000001164,0.045081357880601934,0.19663999999999987,0.19659999999999986,0.32321,1.67598,-1.35277,0.19284836334562463,0.00078,0.0001,93053.995,1
2025-11-18 15:17:15.398527,93053.995,41.970000000001164,0.045102845933698135,0.0,-0.19663999999999987,0.32321,1.67598,-1.35277,0.19284836334562463,0.00078,0.0001,93053.98999999999,0
2025-11-18 15:17:17.434168,93053.98999999999,41.9600000000064,0.04509210190772734,-0.008919999999999983,-0.008919999999999983,0.25972,1.62141,-1.36169,0.16018157036159886,0.00078,0.0001,93054.0,1
2025-11-18 15:17:19.468824,93054.0,41.98000000001048,0.045113589958529966,-0.18778999999999973,-0.17886999999999975,0.12683,1.6763100000000002,-1.5494800000000002,0.07566022990974222,0.00078,0.00043,93053.995,0
2025-11-18 15:17:21.500725,93053.995,41.970000000001164,0.045102845933698135,0.05490000000000006,0.2426899999999998,0.12683,1.6214100000000002,-1.4945800000000002,0.07822204130972424,0.00078,0.0001,93053.995,0
2025-11-18 15:17:23.534152,93053.995,41.970000000001164,0.045102845933698135,0.0,-0.05490000000000006,0.12683,1.6214100000000002,-1.4945800000000002,0.07822204130972424,0.00078,0.0001,93053.995,0
2025-11-18 15:17:25.565301,93053.995,41.970000000001164,0.045102845933698135,1.15902,1.15902,0.25983,0.5953900000000001,-0.3355600000000001,0.43640302994675756,0.00078,0.0001,93055.36499999999,1
2025-11-18 15:17:27.597418,93055.36499999999,39.229999999995925,0.04215769826919268,0.05479,-1.10423,0.25972,0.54049,-0.28077,0.48052692926788654,0.055,0.0001,93059.505,1
2025-11-18 15:17:29.636245,93059.505,30.94999999999709,0.03325828995114157,0.0,-0.05479,0.25972,0.54049,-0.28077,0.48052692926788654,0.055,0.0001,93059.51,1
2025-11-18 15:17:31.667576,93059.51,30.94000000000233,0.03324754235220272,-0.13290000000000002,-0.13290000000000002,0.12682000000000002,0.54049,-0.41367,0.23463893874077227,0.0001,0.0001,93063.6,1
2025-11-18 15:17:33.697656,93063.6,22.75999999999476,0.024456393262236534,0.39837,0.53127,0.12682,0.14212,-0.015300000000000008,0.8923444976076554,0.055,0.0001,93074.84,1
2025-11-18 15:17:35.736221,93074.84,0.27999999999883585,0.00030083317897601096,-0.8931200000000001,-1.29149,0.25972,1.1681400000000002,-0.9084200000000002,0.22233636379201122,0.055,0.0001,93074.975,1
2025-11-18 15:17:37.765255,93074.975,0.00999999999476131,1.0744026517075412e-05,0.0,0.8931200000000001,0.25972,1.1681400000000002,-0.9084200000000002,0.22233636379201122,0.055,0.0001,93074.975,0
2025-11-18 15:17:39.804452,93074.975,0.00999999999476131,1.0744026517075412e-05,9.000000000000674e-05,9.000000000000674e-05,0.25981,1.1681400000000002,-0.9083300000000002,0.22241340935161877,0.055,0.0001,93074.975,0
2025-11-18 15:17:41.844365,93074.975,0.00999999999476131,1.0744026517075412e-05,0.04067000000000001,0.040580000000000005,0.30048,1.1681400000000002,-0.8676600000000001,0.25722944167651135,0.12584,0.0001,93074.975,0
2025-11-18 15:17:43.878553,93074.975,0.00999999999476131,1.0744026517075412e-05,-0.04075999999999999,-0.08143,0.25972,1.1681400000000002,-0.9084200000000002,0.22233636379201122,0.055,0.0001,93074.975,0
2025-11-18 15:17:45.909583,93074.975,0.00999999999476131,1.0744026517075412e-05,0.0,0.04075999999999999,0.25972,1.1681400000000002,-0.9084200000000002,0.22233636379201122,0.055,0.0001,93074.975,0
2025-11-18 15:17:47.943270,93074.975,0.00999999999476131,1.0744026517075412e-05,0.0,0.0,0.25972,1.1681400000000002,-0.9084200000000002,0.22233636379201122,0.055,0.0001,93072.45499999999,0
2025-11-18 15:17:49.975952,93072.45499999999,5.05000000000291,0.005425880299389235,7.999999999999674e-05,7.999999999999674e-05,0.25980000000000003,1.1681400000000002,-0.9083400000000001,0.22240484873388464,0.05508,0.0001,93072.45499999999,0
2025-11-18 15:17:52.015269,93072.45499999999,5.05000000000291,0.005425880299389235,0.0,-7.999999999999674e-05,0.25980000000000003,1.1681400000000002,-0.9083400000000001,0.22240484873388464,0.05508,0.0001,93072.45499999999,0
2025-11-18 15:17:54.047184,93072.45499999999,5.05000000000291,0.005425880299389235,0.0,0.0,0.25980000000000003,1.1681400000000002,-0.9083400000000001,0.22240484873388464,0.05508,0.0001,93072.45499999999,0
2025-11-18 15:17:56.083426,93072.45499999999,5.05000000000291,0.005425880299389235,-7.999999999999674e-05,-7.999999999999674e-05,0.25972,1.1681400000000002,-0.9084200000000002,0.22233636379201122,0.055,0.0001,93074.975,1
2025-11-18 15:17:58.122531,93074.975,0.00999999999476131,1.0744026517075412e-05,-0.13286,-0.13278,0.12686,1.1681400000000002,-1.0412800000000002,0.1085999965757529,0.055,0.0001,93074.975,0
2025-11-18 15:18:00.163223,93074.975,0.00999999999476131,1.0744026517075412e-05,0.19617,0.32903000000000004,0.32303000000000004,1.1681400000000002,-0.8451100000000001,0.2765336346670776,0.055,0.0001,93074.32999999999,0
2025-11-18 15:18:02.196572,93074.32999999999,1.3000000000029104,0.0013967331271714882,0.00012000000000000205,-0.19605,0.32315000000000005,1.1681400000000002,-0.8449900000000001,0.2766363620798877,0.05512,0.0001,93074.32999999999,0
2025-11-18 15:18:04.231780,93074.32999999999,1.3000000000029104,0.0013967331271714882,0.0,-0.00012000000000000205,0.32315000000000005,1.1681400000000002,-0.8449900000000001,0.2766363620798877,0.05512,0.0001,93067.065,0
2025-11-18 15:18:06.270943,93067.065,15.830000000001746,0.017009239519911522,-0.00012000000000000205,-0.00012000000000000205,0.32303000000000004,1.1681400000000002,-0.8451100000000001,0.2765336346670776,0.055,0.0001,93069.41,1
2025-11-18 15:18:08.306507,93069.41,11.139999999999418,0.011969561212432115,0.0,0.00012000000000000205,0.32303000000000004,1.1681400000000002,-0.8451100000000001,0.2765336346670776,0.055,0.0001,93069.41,0
2025-11-18 15:18:10.346198,93069.41,11.139999999999418,0.011969561212432115,0.0,0.0,0.32303000000000004,1.1681400000000002,-0.8451100000000001,0.2765336346670776,0.055,0.0001,93069.41,0
2025-11-18 15:18:12.384598,93069.41,11.139999999999418,0.011969561212432115,0.13222000000000003,0.13222000000000003,0.45525000000000004,1.1681400000000002,-0.7128900000000001,0.38972212234834863,0.055,0.0001,93069.41,0
2025-11-18 15:18:14.422524,93069.41,11.139999999999418,0.011969561212432115,0.0,-0.13222000000000003,0.45525000000000004,1.1681400000000002,-0.7128900000000001,0.38972212234834863,0.055,0.0001,93069.41,0
2025-11-18 15:18:16.459552,93069.41,11.139999999999418,0.011969561212432115,0.0,0.0,0.45525000000000004,1.1681400000000002,-0.7128900000000001,0.38972212234834863,0.055,0.0001,93069.41,0
2025-11-18 15:18:18.494724,93069.41,11.139999999999418,0.011969561212432115,0.0,0.0,0.45525000000000004,1.1681400000000002,-0.7128900000000001,0.38972212234834863,0.055,0.0001,93069.41,0
2025-11-18 15:18:20.530327,93069.41,11.139999999999418,0.011969561212432115,0.0,0.0,0.45525000000000004,1.1681400000000002,-0.7128900000000001,0.38972212234834863,0.055,0.0001,93074.405,1
2025-11-18 15:18:22.566928,93074.405,1.1499999999941792,0.001235570616856674,0.0,0.0,0.45525000000000004,1.1681400000000002,-0.7128900000000001,0.38972212234834863,0.055,0.0001,93074.975,1
2025-11-18 15:18:24.600630,93074.975,0.00999999999476131,1.0744026517075412e-05,0.62765,0.62765,0.45525000000000004,0.54049,-0.08523999999999998,0.8422912542322708,0.055,0.0001,93074.975,0
2025-11-18 15:18:26.628675,93074.975,0.00999999999476131,1.0744026517075412e-05,0.0,-0.62765,0.45525000000000004,0.54049,-0.08523999999999998,0.8422912542322708,0.055,0.0001,93074.98000000001,1
2025-11-18 15:18:28.666039,93074.98000000001,0.020000000004074536,2.148805189544444e-05,-1.08102,-1.08102,0.45515000000000005,1.62141,-1.1662599999999999,0.28071246631018687,0.0549,0.00043,93074.985,1
2025-11-18 15:18:30.706226,93074.985,0.010000000009313226,1.0744025378369092e-05,-0.13277000000000003,0.94825,0.32238,1.62141,-1.2990300000000001,0.1988269469165726,0.00023,0.00043,93074.77,0
2025-11-18 15:18:32.743993,93074.77,0.4400000000023283,0.0004727382082194007,-0.19607000000000002,-0.0633,0.12631,1.62141,-1.4951,0.07790133279059584,0.00023,0.00043,93074.77,0
2025-11-18 15:18:34.779539,93074.77,0.4400000000023283,0.0004727382082194007,0.0,0.19607000000000002,0.12631,1.62141,-1.4951,0.07790133279059584,0.00023,0.00043,93074.765,0
2025-11-18 15:18:36.818048,93074.765,0.45000000001164153,0.0004834822843889442,0.22518000000000002,0.22518000000000002,0.35148999999999997,1.62141,-1.26992,0.216780456516242,5e-05,0.00043,93074.76,0
2025-11-18 15:18:38.854762,93074.76,0.4400000000023283,0.00047273825901063656,0.45314,0.22795999999999997,0.35148999999999997,1.1682700000000001,-0.8167800000000002,0.3008636702132212,5e-05,0.00023,93074.76,0
2025-11-18 15:18:40.888790,93074.76,0.4400000000023283,0.00047273825901063656,-0.029189999999999994,-0.48233,0.32230000000000003,1.1682700000000001,-0.8459700000000001,0.2758780076523406,5e-05,0.00023,93067.025,0
2025-11-18 15:18:42.918961,93067.025,15.90999999998894,0.01709520638484892,0.13295,0.16214,0.45525000000000004,1.1682700000000001,-0.7130200000000001,0.3896787557670744,0.055,0.00023,93073.11499999999,1
2025-11-18 15:18:44.957033,93073.11499999999,3.7299999999959255,0.004007601980438633,0.0,-0.13295,0.45525000000000004,1.1682700000000001,-0.7130200000000001,0.3896787557670744,0.055,0.00023,93073.11499999999,0
2025-11-18 15:18:46.993428,93073.11499999999,3.7299999999959255,0.004007601980438633,0.59757,0.59757,0.42517000000000005,0.54062,-0.11544999999999994,0.7864488920128742,0.055,0.00023,93068.42499999999,0
2025-11-18 15:18:49.028225,93068.42499999999,13.110000000000582,0.014086410079466354,-0.59753,-1.1951,0.45529000000000003,1.1682700000000001,-0.7129800000000002,0.38971299442765794,0.05511,0.00023,93068.42499999999,0
2025-11-18 15:18:51.066343,93068.42499999999,13.110000000000582,0.014086410079466354,0.0,0.59753,0.45529000000000003,1.1682700000000001,-0.7129800000000002,0.38971299442765794,0.05511,0.00023,93068.42499999999,0
2025-11-18 15:18:53.106576,93068.42499999999,13.110000000000582,0.014086410079466354,-0.00010999999999999899,-0.00010999999999999899,0.45518000000000003,1.1682700000000001,-0.7130900000000001,0.3896188381110531,0.055,0.00023,93068.42499999999,0
2025-11-18 15:18:55.144035,93068.42499999999,13.110000000000582,0.014086410079466354,0.0,0.00010999999999999899,0.45518000000000003,1.1682700000000001,-0.7130900000000001,0.3896188381110531,0.055,0.00023,93071.82,1
2025-11-18 15:18:57.184723,93071.82,6.319999999992433,0.006790454941133023,0.62765,0.62765,0.45518000000000003,0.54062,-0.08543999999999996,0.8419592319928971,0.055,0.00023,93074.715,1
2025-11-18 15:18:59.214983,93074.715,0.5299999999988358,0.0005694349963884776,0.0,-0.62765,0.45518000000000003,0.54062,-0.08543999999999996,0.8419592319928971,0.055,0.00023,93074.975,1
2025-11-18 15:19:01.249728,93074.975,0.00999999999476131,1.0744026517075412e-05,0.0,0.0,0.45518000000000003,0.54062,-0.08543999999999996,0.8419592319928971,0.055,0.00023,93074.975,0
2025-11-18 15:19:03.285803,93074.975,0.00999999999476131,1.0744026517075412e-05,0.0,0.0,0.45518000000000003,0.54062,-0.08543999999999996,0.8419592319928971,0.055,0.00023,93074.975,0
2025-11-18 15:19:05.322282,93074.975,0.00999999999476131,1.0744026517075412e-05,0.0,0.0,0.45518000000000003,0.54062,-0.08543999999999996,0.8419592319928971,0.055,0.00023,93074.975,0
2025-11-18 15:19:07.360595,93074.975,0.00999999999476131,1.0744026517075412e-05,-0.62765,-0.62765,0.45518000000000003,1.1682700000000001,-0.7130900000000001,0.3896188381110531,0.055,0.00023,93074.975,0
2025-11-18 15:19:09.397013,93074.975,0.00999999999476131,1.0744026517075412e-05,0.0,0.62765,0.45518000000000003,1.1682700000000001,-0.7130900000000001,0.3896188381110531,0.055,0.00023,93074.975,0
2025-11-18 15:19:11.433402,93074.975,0.00999999999476131,1.0744026517075412e-05,0.0,0.0,0.45518000000000003,1.1682700000000001,-0.7130900000000001,0.3896188381110531,0.055,0.00023,93074.975,0
2025-11-18 15:19:13.471479,93074.975,0.00999999999476131,1.0744026517075412e-05,0.0,0.0,0.45518000000000003,1.1682700000000001,-0.7130900000000001,0.3896188381110531,0.055,0.00023,93074.975,0
2025-11-18 15:19:15.504855,93074.975,0.00999999999476131,1.0744026517075412e-05,0.0,0.0,0.45518000000000003,1.1682700000000001,-0.7130900000000001,0.3896188381110531,0.055,0.00023,93074.975,0
2025-11-18 15:19:17.540445,93074.975,0.00999999999476131,1.0744026517075412e-05,0.0,0.0,0.45518000000000003,1.1682700000000001,-0.7130900000000001,0.3896188381110531,0.055,0.00023,93074.975,0
2025-11-18 15:19:19.577789,93074.975,0.00999999999476131,1.0744026517075412e-05,0.0,0.0,0.45518000000000003,1.1682700000000001,-0.7130900000000001,0.3896188381110531,0.055,0.00023,93074.975,0
2025-11-18 15:19:21.608535,93074.975,0.00999999999476131,1.0744026517075412e-05,0.0,0.0,0.45518000000000003,1.1682700000000001,-0.7130900000000001,0.3896188381110531,0.055,0.00023,93074.975,0
2025-11-18 15:19:23.644616,93074.975,0.00999999999476131,1.0744026517075412e-05,0.0,0.0,0.45518000000000003,1.1682700000000001,-0.7130900000000001,0.3896188381110531,0.055,0.00023,93074.975,0
2025-11-18 15:19:25.683808,93074.975,0.00999999999476131,1.0744026517075412e-05,0.0,0.0,0.45518000000000003,1.1682700000000001,-0.7130900000000001,0.3896188381110531,0.055,0.00023,93074.975,0
2025-11-18 15:19:27.720407,93074.975,0.00999999999476131,1.0744026517075412e-05,0.0,0.0,0.45518000000000003,1.1682700000000001,-0.7130900000000001,0.3896188381110531,0.055,0.00023,93074.975,0
2025-11-18 15:19:29.757298,93074.975,0.00999999999476131,1.0744026517075412e-05,0.0,0.0,0.45518000000000003,1.1682700000000001,-0.7130900000000001,0.3896188381110531,0.055,0.00023,93074.975,0
2025-11-18 15:19:31.794936,93074.975,0.00999999999476131,1.0744026517075412e-05,0.0,0.0,0.45518000000000003,1.1682700000000001,-0.7130900000000001,0.3896188381110531,0.055,0.00023,93074.715,0
2025-11-18 15:19:33.827381,93074.715,0.5299999999988358,0.0005694349963884776,0.0,0.0,0.45518000000000003,1.1682700000000001,-0.7130900000000001,0.3896188381110531,0.055,0.00023,93074.715,0
2025-11-18 15:19:35.863301,93074.715,0.5299999999988358,0.0005694349963884776,1.0257100000000001,1.0257100000000001,0.45487,0.14225,0.31262,3.19768014059754,0.05469,0.00023,93074.975,1
2025-11-18 15:19:37.893114,93074.975,0.00999999999476131,1.0744026517075412e-05,-1.0257100000000001,-2.0514200000000002,0.45518000000000003,1.1682700000000001,-0.7130900000000001,0.3896188381110531,0.055,0.00023,93074.975,0
2025-11-18 15:19:39.923977,93074.975,0.00999999999476131,1.0744026517075412e-05,0.0,1.0257100000000001,0.45518000000000003,1.1682700000000001,-0.7130900000000001,0.3896188381110531,0.055,0.00023,93074.975,0
2025-11-18 15:19:41.958556,93074.975,0.00999999999476131,1.0744026517075412e-05,0.0,0.0,0.45518000000000003,1.1682700000000001,-0.7130900000000001,0.3896188381110531,0.055,0.00023,93074.975,0
2025-11-18 15:19:43.991035,93074.975,0.00999999999476131,1.0744026517075412e-05,0.0,0.0,0.45518000000000003,1.1682700000000001,-0.7130900000000001,0.3896188381110531,0.055,0.00023,93072.355,0
2025-11-18 15:19:46.020890,93072.355,5.25,0.0056407727085018965,-0.13288,-0.13288,0.32230000000000003,1.1682700000000001,-0.8459700000000001,0.2758780076523406,0.00012,0.00023,93072.355,0
2025-11-18 15:19:48.050184,93072.355,5.25,0.0056407727085018965,0.0,0.13288,0.32230000000000003,1.1682700000000001,-0.8459700000000001,0.2758780076523406,0.00012,0.00023,93065.36,0
2025-11-18 15:19:50.084532,93065.36,19.239999999990687,0.020673642695833,0.0,0.0,0.32230000000000003,1.1682700000000001,-0.8459700000000001,0.2758780076523406,0.00012,0.00023,93065.36,0
2025-11-18 15:19:52.119524,93065.36,19.239999999990687,0.020673642695833,0.0,0.0,0.32230000000000003,1.1682700000000001,-0.8459700000000001,0.2758780076523406,0.00012,0.00023,93074.975,1
2025-11-18 15:19:54.151672,93074.975,0.00999999999476131,1.0744026517075412e-05,0.13288,0.13288,0.45518000000000003,1.1682700000000001,-0.7130900000000001,0.3896188381110531,0.055,0.00023,93074.975,0
2025-11-18 15:19:56.191146,93074.975,0.00999999999476131,1.0744026517075412e-05,0.0,-0.13288,0.45518000000000003,1.1682700000000001,-0.7130900000000001,0.3896188381110531,0.055,0.00023,93068.45499999999,0
2025-11-18 15:19:58.225108,93068.45499999999,13.05000000000291,0.01402193686357307,0.00012000000000000205,0.00012000000000000205,0.45530000000000004,1.1682700000000001,-0.7129700000000001,0.3897215540928039,0.05512,0.00023,93068.45499999999,0
2025-11-18 15:20:00.257385,93068.45499999999,13.05000000000291,0.01402193686357307,-0.00012000000000000205,-0.0002400000000000041,0.45518000000000003,1.1682700000000001,-0.7130900000000001,0.3896188381110531,0.055,0.00023,93068.45499999999,0
2025-11-18 15:20:02.292574,93068.45499999999,13.05000000000291,0.01402193686357307,0.00012000000000000205,0.0002400000000000041,0.45530000000000004,1.1682700000000001,-0.7129700000000001,0.3897215540928039,0.05512,0.00023,93068.45499999999,0
2025-11-18 15:20:04.325506,93068.45499999999,13.05000000000291,0.01402193686357307,-0.00012000000000000205,-0.0002400000000000041,0.45518000000000003,1.1682700000000001,-0.7130900000000001,0.3896188381110531,0.055,0.00023,93068.45499999999,0
2025-11-18 15:20:06.361426,93068.45499999999,13.05000000000291,0.01402193686357307,0.0,0.00012000000000000205,0.45518000000000003,1.1682700000000001,-0.7130900000000001,0.3896188381110531,0.055,0.00023,93068.45499999999,0
2025-11-18 15:20:08.393574,93068.45499999999,13.05000000000291,0.01402193686357307,0.0,0.0,0.45518000000000003,1.1682700000000001,-0.7130900000000001,0.3896188381110531,0.055,0.00023,93068.45499999999,0
2025-11-18 15:20:10.427540,93068.45499999999,13.05000000000291,0.01402193686357307,0.00012000000000000205,0.00012000000000000205,0.45530000000000004,1.1682700000000001,-0.7129700000000001,0.3897215540928039,0.05512,0.00023,93068.45499999999,0
2025-11-18 15:20:12.460742,93068.45499999999,13.05000000000291,0.01402193686357307,-0.00012000000000000205,-0.0002400000000000041,0.45518000000000003,1.1682700000000001,-0.7130900000000001,0.3896188381110531,0.055,0.00023,93068.45499999999,0
2025-11-18 15:20:14.487926,93068.45499999999,13.05000000000291,0.01402193686357307,0.0,0.00012000000000000205,0.45518000000000003,1.1682700000000001,-0.7130900000000001,0.3896188381110531,0.055,0.00023,93068.45499999999,0
2025-11-18 15:20:16.523458,93068.45499999999,13.05000000000291,0.01402193686357307,1.02614,1.02614,0.45530000000000004,0.14225,0.31305000000000005,3.2007029876977158,0.05512,0.00023,93064.26,0
2025-11-18 15:20:18.557771,93064.26,21.44000000000233,0.023037845033101138,-1.02614,-2.05228,0.45518000000000003,1.1682700000000001,-0.7130900000000001,0.3896188381110531,0.055,0.00023,93064.26,0
2025-11-18 15:20:20.591568,93064.26,21.44000000000233,0.023037845033101138,0.0,1.02614,0.45518000000000003,1.1682700000000001,-0.7130900000000001,0.3896188381110531,0.055,0.00023,93064.26,0
2025-11-18 15:20:22.626898,93064.26,21.44000000000233,0.023037845033101138,0.0,0.0,0.45518000000000003,1.1682700000000001,-0.7130900000000001,0.3896188381110531,0.055,0.00023,93064.26,0
2025-11-18 15:20:24.661584,93064.26,21.44000000000233,0.023037845033101138,0.0,0.0,0.45518000000000003,1.1682700000000001,-0.7130900000000001,0.3896188381110531,0.055,0.00023,93066.86,1
2025-11-18 15:20:26.697820,93066.86,16.239999999990687,0.01744982048388727,-0.13288,-0.13288,0.32230000000000003,1.1682700000000001,-0.8459700000000001,0.2758780076523406,0.00012,0.00023,93069.85,1
