timestamp,mid_price,spread,spread_pct,ofi_current,ofi_momentum,total_bid_volume,total_ask_volume,volume_imbalance,volume_ratio,bid_depth_l1,ask_depth_l1,future_price,price_increase
2025-11-08 19:42:31.199480,102179.72,0.7000000000116415,0.0006850674478376351,0.0,0.0,3.14009,0.053020000000000005,3.0870699999999998,59.22463221425876,0.05,1e-05,102179.72,0
2025-11-08 19:42:33.236677,102179.72,0.7000000000116415,0.0006850674478376351,1.9999999999999185e-05,1.9999999999999185e-05,3.14011,0.053020000000000005,3.08709,59.22500943040362,0.05002,1e-05,102179.72,0
2025-11-08 19:42:35.269062,102179.72,0.7000000000116415,0.0006850674478376351,0.0,-1.9999999999999185e-05,3.14011,0.053020000000000005,3.08709,59.22500943040362,0.05002,1e-05,102179.72,0
2025-11-08 19:42:37.302053,102179.72,0.7000000000116415,0.0006850674478376351,0.0,0.0,3.14011,0.053020000000000005,3.08709,59.22500943040362,0.05002,1e-05,102179.72,0
2025-11-08 19:42:39.334420,102179.72,0.7000000000116415,0.0006850674478376351,0.0,0.0,3.14011,0.053020000000000005,3.08709,59.22500943040362,0.05002,1e-05,102179.72,0
2025-11-08 19:42:41.370911,102179.72,0.7000000000116415,0.0006850674478376351,0.0,0.0,3.14011,0.053020000000000005,3.08709,59.22500943040362,0.05002,1e-05,102179.72,0
2025-11-08 19:42:43.407336,102179.72,0.7000000000116415,0.0006850674478376351,0.0,0.0,3.14011,0.053020000000000005,3.08709,59.22500943040362,0.05002,1e-05,102179.72,0
2025-11-08 19:42:45.447122,102179.72,0.7000000000116415,0.0006850674478376351,0.0,0.0,3.14011,0.053020000000000005,3.08709,59.22500943040362,0.05002,1e-05,102179.72,0
2025-11-08 19:42:47.482272,102179.72,0.7000000000116415,0.0006850674478376351,0.0,0.0,3.14011,0.053020000000000005,3.08709,59.22500943040362,0.05002,1e-05,102179.72,0
2025-11-08 19:42:49.510102,102179.72,0.7000000000116415,0.0006850674478376351,0.0,0.0,3.14011,0.053020000000000005,3.08709,59.22500943040362,0.05002,1e-05,102166.535,0
2025-11-08 19:42:51.543232,102166.535,27.070000000006985,0.026495955843082068,-0.9952,-0.9952,2.14491,0.053020000000000005,2.09189,40.454734062617874,0.05,1e-05,102166.54000000001,1
2025-11-08 19:42:53.577297,102166.54000000001,27.060000000012224,0.026486166606026026,-0.09452000000000016,0.9006799999999998,2.05039,0.053020000000000005,1.99737,38.67201056205206,2e-05,1e-05,102159.815,0
2025-11-08 19:42:55.605785,102159.815,40.51000000000931,0.03965355653787089,0.09452000000000016,0.18904000000000032,2.14491,0.053020000000000005,2.09189,40.454734062617874,0.05,1e-05,102159.82,1
2025-11-08 19:42:57.640735,102159.82,40.5,0.03964376601290018,-1.97292,-2.0674400000000004,0.17199,0.053020000000000005,0.11896999999999999,3.243870237646171,2e-05,1e-05,102152.845,0
2025-11-08 19:42:59.671217,102152.845,54.45000000001164,0.05330248021972529,0.09451999999999999,2.06744,0.26651,0.053020000000000005,0.21349,5.026593738211996,0.05,1e-05,102152.845,0
2025-11-08 19:43:01.706484,102152.845,54.45000000001164,0.05330248021972529,0.0,-0.09451999999999999,0.26651,0.053020000000000005,0.21349,5.026593738211996,0.05,1e-05,102152.845,0
2025-11-08 19:43:03.742714,102152.845,54.45000000001164,0.05330248021972529,0.0,0.0,0.26651,0.053020000000000005,0.21349,5.026593738211996,0.05,1e-05,102152.845,0
2025-11-08 19:43:05.777481,102152.845,54.45000000001164,0.05330248021972529,0.0,0.0,0.26651,0.053020000000000005,0.21349,5.026593738211996,0.05,1e-05,102152.845,0
2025-11-08 19:43:07.815927,102152.845,54.45000000001164,0.05330248021972529,1.9999999999999185e-05,1.9999999999999185e-05,0.26653,0.053020000000000005,0.21350999999999998,5.0269709543568455,0.05002,1e-05,102152.845,0
2025-11-08 19:43:09.846141,102152.845,54.45000000001164,0.05330248021972529,0.0,-1.9999999999999185e-05,0.26653,0.053020000000000005,0.21350999999999998,5.0269709543568455,0.05002,1e-05,102152.84,0
2025-11-08 19:43:11.874504,102152.84,54.44000000000233,0.05329269357562876,0.0,0.0,0.26653,0.053020000000000005,0.21350999999999998,5.0269709543568455,0.05002,0.00095,102152.845,1
2025-11-08 19:43:13.897750,102152.845,54.45000000001164,0.05330248021972529,-1.9999999999999185e-05,-1.9999999999999185e-05,0.26651,0.053020000000000005,0.21349,5.026593738211996,0.05,1e-05,102156.81,1
2025-11-08 19:43:15.925056,102156.81,46.54000000000815,0.045557413157290394,-0.09587,-0.09584999999999999,0.17199,0.05437,0.11762,3.163325363251793,0.05,0.00136,102156.805,0
2025-11-08 19:43:17.954909,102156.805,46.53000000001339,0.045547626513978576,0.09587,0.19174,0.26651,0.053020000000000005,0.21349,5.026593738211996,0.05,1e-05,102156.805,0
2025-11-08 19:43:19.993868,102156.805,46.53000000001339,0.045547626513978576,0.0,-0.09587,0.26651,0.053020000000000005,0.21349,5.026593738211996,0.05,1e-05,102156.805,0
2025-11-08 19:43:22.019676,102156.805,46.53000000001339,0.045547626513978576,0.0,0.0,0.26651,0.053020000000000005,0.21349,5.026593738211996,0.05,1e-05,102156.805,0
2025-11-08 19:43:24.045764,102156.805,46.53000000001339,0.045547626513978576,0.0,0.0,0.26651,0.053020000000000005,0.21349,5.026593738211996,0.05,1e-05,102149.16500000001,0
2025-11-08 19:43:26.127467,102149.16500000001,61.810000000012224,0.06050954993123264,-0.09451999999999999,-0.09451999999999999,0.17199,0.053020000000000005,0.11896999999999999,3.243870237646171,2e-05,1e-05,102149.16500000001,0
2025-11-08 19:43:28.160858,102149.16500000001,61.810000000012224,0.06050954993123264,0.0,0.09451999999999999,0.17199,0.053020000000000005,0.11896999999999999,3.243870237646171,2e-05,1e-05,102151.69,1
2025-11-08 19:43:30.191021,102151.69,56.76000000000931,0.0555644258063761,0.09451999999999999,0.09451999999999999,0.26651,0.053020000000000005,0.21349,5.026593738211996,0.05,1e-05,102151.69,0
2025-11-08 19:43:32.219190,102151.69,56.76000000000931,0.0555644258063761,0.0,-0.09451999999999999,0.26651,0.053020000000000005,0.21349,5.026593738211996,0.05,1e-05,102151.69,0
2025-11-08 19:43:34.250484,102151.69,56.76000000000931,0.0555644258063761,0.0,0.0,0.26651,0.053020000000000005,0.21349,5.026593738211996,0.05,1e-05,102151.69,0
2025-11-08 19:43:36.280003,102151.69,56.76000000000931,0.0555644258063761,0.0,0.0,0.26651,0.053020000000000005,0.21349,5.026593738211996,0.05,1e-05,102151.69,0
2025-11-08 19:43:38.308186,102151.69,56.76000000000931,0.0555644258063761,0.0,0.0,0.26651,0.053020000000000005,0.21349,5.026593738211996,0.05,1e-05,102151.695,1
2025-11-08 19:43:40.335243,102151.695,56.75,0.05555463372389464,-0.09452999999999999,-0.09452999999999999,0.17198,0.053020000000000005,0.11895999999999998,3.243681629573745,1e-05,1e-05,102151.695,0
2025-11-08 19:43:42.365227,102151.695,56.75,0.05555463372389464,0.0,0.09452999999999999,0.17198,0.053020000000000005,0.11895999999999998,3.243681629573745,1e-05,1e-05,102157.56,1
2025-11-08 19:43:44.395834,102157.56,45.020000000004075,0.044069180978876236,0.09452999999999999,0.09452999999999999,0.26651,0.053020000000000005,0.21349,5.026593738211996,0.05,1e-05,102160.065,1
2025-11-08 19:43:46.426457,102160.065,40.01000000000931,0.0391640314637714,0.0,-0.09452999999999999,0.26651,0.053020000000000005,0.21349,5.026593738211996,0.05,1e-05,102160.065,0
2025-11-08 19:43:48.457373,102160.065,40.01000000000931,0.0391640314637714,0.0,0.0,0.26651,0.053020000000000005,0.21349,5.026593738211996,0.05,1e-05,102160.065,0
2025-11-08 19:43:50.493467,102160.065,40.01000000000931,0.0391640314637714,0.0,0.0,0.26651,0.053020000000000005,0.21349,5.026593738211996,0.05,1e-05,102160.065,0
2025-11-08 19:43:52.521213,102160.065,40.01000000000931,0.0391640314637714,0.0,0.0,0.26651,0.053020000000000005,0.21349,5.026593738211996,0.05,1e-05,102160.07,1
2025-11-08 19:43:54.556696,102160.07,40.0,0.03915424098671819,-0.09452999999999999,-0.09452999999999999,0.17198,0.053020000000000005,0.11895999999999998,3.243681629573745,1e-05,1e-05,102160.07,0
2025-11-08 19:43:56.586840,102160.07,40.0,0.03915424098671819,0.0,0.09452999999999999,0.17198,0.053020000000000005,0.11895999999999998,3.243681629573745,1e-05,1e-05,102160.065,0
2025-11-08 19:43:58.613378,102160.065,40.01000000000931,0.0391640314637714,0.09452999999999999,0.09452999999999999,0.26651,0.053020000000000005,0.21349,5.026593738211996,0.05,1e-05,102160.065,0
2025-11-08 19:44:00.645117,102160.065,40.01000000000931,0.0391640314637714,0.0,-0.09452999999999999,0.26651,0.053020000000000005,0.21349,5.026593738211996,0.05,1e-05,102160.07,1
2025-11-08 19:44:02.678047,102160.07,40.0,0.03915424098671819,-0.09452999999999999,-0.09452999999999999,0.17198,0.053020000000000005,0.11895999999999998,3.243681629573745,1e-05,1e-05,102162.67000000001,1
2025-11-08 19:44:04.709647,102162.67000000001,34.80000000000291,0.03406332273814193,0.09452999999999999,0.18905999999999998,0.26651,0.053020000000000005,0.21349,5.026593738211996,0.05,1e-05,102162.68,1
2025-11-08 19:44:06.738797,102162.68,34.80000000000291,0.034063319403918255,-0.09587,-0.19039999999999999,0.17199,0.05437,0.11762,3.163325363251793,2e-05,0.00136,102162.675,0
2025-11-08 19:44:08.772360,102162.675,34.79000000000815,0.034053532760382546,0.0013500000000000035,0.09722,0.17199,0.053020000000000005,0.11896999999999999,3.243870237646171,2e-05,1e-05,102162.675,0
2025-11-08 19:44:10.803010,102162.675,34.79000000000815,0.034053532760382546,0.0,-0.0013500000000000035,0.17199,0.053020000000000005,0.11896999999999999,3.243870237646171,2e-05,1e-05,102162.675,0
2025-11-08 19:44:12.834572,102162.675,34.79000000000815,0.034053532760382546,0.0,0.0,0.17199,0.053020000000000005,0.11896999999999999,3.243870237646171,2e-05,1e-05,102162.675,0
2025-11-08 19:44:14.869943,102162.675,34.79000000000815,0.034053532760382546,0.0,0.0,0.17199,0.053020000000000005,0.11896999999999999,3.243870237646171,2e-05,1e-05,102162.675,0
2025-11-08 19:44:16.901070,102162.675,34.79000000000815,0.034053532760382546,0.0,0.0,0.17199,0.053020000000000005,0.11896999999999999,3.243870237646171,2e-05,1e-05,102162.675,0
2025-11-08 19:44:18.937306,102162.675,34.79000000000815,0.034053532760382546,0.0,0.0,0.17199,0.053020000000000005,0.11896999999999999,3.243870237646171,2e-05,1e-05,102168.49,1
2025-11-08 19:44:20.968144,102168.49,23.160000000003492,0.02266843720603436,0.09451999999999999,0.09451999999999999,0.26651,0.053020000000000005,0.21349,5.026593738211996,0.05,1e-05,102168.49,0
2025-11-08 19:44:23.001800,102168.49,23.160000000003492,0.02266843720603436,0.0,-0.09451999999999999,0.26651,0.053020000000000005,0.21349,5.026593738211996,0.05,1e-05,102168.49,0
2025-11-08 19:44:25.033039,102168.49,23.160000000003492,0.02266843720603436,0.0,0.0,0.26651,0.053020000000000005,0.21349,5.026593738211996,0.05,1e-05,102168.49,0
2025-11-08 19:44:27.064362,102168.49,23.160000000003492,0.02266843720603436,0.0,0.0,0.26651,0.053020000000000005,0.21349,5.026593738211996,0.05,1e-05,102168.49,0
2025-11-08 19:44:29.095173,102168.49,23.160000000003492,0.02266843720603436,0.0,0.0,0.26651,0.053020000000000005,0.21349,5.026593738211996,0.05,1e-05,102168.48999999999,0
2025-11-08 19:44:31.126771,102168.48999999999,23.139999999999418,0.02264886169894399,-0.0002500000000000002,-0.0002500000000000002,0.26626,0.053020000000000005,0.21323999999999999,5.021878536401357,2e-05,0.00095,102168.495,1
2025-11-08 19:44:33.161933,102168.495,23.15000000000873,0.022658648343609967,0.0,0.0002500000000000002,0.26626,0.053020000000000005,0.21323999999999999,5.021878536401357,2e-05,1e-05,102168.495,0
2025-11-08 19:44:35.196665,102168.495,23.15000000000873,0.022658648343609967,0.0,0.0,0.26626,0.053020000000000005,0.21323999999999999,5.021878536401357,2e-05,1e-05,102168.495,0
2025-11-08 19:44:37.225862,102168.495,23.15000000000873,0.022658648343609967,0.0,0.0,0.26626,0.053020000000000005,0.21323999999999999,5.021878536401357,2e-05,1e-05,102168.495,0
2025-11-08 19:44:39.262054,102168.495,23.15000000000873,0.022658648343609967,0.0,0.0,0.26626,0.053020000000000005,0.21323999999999999,5.021878536401357,2e-05,1e-05,102168.495,0
2025-11-08 19:44:41.293828,102168.495,23.15000000000873,0.022658648343609967,0.0,0.0,0.26626,0.053020000000000005,0.21323999999999999,5.021878536401357,2e-05,1e-05,102168.495,0
2025-11-08 19:44:43.324373,102168.495,23.15000000000873,0.022658648343609967,0.0,0.0,0.26626,0.053020000000000005,0.21323999999999999,5.021878536401357,2e-05,1e-05,102168.495,0
2025-11-08 19:44:45.352363,102168.495,23.15000000000873,0.022658648343609967,0.0,0.0,0.26626,0.053020000000000005,0.21323999999999999,5.021878536401357,2e-05,1e-05,102168.495,0
2025-11-08 19:44:47.387907,102168.495,23.15000000000873,0.022658648343609967,0.0,0.0,0.26626,0.053020000000000005,0.21323999999999999,5.021878536401357,2e-05,1e-05,102168.495,0
2025-11-08 19:44:49.420504,102168.495,23.15000000000873,0.022658648343609967,0.0,0.0,0.26626,0.053020000000000005,0.21323999999999999,5.021878536401357,2e-05,1e-05,102168.495,0
2025-11-08 19:44:51.451229,102168.495,23.15000000000873,0.022658648343609967,0.0,0.0,0.26626,0.053020000000000005,0.21323999999999999,5.021878536401357,2e-05,1e-05,102168.495,0
2025-11-08 19:44:53.486892,102168.495,23.15000000000873,0.022658648343609967,0.0,0.0,0.26626,0.053020000000000005,0.21323999999999999,5.021878536401357,2e-05,1e-05,102168.495,0
2025-11-08 19:44:55.518506,102168.495,23.15000000000873,0.022658648343609967,0.0,0.0,0.26626,0.053020000000000005,0.21323999999999999,5.021878536401357,2e-05,1e-05,102168.495,0
2025-11-08 19:44:57.548539,102168.495,23.15000000000873,0.022658648343609967,0.0,0.0,0.26626,0.053020000000000005,0.21323999999999999,5.021878536401357,2e-05,1e-05,102168.495,0
2025-11-08 19:44:59.582796,102168.495,23.15000000000873,0.022658648343609967,0.0,0.0,0.26626,0.053020000000000005,0.21323999999999999,5.021878536401357,2e-05,1e-05,102168.495,0
2025-11-08 19:45:01.624029,102168.495,23.15000000000873,0.022658648343609967,0.0,0.0,0.26626,0.053020000000000005,0.21323999999999999,5.021878536401357,2e-05,1e-05,102168.495,0
2025-11-08 19:45:03.654007,102168.495,23.15000000000873,0.022658648343609967,0.0,0.0,0.26626,0.053020000000000005,0.21323999999999999,5.021878536401357,2e-05,1e-05,102168.495,0
2025-11-08 19:45:05.680655,102168.495,23.15000000000873,0.022658648343609967,0.0,0.0,0.26626,0.053020000000000005,0.21323999999999999,5.021878536401357,2e-05,1e-05,102168.495,0
2025-11-08 19:45:07.714831,102168.495,23.15000000000873,0.022658648343609967,0.0,0.0,0.26626,0.053020000000000005,0.21323999999999999,5.021878536401357,2e-05,1e-05,102168.495,0
2025-11-08 19:45:09.748585,102168.495,23.15000000000873,0.022658648343609967,-0.09188,-0.09188,0.17438,0.053020000000000005,0.12136,3.2889475669558657,2e-05,1e-05,102168.495,0
2025-11-08 19:45:11.778897,102168.495,23.15000000000873,0.022658648343609967,0.0,0.09188,0.17438,0.053020000000000005,0.12136,3.2889475669558657,2e-05,1e-05,102168.495,0
2025-11-08 19:45:13.806483,102168.495,23.15000000000873,0.022658648343609967,0.0,0.0,0.17438,0.053020000000000005,0.12136,3.2889475669558657,2e-05,1e-05,102168.495,0
2025-11-08 19:45:15.842102,102168.495,23.15000000000873,0.022658648343609967,0.0,0.0,0.17438,0.053020000000000005,0.12136,3.2889475669558657,2e-05,1e-05,102168.495,0
2025-11-08 19:45:17.872163,102168.495,23.15000000000873,0.022658648343609967,0.0,0.0,0.17438,0.053020000000000005,0.12136,3.2889475669558657,2e-05,1e-05,102168.495,0
2025-11-08 19:45:19.906087,102168.495,23.15000000000873,0.022658648343609967,0.0,0.0,0.17438,0.053020000000000005,0.12136,3.2889475669558657,2e-05,1e-05,102168.495,0
2025-11-08 19:45:21.937822,102168.495,23.15000000000873,0.022658648343609967,0.0,0.0,0.17438,0.053020000000000005,0.12136,3.2889475669558657,2e-05,1e-05,102166.29500000001,0
2025-11-08 19:45:23.968253,102166.29500000001,27.55000000000291,0.02696584034881847,0.09452,0.09452,0.26890000000000003,0.053020000000000005,0.21588000000000002,5.07167106752169,0.00266,1e-05,102166.29500000001,0
2025-11-08 19:45:25.999387,102166.29500000001,27.55000000000291,0.02696584034881847,0.0,-0.09452,0.26890000000000003,0.053020000000000005,0.21588000000000002,5.07167106752169,0.00266,1e-05,102166.3,1
2025-11-08 19:45:28.033624,102166.3,27.54000000000815,0.026956051065770363,-0.09451999999999999,-0.09451999999999999,0.17438,0.053020000000000005,0.12136,3.2889475669558657,2e-05,1e-05,102166.3,0
2025-11-08 19:45:30.076478,102166.3,27.54000000000815,0.026956051065770363,0.0,0.09451999999999999,0.17438,0.053020000000000005,0.12136,3.2889475669558657,2e-05,1e-05,102166.3,0
2025-11-08 19:45:32.109154,102166.3,27.54000000000815,0.026956051065770363,0.0,0.0,0.17438,0.053020000000000005,0.12136,3.2889475669558657,2e-05,1e-05,102166.3,0
2025-11-08 19:45:34.144703,102166.3,27.54000000000815,0.026956051065770363,0.0,0.0,0.17438,0.053020000000000005,0.12136,3.2889475669558657,2e-05,1e-05,102166.3,0
2025-11-08 19:45:36.174362,102166.3,27.54000000000815,0.026956051065770363,0.0,0.0,0.17438,0.053020000000000005,0.12136,3.2889475669558657,2e-05,1e-05,102166.3,0
2025-11-08 19:45:38.206990,102166.3,27.54000000000815,0.026956051065770363,-0.0004100000000000001,-0.0004100000000000001,0.17438,0.053430000000000005,0.12095,3.263709526483249,2e-05,1e-05,102166.3,0
2025-11-08 19:45:40.241879,102166.3,27.54000000000815,0.026956051065770363,0.0004100000000000001,0.0008200000000000002,0.17438,0.053020000000000005,0.12136,3.2889475669558657,2e-05,1e-05,102166.3,0
2025-11-08 19:45:42.268013,102166.3,27.54000000000815,0.026956051065770363,0.0,-0.0004100000000000001,0.17438,0.053020000000000005,0.12136,3.2889475669558657,2e-05,1e-05,102166.3,0
2025-11-08 19:45:44.299912,102166.3,27.54000000000815,0.026956051065770363,0.0,0.0,0.17438,0.053020000000000005,0.12136,3.2889475669558657,2e-05,1e-05,102166.3,0
2025-11-08 19:45:46.327872,102166.3,27.54000000000815,0.026956051065770363,0.0,0.0,0.17438,0.053020000000000005,0.12136,3.2889475669558657,2e-05,1e-05,102166.3,0
2025-11-08 19:45:48.360522,102166.3,27.54000000000815,0.026956051065770363,0.0,0.0,0.17438,0.053020000000000005,0.12136,3.2889475669558657,2e-05,1e-05,102166.3,0
2025-11-08 19:45:50.390736,102166.3,27.54000000000815,0.026956051065770363,0.0,0.0,0.17438,0.053020000000000005,0.12136,3.2889475669558657,2e-05,1e-05,102166.3,0
2025-11-08 19:45:52.423530,102166.3,27.54000000000815,0.026956051065770363,0.0,0.0,0.17438,0.053020000000000005,0.12136,3.2889475669558657,2e-05,1e-05,102166.3,0
2025-11-08 19:45:54.452592,102166.3,27.54000000000815,0.026956051065770363,0.0,0.0,0.17438,0.053020000000000005,0.12136,3.2889475669558657,2e-05,1e-05,102166.3,0
2025-11-08 19:45:56.476473,102166.3,27.54000000000815,0.026956051065770363,0.0,0.0,0.17438,0.053020000000000005,0.12136,3.2889475669558657,2e-05,1e-05,102166.3,0
2025-11-08 19:45:58.502669,102166.3,27.54000000000815,0.026956051065770363,0.0,0.0,0.17438,0.053020000000000005,0.12136,3.2889475669558657,2e-05,1e-05,102166.3,0
2025-11-08 19:46:00.532441,102166.3,27.54000000000815,0.026956051065770363,0.0,0.0,0.17438,0.053020000000000005,0.12136,3.2889475669558657,2e-05,1e-05,102166.3,0
2025-11-08 19:46:02.564302,102166.3,27.54000000000815,0.026956051065770363,0.0,0.0,0.17438,0.053020000000000005,0.12136,3.2889475669558657,2e-05,1e-05,102166.3,0
2025-11-08 19:46:04.592672,102166.3,27.54000000000815,0.026956051065770363,0.0,0.0,0.17438,0.053020000000000005,0.12136,3.2889475669558657,2e-05,1e-05,102166.3,0
2025-11-08 19:46:06.636309,102166.3,27.54000000000815,0.026956051065770363,0.0,0.0,0.17438,0.053020000000000005,0.12136,3.2889475669558657,2e-05,1e-05,102166.3,0
2025-11-08 19:46:08.670056,102166.3,27.54000000000815,0.026956051065770363,0.0,0.0,0.17438,0.053020000000000005,0.12136,3.2889475669558657,2e-05,1e-05,102166.3,0
2025-11-08 19:46:10.697232,102166.3,27.54000000000815,0.026956051065770363,0.0,0.0,0.17438,0.053020000000000005,0.12136,3.2889475669558657,2e-05,1e-05,102167.125,1
2025-11-08 19:46:12.724419,102167.125,25.89000000001397,0.02534083248404413,0.0,0.0,0.17438,0.053020000000000005,0.12136,3.2889475669558657,0.00266,1e-05,102167.13,1
2025-11-08 19:46:14.755761,102167.13,25.90000000000873,0.02535061912770646,-0.0013499999999999962,-0.0013499999999999962,0.17438,0.05437,0.12001,3.2072834283612286,0.00266,0.00136,102167.13,0
2025-11-08 19:46:16.790824,102167.13,25.90000000000873,0.02535061912770646,0.0,0.0013499999999999962,0.17438,0.05437,0.12001,3.2072834283612286,0.00266,0.00136,102167.13,0
2025-11-08 19:46:18.822550,102167.13,25.90000000000873,0.02535061912770646,0.0,0.0,0.17438,0.05437,0.12001,3.2072834283612286,0.00266,0.00136,102167.125,0
2025-11-08 19:46:20.859761,102167.125,25.89000000001397,0.02534083248404413,0.09587,0.09587,0.26890000000000003,0.053020000000000005,0.21588000000000002,5.07167106752169,0.00266,1e-05,102167.125,0
2025-11-08 19:46:22.891312,102167.125,25.89000000001397,0.02534083248404413,0.0,-0.09587,0.26890000000000003,0.053020000000000005,0.21588000000000002,5.07167106752169,0.00266,1e-05,102167.125,0
2025-11-08 19:46:24.923499,102167.125,25.89000000001397,0.02534083248404413,0.0,0.0,0.26890000000000003,0.053020000000000005,0.21588000000000002,5.07167106752169,0.00266,1e-05,102166.11499999999,0
2025-11-08 19:46:26.958384,102166.11499999999,23.870000000009895,0.023363910823084443,-0.12096999999999998,-0.12096999999999998,0.26892,0.17401,0.09491,1.545428423653813,0.00268,0.05,102166.10999999999,0
2025-11-08 19:46:28.995089,102166.10999999999,23.860000000000582,0.02335412398495018,0.0009199999999999963,0.12188999999999997,0.26890000000000003,0.17307,0.09583000000000003,1.5537065927081528,0.00266,1e-05,102166.10999999999,0
2025-11-08 19:46:31.030318,102166.10999999999,23.860000000000582,0.02335412398495018,0.12004999999999999,0.11913,0.26890000000000003,0.053020000000000005,0.21588000000000002,5.07167106752169,0.00266,1e-05,102166.11499999999,1
2025-11-08 19:46:33.057967,102166.11499999999,23.870000000009895,0.023363910823084443,-0.12096999999999998,-0.24101999999999996,0.26892,0.17401,0.09491,1.545428423653813,0.00268,0.05,102166.11499999999,0
2025-11-08 19:46:35.088768,102166.11499999999,23.870000000009895,0.023363910823084443,0.0,0.12096999999999998,0.26892,0.17401,0.09491,1.545428423653813,0.00268,0.05,102166.11499999999,0
2025-11-08 19:46:37.121997,102166.11499999999,23.870000000009895,0.023363910823084443,0.0,0.0,0.26892,0.17401,0.09491,1.545428423653813,0.00268,0.05,102166.11499999999,0
2025-11-08 19:46:39.162265,102166.11499999999,23.870000000009895,0.023363910823084443,0.0,0.0,0.26892,0.17401,0.09491,1.545428423653813,0.00268,0.05,102166.11499999999,0
2025-11-08 19:46:41.191644,102166.11499999999,23.870000000009895,0.023363910823084443,0.0,0.0,0.26892,0.17401,0.09491,1.545428423653813,0.00268,0.05,102166.11499999999,0
2025-11-08 19:46:43.226628,102166.11499999999,23.870000000009895,0.023363910823084443,0.0,0.0,0.26892,0.17401,0.09491,1.545428423653813,0.00268,0.05,102166.11499999999,0
2025-11-08 19:46:45.263853,102166.11499999999,23.870000000009895,0.023363910823084443,0.0,0.0,0.26892,0.17401,0.09491,1.545428423653813,0.00268,0.05,102166.11499999999,0
2025-11-08 19:46:47.302672,102166.11499999999,23.870000000009895,0.023363910823084443,0.0,0.0,0.26892,0.17401,0.09491,1.545428423653813,0.00268,0.05,102166.11499999999,0
2025-11-08 19:46:49.334428,102166.11499999999,23.870000000009895,0.023363910823084443,0.0,0.0,0.26892,0.17401,0.09491,1.545428423653813,0.00268,0.05,102166.11499999999,0
2025-11-08 19:46:51.370127,102166.11499999999,23.870000000009895,0.023363910823084443,0.0,0.0,0.26892,0.17401,0.09491,1.545428423653813,0.00268,0.05,102166.11499999999,0
2025-11-08 19:46:53.405559,102166.11499999999,23.870000000009895,0.023363910823084443,0.0,0.0,0.26892,0.17401,0.09491,1.545428423653813,0.00268,0.05,102166.11499999999,0
2025-11-08 19:46:55.434853,102166.11499999999,23.870000000009895,0.023363910823084443,0.0,0.0,0.26892,0.17401,0.09491,1.545428423653813,0.00268,0.05,102166.11499999999,0
2025-11-08 19:46:57.467070,102166.11499999999,23.870000000009895,0.023363910823084443,0.0,0.0,0.26892,0.17401,0.09491,1.545428423653813,0.00268,0.05,102166.11499999999,0
2025-11-08 19:46:59.500383,102166.11499999999,23.870000000009895,0.023363910823084443,0.0,0.0,0.26892,0.17401,0.09491,1.545428423653813,0.00268,0.05,102166.10999999999,0
2025-11-08 19:47:01.535789,102166.10999999999,23.860000000000582,0.02335412398495018,0.12096999999999998,0.12096999999999998,0.26890000000000003,0.053020000000000005,0.21588000000000002,5.07167106752169,0.00266,1e-05,102166.10999999999,0
2025-11-08 19:47:03.565617,102166.10999999999,23.860000000000582,0.02335412398495018,2.0000000000000052e-05,-0.12094999999999997,0.26892,0.053020000000000005,0.21589999999999998,5.072048283666541,0.00268,1e-05,102166.11499999999,1
2025-11-08 19:47:05.603551,102166.11499999999,23.870000000009895,0.023363910823084443,-0.12100999999999999,-0.12103,0.26890000000000003,0.17401,0.09489000000000003,1.5453134877305903,0.00266,0.05,102166.11499999999,0
2025-11-08 19:47:07.637811,102166.11499999999,23.870000000009895,0.023363910823084443,0.0,0.12100999999999999,0.26890000000000003,0.17401,0.09489000000000003,1.5453134877305903,0.00266,0.05,102166.11499999999,0
2025-11-08 19:47:09.672678,102166.11499999999,23.870000000009895,0.023363910823084443,0.0,0.0,0.26890000000000003,0.17401,0.09489000000000003,1.5453134877305903,0.00266,0.05,102166.10999999999,0
2025-11-08 19:47:11.706071,102166.10999999999,23.860000000000582,0.02335412398495018,0.12100999999999999,0.12100999999999999,0.26892,0.053020000000000005,0.21589999999999998,5.072048283666541,0.00268,1e-05,102166.11499999999,1
2025-11-08 19:47:13.735631,102166.11499999999,23.870000000009895,0.023363910823084443,-0.12100999999999999,-0.24201999999999999,0.26890000000000003,0.17401,0.09489000000000003,1.5453134877305903,0.00266,0.05,102166.11499999999,0
2025-11-08 19:47:15.772405,102166.11499999999,23.870000000009895,0.023363910823084443,0.0,0.12100999999999999,0.26890000000000003,0.17401,0.09489000000000003,1.5453134877305903,0.00266,0.05,102169.23999999999,1
2025-11-08 19:47:17.803056,102169.23999999999,17.620000000009895,0.017245895144184197,0.0,0.0,0.26890000000000003,0.17401,0.09489000000000003,1.5453134877305903,0.00266,0.05,102169.23999999999,0
2025-11-08 19:47:19.837486,102169.23999999999,17.620000000009895,0.017245895144184197,0.0,0.0,0.26890000000000003,0.17401,0.09489000000000003,1.5453134877305903,0.00266,0.05,102167.935,0
2025-11-08 19:47:21.871174,102167.935,15.010000000009313,0.0146914978755412,2.0000000000000052e-05,2.0000000000000052e-05,0.26892,0.17401,0.09491,1.545428423653813,0.00268,0.05,102167.935,0
2025-11-08 19:47:23.900791,102167.935,15.010000000009313,0.0146914978755412,-2.0000000000000052e-05,-4.0000000000000105e-05,0.26890000000000003,0.17401,0.09489000000000003,1.5453134877305903,0.00266,0.05,102167.935,0
2025-11-08 19:47:25.934929,102167.935,15.010000000009313,0.0146914978755412,0.0,2.0000000000000052e-05,0.26890000000000003,0.17401,0.09489000000000003,1.5453134877305903,0.00266,0.05,102167.93,0
2025-11-08 19:47:27.968800,102167.93,15.0,0.014681710787328274,0.0009599999999999964,0.0009599999999999964,0.26892,0.17307,0.09584999999999999,1.5538221528861154,0.00268,1e-05,102167.93,0
2025-11-08 19:47:30.004849,102167.93,15.0,0.014681710787328274,0.0,-0.0009599999999999964,0.26892,0.17307,0.09584999999999999,1.5538221528861154,0.00268,1e-05,102167.93,0
2025-11-08 19:47:32.034358,102167.93,15.0,0.014681710787328274,0.0,0.0,0.26892,0.17307,0.09584999999999999,1.5538221528861154,0.00268,1e-05,102167.93,0
2025-11-08 19:47:34.066556,102167.93,15.0,0.014681710787328274,0.0,0.0,0.26892,0.17307,0.09584999999999999,1.5538221528861154,0.00268,1e-05,102167.93,0
2025-11-08 19:47:36.099569,102167.93,15.0,0.014681710787328274,0.0,0.0,0.26892,0.17307,0.09584999999999999,1.5538221528861154,0.00268,1e-05,102167.935,1
2025-11-08 19:47:38.126810,102167.935,15.010000000009313,0.0146914978755412,-0.0009599999999999964,-0.0009599999999999964,0.26890000000000003,0.17401,0.09489000000000003,1.5453134877305903,0.00266,0.05,102167.93,0
2025-11-08 19:47:40.164616,102167.93,15.0,0.014681710787328274,0.0009599999999999964,0.001919999999999993,0.26892,0.17307,0.09584999999999999,1.5538221528861154,0.00268,1e-05,102167.93,0
2025-11-08 19:47:42.200929,102167.93,15.0,0.014681710787328274,0.0,-0.0009599999999999964,0.26892,0.17307,0.09584999999999999,1.5538221528861154,0.00268,1e-05,102167.93,0
2025-11-08 19:47:44.227971,102167.93,15.0,0.014681710787328274,0.0,0.0,0.26892,0.17307,0.09584999999999999,1.5538221528861154,0.00268,1e-05,102167.935,1
2025-11-08 19:47:46.266511,102167.935,15.010000000009313,0.0146914978755412,-0.0009599999999999964,-0.0009599999999999964,0.26890000000000003,0.17401,0.09489000000000003,1.5453134877305903,0.00266,0.05,102167.935,0
2025-11-08 19:47:48.299325,102167.935,15.010000000009313,0.0146914978755412,0.0,0.0009599999999999964,0.26890000000000003,0.17401,0.09489000000000003,1.5453134877305903,0.00266,0.05,102167.935,0
2025-11-08 19:47:50.333755,102167.935,15.010000000009313,0.0146914978755412,0.0,0.0,0.26890000000000003,0.17401,0.09489000000000003,1.5453134877305903,0.00266,0.05,102167.935,0
2025-11-08 19:47:52.369290,102167.935,15.010000000009313,0.0146914978755412,0.0,0.0,0.26890000000000003,0.17401,0.09489000000000003,1.5453134877305903,0.00266,0.05,102167.93,0
2025-11-08 19:47:54.402100,102167.93,15.0,0.014681710787328274,0.0009599999999999964,0.0009599999999999964,0.26892,0.17307,0.09584999999999999,1.5538221528861154,0.00268,1e-05,102164.17,0
2025-11-08 19:47:56.436934,102164.17,7.480000000010477,0.007321549228081115,-0.0009599999999999964,-0.001919999999999993,0.26890000000000003,0.17401,0.09489000000000003,1.5453134877305903,0.00266,0.05,102164.17,0
2025-11-08 19:47:58.466106,102164.17,7.480000000010477,0.007321549228081115,0.0,0.0009599999999999964,0.26890000000000003,0.17401,0.09489000000000003,1.5453134877305903,0.00266,0.05,102164.17,0
2025-11-08 19:48:00.497226,102164.17,7.480000000010477,0.007321549228081115,0.0,0.0,0.26890000000000003,0.17401,0.09489000000000003,1.5453134877305903,0.00266,0.05,102164.17,0
2025-11-08 19:48:02.530539,102164.17,7.480000000010477,0.007321549228081115,0.0,0.0,0.26890000000000003,0.17401,0.09489000000000003,1.5453134877305903,0.00266,0.05,102164.17,0
2025-11-08 19:48:04.565676,102164.17,7.480000000010477,0.007321549228081115,0.0,0.0,0.26890000000000003,0.17401,0.09489000000000003,1.5453134877305903,0.00266,0.05,102164.17,0
2025-11-08 19:48:06.602068,102164.17,7.480000000010477,0.007321549228081115,0.0,0.0,0.26890000000000003,0.17401,0.09489000000000003,1.5453134877305903,0.00266,0.05,102164.17,0
2025-11-08 19:48:08.632629,102164.17,7.480000000010477,0.007321549228081115,0.0,0.0,0.26890000000000003,0.17401,0.09489000000000003,1.5453134877305903,0.00266,0.05,102166.07500000001,1
2025-11-08 19:48:10.664345,102166.07500000001,3.6699999999982538,0.0035921904604813808,-0.12068999999999998,-0.12068999999999998,0.14821,0.17401,-0.02579999999999999,0.8517326590425838,0.00029,0.05,102166.07500000001,0
2025-11-08 19:48:12.697980,102166.07500000001,3.6699999999982538,0.0035921904604813808,-2.0000000000000052e-05,0.12066999999999997,0.14819,0.17401,-0.02582000000000001,0.8516177231193609,0.00029,0.05,102166.07,0
2025-11-08 19:48:14.728123,102166.07,3.6599999999889405,0.0035824026508888326,5.963111948670274e-19,2.000000000000065e-05,0.14819,0.17401,-0.02582000000000001,0.8516177231193609,0.00027,0.00095,102166.07500000001,1
2025-11-08 19:48:16.759262,102166.07500000001,3.6699999999982538,0.0035921904604813808,-2.0000000000000595e-05,-2.000000000000119e-05,0.14817,0.17401,-0.025840000000000002,0.8515027871961381,0.00027,0.05,102166.07500000001,0
2025-11-08 19:48:18.784952,102166.07500000001,3.6699999999982538,0.0035921904604813808,0.0,2.0000000000000595e-05,0.14817,0.17401,-0.025840000000000002,0.8515027871961381,0.00027,0.05,102166.07500000001,0
2025-11-08 19:48:20.820726,102166.07500000001,3.6699999999982538,0.0035921904604813808,0.11833999999999999,0.11833999999999999,0.26651,0.17401,0.09250000000000003,1.5315786449054654,0.00027,0.05,102166.07500000001,0
2025-11-08 19:48:22.854709,102166.07500000001,3.6699999999982538,0.0035921904604813808,-0.11833999999999999,-0.23667999999999997,0.14817,0.17401,-0.025840000000000002,0.8515027871961381,0.00027,0.05,102166.07500000001,0
2025-11-08 19:48:24.882514,102166.07500000001,3.6699999999982538,0.0035921904604813808,0.0,0.11833999999999999,0.14817,0.17401,-0.025840000000000002,0.8515027871961381,0.00027,0.05,102166.07500000001,0
2025-11-08 19:48:26.910208,102166.07500000001,3.6699999999982538,0.0035921904604813808,0.0,0.0,0.14817,0.17401,-0.025840000000000002,0.8515027871961381,0.00027,0.05,102166.07500000001,0
2025-11-08 19:48:28.941264,102166.07500000001,3.6699999999982538,0.0035921904604813808,0.0,0.0,0.14817,0.17401,-0.025840000000000002,0.8515027871961381,0.00027,0.05,102166.07500000001,0
2025-11-08 19:48:30.970718,102166.07500000001,3.6699999999982538,0.0035921904604813808,0.0,0.0,0.14817,0.17401,-0.025840000000000002,0.8515027871961381,0.00027,0.05,102166.07500000001,0
2025-11-08 19:48:32.998146,102166.07500000001,3.6699999999982538,0.0035921904604813808,0.0,0.0,0.14817,0.17401,-0.025840000000000002,0.8515027871961381,0.00027,0.05,102166.07,0
2025-11-08 19:48:35.028228,102166.07,3.6599999999889405,0.0035824026508888326,0.12096999999999998,0.12096999999999998,0.14815,0.053020000000000005,0.09512999999999999,2.7942285929837793,0.00025,1e-05,102166.07,0
2025-11-08 19:48:37.057081,102166.07,3.6599999999889405,0.0035824026508888326,0.0,-0.12096999999999998,0.14815,0.053020000000000005,0.09512999999999999,2.7942285929837793,0.00025,1e-05,102166.07,0
2025-11-08 19:48:39.093394,102166.07,3.6599999999889405,0.0035824026508888326,0.0,0.0,0.14815,0.053020000000000005,0.09512999999999999,2.7942285929837793,0.00025,1e-05,102166.07,0
2025-11-08 19:48:41.121718,102166.07,3.6599999999889405,0.0035824026508888326,0.0,0.0,0.14815,0.053020000000000005,0.09512999999999999,2.7942285929837793,0.00025,1e-05,102166.07,0
2025-11-08 19:48:43.151726,102166.07,3.6599999999889405,0.0035824026508888326,0.0,0.0,0.14815,0.053020000000000005,0.09512999999999999,2.7942285929837793,0.00025,1e-05,102172.16,1
2025-11-08 19:48:45.186316,102172.16,15.839999999996508,0.01550324471949747,-0.12096999999999998,-0.12096999999999998,0.14817,0.17401,-0.025840000000000002,0.8515027871961381,0.00025,0.00136,102172.16,0
2025-11-08 19:48:47.235084,102172.16,15.839999999996508,0.01550324471949747,0.0,0.12096999999999998,0.14817,0.17401,-0.025840000000000002,0.8515027871961381,0.00025,0.00136,102172.155,0
2025-11-08 19:48:49.267965,102172.155,15.830000000001746,0.015493458075736726,0.12096999999999998,0.12096999999999998,0.14815,0.053020000000000005,0.09512999999999999,2.7942285929837793,0.00025,1e-05,102172.155,0
2025-11-08 19:48:51.294692,102172.155,15.830000000001746,0.015493458075736726,2.0000000000000052e-05,-0.12094999999999997,0.14817,0.053020000000000005,0.09514999999999998,2.7946058091286305,0.00025,1e-05,102172.155,0
2025-11-08 19:48:53.322108,102172.155,15.830000000001746,0.015493458075736726,0.0,-2.0000000000000052e-05,0.14817,0.053020000000000005,0.09514999999999998,2.7946058091286305,0.00025,1e-05,102172.155,0
2025-11-08 19:48:55.352319,102172.155,15.830000000001746,0.015493458075736726,0.0,0.0,0.14817,0.053020000000000005,0.09514999999999998,2.7946058091286305,0.00025,1e-05,102172.155,0
2025-11-08 19:48:57.382976,102172.155,15.830000000001746,0.015493458075736726,0.0,0.0,0.14817,0.053020000000000005,0.09514999999999998,2.7946058091286305,0.00025,1e-05,102176.21,1
2025-11-08 19:48:59.409916,102176.21,7.720000000001164,0.007555574825099859,1.9999999999999944e-05,1.9999999999999944e-05,0.14819,0.053020000000000005,0.09516999999999998,2.7949830252734813,0.00029,1e-05,102176.21,0
2025-11-08 19:49:01.441312,102176.21,7.720000000001164,0.007555574825099859,2.0000000000000052e-05,1.0842021724855044e-19,0.14821,0.053020000000000005,0.09519,2.7953602414183325,0.00029,1e-05,102176.21,0
2025-11-08 19:49:03.471386,102176.21,7.720000000001164,0.007555574825099859,-2.0000000000000052e-05,-4.0000000000000105e-05,0.14819,0.053020000000000005,0.09516999999999998,2.7949830252734813,0.00029,1e-05,102176.21,0
2025-11-08 19:49:05.501271,102176.21,7.720000000001164,0.007555574825099859,2.0000000000000052e-05,4.0000000000000105e-05,0.14821,0.053020000000000005,0.09519,2.7953602414183325,0.00029,1e-05,102176.21,0
2025-11-08 19:49:07.533653,102176.21,7.720000000001164,0.007555574825099859,0.0,-2.0000000000000052e-05,0.14821,0.053020000000000005,0.09519,2.7953602414183325,0.00029,1e-05,102176.21,0
2025-11-08 19:49:09.563242,102176.21,7.720000000001164,0.007555574825099859,0.0,0.0,0.14821,0.053020000000000005,0.09519,2.7953602414183325,0.00029,1e-05,102176.21,0
2025-11-08 19:49:11.592338,102176.21,7.720000000001164,0.007555574825099859,-2.0000000000000052e-05,-2.0000000000000052e-05,0.14819,0.053020000000000005,0.09516999999999998,2.7949830252734813,0.00029,1e-05,102176.21,0
2025-11-08 19:49:13.626114,102176.21,7.720000000001164,0.007555574825099859,2.0000000000000052e-05,4.0000000000000105e-05,0.14821,0.053020000000000005,0.09519,2.7953602414183325,0.00029,1e-05,102176.21,0
2025-11-08 19:49:15.706225,102176.21,7.720000000001164,0.007555574825099859,0.0,-2.0000000000000052e-05,0.14821,0.053020000000000005,0.09519,2.7953602414183325,0.00029,1e-05,102176.21,0
2025-11-08 19:49:17.736277,102176.21,7.720000000001164,0.007555574825099859,0.0,0.0,0.14821,0.053020000000000005,0.09519,2.7953602414183325,0.00029,1e-05,102176.21,0
2025-11-08 19:49:19.764371,102176.21,7.720000000001164,0.007555574825099859,-2.0000000000000052e-05,-2.0000000000000052e-05,0.14819,0.053020000000000005,0.09516999999999998,2.7949830252734813,0.00029,1e-05,102176.21,0
2025-11-08 19:49:21.799320,102176.21,7.720000000001164,0.007555574825099859,0.0,2.0000000000000052e-05,0.14819,0.053020000000000005,0.09516999999999998,2.7949830252734813,0.00029,1e-05,102176.21,0
2025-11-08 19:49:23.832869,102176.21,7.720000000001164,0.007555574825099859,0.0,0.0,0.14819,0.053020000000000005,0.09516999999999998,2.7949830252734813,0.00029,1e-05,102176.215,1
2025-11-08 19:49:25.862350,102176.215,7.7299999999959255,0.007565361468905386,-0.003989999999999996,-0.003989999999999996,0.14555,0.05437,0.09118000000000001,2.6770277726687515,0.00029,0.00136,102176.21,0
2025-11-08 19:49:27.891034,102176.21,7.720000000001164,0.007555574825099859,0.003989999999999996,0.007979999999999992,0.14819,0.053020000000000005,0.09516999999999998,2.7949830252734813,0.00029,1e-05,102176.21,0
2025-11-08 19:49:29.926364,102176.21,7.720000000001164,0.007555574825099859,0.0,-0.003989999999999996,0.14819,0.053020000000000005,0.09516999999999998,2.7949830252734813,0.00029,1e-05,102176.21,0
2025-11-08 19:49:31.954324,102176.21,7.720000000001164,0.007555574825099859,0.0,0.0,0.14819,0.053020000000000005,0.09516999999999998,2.7949830252734813,0.00029,1e-05,102176.21,0
2025-11-08 19:49:33.982464,102176.21,7.720000000001164,0.007555574825099859,0.0,0.0,0.14819,0.053020000000000005,0.09516999999999998,2.7949830252734813,0.00029,1e-05,102176.21,0
2025-11-08 19:49:36.013868,102176.21,7.720000000001164,0.007555574825099859,0.0,0.0,0.14819,0.053020000000000005,0.09516999999999998,2.7949830252734813,0.00029,1e-05,102176.21,0
2025-11-08 19:49:38.053355,102176.21,7.720000000001164,0.007555574825099859,0.0,0.0,0.14819,0.053020000000000005,0.09516999999999998,2.7949830252734813,0.00029,1e-05,102176.21,0
2025-11-08 19:49:40.082613,102176.21,7.720000000001164,0.007555574825099859,0.0,0.0,0.14819,0.053020000000000005,0.09516999999999998,2.7949830252734813,0.00029,1e-05,102176.21,0
2025-11-08 19:49:42.116443,102176.21,7.720000000001164,0.007555574825099859,0.0,0.0,0.14819,0.053020000000000005,0.09516999999999998,2.7949830252734813,0.00029,1e-05,102176.21,0
2025-11-08 19:49:44.151187,102176.21,7.720000000001164,0.007555574825099859,0.0,0.0,0.14819,0.053020000000000005,0.09516999999999998,2.7949830252734813,0.00029,1e-05,102176.21,0
2025-11-08 19:49:46.179552,102176.21,7.720000000001164,0.007555574825099859,0.0,0.0,0.14819,0.053020000000000005,0.09516999999999998,2.7949830252734813,0.00029,1e-05,102176.21,0
2025-11-08 19:49:48.206683,102176.21,7.720000000001164,0.007555574825099859,0.0,0.0,0.14819,0.053020000000000005,0.09516999999999998,2.7949830252734813,0.00029,1e-05,102176.21,0
2025-11-08 19:49:50.240468,102176.21,7.720000000001164,0.007555574825099859,0.0,0.0,0.14819,0.053020000000000005,0.09516999999999998,2.7949830252734813,0.00029,1e-05,102176.21,0
2025-11-08 19:49:52.273806,102176.21,7.720000000001164,0.007555574825099859,0.0,0.0,0.14819,0.053020000000000005,0.09516999999999998,2.7949830252734813,0.00029,1e-05,102176.21,0
2025-11-08 19:49:54.314053,102176.21,7.720000000001164,0.007555574825099859,-0.00027,-0.00027,0.14792,0.053020000000000005,0.09489999999999998,2.789890607317993,2e-05,1e-05,102175.60500000001,0
2025-11-08 19:49:56.346007,102175.60500000001,6.509999999994761,0.0063713838542916006,-0.21550999999999998,-0.21524,0.0534,0.17401,-0.12061,0.3068789150048848,2e-05,0.05,102173.095,0
2025-11-08 19:49:58.378142,102173.095,1.4899999999906868,0.0014583095481160544,0.00094,0.21644999999999998,0.0534,0.17307,-0.11967,0.30854567516033976,2e-05,0.05,102173.095,0
2025-11-08 19:50:00.409864,102173.095,1.4899999999906868,0.0014583095481160544,-0.0009399999999999964,-0.0018799999999999963,0.0534,0.17401,-0.12061,0.3068789150048848,2e-05,0.05,102173.09,0
2025-11-08 19:50:02.457444,102173.09,1.4799999999959255,0.0014485223066033584,0.0009399999999999964,0.0018799999999999928,0.0534,0.17307,-0.11967,0.30854567516033976,2e-05,1e-05,102173.09,0
2025-11-08 19:50:04.484488,102173.09,1.4799999999959255,0.0014485223066033584,0.0,-0.0009399999999999964,0.0534,0.17307,-0.11967,0.30854567516033976,2e-05,1e-05,102164.955,0
2025-11-08 19:50:06.516644,102164.955,17.75,0.017373863669787746,0.09451999999999999,0.09451999999999999,0.14792,0.17307,-0.025150000000000006,0.8546830762119373,2e-05,1e-05,102164.955,0
2025-11-08 19:50:08.549530,102164.955,17.75,0.017373863669787746,0.0,-0.09451999999999999,0.14792,0.17307,-0.025150000000000006,0.8546830762119373,2e-05,1e-05,102171.01000000001,1
2025-11-08 19:50:10.581321,102171.01000000001,5.639999999999418,0.005520156842923857,-0.09424999999999999,-0.09424999999999999,0.05367,0.17307,-0.1194,0.3101057375628359,0.00029,1e-05,102171.01000000001,0
2025-11-08 19:50:12.612380,102171.01000000001,5.639999999999418,0.005520156842923857,0.0,0.09424999999999999,0.05367,0.17307,-0.1194,0.3101057375628359,0.00029,1e-05,102171.01000000001,0
2025-11-08 19:50:14.642797,102171.01000000001,5.639999999999418,0.005520156842923857,0.0,0.0,0.05367,0.17307,-0.1194,0.3101057375628359,0.00029,1e-05,102171.01000000001,0
2025-11-08 19:50:16.670319,102171.01000000001,5.639999999999418,0.005520156842923857,0.0,0.0,0.05367,0.17307,-0.1194,0.3101057375628359,0.00029,1e-05,102171.01000000001,0
2025-11-08 19:50:18.706214,102171.01000000001,5.639999999999418,0.005520156842923857,0.0,0.0,0.05367,0.17307,-0.1194,0.3101057375628359,0.00029,1e-05,102171.01000000001,0
2025-11-08 19:50:20.744001,102171.01000000001,5.639999999999418,0.005520156842923857,0.0,0.0,0.05367,0.17307,-0.1194,0.3101057375628359,0.00029,1e-05,102171.01000000001,0
2025-11-08 19:50:22.780277,102171.01000000001,5.639999999999418,0.005520156842923857,0.0,0.0,0.05367,0.17307,-0.1194,0.3101057375628359,0.00029,1e-05,102171.01000000001,0
2025-11-08 19:50:24.812750,102171.01000000001,5.639999999999418,0.005520156842923857,0.0,0.0,0.05367,0.17307,-0.1194,0.3101057375628359,0.00029,1e-05,102171.01000000001,0
2025-11-08 19:50:26.844599,102171.01000000001,5.639999999999418,0.005520156842923857,0.0,0.0,0.05367,0.17307,-0.1194,0.3101057375628359,0.00029,1e-05,102171.01000000001,0
2025-11-08 19:50:28.873878,102171.01000000001,5.639999999999418,0.005520156842923857,0.0,0.0,0.05367,0.17307,-0.1194,0.3101057375628359,0.00029,1e-05,102171.01000000001,0
2025-11-08 19:50:30.906499,102171.01000000001,5.639999999999418,0.005520156842923857,0.0,0.0,0.05367,0.17307,-0.1194,0.3101057375628359,0.00029,1e-05,102171.01000000001,0
2025-11-08 19:50:32.941861,102171.01000000001,5.639999999999418,0.005520156842923857,0.0,0.0,0.05367,0.17307,-0.1194,0.3101057375628359,0.00029,1e-05,102171.01000000001,0
2025-11-08 19:50:34.974204,102171.01000000001,5.639999999999418,0.005520156842923857,0.0,0.0,0.05367,0.17307,-0.1194,0.3101057375628359,0.00029,1e-05,102171.01000000001,0
2025-11-08 19:50:37.007664,102171.01000000001,5.639999999999418,0.005520156842923857,0.0,0.0,0.05367,0.17307,-0.1194,0.3101057375628359,0.00029,1e-05,102171.01000000001,0
2025-11-08 19:50:39.042232,102171.01000000001,5.639999999999418,0.005520156842923857,0.0,0.0,0.05367,0.17307,-0.1194,0.3101057375628359,0.00029,1e-05,102171.01000000001,0
2025-11-08 19:50:41.075853,102171.01000000001,5.639999999999418,0.005520156842923857,0.0,0.0,0.05367,0.17307,-0.1194,0.3101057375628359,0.00029,1e-05,102171.01000000001,0
2025-11-08 19:50:43.107082,102171.01000000001,5.639999999999418,0.005520156842923857,0.0,0.0,0.05367,0.17307,-0.1194,0.3101057375628359,0.00029,1e-05,102171.01000000001,0
2025-11-08 19:50:45.139989,102171.01000000001,5.639999999999418,0.005520156842923857,0.0,0.0,0.05367,0.17307,-0.1194,0.3101057375628359,0.00029,1e-05,102171.01000000001,0
2025-11-08 19:50:47.166459,102171.01000000001,5.639999999999418,0.005520156842923857,0.0,0.0,0.05367,0.17307,-0.1194,0.3101057375628359,0.00029,1e-05,102171.01000000001,0
2025-11-08 19:50:49.196222,102171.01000000001,5.639999999999418,0.005520156842923857,0.0,0.0,0.05367,0.17307,-0.1194,0.3101057375628359,0.00029,1e-05,102171.01000000001,0
2025-11-08 19:50:51.224258,102171.01000000001,5.639999999999418,0.005520156842923857,0.0,0.0,0.05367,0.17307,-0.1194,0.3101057375628359,0.00029,1e-05,102171.01000000001,0
2025-11-08 19:50:53.252163,102171.01000000001,5.639999999999418,0.005520156842923857,0.0,0.0,0.05367,0.17307,-0.1194,0.3101057375628359,0.00029,1e-05,102164.955,0
2025-11-08 19:50:55.281738,102164.955,17.75,0.017373863669787746,0.09424999999999999,0.09424999999999999,0.14792,0.17307,-0.025150000000000006,0.8546830762119373,2e-05,1e-05,102171.01000000001,1
2025-11-08 19:50:57.312066,102171.01000000001,5.639999999999418,0.005520156842923857,0.025800000000000003,-0.06844999999999998,0.05367,0.053020000000000005,0.0006499999999999978,1.0122595247076573,0.00029,1e-05,102171.01000000001,0
2025-11-08 19:50:59.343122,102171.01000000001,5.639999999999418,0.005520156842923857,0.0,-0.025800000000000003,0.05367,0.053020000000000005,0.0006499999999999978,1.0122595247076573,0.00029,1e-05,102171.01000000001,0
2025-11-08 19:51:01.371471,102171.01000000001,5.639999999999418,0.005520156842923857,0.0,0.0,0.05367,0.053020000000000005,0.0006499999999999978,1.0122595247076573,0.00029,1e-05,102168.195,0
2025-11-08 19:51:03.401206,102168.195,0.00999999999476131,9.787781799180567e-06,-0.12004999999999999,-0.12004999999999999,0.05367,0.17307,-0.1194,0.3101057375628359,0.00029,0.05,102168.195,0
2025-11-08 19:51:05.436366,102168.195,0.00999999999476131,9.787781799180567e-06,-0.0009399999999999964,0.11911,0.05367,0.17401,-0.12034,0.30843054996839264,0.00029,0.05,102168.195,0
2025-11-08 19:51:07.466545,102168.195,0.00999999999476131,9.787781799180567e-06,0.0,0.0009399999999999964,0.05367,0.17401,-0.12034,0.30843054996839264,0.00029,0.05,102168.195,0
2025-11-08 19:51:09.502498,102168.195,0.00999999999476131,9.787781799180567e-06,0.0,0.0,0.05367,0.17401,-0.12034,0.30843054996839264,0.00029,0.05,102168.195,0
2025-11-08 19:51:11.536105,102168.195,0.00999999999476131,9.787781799180567e-06,-1.0000000000000026e-05,-1.0000000000000026e-05,0.05366,0.17401,-0.12035,0.3083730820067812,0.00028,0.05,102168.195,0
2025-11-08 19:51:13.567828,102168.195,0.00999999999476131,9.787781799180567e-06,0.0,1.0000000000000026e-05,0.05366,0.17401,-0.12035,0.3083730820067812,0.00028,0.05,102168.195,0
2025-11-08 19:51:15.595061,102168.195,0.00999999999476131,9.787781799180567e-06,0.0,0.0,0.05366,0.17401,-0.12035,0.3083730820067812,0.00028,0.05,102168.195,0
2025-11-08 19:51:17.622678,102168.195,0.00999999999476131,9.787781799180567e-06,0.0,0.0,0.05366,0.17401,-0.12035,0.3083730820067812,0.00028,0.05,102168.195,0
2025-11-08 19:51:19.652281,102168.195,0.00999999999476131,9.787781799180567e-06,0.0,0.0,0.05366,0.17401,-0.12035,0.3083730820067812,0.00028,0.05,102168.195,0
2025-11-08 19:51:21.685748,102168.195,0.00999999999476131,9.787781799180567e-06,0.0,0.0,0.05366,0.17401,-0.12035,0.3083730820067812,0.00028,0.05,102168.195,0
2025-11-08 19:51:23.720964,102168.195,0.00999999999476131,9.787781799180567e-06,0.0,0.0,0.05366,0.17401,-0.12035,0.3083730820067812,0.00028,0.05,102168.195,0
2025-11-08 19:51:25.751506,102168.195,0.00999999999476131,9.787781799180567e-06,0.0,0.0,0.05366,0.17401,-0.12035,0.3083730820067812,0.00028,0.05,102168.195,0
2025-11-08 19:51:27.778568,102168.195,0.00999999999476131,9.787781799180567e-06,0.0,0.0,0.05366,0.17401,-0.12035,0.3083730820067812,0.00028,0.05,102168.195,0
2025-11-08 19:51:29.810420,102168.195,0.00999999999476131,9.787781799180567e-06,0.0,0.0,0.05366,0.17401,-0.12035,0.3083730820067812,0.00028,0.05,102062.975,0
2025-11-08 19:51:31.846246,102062.975,96.75,0.0947944149188283,0.10792000000000002,0.10792000000000002,0.14765,0.16008,-0.012429999999999997,0.9223513243378311,0.05,0.03607,102065.485,1
2025-11-08 19:51:33.881508,102065.485,91.73000000001048,0.08987367276999711,9.999999999996123e-06,-0.10791000000000002,0.14765999999999999,0.16008,-0.012420000000000014,0.9224137931034482,0.05001,0.03607,102065.48,0
2025-11-08 19:51:35.917308,102065.48,91.72000000000116,0.0898638795408606,0.0009300000000000139,0.0009200000000000178,0.14765999999999999,0.15914999999999999,-0.01149,0.927803958529689,0.05001,2e-05,102065.485,1
2025-11-08 19:51:37.943545,102065.485,91.73000000001048,0.08987367276999711,-0.0009400000000000101,-0.001870000000000024,0.14765,0.16008,-0.012429999999999997,0.9223513243378311,0.05,0.03607,102065.48,0
2025-11-08 19:51:39.977535,102065.48,91.72000000000116,0.0898638795408606,0.0006800000000000139,0.001620000000000024,0.14765,0.1594,-0.011749999999999983,0.9262860727728984,0.05,2e-05,102065.485,1
2025-11-08 19:51:42.008822,102065.485,91.73000000001048,0.08987367276999711,-0.00068,-0.001360000000000014,0.14765,0.16008,-0.012429999999999997,0.9223513243378311,0.05,0.03607,102065.485,0
2025-11-08 19:51:44.040760,102065.485,91.73000000001048,0.08987367276999711,0.0,0.00068,0.14765,0.16008,-0.012429999999999997,0.9223513243378311,0.05,0.03607,102065.485,0
2025-11-08 19:51:46.068435,102065.485,91.73000000001048,0.08987367276999711,0.0,0.0,0.14765,0.16008,-0.012429999999999997,0.9223513243378311,0.05,0.03607,102065.48,0
2025-11-08 19:51:48.102242,102065.48,91.72000000000116,0.0898638795408606,0.0006899999999999962,0.0006899999999999962,0.14765999999999999,0.1594,-0.01174,0.9263488080301129,0.05001,2e-05,102050.06,0
2025-11-08 19:51:50.137670,102050.06,95.58000000000175,0.09365991553557318,-0.014620000000000008,-0.015310000000000004,0.14765,0.17401000000000003,-0.026360000000000022,0.8485144531923452,0.05,0.05,102050.065,1
2025-11-08 19:51:52.169501,102050.065,95.57000000000698,0.09365011183482047,-0.0013499999999999855,0.013270000000000023,0.14629999999999999,0.17401000000000003,-0.02771000000000004,0.8407562783748058,1e-05,0.05,102050.055,0
2025-11-08 19:51:54.203822,102050.055,95.55000000000291,0.09363052278610033,0.0006800000000000139,0.0020299999999999997,0.14629999999999999,0.17332999999999998,-0.02703,0.8440546933594877,1e-05,0.00095,102052.805,1
2025-11-08 19:51:56.229926,102052.805,101.05000000000291,0.09901736654862442,-0.00029000000000001247,-0.0009700000000000264,0.14629999999999999,0.17362,-0.02732000000000001,0.8426448565833429,1e-05,0.04961,102052.805,0
2025-11-08 19:51:58.259558,102052.805,101.05000000000291,0.09901736654862442,0.0,0.00029000000000001247,0.14629999999999999,0.17362,-0.02732000000000001,0.8426448565833429,1e-05,0.04961,102052.8,0
2025-11-08 19:52:00.297372,102052.8,101.04000000000815,0.09900757255068764,0.00068,0.00068,0.14629999999999999,0.17293999999999998,-0.026639999999999997,0.8459581357696311,1e-05,2e-05,102052.8,0
2025-11-08 19:52:02.335185,102052.8,101.04000000000815,0.09900757255068764,0.0,-0.00068,0.14629999999999999,0.17293999999999998,-0.026639999999999997,0.8459581357696311,1e-05,2e-05,102052.8,0
2025-11-08 19:52:04.362196,102052.8,101.04000000000815,0.09900757255068764,0.0,0.0,0.14629999999999999,0.17293999999999998,-0.026639999999999997,0.8459581357696311,1e-05,2e-05,102052.8,0
2025-11-08 19:52:06.389770,102052.8,101.04000000000815,0.09900757255068764,0.0,0.0,0.14629999999999999,0.17293999999999998,-0.026639999999999997,0.8459581357696311,1e-05,2e-05,102052.8,0
2025-11-08 19:52:08.416071,102052.8,101.04000000000815,0.09900757255068764,0.0,0.0,0.14629999999999999,0.17293999999999998,-0.026639999999999997,0.8459581357696311,1e-05,2e-05,102052.795,0
2025-11-08 19:52:10.465403,102052.795,101.02999999999884,0.09899777855177688,5.421010862427522e-19,5.421010862427522e-19,0.14629999999999999,0.17293999999999998,-0.026639999999999997,0.8459581357696311,1e-05,0.00095,102052.8,1
2025-11-08 19:52:12.501753,102052.8,101.04000000000815,0.09900757255068764,-5.421010862427522e-19,-1.0842021724855044e-18,0.14629999999999999,0.17293999999999998,-0.026639999999999997,0.8459581357696311,1e-05,2e-05,102052.8,0
2025-11-08 19:52:14.535289,102052.8,101.04000000000815,0.09900757255068764,0.0,5.421010862427522e-19,0.14629999999999999,0.17293999999999998,-0.026639999999999997,0.8459581357696311,1e-05,2e-05,102052.8,0
2025-11-08 19:52:16.570137,102052.8,101.04000000000815,0.09900757255068764,0.0,0.0,0.14629999999999999,0.17293999999999998,-0.026639999999999997,0.8459581357696311,1e-05,2e-05,102044.92,0
2025-11-08 19:52:18.600614,102044.92,88.10000000000582,0.08633452797062884,0.00027999999999998404,0.00027999999999998404,0.14765,0.17401000000000003,-0.026360000000000022,0.8485144531923452,0.0007,0.05,102040.6,0
2025-11-08 19:52:20.634310,102040.6,79.4600000000064,0.07787096508645226,-0.0006599999999999822,-0.0009399999999999663,0.14631,0.17333,-0.027020000000000016,0.8441123867766687,0.0007,2e-05,102040.6,0
2025-11-08 19:52:22.668208,102040.6,79.4600000000064,0.07787096508645226,0.0,0.0006599999999999822,0.14631,0.17333,-0.027020000000000016,0.8441123867766687,0.0007,2e-05,102040.6,0
2025-11-08 19:52:24.704381,102040.6,79.4600000000064,0.07787096508645226,0.0,0.0,0.14631,0.17333,-0.027020000000000016,0.8441123867766687,0.0007,2e-05,102040.6,0
2025-11-08 19:52:26.733625,102040.6,79.4600000000064,0.07787096508645226,0.0,0.0,0.14631,0.17333,-0.027020000000000016,0.8441123867766687,0.0007,2e-05,102040.6,0
2025-11-08 19:52:28.764798,102040.6,79.4600000000064,0.07787096508645226,0.0,0.0,0.14631,0.17333,-0.027020000000000016,0.8441123867766687,0.0007,2e-05,102040.605,1
2025-11-08 19:52:30.799169,102040.605,79.47000000000116,0.07788076129105778,-6.000000000000471e-05,-6.000000000000471e-05,0.14631,0.17339000000000002,-0.02708000000000002,0.8438202895207335,0.0007,0.04938,102067.03,1
2025-11-08 19:52:32.832541,102067.03,114.22000000000116,0.11190685180121453,0.0003099999999999941,0.0003699999999999988,0.14765,0.17442,-0.026769999999999988,0.8465198945075106,0.05,0.05,102074.185,1
2025-11-08 19:52:34.863758,102074.185,99.91000000000349,0.09787979203557051,0.0004099999999999937,9.999999999999961e-05,0.14765,0.17401,-0.026359999999999995,0.8485144531923453,0.05,0.05,102074.19,1
2025-11-08 19:52:36.897299,102074.19,99.89999999999418,0.09786999044517931,-0.0013499999999999855,-0.0017599999999999792,0.14629999999999999,0.17401,-0.027710000000000012,0.8407562783748059,1e-05,0.05,102068.91,0
2025-11-08 19:52:38.924140,102068.91,89.36000000000058,0.08754869626804145,0.0013499999999999855,0.002699999999999971,0.14765,0.17401000000000003,-0.026360000000000022,0.8485144531923452,0.05,0.05,102068.91,0
2025-11-08 19:52:40.955631,102068.91,89.36000000000058,0.08754869626804145,0.0,-0.0013499999999999855,0.14765,0.17401000000000003,-0.026360000000000022,0.8485144531923452,0.05,0.05,102068.91,0
2025-11-08 19:52:42.991439,102068.91,89.36000000000058,0.08754869626804145,0.0,0.0,0.14765,0.17401000000000003,-0.026360000000000022,0.8485144531923452,0.05,0.05,102068.91,0
2025-11-08 19:52:45.034093,102068.91,89.36000000000058,0.08754869626804145,0.0,0.0,0.14765,0.17401000000000003,-0.026360000000000022,0.8485144531923452,0.05,0.05,102075.33499999999,1
2025-11-08 19:52:47.063163,102075.33499999999,102.2100000000064,0.10013192707132082,0.0,0.0,0.14765,0.17401,-0.026359999999999995,0.8485144531923453,0.05,0.05,102078.245,1
2025-11-08 19:52:49.092626,102078.245,96.38999999999942,0.09442756387514246,-0.0013399999999999894,-0.0013399999999999894,0.14631,0.17401,-0.027700000000000002,0.8408137463364175,0.05,0.05,102078.245,0
2025-11-08 19:52:51.118050,102078.245,96.38999999999942,0.09442756387514246,0.0,0.0013399999999999894,0.14631,0.17401,-0.027700000000000002,0.8408137463364175,0.05,0.05,102078.245,0
2025-11-08 19:52:53.143716,102078.245,96.38999999999942,0.09442756387514246,0.0013399999999999894,0.0013399999999999894,0.14765,0.17401,-0.026359999999999995,0.8485144531923453,0.05,0.05,102082.61499999999,1
2025-11-08 19:52:55.170590,102082.61499999999,87.65000000000873,0.08586182867671321,-0.0013399999999999894,-0.002679999999999979,0.14631,0.17401,-0.027700000000000002,0.8408137463364175,2e-05,0.05,102093.205,1
2025-11-08 19:52:57.203872,102093.205,97.01000000000931,0.09502101535553645,0.0013399999999999894,0.002679999999999979,0.14765,0.17401,-0.026359999999999995,0.8485144531923453,0.05,0.05,102093.205,0
2025-11-08 19:52:59.235816,102093.205,97.01000000000931,0.09502101535553645,0.0,-0.0013399999999999894,0.14765,0.17401,-0.026359999999999995,0.8485144531923453,0.05,0.05,102093.205,0
2025-11-08 19:53:01.271258,102093.205,97.01000000000931,0.09502101535553645,0.0,0.0,0.14765,0.17401,-0.026359999999999995,0.8485144531923453,0.05,0.05,102093.21,1
2025-11-08 19:53:03.311778,102093.21,97.0,0.09501121573119309,-0.0013499999999999855,-0.0013499999999999855,0.14629999999999999,0.17401,-0.027710000000000012,0.8407562783748059,1e-05,0.05,102093.21,0
2025-11-08 19:53:05.346501,102093.21,97.0,0.09501121573119309,0.0,0.0013499999999999855,0.14629999999999999,0.17401,-0.027710000000000012,0.8407562783748059,1e-05,0.05,102090.19,0
2025-11-08 19:53:07.383345,102090.19,90.97999999999593,0.0891172795348857,0.0013499999999999855,0.0013499999999999855,0.14765,0.17401,-0.026359999999999995,0.8485144531923453,0.05,0.05,102081.11499999999,0
2025-11-08 19:53:09.416142,102081.11499999999,96.49000000000524,0.09452287036637996,-0.0013399999999999894,-0.002689999999999975,0.14631,0.17401,-0.027700000000000002,0.8408137463364175,2e-05,0.05,102074.39,0
2025-11-08 19:53:11.449500,102074.39,109.94000000000233,0.10770576243463452,0.0013399999999999894,0.002679999999999979,0.14765,0.17401,-0.026359999999999995,0.8485144531923453,0.05,0.05,102069.375,0
2025-11-08 19:53:13.480459,102069.375,99.89000000001397,0.09786481008629078,-0.0013399999999999894,-0.002679999999999979,0.14631,0.17401000000000003,-0.02770000000000003,0.8408137463364173,2e-05,0.05,102069.375,0
2025-11-08 19:53:15.516328,102069.375,99.89000000001397,0.09786481008629078,0.0,0.0013399999999999894,0.14631,0.17401000000000003,-0.02770000000000003,0.8408137463364173,2e-05,0.05,102069.375,0
2025-11-08 19:53:17.550291,102069.375,99.89000000001397,0.09786481008629078,0.0,0.0,0.14631,0.17401000000000003,-0.02770000000000003,0.8408137463364173,2e-05,0.05,102069.375,0
2025-11-08 19:53:19.581770,102069.375,99.89000000001397,0.09786481008629078,0.0,0.0,0.14631,0.17401000000000003,-0.02770000000000003,0.8408137463364173,2e-05,0.05,102069.375,0
2025-11-08 19:53:21.615470,102069.375,99.89000000001397,0.09786481008629078,0.0,0.0,0.14631,0.17401000000000003,-0.02770000000000003,0.8408137463364173,2e-05,0.05,102069.375,0
2025-11-08 19:53:23.651105,102069.375,99.89000000001397,0.09786481008629078,0.0,0.0,0.14631,0.17401000000000003,-0.02770000000000003,0.8408137463364173,2e-05,0.05,102069.375,0
2025-11-08 19:53:25.685646,102069.375,99.89000000001397,0.09786481008629078,0.0,0.0,0.14631,0.17401000000000003,-0.02770000000000003,0.8408137463364173,2e-05,0.05,102069.375,0
2025-11-08 19:53:27.716545,102069.375,99.89000000001397,0.09786481008629078,0.0,0.0,0.14631,0.17401000000000003,-0.02770000000000003,0.8408137463364173,2e-05,0.05,102069.375,0
2025-11-08 19:53:29.746171,102069.375,99.89000000001397,0.09786481008629078,0.0,0.0,0.14631,0.17401000000000003,-0.02770000000000003,0.8408137463364173,2e-05,0.05,102069.375,0
2025-11-08 19:53:31.779613,102069.375,99.89000000001397,0.09786481008629078,0.0,0.0,0.14631,0.17401000000000003,-0.02770000000000003,0.8408137463364173,2e-05,0.05,102069.375,0
2025-11-08 19:53:33.813943,102069.375,99.89000000001397,0.09786481008629078,0.0,0.0,0.14631,0.17401000000000003,-0.02770000000000003,0.8408137463364173,2e-05,0.05,102069.375,0
2025-11-08 19:53:35.841125,102069.375,99.89000000001397,0.09786481008629078,0.0,0.0,0.14631,0.17401000000000003,-0.02770000000000003,0.8408137463364173,2e-05,0.05,102069.375,0
2025-11-08 19:53:37.873913,102069.375,99.89000000001397,0.09786481008629078,0.0,0.0,0.14631,0.17401000000000003,-0.02770000000000003,0.8408137463364173,2e-05,0.05,102069.375,0
2025-11-08 19:53:39.907340,102069.375,99.89000000001397,0.09786481008629078,0.0,0.0,0.14631,0.17401000000000003,-0.02770000000000003,0.8408137463364173,2e-05,0.05,102069.375,0
2025-11-08 19:53:41.939839,102069.375,99.89000000001397,0.09786481008629078,0.0,0.0,0.14631,0.17401000000000003,-0.02770000000000003,0.8408137463364173,2e-05,0.05,102069.375,0
2025-11-08 19:53:43.970992,102069.375,99.89000000001397,0.09786481008629078,0.0,0.0,0.14631,0.17401000000000003,-0.02770000000000003,0.8408137463364173,2e-05,0.05,102069.375,0
2025-11-08 19:53:46.001343,102069.375,99.89000000001397,0.09786481008629078,0.0,0.0,0.14631,0.17401000000000003,-0.02770000000000003,0.8408137463364173,2e-05,0.05,102069.375,0
2025-11-08 19:53:48.031645,102069.375,99.89000000001397,0.09786481008629078,0.0,0.0,0.14631,0.17401000000000003,-0.02770000000000003,0.8408137463364173,2e-05,0.05,102069.375,0
2025-11-08 19:53:50.062314,102069.375,99.89000000001397,0.09786481008629078,0.0,0.0,0.14631,0.17401000000000003,-0.02770000000000003,0.8408137463364173,2e-05,0.05,102069.375,0
2025-11-08 19:53:52.097367,102069.375,99.89000000001397,0.09786481008629078,0.0,0.0,0.14631,0.17401000000000003,-0.02770000000000003,0.8408137463364173,2e-05,0.05,102069.375,0
2025-11-08 19:53:54.128729,102069.375,99.89000000001397,0.09786481008629078,0.0,0.0,0.14631,0.17401000000000003,-0.02770000000000003,0.8408137463364173,2e-05,0.05,102069.375,0
2025-11-08 19:53:56.159584,102069.375,99.89000000001397,0.09786481008629078,0.0,0.0,0.14631,0.17401000000000003,-0.02770000000000003,0.8408137463364173,2e-05,0.05,102069.375,0
2025-11-08 19:53:58.190546,102069.375,99.89000000001397,0.09786481008629078,0.0,0.0,0.14631,0.17401000000000003,-0.02770000000000003,0.8408137463364173,2e-05,0.05,102069.375,0
2025-11-08 19:54:00.217787,102069.375,99.89000000001397,0.09786481008629078,0.0,0.0,0.14631,0.17401000000000003,-0.02770000000000003,0.8408137463364173,2e-05,0.05,102069.375,0
2025-11-08 19:54:02.250385,102069.375,99.89000000001397,0.09786481008629078,0.0,0.0,0.14631,0.17401000000000003,-0.02770000000000003,0.8408137463364173,2e-05,0.05,102069.375,0
2025-11-08 19:54:04.280343,102069.375,99.89000000001397,0.09786481008629078,0.0,0.0,0.14631,0.17401000000000003,-0.02770000000000003,0.8408137463364173,2e-05,0.05,102069.375,0
2025-11-08 19:54:06.309184,102069.375,99.89000000001397,0.09786481008629078,0.0,0.0,0.14631,0.17401000000000003,-0.02770000000000003,0.8408137463364173,2e-05,0.05,102069.375,0
2025-11-08 19:54:08.338221,102069.375,99.89000000001397,0.09786481008629078,0.0,0.0,0.14631,0.17401000000000003,-0.02770000000000003,0.8408137463364173,2e-05,0.05,102069.375,0
2025-11-08 19:54:10.368938,102069.375,99.89000000001397,0.09786481008629078,0.0,0.0,0.14631,0.17401000000000003,-0.02770000000000003,0.8408137463364173,2e-05,0.05,102069.375,0
2025-11-08 19:54:12.403197,102069.375,99.89000000001397,0.09786481008629078,-2.168404344971009e-19,-2.168404344971009e-19,0.14631,0.17401,-0.027700000000000002,0.8408137463364175,2e-05,0.05,102069.375,0
2025-11-08 19:54:14.435361,102069.375,99.89000000001397,0.09786481008629078,0.0,2.168404344971009e-19,0.14631,0.17401,-0.027700000000000002,0.8408137463364175,2e-05,0.05,102069.375,0
2025-11-08 19:54:16.470326,102069.375,99.89000000001397,0.09786481008629078,0.0006400000000000017,0.0006400000000000017,0.14631,0.17337,-0.02706,0.8439176328084443,2e-05,0.04936,102073.03,1
2025-11-08 19:54:18.505466,102073.03,92.58000000000175,0.09069976662787589,0.0013399999999999894,0.0006999999999999877,0.14765,0.17337,-0.025719999999999993,0.8516467670300514,0.05,0.04936,102078.555,1
2025-11-08 19:54:20.540683,102078.555,103.61000000000058,0.10150026124488203,-0.0019799999999999913,-0.003319999999999981,0.14631,0.17401,-0.027700000000000002,0.8408137463364175,2e-05,0.05,102078.555,0
2025-11-08 19:54:22.570305,102078.555,103.61000000000058,0.10150026124488203,0.00021000000000000185,0.002189999999999993,0.14631,0.1738,-0.027490000000000014,0.8418296892980437,2e-05,0.04979,102078.555,0
2025-11-08 19:54:24.602893,102078.555,103.61000000000058,0.10150026124488203,0.0,-0.00021000000000000185,0.14631,0.1738,-0.027490000000000014,0.8418296892980437,2e-05,0.04979,102073.98000000001,0
2025-11-08 19:54:26.635462,102073.98000000001,94.4600000000064,0.09254072389457763,-0.00021000000000000185,-0.00021000000000000185,0.14631,0.17401,-0.027700000000000002,0.8408137463364175,2e-05,0.05,102073.98000000001,0
2025-11-08 19:54:28.664770,102073.98000000001,94.4600000000064,0.09254072389457763,0.0,0.00021000000000000185,0.14631,0.17401,-0.027700000000000002,0.8408137463364175,2e-05,0.05,102073.98000000001,0
2025-11-08 19:54:30.691492,102073.98000000001,94.4600000000064,0.09254072389457763,0.0,0.0,0.14631,0.17401,-0.027700000000000002,0.8408137463364175,2e-05,0.05,102073.98000000001,0
2025-11-08 19:54:32.728132,102073.98000000001,94.4600000000064,0.09254072389457763,0.0,0.0,0.14631,0.17401,-0.027700000000000002,0.8408137463364175,2e-05,0.05,102073.98000000001,0
2025-11-08 19:54:34.762813,102073.98000000001,94.4600000000064,0.09254072389457763,0.0,0.0,0.14631,0.17401,-0.027700000000000002,0.8408137463364175,2e-05,0.05,102073.98000000001,0
2025-11-08 19:54:36.798538,102073.98000000001,94.4600000000064,0.09254072389457763,0.0,0.0,0.14631,0.17401,-0.027700000000000002,0.8408137463364175,2e-05,0.05,102073.98000000001,0
2025-11-08 19:54:38.823894,102073.98000000001,94.4600000000064,0.09254072389457763,0.0,0.0,0.14631,0.17401,-0.027700000000000002,0.8408137463364175,2e-05,0.05,102073.98000000001,0
2025-11-08 19:54:40.855137,102073.98000000001,94.4600000000064,0.09254072389457763,0.0,0.0,0.14631,0.17401,-0.027700000000000002,0.8408137463364175,2e-05,0.05,102073.98000000001,0
2025-11-08 19:54:42.879984,102073.98000000001,94.4600000000064,0.09254072389457763,0.0,0.0,0.14631,0.17401,-0.027700000000000002,0.8408137463364175,2e-05,0.05,102073.98000000001,0
2025-11-08 19:54:44.909472,102073.98000000001,94.4600000000064,0.09254072389457763,0.0,0.0,0.14631,0.17401,-0.027700000000000002,0.8408137463364175,2e-05,0.05,102073.98000000001,0
2025-11-08 19:54:46.942338,102073.98000000001,94.4600000000064,0.09254072389457763,0.0,0.0,0.14631,0.17401,-0.027700000000000002,0.8408137463364175,2e-05,0.05,102073.98000000001,0
2025-11-08 19:54:48.969838,102073.98000000001,94.4600000000064,0.09254072389457763,0.0,0.0,0.14631,0.17401,-0.027700000000000002,0.8408137463364175,2e-05,0.05,102084.15,1
2025-11-08 19:54:50.997990,102084.15,101.6200000000099,0.09954532608638059,0.0013399999999999894,0.0013399999999999894,0.14765,0.17401,-0.026359999999999995,0.8485144531923453,0.05,0.05,102084.15,0
2025-11-08 19:54:53.027668,102084.15,101.6200000000099,0.09954532608638059,0.0,-0.0013399999999999894,0.14765,0.17401,-0.026359999999999995,0.8485144531923453,0.05,0.05,102084.15,0
2025-11-08 19:54:55.061955,102084.15,101.6200000000099,0.09954532608638059,0.0,0.0,0.14765,0.17401,-0.026359999999999995,0.8485144531923453,0.05,0.05,102084.15,0
2025-11-08 19:54:57.095688,102084.15,101.6200000000099,0.09954532608638059,0.0,0.0,0.14765,0.17401,-0.026359999999999995,0.8485144531923453,0.05,0.05,102084.15,0
2025-11-08 19:54:59.127256,102084.15,101.6200000000099,0.09954532608638059,0.0,0.0,0.14765,0.17401,-0.026359999999999995,0.8485144531923453,0.05,0.05,102084.15,0
2025-11-08 19:55:01.157891,102084.15,101.6200000000099,0.09954532608638059,0.0,0.0,0.14765,0.17401,-0.026359999999999995,0.8485144531923453,0.05,0.05,102084.15,0
2025-11-08 19:55:03.191951,102084.15,101.6200000000099,0.09954532608638059,0.0,0.0,0.14765,0.17401,-0.026359999999999995,0.8485144531923453,0.05,0.05,102084.15,0
2025-11-08 19:55:05.222099,102084.15,101.6200000000099,0.09954532608638059,0.0,0.0,0.14765,0.17401,-0.026359999999999995,0.8485144531923453,0.05,0.05,102084.15,0
2025-11-08 19:55:07.256250,102084.15,101.6200000000099,0.09954532608638059,0.0,0.0,0.14765,0.17401,-0.026359999999999995,0.8485144531923453,0.05,0.05,102084.15,0
2025-11-08 19:55:09.292239,102084.15,101.6200000000099,0.09954532608638059,0.0,0.0,0.14765,0.17401,-0.026359999999999995,0.8485144531923453,0.05,0.05,102084.15,0
2025-11-08 19:55:11.319004,102084.15,101.59999999999127,0.0995257344063611,-0.0013399999999999888,-0.0013399999999999888,0.14631,0.17401,-0.027700000000000002,0.8408137463364175,2e-05,0.00095,102084.15,0
2025-11-08 19:55:13.344210,102084.15,101.6200000000099,0.09954532608638059,0.0013399999999999888,0.0026799999999999775,0.14765,0.17401,-0.026359999999999995,0.8485144531923453,0.05,0.05,102084.155,1
2025-11-08 19:55:15.375276,102084.155,101.61000000000058,0.09953552537120045,-0.0013399999999999894,-0.0026799999999999784,0.14631,0.17401,-0.027700000000000002,0.8408137463364175,2e-05,0.05,102060.055,0
2025-11-08 19:55:17.412098,102060.055,53.40999999998894,0.05233193338959983,-0.22005,-0.21871000000000002,0.14631,0.39406,-0.24775000000000003,0.371288636248287,2e-05,0.05,102056.41500000001,0
2025-11-08 19:55:19.448112,102056.41500000001,46.129999999990105,0.04520049033663401,0.22005,0.4401,0.14631,0.17401000000000003,-0.02770000000000003,0.8408137463364173,2e-05,0.05,102048.36,0
2025-11-08 19:55:21.475147,102048.36,30.019999999989523,0.029417425228577432,0.0,-0.22005,0.14631,0.17401,-0.027700000000000002,0.8408137463364175,2e-05,0.05,102038.04000000001,0
2025-11-08 19:55:23.507641,102038.04000000001,74.34000000001106,0.07285518224380932,0.0013399999999999964,0.0013399999999999964,0.14765,0.17401,-0.026359999999999995,0.8485144531923453,0.0007,0.05,102035.48,0
2025-11-08 19:55:25.539766,102035.48,69.22000000000116,0.0678391477160701,-0.0013399999999999964,-0.0026799999999999927,0.14631,0.17401,-0.027700000000000002,0.8408137463364175,0.0007,0.05,102035.475,0
2025-11-08 19:55:27.578933,102035.475,69.2100000000064,0.06782935052735962,-6.396792817664476e-18,0.00133999999999999,0.14631,0.17401,-0.027700000000000002,0.8408137463364175,0.0007,0.00095,102035.475,0
2025-11-08 19:55:29.607824,102035.475,69.2100000000064,0.06782935052735962,0.0,6.396792817664476e-18,0.14631,0.17401,-0.027700000000000002,0.8408137463364175,0.0007,0.00095,102035.475,0
2025-11-08 19:55:31.636426,102035.475,69.2100000000064,0.06782935052735962,0.0,0.0,0.14631,0.17401,-0.027700000000000002,0.8408137463364175,0.0007,0.00095,102035.48,1
2025-11-08 19:55:33.668575,102035.48,69.22000000000116,0.0678391477160701,0.0,0.0,0.14631,0.17401,-0.027700000000000002,0.8408137463364175,0.0007,0.05,102039.195,1
2025-11-08 19:55:35.706862,102039.195,76.65000000000873,0.07511819355298592,6.396792817664476e-18,6.396792817664476e-18,0.14631,0.17401,-0.027700000000000002,0.8408137463364175,0.0007,0.05,102033.17,0
2025-11-08 19:55:37.738275,102033.17,64.60000000000582,0.06331274427718538,-6.396792817664476e-18,-1.2793585635328952e-17,0.14631,0.17401,-0.027700000000000002,0.8408137463364175,0.0007,0.05,102033.17,0
2025-11-08 19:55:39.767219,102033.17,64.60000000000582,0.06331274427718538,0.0,6.396792817664476e-18,0.14631,0.17401,-0.027700000000000002,0.8408137463364175,0.0007,0.05,102037.84,1
2025-11-08 19:55:41.794723,102037.84,73.94000000000233,0.07246331360993366,0.0,0.0,0.14631,0.17401,-0.027700000000000002,0.8408137463364175,0.0007,0.05,102037.84,0
2025-11-08 19:55:43.827205,102037.84,73.94000000000233,0.07246331360993366,0.0,0.0,0.14631,0.17401,-0.027700000000000002,0.8408137463364175,0.0007,0.05,102037.84,0
2025-11-08 19:55:45.861567,102037.84,73.94000000000233,0.07246331360993366,0.0,0.0,0.14631,0.17401,-0.027700000000000002,0.8408137463364175,0.0007,0.05,102037.84,0
2025-11-08 19:55:47.894924,102037.84,73.94000000000233,0.07246331360993366,0.0,0.0,0.14631,0.17401,-0.027700000000000002,0.8408137463364175,0.0007,0.05,102037.84,0
2025-11-08 19:55:49.927226,102037.84,73.94000000000233,0.07246331360993366,0.0,0.0,0.14631,0.17401,-0.027700000000000002,0.8408137463364175,0.0007,0.05,102037.84,0
2025-11-08 19:55:51.953910,102037.84,73.94000000000233,0.07246331360993366,0.0,0.0,0.14631,0.17401,-0.027700000000000002,0.8408137463364175,0.0007,0.05,102037.84,0
2025-11-08 19:55:53.979080,102037.84,73.94000000000233,0.07246331360993366,0.0,0.0,0.14631,0.17401,-0.027700000000000002,0.8408137463364175,0.0007,0.05,102049.48999999999,1
2025-11-08 19:55:56.018520,102049.48999999999,97.24000000000524,0.09528710040589644,0.0,0.0,0.14631,0.17401000000000003,-0.02770000000000003,0.8408137463364173,0.0007,0.05,102049.48999999999,0
2025-11-08 19:55:58.048525,102049.48999999999,97.24000000000524,0.09528710040589644,0.0,0.0,0.14631,0.17401000000000003,-0.02770000000000003,0.8408137463364173,0.0007,0.05,102049.48999999999,0
2025-11-08 19:56:00.080064,102049.48999999999,97.24000000000524,0.09528710040589644,0.0,0.0,0.14631,0.17401000000000003,-0.02770000000000003,0.8408137463364173,0.0007,0.05,102049.48999999999,0
2025-11-08 19:56:02.106539,102049.48999999999,97.24000000000524,0.09528710040589644,0.0,0.0,0.14631,0.17401000000000003,-0.02770000000000003,0.8408137463364173,0.0007,0.05,102035.57999999999,0
2025-11-08 19:56:04.139046,102035.57999999999,69.41999999999825,0.06803509128874287,-0.22005,-0.22005,0.14631,0.39405999999999997,-0.24774999999999997,0.37128863624828706,0.0007,0.05,102032.62,0
2025-11-08 19:56:06.168387,102032.62,63.5,0.0622349989640568,0.22026,0.44031,0.14631,0.1738,-0.027490000000000014,0.8418296892980437,0.0007,0.04979,102032.62,0
2025-11-08 19:56:08.200108,102032.62,63.5,0.0622349989640568,0.0,-0.22026,0.14631,0.1738,-0.027490000000000014,0.8418296892980437,0.0007,0.04979,102026.795,0
2025-11-08 19:56:10.238956,102026.795,51.85000000000582,0.05081998312306666,-0.048850000000000005,-0.048850000000000005,0.09766999999999999,0.17401,-0.07634,0.5612895810585599,0.0007,0.05,102026.795,0
2025-11-08 19:56:12.267279,102026.795,51.85000000000582,0.05081998312306666,0.0,0.048850000000000005,0.09766999999999999,0.17401,-0.07634,0.5612895810585599,0.0007,0.05,102007.81,0
2025-11-08 19:56:14.299009,102007.81,13.880000000004657,0.013606801283161217,-0.2203,-0.2203,0.09766999999999999,0.39431,-0.29664,0.24769851132357787,0.0007,0.00095,102001.69,0
2025-11-08 19:56:16.329515,102001.69,1.639999999999418,0.0016078164979417674,0.0,0.2203,0.09766999999999999,0.39431,-0.29664,0.24769851132357787,0.0007,0.05,102007.815,1
2025-11-08 19:56:18.355559,102007.815,13.889999999999418,0.01361660378667989,0.0,0.0,0.09766999999999999,0.39431,-0.29664,0.24769851132357787,0.0007,0.05,102007.815,0
2025-11-08 19:56:20.384833,102007.815,13.889999999999418,0.01361660378667989,0.0,0.0,0.09766999999999999,0.39431,-0.29664,0.24769851132357787,0.0007,0.05,102007.815,0
2025-11-08 19:56:22.415654,102007.815,13.889999999999418,0.01361660378667989,0.0,0.0,0.09766999999999999,0.39431,-0.29664,0.24769851132357787,0.0007,0.05,102007.815,0
2025-11-08 19:56:24.451128,102007.815,13.889999999999418,0.01361660378667989,0.0,0.0,0.09766999999999999,0.39431,-0.29664,0.24769851132357787,0.0007,0.05,102004.85,0
2025-11-08 19:56:26.481960,102004.85,7.960000000006403,0.007803550517457163,9.000000000000674e-05,9.000000000000674e-05,0.09766999999999999,0.39422,-0.29655000000000004,0.24775506062604635,0.0007,0.04991,102004.85,0
2025-11-08 19:56:28.513244,102004.85,7.960000000006403,0.007803550517457163,0.0,-9.000000000000674e-05,0.09766999999999999,0.39422,-0.29655000000000004,0.24775506062604635,0.0007,0.04991,102004.85,0
2025-11-08 19:56:30.544116,102004.85,7.960000000006403,0.007803550517457163,0.0,0.0,0.09766999999999999,0.39422,-0.29655000000000004,0.24775506062604635,0.0007,0.04991,102004.85,0
2025-11-08 19:56:32.570275,102004.85,7.960000000006403,0.007803550517457163,0.0,0.0,0.09766999999999999,0.39422,-0.29655000000000004,0.24775506062604635,0.0007,0.04991,102004.85,0
2025-11-08 19:56:34.601039,102004.85,7.960000000006403,0.007803550517457163,0.0,0.0,0.09766999999999999,0.39422,-0.29655000000000004,0.24775506062604635,0.0007,0.04991,102004.85,0
2025-11-08 19:56:36.632912,102004.85,7.960000000006403,0.007803550517457163,0.0,0.0,0.09766999999999999,0.39422,-0.29655000000000004,0.24775506062604635,0.0007,0.04991,102000.875,0
2025-11-08 19:56:38.663729,102000.875,0.010000000009313226,9.803837476211087e-06,-0.0007599999999999998,-0.0007599999999999998,0.09699999999999999,0.39431,-0.29731,0.24599934062032408,3e-05,0.05,102000.875,0
2025-11-08 19:56:40.694233,102000.875,0.010000000009313226,9.803837476211087e-06,0.0,0.0007599999999999998,0.09699999999999999,0.39431,-0.29731,0.24599934062032408,3e-05,0.05,102000.875,0
2025-11-08 19:56:42.722026,102000.875,0.010000000009313226,9.803837476211087e-06,0.0,0.0,0.09699999999999999,0.39431,-0.29731,0.24599934062032408,3e-05,0.05,102000.875,0
2025-11-08 19:56:44.757599,102000.875,0.010000000009313226,9.803837476211087e-06,0.0,0.0,0.09699999999999999,0.39431,-0.29731,0.24599934062032408,3e-05,0.05,102000.875,0
2025-11-08 19:56:46.786906,102000.875,0.010000000009313226,9.803837476211087e-06,0.0,0.0,0.09699999999999999,0.39431,-0.29731,0.24599934062032408,3e-05,0.05,102000.875,0
2025-11-08 19:56:48.818567,102000.875,0.010000000009313226,9.803837476211087e-06,0.0,0.0,0.09699999999999999,0.39431,-0.29731,0.24599934062032408,3e-05,0.05,102000.875,0
2025-11-08 19:56:50.852915,102000.875,0.010000000009313226,9.803837476211087e-06,0.0,0.0,0.09699999999999999,0.39431,-0.29731,0.24599934062032408,3e-05,0.05,102000.875,0
2025-11-08 19:56:52.884595,102000.875,0.010000000009313226,9.803837476211087e-06,0.0,0.0,0.09699999999999999,0.39431,-0.29731,0.24599934062032408,3e-05,0.05,102000.875,0
2025-11-08 19:56:54.913545,102000.875,0.010000000009313226,9.803837476211087e-06,0.0,0.0,0.09699999999999999,0.39431,-0.29731,0.24599934062032408,3e-05,0.05,102000.875,0
2025-11-08 19:56:56.945621,102000.875,0.010000000009313226,9.803837476211087e-06,0.0,0.0,0.09699999999999999,0.39431,-0.29731,0.24599934062032408,3e-05,0.05,102000.875,0
2025-11-08 19:56:58.987231,102000.875,0.010000000009313226,9.803837476211087e-06,0.0,0.0,0.09699999999999999,0.39431,-0.29731,0.24599934062032408,3e-05,0.05,102000.875,0
2025-11-08 19:57:01.018815,102000.875,0.010000000009313226,9.803837476211087e-06,0.0,0.0,0.09699999999999999,0.39431,-0.29731,0.24599934062032408,3e-05,0.05,102000.875,0
2025-11-08 19:57:03.052776,102000.875,0.010000000009313226,9.803837476211087e-06,0.0,0.0,0.09699999999999999,0.39431,-0.29731,0.24599934062032408,3e-05,0.05,102000.875,0
2025-11-08 19:57:05.086522,102000.875,0.010000000009313226,9.803837476211087e-06,0.0,0.0,0.09699999999999999,0.39431,-0.29731,0.24599934062032408,3e-05,0.05,102001.82999999999,1
2025-11-08 19:57:07.115129,102001.82999999999,1.9199999999982538,0.001882319170154353,0.0,0.0,0.09699999999999999,0.39431,-0.29731,0.24599934062032408,3e-05,0.05,102001.82999999999,0
2025-11-08 19:57:09.146654,102001.82999999999,1.9199999999982538,0.001882319170154353,0.0,0.0,0.09699999999999999,0.39431,-0.29731,0.24599934062032408,3e-05,0.05,102001.82999999999,0
2025-11-08 19:57:11.176929,102001.82999999999,1.9199999999982538,0.001882319170154353,0.0,0.0,0.09699999999999999,0.39431,-0.29731,0.24599934062032408,3e-05,0.05,102001.82999999999,0
2025-11-08 19:57:13.211839,102001.82999999999,1.9199999999982538,0.001882319170154353,0.0,0.0,0.09699999999999999,0.39431,-0.29731,0.24599934062032408,3e-05,0.05,102001.82999999999,0
2025-11-08 19:57:15.244790,102001.82999999999,1.9199999999982538,0.001882319170154353,0.0,0.0,0.09699999999999999,0.39431,-0.29731,0.24599934062032408,3e-05,0.05,102000.875,0
2025-11-08 19:57:17.281430,102000.875,0.010000000009313226,9.803837476211087e-06,0.0,0.0,0.09699999999999999,0.39431,-0.29731,0.24599934062032408,3e-05,0.05,102000.875,0
2025-11-08 19:57:19.311719,102000.875,0.010000000009313226,9.803837476211087e-06,0.0,0.0,0.09699999999999999,0.39431,-0.29731,0.24599934062032408,3e-05,0.05,102000.875,0
2025-11-08 19:57:21.349300,102000.875,0.010000000009313226,9.803837476211087e-06,0.0,0.0,0.09699999999999999,0.39431,-0.29731,0.24599934062032408,3e-05,0.05,102000.875,0
2025-11-08 19:57:23.381199,102000.875,0.010000000009313226,9.803837476211087e-06,0.0,0.0,0.09699999999999999,0.39431,-0.29731,0.24599934062032408,3e-05,0.05,102000.875,0
2025-11-08 19:57:25.414337,102000.875,0.010000000009313226,9.803837476211087e-06,0.0,0.0,0.09699999999999999,0.39431,-0.29731,0.24599934062032408,3e-05,0.05,102000.875,0
2025-11-08 19:57:27.443810,102000.875,0.010000000009313226,9.803837476211087e-06,0.0,0.0,0.09699999999999999,0.39431,-0.29731,0.24599934062032408,3e-05,0.05,102000.875,0
2025-11-08 19:57:29.483442,102000.875,0.010000000009313226,9.803837476211087e-06,0.0,0.0,0.09699999999999999,0.39431,-0.29731,0.24599934062032408,3e-05,0.05,102000.875,0
2025-11-08 19:57:31.514811,102000.875,0.010000000009313226,9.803837476211087e-06,0.0,0.0,0.09699999999999999,0.39431,-0.29731,0.24599934062032408,3e-05,0.05,102000.875,0
2025-11-08 19:57:33.555328,102000.875,0.010000000009313226,9.803837476211087e-06,0.0,0.0,0.09699999999999999,0.39431,-0.29731,0.24599934062032408,3e-05,0.05,102000.875,0
2025-11-08 19:57:35.586000,102000.875,0.010000000009313226,9.803837476211087e-06,0.0,0.0,0.09699999999999999,0.39431,-0.29731,0.24599934062032408,3e-05,0.05,102000.875,0
2025-11-08 19:57:37.624318,102000.875,0.010000000009313226,9.803837476211087e-06,0.0,0.0,0.09699999999999999,0.39431,-0.29731,0.24599934062032408,3e-05,0.05,102000.875,0
2025-11-08 19:57:39.655622,102000.875,0.010000000009313226,9.803837476211087e-06,0.0,0.0,0.09699999999999999,0.39431,-0.29731,0.24599934062032408,3e-05,0.05,102000.875,0
2025-11-08 19:57:41.685154,102000.875,0.010000000009313226,9.803837476211087e-06,0.0,0.0,0.09699999999999999,0.39431,-0.29731,0.24599934062032408,3e-05,0.05,102000.875,0
2025-11-08 19:57:43.715689,102000.875,0.010000000009313226,9.803837476211087e-06,0.0,0.0,0.09699999999999999,0.39431,-0.29731,0.24599934062032408,3e-05,0.05,102000.875,0
2025-11-08 19:57:45.749771,102000.875,0.010000000009313226,9.803837476211087e-06,0.0,0.0,0.09699999999999999,0.39431,-0.29731,0.24599934062032408,3e-05,0.05,102000.875,0
2025-11-08 19:57:47.782494,102000.875,0.010000000009313226,9.803837476211087e-06,0.0,0.0,0.09699999999999999,0.39431,-0.29731,0.24599934062032408,3e-05,0.05,102000.875,0
2025-11-08 19:57:49.817250,102000.875,0.010000000009313226,9.803837476211087e-06,0.0,0.0,0.09699999999999999,0.39431,-0.29731,0.24599934062032408,3e-05,0.05,102000.875,0
2025-11-08 19:57:51.852453,102000.875,0.010000000009313226,9.803837476211087e-06,0.0,0.0,0.09699999999999999,0.39431,-0.29731,0.24599934062032408,3e-05,0.05,102000.875,0
2025-11-08 19:57:53.887489,102000.875,0.010000000009313226,9.803837476211087e-06,0.0,0.0,0.09699999999999999,0.39431,-0.29731,0.24599934062032408,3e-05,0.05,102000.875,0
2025-11-08 19:57:55.917494,102000.875,0.010000000009313226,9.803837476211087e-06,0.0,0.0,0.09699999999999999,0.39431,-0.29731,0.24599934062032408,3e-05,0.05,102000.875,0
2025-11-08 19:57:57.949532,102000.875,0.010000000009313226,9.803837476211087e-06,0.0,0.0,0.09699999999999999,0.39431,-0.29731,0.24599934062032408,3e-05,0.05,102000.875,0
2025-11-08 19:57:59.979459,102000.875,0.010000000009313226,9.803837476211087e-06,0.0,0.0,0.09699999999999999,0.39431,-0.29731,0.24599934062032408,3e-05,0.05,102000.875,0
2025-11-08 19:58:02.011260,102000.875,0.010000000009313226,9.803837476211087e-06,0.0,0.0,0.09699999999999999,0.39431,-0.29731,0.24599934062032408,3e-05,0.05,102000.875,0
2025-11-08 19:58:04.042786,102000.875,0.010000000009313226,9.803837476211087e-06,0.0,0.0,0.09699999999999999,0.39431,-0.29731,0.24599934062032408,3e-05,0.05,102000.875,0
2025-11-08 19:58:06.080256,102000.875,0.010000000009313226,9.803837476211087e-06,0.0,0.0,0.09699999999999999,0.39431,-0.29731,0.24599934062032408,3e-05,0.05,102000.875,0
2025-11-08 19:58:08.118344,102000.875,0.010000000009313226,9.803837476211087e-06,0.0,0.0,0.09699999999999999,0.39431,-0.29731,0.24599934062032408,3e-05,0.05,102000.875,0
2025-11-08 19:58:10.150267,102000.875,0.010000000009313226,9.803837476211087e-06,0.0,0.0,0.09699999999999999,0.39431000000000005,-0.2973100000000001,0.24599934062032405,3e-05,0.05,102000.875,0
2025-11-08 19:58:12.180240,102000.875,0.010000000009313226,9.803837476211087e-06,0.0,0.0,0.09699999999999999,0.39431000000000005,-0.2973100000000001,0.24599934062032405,3e-05,0.05,102000.875,0
2025-11-08 19:58:14.213967,102000.875,0.010000000009313226,9.803837476211087e-06,0.0,0.0,0.09699999999999999,0.39431000000000005,-0.2973100000000001,0.24599934062032405,3e-05,0.05,102000.875,0
2025-11-08 19:58:16.253399,102000.875,0.010000000009313226,9.803837476211087e-06,0.0,0.0,0.09699999999999999,0.39431000000000005,-0.2973100000000001,0.24599934062032405,3e-05,0.05,102000.875,0
2025-11-08 19:58:18.286651,102000.875,0.010000000009313226,9.803837476211087e-06,0.0,0.0,0.09699999999999999,0.39431000000000005,-0.2973100000000001,0.24599934062032405,3e-05,0.05,102000.875,0
2025-11-08 19:58:20.316072,102000.875,0.010000000009313226,9.803837476211087e-06,0.0,0.0,0.09699999999999999,0.39431000000000005,-0.2973100000000001,0.24599934062032405,3e-05,0.05,102000.875,0
2025-11-08 19:58:22.351562,102000.875,0.010000000009313226,9.803837476211087e-06,0.0,0.0,0.09699999999999999,0.39431000000000005,-0.2973100000000001,0.24599934062032405,3e-05,0.05,102000.875,0
2025-11-08 19:58:24.387702,102000.875,0.010000000009313226,9.803837476211087e-06,0.0,0.0,0.09699999999999999,0.39431,-0.29731,0.24599934062032408,3e-05,0.05,102000.875,0
2025-11-08 19:58:26.419018,102000.875,0.010000000009313226,9.803837476211087e-06,0.0,0.0,0.09699999999999999,0.39431,-0.29731,0.24599934062032408,3e-05,0.05,102000.875,0
2025-11-08 19:58:28.456312,102000.875,0.010000000009313226,9.803837476211087e-06,0.0,0.0,0.09699999999999999,0.39431,-0.29731,0.24599934062032408,3e-05,0.05,102000.875,0
2025-11-08 19:58:30.488368,102000.875,0.010000000009313226,9.803837476211087e-06,0.0,0.0,0.09699999999999999,0.39431,-0.29731,0.24599934062032408,3e-05,0.05,102000.875,0
2025-11-08 19:58:32.520670,102000.875,0.010000000009313226,9.803837476211087e-06,0.0,0.0,0.09699999999999999,0.39431,-0.29731,0.24599934062032408,3e-05,0.05,102000.875,0
2025-11-08 19:58:34.550833,102000.875,0.010000000009313226,9.803837476211087e-06,0.0,0.0,0.09699999999999999,0.39431,-0.29731,0.24599934062032408,3e-05,0.05,102000.875,0
2025-11-08 19:58:36.586829,102000.875,0.010000000009313226,9.803837476211087e-06,0.0,0.0,0.09699999999999999,0.39431000000000005,-0.2973100000000001,0.24599934062032405,3e-05,0.05,102000.875,0
2025-11-08 19:58:38.617281,102000.875,0.010000000009313226,9.803837476211087e-06,0.0,0.0,0.09699999999999999,0.39431000000000005,-0.2973100000000001,0.24599934062032405,3e-05,0.05,102000.875,0
2025-11-08 19:58:40.650522,102000.875,0.010000000009313226,9.803837476211087e-06,8.99999999999998e-05,8.99999999999998e-05,0.09699999999999999,0.39422,-0.29722000000000004,0.24605550200395715,3e-05,0.04991,102000.875,0
2025-11-08 19:58:42.682990,102000.875,0.010000000009313226,9.803837476211087e-06,0.0,-8.99999999999998e-05,0.09699999999999999,0.39422,-0.29722000000000004,0.24605550200395715,3e-05,0.04991,102000.875,0
2025-11-08 19:58:44.711069,102000.875,0.010000000009313226,9.803837476211087e-06,0.0,0.0,0.09699999999999999,0.39422,-0.29722000000000004,0.24605550200395715,3e-05,0.04991,102000.875,0
2025-11-08 19:58:46.739294,102000.875,0.010000000009313226,9.803837476211087e-06,0.00015999999999999966,0.00015999999999999966,0.09699999999999999,0.39406,-0.29706000000000005,0.24615540780591785,3e-05,0.05,102000.875,0
2025-11-08 19:58:48.775162,102000.875,0.010000000009313226,9.803837476211087e-06,-0.0002500000000000064,-0.00041000000000000606,0.09699999999999999,0.39431000000000005,-0.2973100000000001,0.24599934062032405,3e-05,0.05,102000.875,0
2025-11-08 19:58:50.807493,102000.875,0.010000000009313226,9.803837476211087e-06,0.0,0.0002500000000000064,0.09699999999999999,0.39431000000000005,-0.2973100000000001,0.24599934062032405,3e-05,0.05,102000.875,0
2025-11-08 19:58:52.843354,102000.875,0.010000000009313226,9.803837476211087e-06,0.0,0.0,0.09699999999999999,0.39431000000000005,-0.2973100000000001,0.24599934062032405,3e-05,0.05,102000.875,0
2025-11-08 19:58:54.879148,102000.875,0.010000000009313226,9.803837476211087e-06,0.0,0.0,0.09699999999999999,0.39431000000000005,-0.2973100000000001,0.24599934062032405,3e-05,0.05,102000.875,0
2025-11-08 19:58:56.908734,102000.875,0.010000000009313226,9.803837476211087e-06,0.0,0.0,0.09699999999999999,0.39431000000000005,-0.2973100000000001,0.24599934062032405,3e-05,0.05,102000.875,0
2025-11-08 19:58:58.937266,102000.875,0.010000000009313226,9.803837476211087e-06,0.0,0.0,0.09699999999999999,0.39431,-0.29731,0.24599934062032408,3e-05,0.05,102000.875,0
2025-11-08 19:59:00.981521,102000.875,0.010000000009313226,9.803837476211087e-06,0.0,0.0,0.09699999999999999,0.39431,-0.29731,0.24599934062032408,3e-05,0.05,102000.875,0
2025-11-08 19:59:03.011743,102000.875,0.010000000009313226,9.803837476211087e-06,0.0,0.0,0.09699999999999999,0.39431,-0.29731,0.24599934062032408,3e-05,0.05,102000.875,0
2025-11-08 19:59:05.044992,102000.875,0.010000000009313226,9.803837476211087e-06,0.0,0.0,0.09699999999999999,0.39431,-0.29731,0.24599934062032408,3e-05,0.05,102000.875,0
2025-11-08 19:59:07.077717,102000.875,0.010000000009313226,9.803837476211087e-06,0.0,0.0,0.09699999999999999,0.39431,-0.29731,0.24599934062032408,3e-05,0.05,102006.14,1
2025-11-08 19:59:09.112702,102006.14,10.540000000008149,0.010332711344638812,0.0,0.0,0.09699999999999999,0.39431,-0.29731,0.24599934062032408,3e-05,0.05,102006.14,0
2025-11-08 19:59:11.143092,102006.14,10.540000000008149,0.010332711344638812,0.0,0.0,0.09699999999999999,0.39431,-0.29731,0.24599934062032408,3e-05,0.05,102006.14,0
2025-11-08 19:59:13.178310,102006.14,10.540000000008149,0.010332711344638812,0.0,0.0,0.09699999999999999,0.39431,-0.29731,0.24599934062032408,3e-05,0.05,102006.14,0
2025-11-08 19:59:15.213990,102006.14,10.540000000008149,0.010332711344638812,0.0002500000000000002,0.0002500000000000002,0.09699999999999999,0.39405999999999997,-0.29706,0.24615540780591788,3e-05,0.05,102006.14,0
2025-11-08 19:59:17.243652,102006.14,10.540000000008149,0.010332711344638812,-0.0002500000000000002,-0.0005000000000000004,0.09699999999999999,0.39431,-0.29731,0.24599934062032408,3e-05,0.05,102006.14,0
2025-11-08 19:59:19.279378,102006.14,10.540000000008149,0.010332711344638812,0.0,0.0002500000000000002,0.09699999999999999,0.39431,-0.29731,0.24599934062032408,3e-05,0.05,102014.275,1
2025-11-08 19:59:21.311984,102014.275,26.80999999999767,0.026280635724752907,0.2203,0.2203,0.09699999999999999,0.17401,-0.07701000000000001,0.5574392276305958,3e-05,0.05,102014.275,0
2025-11-08 19:59:23.347612,102014.275,26.80999999999767,0.026280635724752907,0.0,-0.2203,0.09699999999999999,0.17401,-0.07701000000000001,0.5574392276305958,3e-05,0.05,102014.275,0
2025-11-08 19:59:25.376349,102014.275,26.80999999999767,0.026280635724752907,0.0,0.0,0.09699999999999999,0.17401,-0.07701000000000001,0.5574392276305958,3e-05,0.05,102014.275,0
2025-11-08 19:59:27.410451,102014.275,26.80999999999767,0.026280635724752907,0.0,0.0,0.09699999999999999,0.17401,-0.07701000000000001,0.5574392276305958,3e-05,0.05,102011.45999999999,0
2025-11-08 19:59:29.444191,102011.45999999999,21.180000000007567,0.02076237316866906,0.0,0.0,0.09699999999999999,0.17401,-0.07701000000000001,0.5574392276305958,3e-05,0.05,102006.34,0
2025-11-08 19:59:31.476140,102006.34,10.940000000002328,0.010724823574693816,-0.2203,-0.2203,0.09699999999999999,0.39431,-0.29731,0.24599934062032408,3e-05,0.05,102006.34,0
2025-11-08 19:59:33.520377,102006.34,10.940000000002328,0.010724823574693816,0.0,0.2203,0.09699999999999999,0.39431,-0.29731,0.24599934062032408,3e-05,0.05,102003.78,0
2025-11-08 19:59:35.553022,102003.78,5.820000000006985,0.0057056709074967465,0.0,0.0,0.09699999999999999,0.39431,-0.29731,0.24599934062032408,3e-05,0.05,102003.78,0
2025-11-08 19:59:37.589165,102003.78,5.820000000006985,0.0057056709074967465,0.0,0.0,0.09699999999999999,0.39431,-0.29731,0.24599934062032408,3e-05,0.05,102003.78,0
2025-11-08 19:59:39.617439,102003.78,5.820000000006985,0.0057056709074967465,0.0,0.0,0.09699999999999999,0.39431,-0.29731,0.24599934062032408,3e-05,0.05,102003.78,0
2025-11-08 19:59:41.649910,102003.78,5.820000000006985,0.0057056709074967465,0.0,0.0,0.09699999999999999,0.39431,-0.29731,0.24599934062032408,3e-05,0.05,102003.78,0
2025-11-08 19:59:43.681291,102003.78,5.820000000006985,0.0057056709074967465,0.0,0.0,0.09699999999999999,0.39431,-0.29731,0.24599934062032408,3e-05,0.05,102003.78,0
2025-11-08 19:59:45.709684,102003.78,5.820000000006985,0.0057056709074967465,0.0,0.0,0.09699999999999999,0.39431,-0.29731,0.24599934062032408,3e-05,0.05,102003.78,0
2025-11-08 19:59:47.741022,102003.78,5.820000000006985,0.0057056709074967465,0.0,0.0,0.09699999999999999,0.39431,-0.29731,0.24599934062032408,3e-05,0.05,102011.01,1
2025-11-08 19:59:49.769182,102011.01,20.279999999998836,0.019880207048238067,0.2203,0.2203,0.09699999999999999,0.17401,-0.07701000000000001,0.5574392276305958,3e-05,0.05,102011.01,0
2025-11-08 19:59:51.798858,102011.01,20.279999999998836,0.019880207048238067,0.0,-0.2203,0.09699999999999999,0.17401,-0.07701000000000001,0.5574392276305958,3e-05,0.05,102011.01,0
2025-11-08 19:59:53.826450,102011.01,20.279999999998836,0.019880207048238067,0.0,0.0,0.09699999999999999,0.17401,-0.07701000000000001,0.5574392276305958,3e-05,0.05,102011.01,0
2025-11-08 19:59:55.855824,102011.01,20.279999999998836,0.019880207048238067,0.0,0.0,0.09699999999999999,0.17401,-0.07701000000000001,0.5574392276305958,3e-05,0.05,102011.01,0
2025-11-08 19:59:57.890657,102011.01,20.279999999998836,0.019880207048238067,0.0,0.0,0.09699999999999999,0.17401,-0.07701000000000001,0.5574392276305958,3e-05,0.05,102011.01,0
2025-11-08 19:59:59.924641,102011.01,20.279999999998836,0.019880207048238067,0.0,0.0,0.09699999999999999,0.17401,-0.07701000000000001,0.5574392276305958,3e-05,0.05,102011.01,0
2025-11-08 20:00:01.957152,102011.01,20.279999999998836,0.019880207048238067,0.0,0.0,0.09699999999999999,0.17401,-0.07701000000000001,0.5574392276305958,3e-05,0.05,102011.01,0
2025-11-08 20:00:03.989287,102011.01,20.279999999998836,0.019880207048238067,0.0,0.0,0.09699999999999999,0.17401,-0.07701000000000001,0.5574392276305958,3e-05,0.05,102011.01,0
2025-11-08 20:00:06.020538,102011.01,20.279999999998836,0.019880207048238067,0.0,0.0,0.09699999999999999,0.17401,-0.07701000000000001,0.5574392276305958,3e-05,0.05,102011.01,0
2025-11-08 20:00:08.049953,102011.01,20.279999999998836,0.019880207048238067,0.0,0.0,0.09699999999999999,0.17401,-0.07701000000000001,0.5574392276305958,3e-05,0.05,102011.01,0
2025-11-08 20:00:10.084997,102011.01,20.279999999998836,0.019880207048238067,0.0,0.0,0.09699999999999999,0.17401,-0.07701000000000001,0.5574392276305958,3e-05,0.05,102011.01,0
2025-11-08 20:00:12.119237,102011.01,20.279999999998836,0.019880207048238067,0.0,0.0,0.09699999999999999,0.17401,-0.07701000000000001,0.5574392276305958,3e-05,0.05,102011.01,0
2025-11-08 20:00:14.148571,102011.01,20.279999999998836,0.019880207048238067,0.0,0.0,0.09699999999999999,0.17401,-0.07701000000000001,0.5574392276305958,3e-05,0.05,102011.01,0
2025-11-08 20:00:16.178508,102011.01,20.279999999998836,0.019880207048238067,0.0,0.0,0.09699999999999999,0.17401,-0.07701000000000001,0.5574392276305958,3e-05,0.05,102006.845,0
2025-11-08 20:00:18.210847,102006.845,11.950000000011642,0.011714900112842076,-0.2203,-0.2203,0.09699999999999999,0.39431,-0.29731,0.24599934062032408,3e-05,0.05,102006.845,0
2025-11-08 20:00:20.244339,102006.845,11.950000000011642,0.011714900112842076,0.0,0.2203,0.09699999999999999,0.39431,-0.29731,0.24599934062032408,3e-05,0.05,102006.84,0
2025-11-08 20:00:22.280558,102006.84,11.940000000002328,0.011705097422880983,0.0,0.0,0.09699999999999999,0.39431,-0.29731,0.24599934062032408,3e-05,0.00095,102006.845,1
2025-11-08 20:00:24.310495,102006.845,11.950000000011642,0.011714900112842076,0.0,0.0,0.09699999999999999,0.39431,-0.29731,0.24599934062032408,3e-05,0.05,102003.855,0
2025-11-08 20:00:26.344128,102003.855,5.970000000001164,0.005852719978084323,0.0,0.0,0.09699999999999999,0.39431,-0.29731,0.24599934062032408,3e-05,0.05,102003.855,0
2025-11-08 20:00:28.373471,102003.855,5.970000000001164,0.005852719978084323,0.0,0.0,0.09699999999999999,0.39431,-0.29731,0.24599934062032408,3e-05,0.05,102003.855,0
2025-11-08 20:00:30.403979,102003.855,5.970000000001164,0.005852719978084323,0.0,0.0,0.09699999999999999,0.39431,-0.29731,0.24599934062032408,3e-05,0.05,102003.855,0
2025-11-08 20:00:32.435499,102003.855,5.970000000001164,0.005852719978084323,0.0,0.0,0.09699999999999999,0.39431,-0.29731,0.24599934062032408,3e-05,0.05,102003.855,0
2025-11-08 20:00:34.465971,102003.855,5.970000000001164,0.005852719978084323,0.0,0.0,0.09699999999999999,0.39431,-0.29731,0.24599934062032408,3e-05,0.05,102008.35,1
2025-11-08 20:00:36.502913,102008.35,14.960000000006403,0.014665466111358924,0.0,0.0,0.09699999999999999,0.39431,-0.29731,0.24599934062032408,3e-05,0.05,102008.35,0
2025-11-08 20:00:38.538954,102008.35,14.960000000006403,0.014665466111358924,0.0,0.0,0.09699999999999999,0.39431,-0.29731,0.24599934062032408,3e-05,0.05,102008.35,0
2025-11-08 20:00:40.573298,102008.35,14.960000000006403,0.014665466111358924,0.0,0.0,0.09699999999999999,0.39431,-0.29731,0.24599934062032408,3e-05,0.05,102008.35,0
2025-11-08 20:00:42.607474,102008.35,14.960000000006403,0.014665466111358924,0.0,0.0,0.09699999999999999,0.39431,-0.29731,0.24599934062032408,3e-05,0.05,102008.35,0
2025-11-08 20:00:44.641591,102008.35,14.960000000006403,0.014665466111358924,0.0,0.0,0.09699999999999999,0.39431,-0.29731,0.24599934062032408,3e-05,0.05,102008.35,0
2025-11-08 20:00:46.676861,102008.35,14.960000000006403,0.014665466111358924,0.0,0.0,0.09699999999999999,0.39431,-0.29731,0.24599934062032408,3e-05,0.05,102008.35,0
2025-11-08 20:00:48.706827,102008.35,14.960000000006403,0.014665466111358924,0.0,0.0,0.09699999999999999,0.39431,-0.29731,0.24599934062032408,3e-05,0.05,102008.35,0
2025-11-08 20:00:50.737993,102008.35,14.960000000006403,0.014665466111358924,0.0,0.0,0.09699999999999999,0.39431,-0.29731,0.24599934062032408,3e-05,0.05,102016.48,1
2025-11-08 20:00:52.770178,102016.48,31.220000000001164,0.030602898668922084,0.2203,0.2203,0.09699999999999999,0.17401,-0.07701000000000001,0.5574392276305958,3e-05,0.05,102016.48,0
2025-11-08 20:00:54.806966,102016.48,31.220000000001164,0.030602898668922084,0.0,-0.2203,0.09699999999999999,0.17401,-0.07701000000000001,0.5574392276305958,3e-05,0.05,102016.48,0
2025-11-08 20:00:56.840956,102016.48,31.220000000001164,0.030602898668922084,0.0,0.0,0.09699999999999999,0.17401,-0.07701000000000001,0.5574392276305958,3e-05,0.05,102016.48,0
2025-11-08 20:00:58.874682,102016.48,31.220000000001164,0.030602898668922084,0.0,0.0,0.09699999999999999,0.17401,-0.07701000000000001,0.5574392276305958,3e-05,0.05,102016.48,0
2025-11-08 20:01:00.909055,102016.48,31.220000000001164,0.030602898668922084,0.0,0.0,0.09699999999999999,0.17401,-0.07701000000000001,0.5574392276305958,3e-05,0.05,102016.48,0
2025-11-08 20:01:02.940415,102016.48,31.220000000001164,0.030602898668922084,0.0,0.0,0.09699999999999999,0.17401,-0.07701000000000001,0.5574392276305958,3e-05,0.05,102016.48,0
2025-11-08 20:01:04.972107,102016.48,31.220000000001164,0.030602898668922084,0.0,0.0,0.09699999999999999,0.17401,-0.07701000000000001,0.5574392276305958,3e-05,0.05,102016.48,0
2025-11-08 20:01:07.001916,102016.48,31.220000000001164,0.030602898668922084,-0.22005,-0.22005,0.09699999999999999,0.39405999999999997,-0.29706,0.24615540780591788,3e-05,0.05,102016.48,0
2025-11-08 20:01:09.036208,102016.48,31.220000000001164,0.030602898668922084,0.22005,0.4401,0.09699999999999999,0.17401,-0.07701000000000001,0.5574392276305958,3e-05,0.05,102016.48,0
2025-11-08 20:01:11.070924,102016.48,31.220000000001164,0.030602898668922084,0.0,-0.22005,0.09699999999999999,0.17401,-0.07701000000000001,0.5574392276305958,3e-05,0.05,102016.48,0
2025-11-08 20:01:13.099548,102016.48,31.220000000001164,0.030602898668922084,0.0,0.0,0.09699999999999999,0.17401,-0.07701000000000001,0.5574392276305958,3e-05,0.05,102016.48,0
2025-11-08 20:01:15.130915,102016.48,31.220000000001164,0.030602898668922084,0.0,0.0,0.09699999999999999,0.17401,-0.07701000000000001,0.5574392276305958,3e-05,0.05,102016.48,0
2025-11-08 20:01:17.169984,102016.48,31.220000000001164,0.030602898668922084,0.0,0.0,0.09699999999999999,0.17401,-0.07701000000000001,0.5574392276305958,3e-05,0.05,102016.48,0
2025-11-08 20:01:19.201746,102016.48,31.220000000001164,0.030602898668922084,0.0,0.0,0.09699999999999999,0.17401,-0.07701000000000001,0.5574392276305958,3e-05,0.05,102016.48,0
2025-11-08 20:01:21.227389,102016.48,31.220000000001164,0.030602898668922084,0.0,0.0,0.09699999999999999,0.17401,-0.07701000000000001,0.5574392276305958,3e-05,0.05,102023.51,1
2025-11-08 20:01:23.257355,102023.51,45.279999999998836,0.04438192726362663,0.0,0.0,0.09699999999999999,0.17401,-0.07701000000000001,0.5574392276305958,3e-05,0.05,102030.19,1
2025-11-08 20:01:25.291768,102030.19,58.63999999999942,0.057473185142553805,0.0,0.0,0.09699999999999999,0.17401,-0.07701000000000001,0.5574392276305958,3e-05,0.05,102030.19,0
2025-11-08 20:01:27.328022,102030.19,58.63999999999942,0.057473185142553805,0.04864,0.04864,0.14564,0.17401,-0.028370000000000006,0.8369633929084535,3e-05,0.05,102037.065,1
2025-11-08 20:01:29.361445,102037.065,72.38999999999942,0.07094480814398123,0.0,-0.04864,0.14564,0.17401,-0.028370000000000006,0.8369633929084535,3e-05,0.05,102037.065,0
2025-11-08 20:01:31.388342,102037.065,72.38999999999942,0.07094480814398123,0.0,0.0,0.14564,0.17401,-0.028370000000000006,0.8369633929084535,3e-05,0.05,102037.065,0
2025-11-08 20:01:33.423854,102037.065,72.38999999999942,0.07094480814398123,0.0,0.0,0.14564,0.17401,-0.028370000000000006,0.8369633929084535,3e-05,0.05,102044.39499999999,1
2025-11-08 20:01:35.457471,102044.39499999999,87.05000000000291,0.08530600823298812,0.0,0.0,0.14564,0.17401,-0.028370000000000006,0.8369633929084535,3e-05,0.05,102044.39499999999,0
2025-11-08 20:01:37.483091,102044.39499999999,87.05000000000291,0.08530600823298812,0.0,0.0,0.14564,0.17401,-0.028370000000000006,0.8369633929084535,3e-05,0.05,102051.04000000001,1
2025-11-08 20:01:39.515395,102051.04000000001,99.8799999999901,0.09787259394905737,0.0013400000000000033,0.0013400000000000033,0.14698,0.17401,-0.02703,0.8446640997643814,0.05,0.05,102051.04000000001,0
2025-11-08 20:01:41.554118,102051.04000000001,99.8799999999901,0.09787259394905737,0.0,-0.0013400000000000033,0.14698,0.17401,-0.02703,0.8446640997643814,0.05,0.05,102051.04000000001,0
2025-11-08 20:01:43.591783,102051.04000000001,99.8799999999901,0.09787259394905737,0.0,0.0,0.14698,0.17401,-0.02703,0.8446640997643814,0.05,0.05,102051.04000000001,0
2025-11-08 20:01:45.622681,102051.04000000001,99.8799999999901,0.09787259394905737,0.0,0.0,0.14698,0.17401,-0.02703,0.8446640997643814,0.05,0.05,102051.04000000001,0
2025-11-08 20:01:47.659562,102051.04000000001,99.8799999999901,0.09787259394905737,0.0,0.0,0.14698,0.17401,-0.02703,0.8446640997643814,0.05,0.05,102040.07999999999,0
2025-11-08 20:01:49.689153,102040.07999999999,78.41999999999825,0.07685215456514564,0.0,0.0,0.14698,0.17401,-0.02703,0.8446640997643814,3e-05,0.05,102040.07999999999,0
2025-11-08 20:01:51.725368,102040.07999999999,78.41999999999825,0.07685215456514564,0.0,0.0,0.14698,0.17401,-0.02703,0.8446640997643814,3e-05,0.05,102036.61499999999,0
2025-11-08 20:01:53.758666,102036.61499999999,71.49000000000524,0.0700630847073918,-0.001339999999999994,-0.001339999999999994,0.14564,0.17401,-0.028370000000000006,0.8369633929084535,3e-05,0.05,102036.61499999999,0
2025-11-08 20:01:55.794167,102036.61499999999,71.49000000000524,0.0700630847073918,0.0,0.001339999999999994,0.14564,0.17401,-0.028370000000000006,0.8369633929084535,3e-05,0.05,102036.61499999999,0
2025-11-08 20:01:57.828933,102036.61499999999,71.49000000000524,0.0700630847073918,0.0,0.0,0.14564,0.17401,-0.028370000000000006,0.8369633929084535,3e-05,0.05,102036.61499999999,0
2025-11-08 20:01:59.860928,102036.61499999999,71.49000000000524,0.0700630847073918,0.0,0.0,0.14564,0.17401,-0.028370000000000006,0.8369633929084535,3e-05,0.05,102036.61499999999,0
2025-11-08 20:02:01.892370,102036.61499999999,71.49000000000524,0.0700630847073918,0.0,0.0,0.14564,0.17401,-0.028370000000000006,0.8369633929084535,3e-05,0.05,102036.61499999999,0
2025-11-08 20:02:03.920082,102036.61499999999,71.49000000000524,0.0700630847073918,0.0,0.0,0.14564,0.17401,-0.028370000000000006,0.8369633929084535,3e-05,0.05,102036.61499999999,0
2025-11-08 20:02:05.954259,102036.61499999999,71.49000000000524,0.0700630847073918,0.0,0.0,0.14564,0.17401,-0.028370000000000006,0.8369633929084535,3e-05,0.05,102036.61499999999,0
2025-11-08 20:02:07.988857,102036.61499999999,71.49000000000524,0.0700630847073918,0.0,0.0,0.14564,0.17401,-0.028370000000000006,0.8369633929084535,3e-05,0.05,102036.61499999999,0
2025-11-08 20:02:10.022645,102036.61499999999,71.49000000000524,0.0700630847073918,0.0,0.0,0.14564,0.17401,-0.028370000000000006,0.8369633929084535,3e-05,0.05,102036.61499999999,0
2025-11-08 20:02:12.056958,102036.61499999999,71.49000000000524,0.0700630847073918,0.0,0.0,0.14564,0.17401,-0.028370000000000006,0.8369633929084535,3e-05,0.05,102036.61499999999,0
2025-11-08 20:02:14.094182,102036.61499999999,71.49000000000524,0.0700630847073918,0.0012600000000000042,0.0012600000000000042,0.14564,0.17275000000000001,-0.027110000000000023,0.8430680173661359,3e-05,0.04874,102036.61499999999,0
2025-11-08 20:02:16.127298,102036.61499999999,71.49000000000524,0.0700630847073918,0.0,-0.0012600000000000042,0.14564,0.17275000000000001,-0.027110000000000023,0.8430680173661359,3e-05,0.04874,102036.61499999999,0
2025-11-08 20:02:18.156986,102036.61499999999,71.49000000000524,0.0700630847073918,0.0,0.0,0.14564,0.17275000000000001,-0.027110000000000023,0.8430680173661359,3e-05,0.04874,102036.61499999999,0
2025-11-08 20:02:20.200256,102036.61499999999,71.49000000000524,0.0700630847073918,0.0,0.0,0.14564,0.17275000000000001,-0.027110000000000023,0.8430680173661359,3e-05,0.04874,102036.61499999999,0
2025-11-08 20:02:22.237670,102036.61499999999,71.49000000000524,0.0700630847073918,0.0,0.0,0.14564,0.17275000000000001,-0.027110000000000023,0.8430680173661359,3e-05,0.04874,102036.61499999999,0
2025-11-08 20:02:24.271711,102036.61499999999,71.49000000000524,0.0700630847073918,0.0,0.0,0.14564,0.17275000000000001,-0.027110000000000023,0.8430680173661359,3e-05,0.04874,102036.61499999999,0
2025-11-08 20:02:26.320691,102036.61499999999,71.49000000000524,0.0700630847073918,0.0,0.0,0.14564,0.17275000000000001,-0.027110000000000023,0.8430680173661359,3e-05,0.04874,102041.635,1
2025-11-08 20:02:28.355298,102041.635,81.52999999999884,0.07989875897225562,-0.0012600000000000111,-0.0012600000000000111,0.14564,0.17401,-0.028370000000000006,0.8369633929084535,3e-05,0.05,102041.635,0
2025-11-08 20:02:30.391423,102041.635,81.52999999999884,0.07989875897225562,0.0,0.0012600000000000111,0.14564,0.17401,-0.028370000000000006,0.8369633929084535,3e-05,0.05,102041.635,0
2025-11-08 20:02:32.425385,102041.635,81.52999999999884,0.07989875897225562,2.0000000000006124e-05,2.0000000000006124e-05,0.14564,0.17399,-0.028350000000000014,0.8370596011265015,3e-05,0.04998,102041.635,0
2025-11-08 20:02:34.457232,102041.635,81.52999999999884,0.07989875897225562,0.0,-2.0000000000006124e-05,0.14564,0.17399,-0.028350000000000014,0.8370596011265015,3e-05,0.04998,102036.09,0
2025-11-08 20:02:36.489414,102036.09,70.44000000000233,0.06903439753522732,-2.0000000000006124e-05,-2.0000000000006124e-05,0.14564,0.17401,-0.028370000000000006,0.8369633929084535,3e-05,0.05,102036.08499999999,0
2025-11-08 20:02:38.524309,102036.08499999999,70.43000000000757,0.06902460046365712,0.0006399999999999953,0.0006600000000000014,0.14564,0.17337,-0.027730000000000005,0.8400530656976408,3e-05,0.00095,102036.08499999999,0
2025-11-08 20:02:40.556475,102036.08499999999,70.43000000000757,0.06902460046365712,0.0,-0.0006399999999999953,0.14564,0.17337,-0.027730000000000005,0.8400530656976408,3e-05,0.00095,102036.08499999999,0
2025-11-08 20:02:42.587952,102036.08499999999,70.43000000000757,0.06902460046365712,0.0,0.0,0.14564,0.17337,-0.027730000000000005,0.8400530656976408,3e-05,0.00095,102036.08499999999,0
2025-11-08 20:02:44.620811,102036.08499999999,70.43000000000757,0.06902460046365712,0.0,0.0,0.14564,0.17337,-0.027730000000000005,0.8400530656976408,3e-05,0.00095,102036.08499999999,0
2025-11-08 20:02:46.651084,102036.08499999999,70.43000000000757,0.06902460046365712,0.0,0.0,0.14564,0.17337,-0.027730000000000005,0.8400530656976408,3e-05,0.00095,102036.08499999999,0
2025-11-08 20:02:48.682127,102036.08499999999,70.43000000000757,0.06902460046365712,0.0,0.0,0.14564,0.17337,-0.027730000000000005,0.8400530656976408,3e-05,0.00095,102036.08499999999,0
2025-11-08 20:02:50.716749,102036.08499999999,70.43000000000757,0.06902460046365712,0.0,0.0,0.14564,0.17337,-0.027730000000000005,0.8400530656976408,3e-05,0.00095,102036.09,1
2025-11-08 20:02:52.753320,102036.09,70.44000000000233,0.06903439753522732,0.0,0.0,0.14564,0.17337,-0.027730000000000005,0.8400530656976408,3e-05,0.04936,102036.09,0
2025-11-08 20:02:54.790386,102036.09,70.44000000000233,0.06903439753522732,0.0,0.0,0.14564,0.17337,-0.027730000000000005,0.8400530656976408,3e-05,0.04936,102036.09,0
2025-11-08 20:02:56.825553,102036.09,70.44000000000233,0.06903439753522732,0.0,0.0,0.14564,0.17337,-0.027730000000000005,0.8400530656976408,3e-05,0.04936,102036.09,0
2025-11-08 20:02:58.866477,102036.09,70.44000000000233,0.06903439753522732,0.0,0.0,0.14564,0.17337,-0.027730000000000005,0.8400530656976408,3e-05,0.04936,102036.09,0
2025-11-08 20:03:00.902241,102036.09,70.44000000000233,0.06903439753522732,0.0,0.0,0.14564,0.17337,-0.027730000000000005,0.8400530656976408,3e-05,0.04936,102036.09,0
2025-11-08 20:03:02.936589,102036.09,70.44000000000233,0.06903439753522732,0.0,0.0,0.14564,0.17337,-0.027730000000000005,0.8400530656976408,3e-05,0.04936,102036.09,0
2025-11-08 20:03:04.967399,102036.09,70.44000000000233,0.06903439753522732,0.0,0.0,0.14564,0.17337,-0.027730000000000005,0.8400530656976408,3e-05,0.04936,102036.09,0
2025-11-08 20:03:07.000808,102036.09,70.44000000000233,0.06903439753522732,0.0,0.0,0.14564,0.17337,-0.027730000000000005,0.8400530656976408,3e-05,0.04936,102036.09,0
2025-11-08 20:03:09.038511,102036.09,70.44000000000233,0.06903439753522732,0.0,0.0,0.14564,0.17337,-0.027730000000000005,0.8400530656976408,3e-05,0.04936,102036.09,0
2025-11-08 20:03:11.073004,102036.09,70.44000000000233,0.06903439753522732,0.0,0.0,0.14564,0.17337,-0.027730000000000005,0.8400530656976408,3e-05,0.04936,102036.09,0
2025-11-08 20:03:13.106943,102036.09,70.44000000000233,0.06903439753522732,0.0,0.0,0.14564,0.17337,-0.027730000000000005,0.8400530656976408,3e-05,0.04936,102036.09,0
2025-11-08 20:03:15.144886,102036.09,70.44000000000233,0.06903439753522732,0.0,0.0,0.14564,0.17337,-0.027730000000000005,0.8400530656976408,3e-05,0.04936,102036.09,0
2025-11-08 20:03:17.184194,102036.09,70.44000000000233,0.06903439753522732,0.0,0.0,0.14564,0.17337,-0.027730000000000005,0.8400530656976408,3e-05,0.04936,102036.09,0
2025-11-08 20:03:19.218982,102036.09,70.44000000000233,0.06903439753522732,0.0,0.0,0.14564,0.17337,-0.027730000000000005,0.8400530656976408,3e-05,0.04936,102036.09,0
2025-11-08 20:03:21.253925,102036.09,70.44000000000233,0.06903439753522732,0.0,0.0,0.14564,0.17337,-0.027730000000000005,0.8400530656976408,3e-05,0.04936,102036.09,0
2025-11-08 20:03:23.285367,102036.09,70.44000000000233,0.06903439753522732,0.0,0.0,0.14564,0.17337,-0.027730000000000005,0.8400530656976408,3e-05,0.04936,102036.09,0
2025-11-08 20:03:25.319292,102036.09,70.44000000000233,0.06903439753522732,0.0,0.0,0.14564,0.17337,-0.027730000000000005,0.8400530656976408,3e-05,0.04936,102044.075,1
2025-11-08 20:03:27.354542,102044.075,86.41000000000349,0.08467909577307992,-0.0006400000000000017,-0.0006400000000000017,0.14564,0.17401,-0.028370000000000006,0.8369633929084535,3e-05,0.00095,102044.075,0
2025-11-08 20:03:29.391380,102044.075,86.41000000000349,0.08467909577307992,0.0,0.0006400000000000017,0.14564,0.17401,-0.028370000000000006,0.8369633929084535,3e-05,0.00095,102044.075,0
2025-11-08 20:03:31.422476,102044.075,86.41000000000349,0.08467909577307992,0.0,0.0,0.14564,0.17401,-0.028370000000000006,0.8369633929084535,3e-05,0.00095,102044.075,0
2025-11-08 20:03:33.452832,102044.075,86.41000000000349,0.08467909577307992,0.0,0.0,0.14564,0.17401,-0.028370000000000006,0.8369633929084535,3e-05,0.00095,102044.075,0
2025-11-08 20:03:35.757901,102044.075,86.41000000000349,0.08467909577307992,0.0,0.0,0.14564,0.17401,-0.028370000000000006,0.8369633929084535,3e-05,0.00095,102044.075,0
2025-11-08 20:03:37.791844,102044.075,86.41000000000349,0.08467909577307992,0.0,0.0,0.14564,0.17401,-0.028370000000000006,0.8369633929084535,3e-05,0.00095,102090.475,1
2025-11-08 20:03:39.823526,102090.475,179.2100000000064,0.17554037240007592,-0.17141,-0.17141,0.14564,0.34542000000000006,-0.19978000000000007,0.42163163684789523,3e-05,0.00136,102038.15,0
2025-11-08 20:03:41.862713,102038.15,74.55999999999767,0.07307070933763271,-0.04864000000000002,0.12276999999999999,0.14564,0.39405999999999997,-0.24841999999999997,0.36958838755519463,3e-05,0.05,102038.15,0
2025-11-08 20:03:43.895982,102038.15,74.55999999999767,0.07307070933763271,0.0,0.04864000000000002,0.14564,0.39405999999999997,-0.24841999999999997,0.36958838755519463,3e-05,0.05,102038.15,0
2025-11-08 20:03:45.943951,102038.15,74.55999999999767,0.07307070933763271,0.0,0.0,0.14564,0.39405999999999997,-0.24841999999999997,0.36958838755519463,3e-05,0.05,102038.15,0
2025-11-08 20:03:47.974530,102038.15,74.55999999999767,0.07307070933763271,0.0,0.0,0.14564,0.39405999999999997,-0.24841999999999997,0.36958838755519463,3e-05,0.05,102044.825,1
2025-11-08 20:03:50.007005,102044.825,87.91000000000349,0.08614841565949424,0.21964,0.21964,0.14564,0.17442000000000002,-0.028780000000000028,0.834995986698773,3e-05,0.05,102044.825,0
2025-11-08 20:03:52.045568,102044.825,87.91000000000349,0.08614841565949424,0.0,-0.21964,0.14564,0.17442000000000002,-0.028780000000000028,0.834995986698773,3e-05,0.05,102044.825,0
2025-11-08 20:03:54.079351,102044.825,87.91000000000349,0.08614841565949424,0.0,0.0,0.14564,0.17442000000000002,-0.028780000000000028,0.834995986698773,3e-05,0.05,102044.825,0
2025-11-08 20:03:56.115031,102044.825,87.91000000000349,0.08614841565949424,0.0,0.0,0.14564,0.17442000000000002,-0.028780000000000028,0.834995986698773,3e-05,0.05,102044.825,0
2025-11-08 20:03:58.151368,102044.825,87.91000000000349,0.08614841565949424,0.0,0.0,0.14564,0.17442000000000002,-0.028780000000000028,0.834995986698773,3e-05,0.05,102053.105,1
2025-11-08 20:04:00.184570,102053.105,98.47000000000116,0.09648897992863732,0.0013400000000000033,0.0013400000000000033,0.14698,0.17442000000000002,-0.02744000000000002,0.842678591904598,0.05,0.05,102053.105,0
2025-11-08 20:04:02.214323,102053.105,98.47000000000116,0.09648897992863732,1.9999999999999185e-05,-0.0013200000000000041,0.147,0.17442000000000002,-0.027420000000000028,0.8427932576539386,0.05002,0.05,102053.105,0
2025-11-08 20:04:04.248093,102053.105,98.47000000000116,0.09648897992863732,-1.9999999999999185e-05,-3.999999999999837e-05,0.14698,0.17442000000000002,-0.02744000000000002,0.842678591904598,0.05,0.05,102053.105,0
2025-11-08 20:04:06.277740,102053.105,98.47000000000116,0.09648897992863732,0.0,1.9999999999999185e-05,0.14698,0.17442000000000002,-0.02744000000000002,0.842678591904598,0.05,0.05,102053.105,0
2025-11-08 20:04:08.312132,102053.105,98.47000000000116,0.09648897992863732,0.0,0.0,0.14698,0.17442000000000002,-0.02744000000000002,0.842678591904598,0.05,0.05,102053.105,0
2025-11-08 20:04:10.348141,102053.105,98.47000000000116,0.09648897992863732,2.9999999999995308e-05,2.9999999999995308e-05,0.14701,0.17442000000000002,-0.027410000000000018,0.842850590528609,0.05003,0.05,102053.105,0
2025-11-08 20:04:12.385071,102053.105,98.47000000000116,0.09648897992863732,-2.9999999999995308e-05,-5.9999999999990616e-05,0.14698,0.17442000000000002,-0.02744000000000002,0.842678591904598,0.05,0.05,102067.905,1
2025-11-08 20:04:14.413023,102067.905,94.76999999998952,0.09284995121629029,-0.0013299999999999933,-0.001299999999999998,0.14565,0.17442000000000002,-0.028770000000000018,0.8350533195734433,0.05,0.05,102067.905,0
2025-11-08 20:04:16.447260,102067.905,94.76999999998952,0.09284995121629029,0.0,0.0013299999999999933,0.14565,0.17442000000000002,-0.028770000000000018,0.8350533195734433,0.05,0.05,102058.07999999999,0
2025-11-08 20:04:18.476455,102058.07999999999,114.41999999999825,0.1121126323364091,0.07233,0.07233,0.21798,0.17442000000000002,0.04355999999999999,1.2497420020639833,3e-05,0.05,102102.53,1
2025-11-08 20:04:20.512375,102102.53,97.22000000000116,0.09521801271721785,-0.07233,-0.14466,0.14565,0.17442,-0.02876999999999999,0.8350533195734434,0.05,0.05,102102.53,0
2025-11-08 20:04:22.545627,102102.53,97.22000000000116,0.09521801271721785,0.0,0.07233,0.14565,0.17442,-0.02876999999999999,0.8350533195734434,0.05,0.05,102102.53,0
2025-11-08 20:04:24.577538,102102.53,97.22000000000116,0.09521801271721785,0.0,0.0,0.14565,0.17442,-0.02876999999999999,0.8350533195734434,0.05,0.05,102105.39,1
2025-11-08 20:04:26.603856,102105.39,91.5,0.08961329073812851,0.12097,0.12097,0.26661999999999997,0.17442,0.09219999999999998,1.5286091044604975,0.05,0.05,102119.265,1
2025-11-08 20:04:28.633624,102119.265,98.79000000000815,0.0967398267114517,-0.12097999999999999,-0.24195,0.14564,0.17442,-0.02878,0.8349959866987731,0.05,0.05,102122.98000000001,1
2025-11-08 20:04:30.662033,102122.98000000001,91.36000000000058,0.08946076583350836,0.12097999999999999,0.24195999999999998,0.26661999999999997,0.17442,0.09219999999999998,1.5286091044604975,0.05,0.05,102122.98000000001,0
2025-11-08 20:04:32.691921,102122.98000000001,91.36000000000058,0.08946076583350836,0.0,-0.12097999999999999,0.26661999999999997,0.17442,0.09219999999999998,1.5286091044604975,0.05,0.05,102122.985,1
2025-11-08 20:04:34.719071,102122.985,91.35000000000582,0.0894509693385929,-0.12171,-0.12171,0.14491,0.17442,-0.02950999999999998,0.8308106868478387,2e-05,0.05,102122.985,0
2025-11-08 20:04:36.752794,102122.985,91.35000000000582,0.0894509693385929,0.0,0.12171,0.14491,0.17442,-0.02950999999999998,0.8308106868478387,2e-05,0.05,102122.985,0
2025-11-08 20:04:38.783152,102122.985,91.35000000000582,0.0894509693385929,0.0,0.0,0.14491,0.17442,-0.02950999999999998,0.8308106868478387,2e-05,0.05,102122.985,0
2025-11-08 20:04:40.813668,102122.985,91.35000000000582,0.0894509693385929,0.0,0.0,0.14491,0.17442,-0.02950999999999998,0.8308106868478387,2e-05,0.05,102122.985,0
2025-11-08 20:04:42.845885,102122.985,91.35000000000582,0.0894509693385929,0.0,0.0,0.14491,0.17442,-0.02950999999999998,0.8308106868478387,2e-05,0.05,102108.305,0
2025-11-08 20:04:44.878223,102108.305,99.93000000000757,0.09786667205964057,0.0010299999999999893,0.0010299999999999893,0.14594000000000001,0.17442,-0.028479999999999978,0.8367159729388832,0.05,0.05,102105.6,0
2025-11-08 20:04:46.908241,102105.6,94.5,0.0925512410680707,-0.0010299999999999893,-0.0020599999999999785,0.14491,0.17442,-0.02950999999999998,0.8308106868478387,2e-05,0.05,102105.6,0
2025-11-08 20:04:48.937808,102105.6,94.5,0.0925512410680707,0.0,0.0010299999999999893,0.14491,0.17442,-0.02950999999999998,0.8308106868478387,2e-05,0.05,102094.405,0
2025-11-08 20:04:50.971559,102094.405,102.42999999999302,0.10032871047144358,0.002799999999999997,0.002799999999999997,0.14698,0.17369,-0.02671000000000001,0.8462202775059012,0.05,0.05,102094.41,1
2025-11-08 20:04:53.002511,102094.41,102.41999999999825,0.10031891070235702,-0.002789999999999987,-0.005589999999999984,0.14492,0.17442,-0.0295,0.8308680197225089,3e-05,0.05,102094.41,0
2025-11-08 20:04:55.032827,102094.41,102.41999999999825,0.10031891070235702,0.0,0.002789999999999987,0.14492,0.17442,-0.0295,0.8308680197225089,3e-05,0.05,102094.41,0
2025-11-08 20:04:57.066609,102094.41,102.41999999999825,0.10031891070235702,0.0,0.0,0.14492,0.17442,-0.0295,0.8308680197225089,3e-05,0.05,102094.41,0
2025-11-08 20:04:59.096450,102094.41,102.41999999999825,0.10031891070235702,0.0,0.0,0.14492,0.17442,-0.0295,0.8308680197225089,3e-05,0.05,102094.41,0
2025-11-08 20:05:01.126613,102094.41,102.41999999999825,0.10031891070235702,0.0,0.0,0.14492,0.17442,-0.0295,0.8308680197225089,3e-05,0.05,102094.41,0
2025-11-08 20:05:03.156485,102094.41,102.41999999999825,0.10031891070235702,0.0,0.0,0.14492,0.17442,-0.0295,0.8308680197225089,3e-05,0.05,102094.41,0
2025-11-08 20:05:05.187869,102094.41,102.41999999999825,0.10031891070235702,0.0,0.0,0.14492,0.17442,-0.0295,0.8308680197225089,3e-05,0.05,102094.41,0
2025-11-08 20:05:07.219413,102094.41,102.41999999999825,0.10031891070235702,0.0,0.0,0.14492,0.17442,-0.0295,0.8308680197225089,3e-05,0.05,102094.41,0
2025-11-08 20:05:09.249792,102094.41,102.41999999999825,0.10031891070235702,0.0,0.0,0.14492,0.17442,-0.0295,0.8308680197225089,3e-05,0.05,102094.41,0
2025-11-08 20:05:11.281933,102094.41,102.41999999999825,0.10031891070235702,0.0,0.0,0.14492,0.17442,-0.0295,0.8308680197225089,3e-05,0.05,102094.41,0
2025-11-08 20:05:13.316326,102094.41,102.41999999999825,0.10031891070235702,0.0,0.0,0.14492,0.17442,-0.0295,0.8308680197225089,3e-05,0.05,102088.70999999999,0
2025-11-08 20:05:15.349549,102088.70999999999,91.02000000000407,0.08915775309532668,0.0,0.0,0.14492,0.17442,-0.0295,0.8308680197225089,3e-05,0.05,102086.17499999999,0
2025-11-08 20:05:17.383235,102086.17499999999,85.94999999999709,0.08419357469314243,0.001459999999999989,0.001459999999999989,0.14565,0.17369,-0.02804000000000001,0.8385629569923426,3e-05,0.05,102083.11,0
2025-11-08 20:05:19.414544,102083.11,79.82000000000698,0.07819119147134819,-0.001459999999999989,-0.002919999999999978,0.14492,0.17442,-0.0295,0.8308680197225089,3e-05,0.05,102083.11,0
2025-11-08 20:05:21.443540,102083.11,79.82000000000698,0.07819119147134819,0.0007299999999999945,0.0021899999999999836,0.14565,0.17442,-0.02876999999999999,0.8350533195734434,3e-05,0.05,102083.11,0
2025-11-08 20:05:23.481791,102083.11,79.82000000000698,0.07819119147134819,-0.0007299999999999945,-0.001459999999999989,0.14492,0.17442,-0.0295,0.8308680197225089,3e-05,0.05,102083.11,0
2025-11-08 20:05:25.514485,102083.11,79.82000000000698,0.07819119147134819,0.0,0.0007299999999999945,0.14492,0.17442,-0.0295,0.8308680197225089,3e-05,0.05,102083.11,0
2025-11-08 20:05:27.545314,102083.11,79.82000000000698,0.07819119147134819,0.0,0.0,0.14492,0.17442,-0.0295,0.8308680197225089,3e-05,0.05,102078.11,0
2025-11-08 20:05:29.574371,102078.11,89.82000000000698,0.08799144106410962,0.0010199999999999931,0.0010199999999999931,0.14594000000000001,0.17442,-0.028479999999999978,0.8367159729388832,0.00032,0.05,102076.14,0
2025-11-08 20:05:31.605375,102076.14,93.76000000000931,0.09185300306223307,0.00043999999999999454,-0.0005799999999999986,0.14565,0.17369,-0.02804000000000001,0.8385629569923426,3e-05,0.05,102076.14,0
2025-11-08 20:05:33.638902,102076.14,93.76000000000931,0.09185300306223307,-0.001459999999999989,-0.0018999999999999837,0.14492,0.17442,-0.0295,0.8308680197225089,3e-05,0.05,102076.14,0
2025-11-08 20:05:35.674752,102076.14,93.76000000000931,0.09185300306223307,0.0,0.001459999999999989,0.14492,0.17442,-0.0295,0.8308680197225089,3e-05,0.05,102076.14,0
2025-11-08 20:05:37.705284,102076.14,93.76000000000931,0.09185300306223307,0.0,0.0,0.14492,0.17442,-0.0295,0.8308680197225089,3e-05,0.05,102076.14,0
2025-11-08 20:05:39.735670,102076.14,93.76000000000931,0.09185300306223307,0.001459999999999989,0.001459999999999989,0.14565,0.17369,-0.02804000000000001,0.8385629569923426,3e-05,0.05,102076.14,0
2025-11-08 20:05:41.770716,102076.14,93.76000000000931,0.09185300306223307,0.0,-0.001459999999999989,0.14565,0.17369,-0.02804000000000001,0.8385629569923426,3e-05,0.05,102076.14,0
2025-11-08 20:05:43.813115,102076.14,93.76000000000931,0.09185300306223307,0.0,0.0,0.14565,0.17369,-0.02804000000000001,0.8385629569923426,3e-05,0.05,102076.14,0
2025-11-08 20:05:45.846977,102076.14,93.76000000000931,0.09185300306223307,0.0,0.0,0.14565,0.17369,-0.02804000000000001,0.8385629569923426,3e-05,0.05,102076.14,0
2025-11-08 20:05:47.882760,102076.14,93.76000000000931,0.09185300306223307,0.0,0.0,0.14565,0.17369,-0.02804000000000001,0.8385629569923426,3e-05,0.05,102076.14,0
2025-11-08 20:05:49.918126,102076.14,93.76000000000931,0.09185300306223307,0.0,0.0,0.14565,0.17369,-0.02804000000000001,0.8385629569923426,3e-05,0.05,102076.14,0
2025-11-08 20:05:51.946018,102076.14,93.76000000000931,0.09185300306223307,0.0,0.0,0.14565,0.17369,-0.02804000000000001,0.8385629569923426,3e-05,0.05,102076.14,0
2025-11-08 20:05:53.980585,102076.14,93.76000000000931,0.09185300306223307,0.0,0.0,0.14565,0.17369,-0.02804000000000001,0.8385629569923426,3e-05,0.05,102076.14,0
2025-11-08 20:05:56.015939,102076.14,93.76000000000931,0.09185300306223307,0.0,0.0,0.14565,0.17369,-0.02804000000000001,0.8385629569923426,3e-05,0.05,102076.14,0
2025-11-08 20:05:58.046333,102076.14,93.76000000000931,0.09185300306223307,0.0,0.0,0.14565,0.17369,-0.02804000000000001,0.8385629569923426,3e-05,0.05,102073.32999999999,0
2025-11-08 20:06:00.077803,102073.32999999999,88.13999999999942,0.08634968605413326,0.0,0.0,0.14565,0.17369,-0.02804000000000001,0.8385629569923426,3e-05,0.05,102062.23499999999,0
2025-11-08 20:06:02.109251,102062.23499999999,99.88999999999942,0.09787165644569652,0.0013599999999999817,0.0013599999999999817,0.14701,0.17369,-0.02668000000000001,0.8463929990212447,0.05003,0.05,102062.23499999999,0
2025-11-08 20:06:04.142158,102062.23499999999,99.88999999999942,0.09787165644569652,0.0,-0.0013599999999999817,0.14701,0.17369,-0.02668000000000001,0.8463929990212447,0.05003,0.05,102058.62,0
2025-11-08 20:06:06.178094,102058.62,92.66000000000349,0.09079095915661362,0.0,0.0,0.14701,0.17369,-0.02668000000000001,0.8463929990212447,0.05003,0.05,102058.62,0
2025-11-08 20:06:08.210602,102058.62,92.66000000000349,0.09079095915661362,-0.000759999999999996,-0.000759999999999996,0.14698,0.17442000000000002,-0.02744000000000002,0.842678591904598,0.05,0.05,102058.62,0
2025-11-08 20:06:10.245406,102058.62,92.66000000000349,0.09079095915661362,-0.0008299999999999929,-6.999999999999682e-05,0.14594000000000001,0.17421,-0.02826999999999999,0.8377245852706504,0.05,0.04979,102058.62,0
2025-11-08 20:06:12.279564,102058.62,92.66000000000349,0.09079095915661362,0.001799999999999984,0.002629999999999977,0.14701,0.17348,-0.026469999999999994,0.8474175697486742,0.05003,0.04979,102058.62,0
2025-11-08 20:06:14.309718,102058.62,92.66000000000349,0.09079095915661362,-2.9999999999995308e-05,-0.0018299999999999792,0.14698,0.17348,-0.026499999999999996,0.8472446391514872,0.05,0.04979,102058.62,0
2025-11-08 20:06:16.346259,102058.62,92.66000000000349,0.09079095915661362,0.0,2.9999999999995308e-05,0.14698,0.17348,-0.026499999999999996,0.8472446391514872,0.05,0.04979,102061.23,1
2025-11-08 20:06:18.377072,102061.23,87.44000000000233,0.08567406056149071,-0.0017399999999999933,-0.0017399999999999933,0.14597,0.17421,-0.028240000000000015,0.8378967912289764,0.05003,0.04979,102061.23,0
2025-11-08 20:06:20.414247,102061.23,87.44000000000233,0.08567406056149071,0.0,0.0017399999999999933,0.14597,0.17421,-0.028240000000000015,0.8378967912289764,0.05003,0.04979,102061.23,0
2025-11-08 20:06:22.445377,102061.23,87.44000000000233,0.08567406056149071,0.0,0.0,0.14597,0.17421,-0.028240000000000015,0.8378967912289764,0.05003,0.04979,102076.095,1
2025-11-08 20:06:24.478862,102076.095,112.11000000000058,0.10982982842358985,-0.04888000000000001,-0.04888000000000001,0.0973,0.17442,-0.07712,0.557848870542369,0.00032,0.05,102102.32500000001,1
2025-11-08 20:06:26.512627,102102.32500000001,89.99000000000524,0.08813707229488185,0.050409999999999996,0.09929,0.14698,0.17369,-0.02671000000000001,0.8462202775059012,0.05,0.05,102102.33,1
2025-11-08 20:06:28.550064,102102.33,89.98000000001048,0.08812727388298629,-0.002799999999999997,-0.05320999999999999,0.14491,0.17442,-0.02950999999999998,0.8308106868478387,2e-05,0.05,102116.525,1
2025-11-08 20:06:30.584827,102116.525,91.90999999998894,0.09000502122451674,0.12171,0.12451,0.26661999999999997,0.17442,0.09219999999999998,1.5286091044604975,0.05,0.05,102116.525,0
2025-11-08 20:06:32.617242,102116.525,91.90999999998894,0.09000502122451674,-0.12068,-0.24239,0.14594000000000001,0.17442,-0.028479999999999978,0.8367159729388832,0.05,0.05,102116.525,0
2025-11-08 20:06:34.648647,102116.525,91.90999999998894,0.09000502122451674,0.0,0.12068,0.14594000000000001,0.17442,-0.028479999999999978,0.8367159729388832,0.05,0.05,102116.525,0
2025-11-08 20:06:36.683049,102116.525,91.90999999998894,0.09000502122451674,0.0,0.0,0.14594000000000001,0.17442,-0.028479999999999978,0.8367159729388832,0.05,0.05,102116.525,0
2025-11-08 20:06:38.712168,102116.525,91.90999999998894,0.09000502122451674,0.0,0.0,0.14594000000000001,0.17442,-0.028479999999999978,0.8367159729388832,0.05,0.05,102116.525,0
2025-11-08 20:06:40.740774,102116.525,91.90999999998894,0.09000502122451674,0.0,0.0,0.14594000000000001,0.17442,-0.028479999999999978,0.8367159729388832,0.05,0.05,102116.525,0
2025-11-08 20:06:42.778227,102116.525,91.90999999998894,0.09000502122451674,0.0,0.0,0.14594000000000001,0.17442,-0.028479999999999978,0.8367159729388832,0.05,0.05,102116.525,0
2025-11-08 20:06:44.811756,102116.525,91.90999999998894,0.09000502122451674,0.0,0.0,0.14594000000000001,0.17442,-0.028479999999999978,0.8367159729388832,0.05,0.05,102116.525,0
2025-11-08 20:06:46.845921,102116.525,91.90999999998894,0.09000502122451674,0.0,0.0,0.14594000000000001,0.17442,-0.028479999999999978,0.8367159729388832,0.05,0.05,102116.525,0
2025-11-08 20:06:48.873951,102116.525,91.90999999998894,0.09000502122451674,0.0,0.0,0.14594000000000001,0.17442,-0.028479999999999978,0.8367159729388832,0.05,0.05,102116.53,1
2025-11-08 20:06:50.900013,102116.53,91.89999999999418,0.08999522408369554,0.0004299999999999929,0.0004299999999999929,0.14564,0.17369,-0.02805000000000002,0.8385053831538948,2e-05,0.05,102116.53,0
2025-11-08 20:06:52.933463,102116.53,91.89999999999418,0.08999522408369554,0.0,-0.0004299999999999929,0.14564,0.17369,-0.02805000000000002,0.8385053831538948,2e-05,0.05,102123.89499999999,1
2025-11-08 20:06:54.963403,102123.89499999999,79.16999999999825,0.07752348262862307,0.12097999999999999,0.12097999999999999,0.26661999999999997,0.17369,0.09292999999999996,1.5350336806954916,0.05,0.00063,102135.705,1
2025-11-08 20:06:56.992129,102135.705,88.75,0.0868941963048084,-0.12244,-0.24341999999999997,0.14491,0.17442,-0.02950999999999998,0.8308106868478387,0.05,0.00136,102135.705,0
2025-11-08 20:06:59.025063,102135.705,88.75,0.0868941963048084,0.24208,0.36451999999999996,0.26661999999999997,0.05405,0.21256999999999998,4.932839962997224,0.05,0.00136,102135.70999999999,1
2025-11-08 20:07:01.050902,102135.70999999999,88.74000000000524,0.08688440115607483,-0.24208,-0.48416,0.14491,0.17442,-0.02950999999999998,0.8308106868478387,2e-05,0.00136,102138.39,1
2025-11-08 20:07:03.080797,102138.39,83.38000000000466,0.08163433944866828,0.12097999999999999,0.36306,0.26589,0.17442,0.09147000000000002,1.5244238046095633,0.05,0.00136,102146.34,1
2025-11-08 20:07:05.109965,102146.34,67.47999999999593,0.06606208308589023,0.0006300000000000039,-0.12034999999999998,0.26588,0.17378,0.09210000000000002,1.5299804350328001,0.05,0.00072,102151.505,1
2025-11-08 20:07:07.139841,102151.505,57.15000000000873,0.05594631229369428,1.9999999999999185e-05,-0.0006100000000000047,0.26589999999999997,0.17378,0.09211999999999998,1.5300955230751525,0.05002,0.00072,102151.505,0
2025-11-08 20:07:09.170558,102151.505,57.15000000000873,0.05594631229369428,0.0,-1.9999999999999185e-05,0.26589999999999997,0.17378,0.09211999999999998,1.5300955230751525,0.05002,0.00072,102151.505,0
2025-11-08 20:07:11.203137,102151.505,57.15000000000873,0.05594631229369428,0.12111999999999998,0.12111999999999998,0.26665,0.05341,0.21323999999999999,4.9925107657742,0.05003,0.00072,102151.505,0
2025-11-08 20:07:13.232140,102151.505,57.15000000000873,0.05594631229369428,-0.12113999999999998,-0.24225999999999998,0.26588,0.17378,0.09210000000000002,1.5299804350328001,0.05,0.00072,102151.505,0
2025-11-08 20:07:15.261749,102151.505,57.15000000000873,0.05594631229369428,0.0,0.12113999999999998,0.26588,0.17378,0.09210000000000002,1.5299804350328001,0.05,0.00072,102151.505,0
2025-11-08 20:07:17.292781,102151.505,57.15000000000873,0.05594631229369428,0.0,0.0,0.26588,0.17378,0.09210000000000002,1.5299804350328001,0.05,0.00072,102151.505,0
2025-11-08 20:07:19.326375,102151.505,57.15000000000873,0.05594631229369428,0.0,0.0,0.26588,0.17378,0.09210000000000002,1.5299804350328001,0.05,0.00072,102151.505,0
2025-11-08 20:07:21.364367,102151.505,57.15000000000873,0.05594631229369428,0.0,0.0,0.26588,0.17378,0.09210000000000002,1.5299804350328001,0.05,0.00072,102151.505,0
2025-11-08 20:07:23.397465,102151.505,57.15000000000873,0.05594631229369428,0.0,0.0,0.26588,0.17378,0.09210000000000002,1.5299804350328001,0.05,0.00072,102151.505,0
2025-11-08 20:07:25.427181,102151.505,57.15000000000873,0.05594631229369428,0.0,0.0,0.26588,0.17378,0.09210000000000002,1.5299804350328001,0.05,0.00072,102151.505,0
2025-11-08 20:07:27.452650,102151.505,57.15000000000873,0.05594631229369428,2.9999999999995308e-05,2.9999999999995308e-05,0.26591,0.17378,0.09212999999999999,1.5301530670963286,0.05003,0.00072,102151.505,0
2025-11-08 20:07:29.485049,102151.505,57.15000000000873,0.05594631229369428,0.0,-2.9999999999995308e-05,0.26591,0.17378,0.09212999999999999,1.5301530670963286,0.05003,0.00072,102144.985,0
2025-11-08 20:07:31.519484,102144.985,70.19000000000233,0.06871605101317732,-1.9999999999995282e-05,-1.9999999999995282e-05,0.26589,0.17378,0.09211000000000003,1.5300379790539764,0.05,0.00072,102144.98999999999,1
2025-11-08 20:07:33.549749,102144.98999999999,70.18000000000757,0.06870625764416598,-0.09451999999999999,-0.0945,0.17137,0.17378,-0.0024099999999999955,0.9861318908965359,3e-05,0.00072,102144.98999999999,0
2025-11-08 20:07:35.579799,102144.98999999999,70.18000000000757,0.06870625764416598,0.0,0.09451999999999999,0.17137,0.17378,-0.0024099999999999955,0.9861318908965359,3e-05,0.00072,102138.41500000001,0
2025-11-08 20:07:37.609957,102138.41500000001,83.33000000000175,0.08158536628946292,0.09451999999999999,0.09451999999999999,0.26589,0.17378,0.09211000000000003,1.5300379790539764,0.05,0.00072,102138.41500000001,0
2025-11-08 20:07:39.639179,102138.41500000001,83.33000000000175,0.08158536628946292,0.0,-0.09451999999999999,0.26589,0.17378,0.09211000000000003,1.5300379790539764,0.05,0.00072,102138.42,1
2025-11-08 20:07:41.668119,102138.42,83.32000000000698,0.08157557166050443,-0.12097,-0.12097,0.14492,0.17378,-0.028859999999999997,0.8339279548854874,3e-05,0.00072,102138.42,0
2025-11-08 20:07:43.695856,102138.42,83.32000000000698,0.08157557166050443,0.0,0.12097,0.14492,0.17378,-0.028859999999999997,0.8339279548854874,3e-05,0.00072,102138.42,0
2025-11-08 20:07:45.724988,102138.42,83.32000000000698,0.08157557166050443,0.0,0.0,0.14492,0.17378,-0.028859999999999997,0.8339279548854874,3e-05,0.00072,102138.42,0
2025-11-08 20:07:47.759293,102138.42,83.32000000000698,0.08157557166050443,0.0,0.0,0.14492,0.17378,-0.028859999999999997,0.8339279548854874,3e-05,0.00072,102138.42,0
2025-11-08 20:07:49.793771,102138.42,83.32000000000698,0.08157557166050443,0.0,0.0,0.14492,0.17378,-0.028859999999999997,0.8339279548854874,3e-05,0.00072,102148.345,1
2025-11-08 20:07:51.819574,102148.345,63.470000000001164,0.06213512318775323,0.24105,0.24105,0.2656,0.05341,0.21219,4.972851525931474,0.05,0.00072,102148.345,0
2025-11-08 20:07:53.850315,102148.345,63.470000000001164,0.06213512318775323,-0.21459999999999999,-0.45565,0.17137,0.17378,-0.0024099999999999955,0.9861318908965359,0.05,0.00072,102145.84,0
2025-11-08 20:07:55.876748,102145.84,68.47999999999593,0.06704139884697793,1.0000000000000026e-05,0.21461,0.17138,0.17378,-0.0023999999999999855,0.9861894349177122,0.05,0.00072,102148.345,1
2025-11-08 20:07:57.903932,102148.345,63.470000000001164,0.06213512318775323,0.21560999999999997,0.21559999999999996,0.26661999999999997,0.05341,0.21320999999999996,4.991949073207264,0.05,0.00072,102148.35,1
2025-11-08 20:07:59.938215,102148.35,63.4600000000064,0.06212533046300444,-0.21561999999999998,-0.43122999999999995,0.17137,0.17378,-0.0024099999999999955,0.9861318908965359,3e-05,0.00072,102148.35,0
2025-11-08 20:08:01.973370,102148.35,63.4600000000064,0.06212533046300444,0.0,0.21561999999999998,0.17137,0.17378,-0.0024099999999999955,0.9861318908965359,3e-05,0.00072,102148.35,0
2025-11-08 20:08:04.002894,102148.35,63.4600000000064,0.06212533046300444,0.0,0.0,0.17137,0.17378,-0.0024099999999999955,0.9861318908965359,3e-05,0.00072,102148.35,0
2025-11-08 20:08:06.033424,102148.35,63.4600000000064,0.06212533046300444,0.0,0.0,0.17137,0.17378,-0.0024099999999999955,0.9861318908965359,3e-05,0.00072,102148.35,0
2025-11-08 20:08:08.063632,102148.35,63.4600000000064,0.06212533046300444,0.0,0.0,0.17137,0.17378,-0.0024099999999999955,0.9861318908965359,3e-05,0.00072,102148.35,0
2025-11-08 20:08:10.102365,102148.35,63.4600000000064,0.06212533046300444,0.0,0.0,0.17137,0.17378,-0.0024099999999999955,0.9861318908965359,3e-05,0.00072,102148.35,0
2025-11-08 20:08:12.136441,102148.35,63.4600000000064,0.06212533046300444,0.0,0.0,0.17137,0.17378,-0.0024099999999999955,0.9861318908965359,3e-05,0.00072,102148.35,0
2025-11-08 20:08:14.173873,102148.35,63.4600000000064,0.06212533046300444,0.0,0.0,0.17137,0.17378,-0.0024099999999999955,0.9861318908965359,3e-05,0.00072,102148.35,0
2025-11-08 20:08:16.207345,102148.35,63.4600000000064,0.06212533046300444,0.0,0.0,0.17137,0.17378,-0.0024099999999999955,0.9861318908965359,3e-05,0.00072,102148.35,0
2025-11-08 20:08:18.267760,102148.35,63.4600000000064,0.06212533046300444,0.0,0.0,0.17137,0.17378,-0.0024099999999999955,0.9861318908965359,3e-05,0.00072,102148.35,0
2025-11-08 20:08:20.297089,102148.35,63.4600000000064,0.06212533046300444,0.0,0.0,0.17137,0.17378,-0.0024099999999999955,0.9861318908965359,3e-05,0.00072,102148.35,0
2025-11-08 20:08:22.332392,102148.35,63.4600000000064,0.06212533046300444,0.0,0.0,0.17137,0.17378,-0.0024099999999999955,0.9861318908965359,3e-05,0.00072,102151.86,1
2025-11-08 20:08:24.357857,102151.86,56.44000000000233,0.055251074233990775,0.0,0.0,0.17137,0.17378,-0.0024099999999999955,0.9861318908965359,0.05,0.00072,102151.86,0
2025-11-08 20:08:26.392221,102151.86,56.44000000000233,0.055251074233990775,0.09451,0.09451,0.26588,0.17378,0.09210000000000002,1.5299804350328001,0.05,0.00072,102151.86,0
2025-11-08 20:08:28.428579,102151.86,56.44000000000233,0.055251074233990775,0.0,-0.09451,0.26588,0.17378,0.09210000000000002,1.5299804350328001,0.05,0.00072,102151.86,0
2025-11-08 20:08:30.459114,102151.86,56.44000000000233,0.055251074233990775,0.0,0.0,0.26588,0.17378,0.09210000000000002,1.5299804350328001,0.05,0.00072,102155.87,1
2025-11-08 20:08:32.494998,102155.87,48.419999999998254,0.04739815734523944,0.12029999999999999,0.12029999999999999,0.26588,0.05348,0.2124,4.971578160059836,0.05,0.00072,102155.87,0
2025-11-08 20:08:34.529135,102155.87,48.419999999998254,0.04739815734523944,0.0,-0.12029999999999999,0.26588,0.05348,0.2124,4.971578160059836,0.05,0.00072,102155.87,0
2025-11-08 20:08:36.560625,102155.87,48.419999999998254,0.04739815734523944,0.0,0.0,0.26588,0.05348,0.2124,4.971578160059836,0.05,0.00072,102155.87,0
2025-11-08 20:08:38.598855,102155.87,48.419999999998254,0.04739815734523944,0.0,0.0,0.26588,0.05348,0.2124,4.971578160059836,0.05,0.00072,102155.875,1
2025-11-08 20:08:40.637535,102155.875,48.41000000000349,0.04738836606313978,-0.00021999999999999722,-0.00021999999999999722,0.26559,0.053410000000000006,0.21217999999999998,4.972664295075828,2e-05,0.00072,102155.875,0
2025-11-08 20:08:42.668675,102155.875,48.41000000000349,0.04738836606313978,0.0,0.00021999999999999722,0.26559,0.053410000000000006,0.21217999999999998,4.972664295075828,2e-05,0.00072,102155.875,0
2025-11-08 20:08:44.699371,102155.875,48.41000000000349,0.04738836606313978,0.0,0.0,0.26559,0.053410000000000006,0.21217999999999998,4.972664295075828,2e-05,0.00072,102155.875,0
2025-11-08 20:08:46.731556,102155.875,48.41000000000349,0.04738836606313978,0.0,0.0,0.26559,0.053410000000000006,0.21217999999999998,4.972664295075828,2e-05,0.00072,102155.875,0
2025-11-08 20:08:48.761465,102155.875,48.41000000000349,0.04738836606313978,0.0,0.0,0.26559,0.053410000000000006,0.21217999999999998,4.972664295075828,2e-05,0.00072,102155.875,0
2025-11-08 20:08:50.798973,102155.875,48.41000000000349,0.04738836606313978,0.0,0.0,0.26559,0.053410000000000006,0.21217999999999998,4.972664295075828,2e-05,0.00072,102155.875,0
2025-11-08 20:08:52.836779,102155.875,48.41000000000349,0.04738836606313978,0.0,0.0,0.26559,0.053410000000000006,0.21217999999999998,4.972664295075828,2e-05,0.00072,102155.875,0
2025-11-08 20:08:54.867409,102155.875,48.41000000000349,0.04738836606313978,0.0,0.0,0.26559,0.053410000000000006,0.21217999999999998,4.972664295075828,2e-05,0.00072,102155.875,0
2025-11-08 20:08:56.908729,102155.875,48.41000000000349,0.04738836606313978,0.0,0.0,0.26559,0.053410000000000006,0.21217999999999998,4.972664295075828,2e-05,0.00072,102155.875,0
2025-11-08 20:08:58.942685,102155.875,48.41000000000349,0.04738836606313978,0.0,0.0,0.26559,0.053410000000000006,0.21217999999999998,4.972664295075828,2e-05,0.00072,102155.875,0
2025-11-08 20:09:00.978536,102155.875,48.41000000000349,0.04738836606313978,-0.2146,-0.2146,0.17135999999999998,0.17378,-0.0024200000000000055,0.9860743468753597,2e-05,0.00072,102155.875,0
2025-11-08 20:09:03.012791,102155.875,48.41000000000349,0.04738836606313978,0.0,0.2146,0.17135999999999998,0.17378,-0.0024200000000000055,0.9860743468753597,2e-05,0.00072,102155.875,0
2025-11-08 20:09:05.044834,102155.875,48.41000000000349,0.04738836606313978,0.0,0.0,0.17135999999999998,0.17378,-0.0024200000000000055,0.9860743468753597,2e-05,0.00072,102155.875,0
2025-11-08 20:09:07.077171,102155.875,48.41000000000349,0.04738836606313978,0.0,0.0,0.17135999999999998,0.17378,-0.0024200000000000055,0.9860743468753597,2e-05,0.00072,102155.875,0
2025-11-08 20:09:09.111167,102155.875,48.41000000000349,0.04738836606313978,0.0,0.0,0.17135999999999998,0.17378,-0.0024200000000000055,0.9860743468753597,2e-05,0.00072,102155.875,0
2025-11-08 20:09:11.142312,102155.875,48.41000000000349,0.04738836606313978,0.2146,0.2146,0.26559,0.053410000000000006,0.21217999999999998,4.972664295075828,2e-05,0.00072,102155.875,0
2025-11-08 20:09:13.175184,102155.875,48.41000000000349,0.04738836606313978,-0.2146,-0.4292,0.17135999999999998,0.17378,-0.0024200000000000055,0.9860743468753597,2e-05,0.00072,102155.875,0
2025-11-08 20:09:15.205519,102155.875,48.41000000000349,0.04738836606313978,0.0,0.2146,0.17135999999999998,0.17378,-0.0024200000000000055,0.9860743468753597,2e-05,0.00072,102155.875,0
2025-11-08 20:09:17.236183,102155.875,48.41000000000349,0.04738836606313978,0.0,0.0,0.17135999999999998,0.17378,-0.0024200000000000055,0.9860743468753597,2e-05,0.00072,102155.875,0
2025-11-08 20:09:19.269947,102155.875,48.41000000000349,0.04738836606313978,0.0,0.0,0.17135999999999998,0.17378,-0.0024200000000000055,0.9860743468753597,2e-05,0.00072,102155.875,0
2025-11-08 20:09:21.328664,102155.875,48.41000000000349,0.04738836606313978,0.0,0.0,0.17135999999999998,0.17378,-0.0024200000000000055,0.9860743468753597,2e-05,0.00072,102155.875,0
2025-11-08 20:09:23.360804,102155.875,48.41000000000349,0.04738836606313978,0.0,0.0,0.17135999999999998,0.17378,-0.0024200000000000055,0.9860743468753597,2e-05,0.00072,102155.875,0
2025-11-08 20:09:25.398511,102155.875,48.41000000000349,0.04738836606313978,0.0,0.0,0.17135999999999998,0.17378,-0.0024200000000000055,0.9860743468753597,2e-05,0.00072,102155.875,0
2025-11-08 20:09:27.432581,102155.875,48.41000000000349,0.04738836606313978,0.0,0.0,0.17135999999999998,0.17378,-0.0024200000000000055,0.9860743468753597,2e-05,0.00072,102155.875,0
2025-11-08 20:09:29.471596,102155.875,48.41000000000349,0.04738836606313978,0.0,0.0,0.17135999999999998,0.17378,-0.0024200000000000055,0.9860743468753597,2e-05,0.00072,102155.875,0
2025-11-08 20:09:31.510984,102155.875,48.41000000000349,0.04738836606313978,0.0,0.0,0.17135999999999998,0.17378,-0.0024200000000000055,0.9860743468753597,2e-05,0.00072,102155.875,0
2025-11-08 20:09:33.544221,102155.875,48.41000000000349,0.04738836606313978,0.0,0.0,0.17135999999999998,0.17378,-0.0024200000000000055,0.9860743468753597,2e-05,0.00072,102155.875,0
2025-11-08 20:09:35.579264,102155.875,48.41000000000349,0.04738836606313978,0.0,0.0,0.17135999999999998,0.17378,-0.0024200000000000055,0.9860743468753597,2e-05,0.00072,102155.875,0
2025-11-08 20:09:37.612252,102155.875,48.41000000000349,0.04738836606313978,0.0,0.0,0.17135999999999998,0.17378,-0.0024200000000000055,0.9860743468753597,2e-05,0.00072,102155.875,0
2025-11-08 20:09:39.642106,102155.875,48.41000000000349,0.04738836606313978,0.0,0.0,0.17135999999999998,0.17378,-0.0024200000000000055,0.9860743468753597,2e-05,0.00072,102155.875,0
2025-11-08 20:09:41.675439,102155.875,48.41000000000349,0.04738836606313978,0.0,0.0,0.17135999999999998,0.17378,-0.0024200000000000055,0.9860743468753597,2e-05,0.00072,102155.875,0
2025-11-08 20:09:43.712819,102155.875,48.41000000000349,0.04738836606313978,0.0,0.0,0.17135999999999998,0.17378,-0.0024200000000000055,0.9860743468753597,2e-05,0.00072,102155.875,0
2025-11-08 20:09:45.746452,102155.875,48.41000000000349,0.04738836606313978,0.0,0.0,0.17135999999999998,0.17378,-0.0024200000000000055,0.9860743468753597,2e-05,0.00072,102137.94,0
2025-11-08 20:09:47.781021,102137.94,84.27999999999884,0.08251586041386662,0.09453,0.09453,0.26589,0.17378,0.09211000000000003,1.5300379790539764,0.05,0.00072,102132.695,0
2025-11-08 20:09:49.818589,102132.695,94.77000000000407,0.09279104991795631,-0.12097999999999999,-0.21550999999999998,0.14491,0.17378,-0.02886999999999998,0.8338704108643114,0.05,0.00072,102135.505,1
2025-11-08 20:09:51.849616,102135.505,89.15000000000873,0.08728600304077287,0.12244,0.24341999999999997,0.26661999999999997,0.17304999999999998,0.09356999999999999,1.5407107772320139,0.05,0.00072,102135.505,0
2025-11-08 20:09:53.885954,102135.505,89.15000000000873,0.08728600304077287,-0.001459999999999989,-0.12389999999999998,0.26589,0.17378,0.09211000000000003,1.5300379790539764,0.05,0.00072,102135.505,0
2025-11-08 20:09:55.918575,102135.505,89.15000000000873,0.08728600304077287,0.0,0.001459999999999989,0.26589,0.17378,0.09211000000000003,1.5300379790539764,0.05,0.00072,102135.505,0
2025-11-08 20:09:57.947408,102135.505,89.15000000000873,0.08728600304077287,0.0,0.0,0.26589,0.17378,0.09211000000000003,1.5300379790539764,0.05,0.00072,102135.505,0
2025-11-08 20:09:59.986163,102135.505,89.15000000000873,0.08728600304077287,0.0,0.0,0.26589,0.17378,0.09211000000000003,1.5300379790539764,0.05,0.00072,102135.505,0
2025-11-08 20:10:02.014330,102135.505,89.15000000000873,0.08728600304077287,0.0,0.0,0.26589,0.17378,0.09211000000000003,1.5300379790539764,0.05,0.00072,102135.505,0
2025-11-08 20:10:04.043823,102135.505,89.15000000000873,0.08728600304077287,0.0,0.0,0.26589,0.17378,0.09211000000000003,1.5300379790539764,0.05,0.00072,102135.505,0
2025-11-08 20:10:06.073917,102135.505,89.15000000000873,0.08728600304077287,0.0,0.0,0.26589,0.17378,0.09211000000000003,1.5300379790539764,0.05,0.00072,102135.505,0
2025-11-08 20:10:08.102424,102135.505,89.15000000000873,0.08728600304077287,0.0,0.0,0.26589,0.17378,0.09211000000000003,1.5300379790539764,0.05,0.00072,102135.505,0
2025-11-08 20:10:10.138533,102135.505,89.15000000000873,0.08728600304077287,0.0,0.0,0.26589,0.17378,0.09211000000000003,1.5300379790539764,0.05,0.00072,102135.505,0
2025-11-08 20:10:12.175334,102135.505,89.15000000000873,0.08728600304077287,0.0,0.0,0.26589,0.17378,0.09211000000000003,1.5300379790539764,0.05,0.00072,102146.73999999999,1
2025-11-08 20:10:14.202779,102146.73999999999,66.68000000000757,0.06527863737991793,-0.09451,-0.09451,0.17138,0.17378,-0.0023999999999999855,0.9861894349177122,0.05,0.00072,102146.73999999999,0
2025-11-08 20:10:16.232172,102146.73999999999,66.68000000000757,0.06527863737991793,0.0945,0.18901,0.26588,0.17378,0.09210000000000002,1.5299804350328001,0.05,0.00072,102151.505,1
2025-11-08 20:10:18.264566,102151.505,57.15000000000873,0.05594631229369428,2.9999999999995308e-05,-0.09447,0.26591,0.17378,0.09212999999999999,1.5301530670963286,0.05003,0.00072,102155.87,1
2025-11-08 20:10:20.292755,102155.87,48.419999999998254,0.04739815734523944,-2.9999999999995308e-05,-5.9999999999990616e-05,0.26588,0.17378,0.09210000000000002,1.5299804350328001,0.05,0.00072,102155.875,1
2025-11-08 20:10:22.326556,102155.875,48.41000000000349,0.04738836606313978,-0.09451,-0.09448000000000001,0.17137,0.17378,-0.0024099999999999955,0.9861318908965359,3e-05,0.00072,102155.875,0
2025-11-08 20:10:24.360764,102155.875,48.41000000000349,0.04738836606313978,0.0,0.09451,0.17137,0.17378,-0.0024099999999999955,0.9861318908965359,3e-05,0.00072,102155.875,0
2025-11-08 20:10:26.398482,102155.875,48.41000000000349,0.04738836606313978,0.0,0.0,0.17137,0.17378,-0.0024099999999999955,0.9861318908965359,3e-05,0.00072,102155.875,0
2025-11-08 20:10:28.429954,102155.875,48.41000000000349,0.04738836606313978,0.0,0.0,0.17137,0.17378,-0.0024099999999999955,0.9861318908965359,3e-05,0.00072,102155.875,0
2025-11-08 20:10:30.468145,102155.875,48.41000000000349,0.04738836606313978,0.0,0.0,0.17137,0.17378,-0.0024099999999999955,0.9861318908965359,3e-05,0.00072,102155.875,0
2025-11-08 20:10:32.498913,102155.875,48.41000000000349,0.04738836606313978,0.0,0.0,0.17137,0.17378,-0.0024099999999999955,0.9861318908965359,3e-05,0.00072,102155.875,0
2025-11-08 20:10:34.527858,102155.875,48.41000000000349,0.04738836606313978,0.0,0.0,0.17137,0.17378,-0.0024099999999999955,0.9861318908965359,3e-05,0.00072,102155.875,0
2025-11-08 20:10:36.561946,102155.875,48.41000000000349,0.04738836606313978,0.0,0.0,0.17137,0.17378,-0.0024099999999999955,0.9861318908965359,3e-05,0.00072,102155.875,0
2025-11-08 20:10:38.592652,102155.875,48.41000000000349,0.04738836606313978,0.0,0.0,0.17137,0.17378,-0.0024099999999999955,0.9861318908965359,3e-05,0.00072,102137.11,0
2025-11-08 20:10:40.623095,102137.11,85.94000000000233,0.0841417972370692,0.21561999999999998,0.21561999999999998,0.26661999999999997,0.05341,0.21320999999999996,4.991949073207264,0.05,0.00072,102137.11,0
2025-11-08 20:10:42.654115,102137.11,85.94000000000233,0.0841417972370692,0.0,-0.21561999999999998,0.26661999999999997,0.05341,0.21320999999999996,4.991949073207264,0.05,0.00072,102140.07500000001,1
2025-11-08 20:10:44.690559,102140.07500000001,80.00999999999476,0.07833360216349436,-0.12138999999999998,-0.12138999999999998,0.2656,0.17378,0.09182000000000001,1.5283692024398665,3e-05,0.00072,102140.07500000001,0
2025-11-08 20:10:46.724705,102140.07500000001,80.00999999999476,0.07833360216349436,-0.12068,0.0007099999999999884,0.14492,0.17378,-0.028859999999999997,0.8339279548854874,3e-05,0.00072,102145.48999999999,1
2025-11-08 20:10:48.755983,102145.48999999999,69.18000000000757,0.06772692558428921,0.12095999999999998,0.24163999999999997,0.26588,0.17378,0.09210000000000002,1.5299804350328001,0.05,0.00072,102145.48999999999,0
2025-11-08 20:10:50.786081,102145.48999999999,69.18000000000757,0.06772692558428921,2.9999999999995308e-05,-0.12092999999999998,0.26591,0.17378,0.09212999999999999,1.5301530670963286,0.05003,0.00072,102145.48999999999,0
2025-11-08 20:10:52.847765,102145.48999999999,69.18000000000757,0.06772692558428921,-2.9999999999995308e-05,-5.9999999999990616e-05,0.26588,0.17378,0.09210000000000002,1.5299804350328001,0.05,0.00072,102145.48999999999,0
2025-11-08 20:10:54.876562,102145.48999999999,69.18000000000757,0.06772692558428921,2.9999999999995308e-05,5.9999999999990616e-05,0.26591,0.17378,0.09212999999999999,1.5301530670963286,0.05003,0.00072,102145.48999999999,0
2025-11-08 20:10:56.913399,102145.48999999999,69.18000000000757,0.06772692558428921,-2.9999999999995308e-05,-5.9999999999990616e-05,0.26588,0.17378,0.09210000000000002,1.5299804350328001,0.05,0.00072,102145.48999999999,0
2025-11-08 20:10:58.943263,102145.48999999999,69.18000000000757,0.06772692558428921,0.0,2.9999999999995308e-05,0.26588,0.17378,0.09210000000000002,1.5299804350328001,0.05,0.00072,102145.48999999999,0
2025-11-08 20:11:00.979606,102145.48999999999,69.18000000000757,0.06772692558428921,0.0,0.0,0.26588,0.17378,0.09210000000000002,1.5299804350328001,0.05,0.00072,102140.07500000001,0
2025-11-08 20:11:03.010986,102140.07500000001,80.00999999999476,0.07833360216349436,0.12008999999999999,0.12008999999999999,0.2656,0.05341,0.21219,4.972851525931474,3e-05,0.00072,102140.07500000001,0
2025-11-08 20:11:05.043934,102140.07500000001,80.00999999999476,0.07833360216349436,0.0,-0.12008999999999999,0.2656,0.05341,0.21219,4.972851525931474,3e-05,0.00072,102140.07500000001,0
2025-11-08 20:11:07.075098,102140.07500000001,80.00999999999476,0.07833360216349436,0.0,0.0,0.2656,0.05341,0.21219,4.972851525931474,3e-05,0.00072,102140.07,0
2025-11-08 20:11:09.109227,102140.07,80.02000000000407,0.07834339647506025,-0.12007999999999999,-0.12007999999999999,0.26589,0.17378,0.09211000000000003,1.5300379790539764,0.05,0.00072,102140.07500000001,1
2025-11-08 20:11:11.143403,102140.07500000001,80.00999999999476,0.07833360216349436,-0.12097,-0.0008900000000000019,0.14492,0.17378,-0.028859999999999997,0.8339279548854874,3e-05,0.00072,102131.95000000001,0
2025-11-08 20:11:13.181392,102131.95000000001,96.25999999999476,0.0942506238253502,0.0,0.12097,0.14492,0.17378,-0.028859999999999997,0.8339279548854874,3e-05,0.00072,102110.305,0
2025-11-08 20:11:15.213992,102110.305,105.55000000000291,0.10336860711561181,0.0010199999999999931,0.0010199999999999931,0.14594000000000001,0.17378,-0.027839999999999976,0.83979744504546,0.05,0.05,102106.795,0
2025-11-08 20:11:17.249594,102106.795,98.51000000000931,0.09647741856945889,-0.0010199999999999931,-0.0020399999999999863,0.14492,0.17378,-0.028859999999999997,0.8339279548854874,3e-05,0.05,102106.795,0
2025-11-08 20:11:19.284513,102106.795,98.51000000000931,0.09647741856945889,0.0,0.0010199999999999931,0.14492,0.17378,-0.028859999999999997,0.8339279548854874,3e-05,0.05,102106.795,0
2025-11-08 20:11:21.319361,102106.795,98.51000000000931,0.09647741856945889,0.0,0.0,0.14492,0.17378,-0.028859999999999997,0.8339279548854874,3e-05,0.05,102103.535,0
2025-11-08 20:11:23.355278,102103.535,91.99000000000524,0.09009482384719122,0.0010700000000000002,0.0010700000000000002,0.14492,0.17271,-0.02779000000000001,0.8390944357593654,3e-05,0.05,102103.535,0
2025-11-08 20:11:25.386574,102103.535,91.99000000000524,0.09009482384719122,0.0,-0.0010700000000000002,0.14492,0.17271,-0.02779000000000001,0.8390944357593654,3e-05,0.05,102103.535,0
2025-11-08 20:11:27.445603,102103.535,91.99000000000524,0.09009482384719122,0.0,0.0,0.14492,0.17271,-0.02779000000000001,0.8390944357593654,3e-05,0.05,102103.535,0
2025-11-08 20:11:29.477533,102103.535,91.99000000000524,0.09009482384719122,0.0,0.0,0.14492,0.17271,-0.02779000000000001,0.8390944357593654,3e-05,0.05,102103.535,0
2025-11-08 20:11:31.511760,102103.535,91.99000000000524,0.09009482384719122,0.0,0.0,0.14492,0.17271,-0.02779000000000001,0.8390944357593654,3e-05,0.05,102103.535,0
2025-11-08 20:11:33.547342,102103.535,91.99000000000524,0.09009482384719122,0.0003899999999999876,0.0003899999999999876,0.14565,0.17304999999999998,-0.02739999999999998,0.8416642588847155,3e-05,0.05,102103.535,0
2025-11-08 20:11:35.575730,102103.535,91.99000000000524,0.09009482384719122,0.0,-0.0003899999999999876,0.14565,0.17304999999999998,-0.02739999999999998,0.8416642588847155,3e-05,0.05,102098.535,0
2025-11-08 20:11:37.606917,102098.535,101.99000000000524,0.09989369583021464,0.000630000000000007,0.000630000000000007,0.14594000000000001,0.17271,-0.026769999999999988,0.8450002895026345,0.00032,0.05,102087.44,0
2025-11-08 20:11:39.638980,102087.44,87.22000000000116,0.08543656300912351,0.0,-0.000630000000000007,0.14594000000000001,0.17271,-0.026769999999999988,0.8450002895026345,0.05,0.05,102087.445,1
2025-11-08 20:11:41.674235,102087.445,87.2100000000064,0.08542676330082156,-0.0010199999999999931,-0.0010199999999999931,0.14492,0.17271,-0.02779000000000001,0.8390944357593654,3e-05,0.05,102087.445,0
2025-11-08 20:11:43.710471,102087.445,87.2100000000064,0.08542676330082156,0.0,0.0010199999999999931,0.14492,0.17271,-0.02779000000000001,0.8390944357593654,3e-05,0.05,102087.445,0
2025-11-08 20:11:45.743288,102087.445,87.2100000000064,0.08542676330082156,0.0,0.0,0.14492,0.17271,-0.02779000000000001,0.8390944357593654,3e-05,0.05,102087.445,0
2025-11-08 20:11:47.775139,102087.445,87.2100000000064,0.08542676330082156,0.0,0.0,0.14492,0.17271,-0.02779000000000001,0.8390944357593654,3e-05,0.05,102087.445,0
2025-11-08 20:11:49.806340,102087.445,87.2100000000064,0.08542676330082156,0.0,0.0,0.14492,0.17271,-0.02779000000000001,0.8390944357593654,3e-05,0.05,102087.445,0
2025-11-08 20:11:51.839696,102087.445,87.2100000000064,0.08542676330082156,0.0,0.0,0.14492,0.17271,-0.02779000000000001,0.8390944357593654,3e-05,0.05,102082.44,0
2025-11-08 20:11:53.874684,102082.44,97.22000000000116,0.09523675178610656,0.0010199999999999931,0.0010199999999999931,0.14594000000000001,0.17271,-0.026769999999999988,0.8450002895026345,0.00032,0.05,102076.13,0
2025-11-08 20:11:55.913918,102076.13,98.40000000000873,0.09639863893743691,2.9999999999995308e-05,-0.0009899999999999978,0.14597,0.17271,-0.026740000000000014,0.8451739910833188,0.05003,0.05,102076.13,0
2025-11-08 20:11:57.947772,102076.13,98.40000000000873,0.09639863893743691,0.0,-2.9999999999995308e-05,0.14597,0.17271,-0.026740000000000014,0.8451739910833188,0.05003,0.05,102064.85,0
2025-11-08 20:11:59.982213,102064.85,95.84000000001106,0.09390108347781931,-2.9999999999995308e-05,-2.9999999999995308e-05,0.14594000000000001,0.17271,-0.026769999999999988,0.8450002895026345,0.00032,0.05,102060.42,0
2025-11-08 20:12:02.016778,102060.42,93.66000000000349,0.09176916967420229,0.0,2.9999999999995308e-05,0.14594000000000001,0.17271,-0.026769999999999988,0.8450002895026345,0.05,0.05,102060.42,0
2025-11-08 20:12:04.049905,102060.42,93.66000000000349,0.09176916967420229,0.0,0.0,0.14594000000000001,0.17271,-0.026769999999999988,0.8450002895026345,0.05,0.05,102057.51,0
2025-11-08 20:12:06.082008,102057.51,87.83999999999651,0.0860691192642232,0.0,0.0,0.14594000000000001,0.17271,-0.026769999999999988,0.8450002895026345,0.05,0.05,102051.15,0
2025-11-08 20:12:08.108764,102051.15,100.55999999999767,0.09853882097359773,0.0,0.0,0.14594,0.17271,-0.026770000000000016,0.8450002895026344,3e-05,0.05,102051.15,0
2025-11-08 20:12:10.147274,102051.15,100.55999999999767,0.09853882097359773,-0.0010199999999999986,-0.0010199999999999986,0.14492,0.17271,-0.02779000000000001,0.8390944357593654,3e-05,0.05,102045.42499999999,0
2025-11-08 20:12:12.184864,102045.42499999999,89.11000000000058,0.08732385601804353,0.00073,0.0017499999999999985,0.14565,0.17271,-0.02706,0.8433211742226854,3e-05,0.05,102045.42499999999,0
2025-11-08 20:12:14.215206,102045.42499999999,89.11000000000058,0.08732385601804353,-0.0003399999999999855,-0.0010699999999999855,0.14565,0.17305,-0.027400000000000008,0.8416642588847154,3e-05,0.05,102045.42499999999,0
2025-11-08 20:12:16.244151,102045.42499999999,89.11000000000058,0.08732385601804353,-0.000390000000000016,-5.000000000003049e-05,0.14492,0.17271,-0.02779000000000001,0.8390944357593654,3e-05,0.05,102042.565,0
2025-11-08 20:12:18.281332,102042.565,83.38999999999942,0.08172079955065753,0.000390000000000016,0.000780000000000032,0.14565,0.17305,-0.027400000000000008,0.8416642588847154,3e-05,0.05,102042.565,0
2025-11-08 20:12:20.316015,102042.565,83.38999999999942,0.08172079955065753,0.0,-0.000390000000000016,0.14565,0.17305,-0.027400000000000008,0.8416642588847154,3e-05,0.05,102042.565,0
2025-11-08 20:12:22.345308,102042.565,83.38999999999942,0.08172079955065753,0.0003399999999999855,0.0003399999999999855,0.14565,0.17271,-0.02706,0.8433211742226854,3e-05,0.05,102040.005,0
2025-11-08 20:12:24.381110,102040.005,78.27000000000407,0.07670520988312778,-0.0003399999999999855,-0.000679999999999971,0.14565,0.17305,-0.027400000000000008,0.8416642588847154,3e-05,0.05,102040.005,0
2025-11-08 20:12:26.416827,102040.005,78.27000000000407,0.07670520988312778,0.0,0.0003399999999999855,0.14565,0.17305,-0.027400000000000008,0.8416642588847154,3e-05,0.05,102040.005,0
2025-11-08 20:12:28.460943,102040.005,78.27000000000407,0.07670520988312778,-0.000390000000000016,-0.000390000000000016,0.14492,0.17271,-0.02779000000000001,0.8390944357593654,3e-05,0.05,102032.01999999999,0
2025-11-08 20:12:30.495491,102032.01999999999,62.30000000000291,0.06105926355275816,0.00038999999999999994,0.0007800000000000159,0.14565,0.17305,-0.027400000000000008,0.8416642588847154,3e-05,0.05,102025.695,0
2025-11-08 20:12:32.526275,102025.695,49.65000000000873,0.048664211500846655,-0.27004999999999996,-0.27043999999999996,0.09597,0.39342,-0.29745,0.2439377764221443,3e-05,0.05,102033.475,1
2025-11-08 20:12:34.555914,102033.475,65.2100000000064,0.0639103980335928,0.22071,0.49076,0.09597,0.17271,-0.07674,0.5556713566093452,3e-05,0.05,102030.315,0
2025-11-08 20:12:36.582181,102030.315,58.88999999999942,0.05771813994693578,-0.22071,-0.44142,0.09597,0.39342,-0.29745,0.2439377764221443,3e-05,0.05,102030.315,0
2025-11-08 20:12:38.613844,102030.315,58.88999999999942,0.05771813994693578,0.0,0.22071,0.09597,0.39342,-0.29745,0.2439377764221443,3e-05,0.05,102030.315,0
2025-11-08 20:12:40.647880,102030.315,58.88999999999942,0.05771813994693578,0.27005,0.27005,0.14565,0.17305,-0.027400000000000008,0.8416642588847154,3e-05,0.05,102030.315,0
2025-11-08 20:12:42.678172,102030.315,58.88999999999942,0.05771813994693578,-0.049339999999999995,-0.31939,0.09597,0.17271,-0.07674,0.5556713566093452,3e-05,0.05,102030.315,0
2025-11-08 20:12:44.710787,102030.315,58.88999999999942,0.05771813994693578,0.0,0.049339999999999995,0.09597,0.17271,-0.07674,0.5556713566093452,3e-05,0.05,102030.315,0
2025-11-08 20:12:46.743930,102030.315,58.88999999999942,0.05771813994693578,0.0,0.0,0.09597,0.17271,-0.07674,0.5556713566093452,3e-05,0.05,102030.315,0
2025-11-08 20:12:48.778757,102030.315,58.88999999999942,0.05771813994693578,0.0,0.0,0.09597,0.17271,-0.07674,0.5556713566093452,3e-05,0.05,102030.315,0
2025-11-08 20:12:50.812130,102030.315,58.88999999999942,0.05771813994693578,0.0,0.0,0.09597,0.17271,-0.07674,0.5556713566093452,3e-05,0.05,102030.315,0
2025-11-08 20:12:52.847262,102030.315,58.88999999999942,0.05771813994693578,0.0,0.0,0.09597,0.17271,-0.07674,0.5556713566093452,3e-05,0.05,102030.315,0
2025-11-08 20:12:54.882288,102030.315,58.88999999999942,0.05771813994693578,0.0,0.0,0.09597,0.17271,-0.07674,0.5556713566093452,3e-05,0.05,102030.315,0
2025-11-08 20:12:56.915998,102030.315,58.88999999999942,0.05771813994693578,0.0,0.0,0.09597,0.17271,-0.07674,0.5556713566093452,3e-05,0.05,102030.315,0
2025-11-08 20:12:58.945622,102030.315,58.88999999999942,0.05771813994693578,0.0,0.0,0.09597,0.17271,-0.07674,0.5556713566093452,3e-05,0.05,102030.315,0
2025-11-08 20:13:00.979527,102030.315,58.88999999999942,0.05771813994693578,0.0,0.0,0.09597,0.17271,-0.07674,0.5556713566093452,3e-05,0.05,102030.315,0
2025-11-08 20:13:03.016761,102030.315,58.88999999999942,0.05771813994693578,0.0,0.0,0.09597,0.17271,-0.07674,0.5556713566093452,3e-05,0.05,102030.315,0
2025-11-08 20:13:05.054637,102030.315,58.88999999999942,0.05771813994693578,0.0,0.0,0.09597,0.17271,-0.07674,0.5556713566093452,3e-05,0.05,102030.315,0
2025-11-08 20:13:07.088957,102030.315,58.88999999999942,0.05771813994693578,0.0,0.0,0.09597,0.17271,-0.07674,0.5556713566093452,3e-05,0.05,102030.315,0
2025-11-08 20:13:09.142866,102030.315,58.88999999999942,0.05771813994693578,0.0,0.0,0.09597,0.17271,-0.07674,0.5556713566093452,3e-05,0.05,102036.035,1
2025-11-08 20:13:11.171602,102036.035,70.33000000000175,0.06892662969508934,0.04968,0.04968,0.14565,0.17271,-0.02706,0.8433211742226854,3e-05,0.05,102036.035,0
2025-11-08 20:13:13.206161,102036.035,70.33000000000175,0.06892662969508934,-0.0007300000000000015,-0.05041,0.14492,0.17271,-0.02779000000000001,0.8390944357593654,3e-05,0.05,102036.035,0
2025-11-08 20:13:15.243954,102036.035,70.33000000000175,0.06892662969508934,0.0,0.0007300000000000015,0.14492,0.17271,-0.02779000000000001,0.8390944357593654,3e-05,0.05,102036.035,0
2025-11-08 20:13:17.271689,102036.035,70.33000000000175,0.06892662969508934,0.0,0.0,0.14492,0.17271,-0.02779000000000001,0.8390944357593654,3e-05,0.05,102036.035,0
2025-11-08 20:13:19.300532,102036.035,70.33000000000175,0.06892662969508934,0.0,0.0,0.14492,0.17271,-0.02779000000000001,0.8390944357593654,3e-05,0.05,102036.035,0
2025-11-08 20:13:21.330756,102036.035,70.33000000000175,0.06892662969508934,0.0,0.0,0.14492,0.17271,-0.02779000000000001,0.8390944357593654,3e-05,0.05,102032.51999999999,0
2025-11-08 20:13:23.365883,102032.51999999999,63.30000000000291,0.06203904402243805,0.0,0.0,0.14492,0.17271,-0.02779000000000001,0.8390944357593654,3e-05,0.05,102032.51999999999,0
2025-11-08 20:13:25.394182,102032.51999999999,63.30000000000291,0.06203904402243805,-0.04895,-0.04895,0.09597,0.17271,-0.07674,0.5556713566093452,3e-05,0.05,102032.51999999999,0
2025-11-08 20:13:27.423664,102032.51999999999,63.30000000000291,0.06203904402243805,0.0006500000000000047,0.049600000000000005,0.09597,0.17206000000000002,-0.07609000000000002,0.5577705451586655,3e-05,0.04935,102029.45999999999,0
2025-11-08 20:13:29.459919,102029.45999999999,57.18000000000757,0.05604263709717524,-0.0006500000000000047,-0.0013000000000000095,0.09597,0.17271,-0.07674,0.5556713566093452,3e-05,0.05,102029.45999999999,0
2025-11-08 20:13:31.494883,102029.45999999999,57.18000000000757,0.05604263709717524,0.0,0.0006500000000000047,0.09597,0.17271,-0.07674,0.5556713566093452,3e-05,0.05,102029.45999999999,0
2025-11-08 20:13:33.529187,102029.45999999999,57.18000000000757,0.05604263709717524,0.0,0.0,0.09597,0.17271,-0.07674,0.5556713566093452,3e-05,0.05,102029.45999999999,0
2025-11-08 20:13:35.562726,102029.45999999999,57.18000000000757,0.05604263709717524,0.0,0.0,0.09597,0.17271,-0.07674,0.5556713566093452,3e-05,0.05,102029.45999999999,0
2025-11-08 20:13:37.597136,102029.45999999999,57.18000000000757,0.05604263709717524,0.0,0.0,0.09597,0.17271,-0.07674,0.5556713566093452,3e-05,0.05,102029.45999999999,0
2025-11-08 20:13:39.630888,102029.45999999999,57.18000000000757,0.05604263709717524,0.0,0.0,0.09597,0.17271,-0.07674,0.5556713566093452,3e-05,0.05,102029.45999999999,0
2025-11-08 20:13:41.664220,102029.45999999999,57.18000000000757,0.05604263709717524,0.0,0.0,0.09597,0.17271,-0.07674,0.5556713566093452,3e-05,0.05,102029.45999999999,0
2025-11-08 20:13:43.698190,102029.45999999999,57.18000000000757,0.05604263709717524,0.0,0.0,0.09597,0.17271,-0.07674,0.5556713566093452,3e-05,0.05,102029.45999999999,0
2025-11-08 20:13:45.732548,102029.45999999999,57.18000000000757,0.05604263709717524,0.0,0.0,0.09597,0.17271,-0.07674,0.5556713566093452,3e-05,0.05,102029.45999999999,0
2025-11-08 20:13:47.764180,102029.45999999999,57.18000000000757,0.05604263709717524,0.0,0.0,0.09597,0.17271,-0.07674,0.5556713566093452,3e-05,0.05,102029.45999999999,0
2025-11-08 20:13:49.802127,102029.45999999999,57.18000000000757,0.05604263709717524,0.0,0.0,0.09597,0.17271,-0.07674,0.5556713566093452,3e-05,0.05,102029.45999999999,0
2025-11-08 20:13:51.832706,102029.45999999999,57.18000000000757,0.05604263709717524,0.0,0.0,0.09597,0.17271,-0.07674,0.5556713566093452,3e-05,0.05,102035.18,1
2025-11-08 20:13:53.868086,102035.18,68.6200000000099,0.06725131469362812,0.04895,0.04895,0.14492,0.17271,-0.02779000000000001,0.8390944357593654,3e-05,0.05,102050.545,1
2025-11-08 20:13:55.903414,102050.545,99.35000000000582,0.09735371819915888,0.0,-0.04895,0.14492,0.17271,-0.02779000000000001,0.8390944357593654,3e-05,0.05,102054.795,1
2025-11-08 20:13:57.934849,102054.795,92.85000000000582,0.09098053648533205,0.0017500000000000024,0.0017500000000000024,0.14701,0.17304999999999998,-0.02603999999999998,0.8495232591736493,0.05003,0.00063,102074.77,1
2025-11-08 20:13:59.967125,102074.77,99.89999999999418,0.09786943433719633,-2.9999999999995308e-05,-0.0017799999999999977,0.14698,0.17304999999999998,-0.026069999999999982,0.8493498988731581,0.05,0.05,102074.77,0
2025-11-08 20:14:01.998303,102074.77,99.89999999999418,0.09786943433719633,-0.0006999999999999877,-0.0006699999999999924,0.14594000000000001,0.17271,-0.026769999999999988,0.8450002895026345,0.05,0.05,102074.77,0
2025-11-08 20:14:04.028198,102074.77,99.89999999999418,0.09786943433719633,0.0,0.0006999999999999877,0.14594000000000001,0.17271,-0.026769999999999988,0.8450002895026345,0.05,0.05,102074.77,0
2025-11-08 20:14:06.060316,102074.77,99.89999999999418,0.09786943433719633,0.0,0.0,0.14594000000000001,0.17271,-0.026769999999999988,0.8450002895026345,0.05,0.05,102074.77,0
2025-11-08 20:14:08.096273,102074.77,99.89999999999418,0.09786943433719633,0.0,0.0,0.14594000000000001,0.17271,-0.026769999999999988,0.8450002895026345,0.05,0.05,102084.755,1
2025-11-08 20:14:10.131766,102084.755,105.63000000000466,0.10347284469655108,-0.0010299999999999893,-0.0010299999999999893,0.14491,0.17271,-0.02779999999999999,0.8390365352324707,0.05,0.05,102091.93,1
2025-11-08 20:14:12.162818,102091.93,91.28000000001339,0.08940961347288996,0.0010499999999999954,0.0020799999999999846,0.14596,0.17271,-0.026749999999999996,0.8451160905564241,0.05002,0.05,102091.93,0
2025-11-08 20:14:14.201034,102091.93,91.28000000001339,0.08940961347288996,-1.9999999999999185e-05,-0.0010699999999999946,0.14594000000000001,0.17271,-0.026769999999999988,0.8450002895026345,0.05,0.05,102103.67499999999,1
2025-11-08 20:14:16.239181,102103.67499999999,99.33000000000175,0.09728347192204566,0.0,1.9999999999999185e-05,0.14594000000000001,0.17271,-0.026769999999999988,0.8450002895026345,0.05,0.05,102106.435,1
2025-11-08 20:14:18.275722,102106.435,93.80999999999767,0.0918747187677228,-0.0010199999999999931,-0.0010199999999999931,0.14492,0.17271,-0.02779000000000001,0.8390944357593654,0.05,0.05,102106.435,0
2025-11-08 20:14:20.307545,102106.435,93.80999999999767,0.0918747187677228,0.0,0.0010199999999999931,0.14492,0.17271,-0.02779000000000001,0.8390944357593654,0.05,0.05,102106.435,0
2025-11-08 20:14:22.341693,102106.435,93.80999999999767,0.0918747187677228,0.0,0.0,0.14492,0.17271,-0.02779000000000001,0.8390944357593654,0.05,0.05,102106.435,0
2025-11-08 20:14:24.377824,102106.435,93.80999999999767,0.0918747187677228,0.0,0.0,0.14492,0.17271,-0.02779000000000001,0.8390944357593654,0.05,0.05,102094.065,0
2025-11-08 20:14:26.410273,102094.065,89.02999999999884,0.0872038937816795,0.0010199999999999931,0.0010199999999999931,0.14594000000000001,0.17271,-0.026769999999999988,0.8450002895026345,0.05,0.05,102089.07,0
2025-11-08 20:14:28.451933,102089.07,99.02000000000407,0.09699373302157034,0.0,-0.0010199999999999931,0.14594000000000001,0.17271,-0.026769999999999988,0.8450002895026345,0.00032,0.05,102087.42,0
2025-11-08 20:14:30.497472,102087.42,102.32000000000698,0.10022782434898148,0.0,0.0,0.14594000000000001,0.17271,-0.026769999999999988,0.8450002895026345,0.05,0.05,102087.42,0
2025-11-08 20:14:32.530416,102087.42,102.32000000000698,0.10022782434898148,0.0,0.0,0.14594000000000001,0.17271,-0.026769999999999988,0.8450002895026345,0.05,0.05,102087.42,0
2025-11-08 20:14:34.563625,102087.42,102.32000000000698,0.10022782434898148,0.0,0.0,0.14594000000000001,0.17271,-0.026769999999999988,0.8450002895026345,0.05,0.05,102087.42,0
2025-11-08 20:14:36.598776,102087.42,102.32000000000698,0.10022782434898148,0.0,0.0,0.14594000000000001,0.17271,-0.026769999999999988,0.8450002895026345,0.05,0.05,102087.42,0
2025-11-08 20:14:38.627762,102087.42,102.32000000000698,0.10022782434898148,2.9999999999995308e-05,2.9999999999995308e-05,0.14597,0.17271,-0.026740000000000014,0.8451739910833188,0.05003,0.05,102087.42,0
2025-11-08 20:14:40.660605,102087.42,102.32000000000698,0.10022782434898148,0.0,-2.9999999999995308e-05,0.14597,0.17271,-0.026740000000000014,0.8451739910833188,0.05003,0.05,102090.08,1
2025-11-08 20:14:42.689447,102090.08,97.0,0.09501412869889023,0.12005000000000002,0.12005000000000002,0.14565,0.05234,0.09331,2.7827665265571264,3e-05,0.05,102104.025,1
2025-11-08 20:14:44.726839,102104.025,90.99000000000524,0.08911499815996994,0.0013299999999999933,-0.11872000000000002,0.14698,0.05234,0.09464,2.80817730225449,0.05,0.05,102115.62,1
2025-11-08 20:14:46.760994,102115.62,99.94000000000233,0.09786945425195707,-0.12141,-0.12274,0.14594000000000001,0.17271,-0.026769999999999988,0.8450002895026345,0.05,0.05,102115.62,0
2025-11-08 20:14:48.793549,102115.62,99.94000000000233,0.09786945425195707,0.0,0.12141,0.14594000000000001,0.17271,-0.026769999999999988,0.8450002895026345,0.05,0.05,102115.62,0
2025-11-08 20:14:50.829895,102115.62,99.94000000000233,0.09786945425195707,0.24105,0.24105,0.26661999999999997,0.05234,0.21427999999999997,5.094000764233855,0.05,0.05,102121.29000000001,1
2025-11-08 20:14:52.862581,102121.29000000001,88.59999999999127,0.0867595777530731,-0.0010199999999999931,-0.24206999999999998,0.2656,0.05234,0.21326,5.074512800917081,0.05,0.05,102128.32,1
2025-11-08 20:14:54.896816,102128.32,102.65999999998894,0.10052059996677604,-0.24105,-0.24003,0.14492,0.17271,-0.02779000000000001,0.8390944357593654,0.05,0.05,102128.32,0
2025-11-08 20:14:56.929258,102128.32,102.65999999998894,0.10052059996677604,0.0,0.24105,0.14492,0.17271,-0.02779000000000001,0.8390944357593654,0.05,0.05,102131.275,1
2025-11-08 20:14:58.967429,102131.275,96.75,0.09473102142316348,0.12169999999999999,0.12169999999999999,0.26661999999999997,0.17271,0.09390999999999997,1.5437438480690173,0.05,0.05,102131.275,0
2025-11-08 20:15:01.000899,102131.275,96.75,0.09473102142316348,-0.0007299999999999945,-0.12242999999999998,0.26589,0.17271,0.09318000000000001,1.5395171096056974,0.05,0.05,102131.275,0
2025-11-08 20:15:03.037876,102131.275,96.75,0.09473102142316348,0.0,0.0007299999999999945,0.26589,0.17271,0.09318000000000001,1.5395171096056974,0.05,0.05,102137.61,1
2025-11-08 20:15:05.066449,102137.61,84.94000000000233,0.08316231405845734,0.11964,0.11964,0.26589,0.05307,0.21282,5.010175240248729,0.05,0.00072,102137.61499999999,1
2025-11-08 20:15:07.103941,102137.61499999999,84.93000000000757,0.08315251927510504,-0.12097,-0.24061,0.14492,0.05307,0.09184999999999999,2.7307329941586582,3e-05,0.00072,102137.61499999999,0
2025-11-08 20:15:09.138028,102137.61499999999,84.93000000000757,0.08315251927510504,0.0,0.12097,0.14492,0.05307,0.09184999999999999,2.7307329941586582,3e-05,0.00072,102140.32,1
2025-11-08 20:15:11.174933,102140.32,79.52000000000407,0.07785368207188313,0.12242999999999998,0.12242999999999998,0.26661999999999997,0.05234,0.21427999999999997,5.094000764233855,0.05,0.00072,102140.32,0
2025-11-08 20:15:13.212771,102140.32,79.52000000000407,0.07785368207188313,-0.0007300000000000008,-0.12315999999999998,0.26661999999999997,0.05307,0.21354999999999996,5.023930657622008,0.05,0.00072,102140.32,0
2025-11-08 20:15:15.241439,102140.32,79.52000000000407,0.07785368207188313,-0.0007299999999999945,6.288372600415926e-18,0.26589,0.05307,0.21282,5.010175240248729,0.05,0.00072,102140.32,0
2025-11-08 20:15:17.274730,102140.32,79.52000000000407,0.07785368207188313,0.0,0.0007299999999999945,0.26589,0.05307,0.21282,5.010175240248729,0.05,0.00072,102140.32500000001,1
2025-11-08 20:15:19.313180,102140.32500000001,79.50999999999476,0.07784388780826255,-0.12097,-0.12097,0.14492,0.05307,0.09184999999999999,2.7307329941586582,3e-05,0.00072,102149.055,1
2025-11-08 20:15:21.342275,102149.055,62.05000000000291,0.06074456586994654,0.12140999999999999,0.24237999999999998,0.2656,0.05234,0.21326,5.074512800917081,3e-05,0.00072,102149.055,0
2025-11-08 20:15:23.379588,102149.055,62.05000000000291,0.06074456586994654,-0.09495999999999999,-0.21636999999999998,0.17137,0.05307,0.11829999999999999,3.2291313359713585,3e-05,0.00072,102149.055,0
2025-11-08 20:15:25.406260,102149.055,62.05000000000291,0.06074456586994654,0.0,0.09495999999999999,0.17137,0.05307,0.11829999999999999,3.2291313359713585,3e-05,0.00072,102149.055,0
2025-11-08 20:15:27.443775,102149.055,62.05000000000291,0.06074456586994654,0.0,0.0,0.17137,0.05307,0.11829999999999999,3.2291313359713585,3e-05,0.00072,102156.72,1
2025-11-08 20:15:29.481401,102156.72,46.720000000001164,0.045733653155662364,0.09451,0.09451,0.26588,0.05307,0.21281,5.009986809873752,0.05,0.00072,102156.725,1
2025-11-08 20:15:31.515669,102156.725,46.7100000000064,0.0457238620364997,-0.09451,-0.18902,0.17137,0.05307,0.11829999999999999,3.2291313359713585,3e-05,0.00072,102156.725,0
2025-11-08 20:15:33.552301,102156.725,46.7100000000064,0.0457238620364997,0.0,0.09451,0.17137,0.05307,0.11829999999999999,3.2291313359713585,3e-05,0.00072,102156.725,0
2025-11-08 20:15:35.582713,102156.725,46.7100000000064,0.0457238620364997,0.0,0.0,0.17137,0.05307,0.11829999999999999,3.2291313359713585,3e-05,0.00072,102160.185,1
2025-11-08 20:15:37.616660,102160.185,39.79000000000815,0.0389486373776713,0.09566,0.09566,0.26588,0.05192,0.21396,5.12095531587057,0.05,0.00072,102160.185,0
2025-11-08 20:15:39.643625,102160.185,39.79000000000815,0.0389486373776713,0.0,-0.09566,0.26588,0.05192,0.21396,5.12095531587057,0.05,0.00072,102160.185,0
2025-11-08 20:15:41.677672,102160.185,39.79000000000815,0.0389486373776713,1.9999999999999185e-05,1.9999999999999185e-05,0.26589999999999997,0.05192,0.21397999999999998,5.121340523882896,0.05002,0.00072,102160.185,0
2025-11-08 20:15:43.715177,102160.185,39.79000000000815,0.0389486373776713,0.0,-1.9999999999999185e-05,0.26589999999999997,0.05192,0.21397999999999998,5.121340523882896,0.05002,0.00072,102160.185,0
2025-11-08 20:15:45.751175,102160.185,39.79000000000815,0.0389486373776713,1.8286299999999998,1.8286299999999998,2.09453,0.05192,2.04261,40.34148690292758,0.05,0.00072,102166.405,1
2025-11-08 20:15:47.783339,102166.405,27.35000000000582,0.026770052249568556,-1.8286499999999999,-3.6572799999999996,0.26588,0.05192,0.21396,5.12095531587057,0.05,0.00072,102166.41,1
2025-11-08 20:15:49.819074,102166.41,27.339999999996508,0.0267602629866279,-0.09451,1.7341399999999998,0.17137,0.05192,0.11945,3.300654853620955,3e-05,0.00072,102166.41,0
2025-11-08 20:15:51.846531,102166.41,27.339999999996508,0.0267602629866279,0.0,0.09451,0.17137,0.05192,0.11945,3.300654853620955,3e-05,0.00072,102166.41,0
2025-11-08 20:15:53.880090,102166.41,27.339999999996508,0.0267602629866279,0.0,0.0,0.17137,0.05192,0.11945,3.300654853620955,3e-05,0.00072,102166.41,0
2025-11-08 20:15:55.913832,102166.41,27.339999999996508,0.0267602629866279,0.0,0.0,0.17137,0.05192,0.11945,3.300654853620955,3e-05,0.00072,102154.63,0
2025-11-08 20:15:57.948287,102154.63,50.90000000000873,0.04982642490116084,0.09451,0.09451,0.26588,0.05192,0.21396,5.12095531587057,0.00031,0.00072,102150.205,0
2025-11-08 20:15:59.983143,102150.205,59.75,0.058492295732544046,-0.09451,-0.18902,0.17137,0.05192,0.11945,3.300654853620955,3e-05,0.00072,102150.205,0
2025-11-08 20:16:02.018266,102150.205,59.75,0.058492295732544046,0.0,0.09451,0.17137,0.05192,0.11945,3.300654853620955,3e-05,0.00072,102150.205,0
2025-11-08 20:16:04.050402,102150.205,59.75,0.058492295732544046,0.0,0.0,0.17137,0.05192,0.11945,3.300654853620955,3e-05,0.00072,102150.205,0
2025-11-08 20:16:06.084525,102150.205,59.75,0.058492295732544046,0.0,0.0,0.17137,0.05192,0.11945,3.300654853620955,3e-05,0.00072,102150.205,0
2025-11-08 20:16:08.122130,102150.205,59.75,0.058492295732544046,0.0,0.0,0.17137,0.05192,0.11945,3.300654853620955,3e-05,0.00072,102150.205,0
2025-11-08 20:16:10.153923,102150.205,59.75,0.058492295732544046,0.09423,0.09423,0.2656,0.05192,0.21368,5.1155624036979965,3e-05,0.00072,102150.20000000001,0
2025-11-08 20:16:12.185943,102150.20000000001,59.75999999999476,0.05850208810163343,0.00027999999999999553,-0.09395,0.26588,0.05192,0.21396,5.12095531587057,0.05,0.00072,102150.20000000001,0
2025-11-08 20:16:14.220727,102150.20000000001,59.75999999999476,0.05850208810163343,0.0,-0.00027999999999999553,0.26588,0.05192,0.21396,5.12095531587057,0.05,0.00072,102150.20000000001,0
2025-11-08 20:16:16.254847,102150.20000000001,59.75999999999476,0.05850208810163343,0.0,0.0,0.26588,0.05192,0.21396,5.12095531587057,0.05,0.00072,102150.205,1
2025-11-08 20:16:18.289656,102150.205,59.75,0.058492295732544046,-0.09451,-0.09451,0.17137,0.05192,0.11945,3.300654853620955,3e-05,0.00072,102150.205,0
2025-11-08 20:16:20.322677,102150.205,59.75,0.058492295732544046,0.0,0.09451,0.17137,0.05192,0.11945,3.300654853620955,3e-05,0.00072,102150.205,0
2025-11-08 20:16:22.357398,102150.205,59.75,0.058492295732544046,0.0,0.0,0.17137,0.05192,0.11945,3.300654853620955,3e-05,0.00072,102143.785,0
2025-11-08 20:16:24.387909,102143.785,72.58999999999651,0.07106648730512238,1.0000000000000026e-05,1.0000000000000026e-05,0.17138,0.05192,0.11946000000000001,3.3008474576271185,3e-05,0.00072,102143.785,0
2025-11-08 20:16:26.420365,102143.785,72.58999999999651,0.07106648730512238,0.0,-1.0000000000000026e-05,0.17138,0.05192,0.11946000000000001,3.3008474576271185,3e-05,0.00072,102143.785,0
2025-11-08 20:16:28.457179,102143.785,72.58999999999651,0.07106648730512238,0.0,0.0,0.17138,0.05192,0.11946000000000001,3.3008474576271185,3e-05,0.00072,102125.35500000001,0
2025-11-08 20:16:30.493710,102125.35500000001,94.33000000000175,0.09236687598295422,0.09451,0.09451,0.26589,0.05192,0.21397000000000002,5.121147919876734,0.05,0.05,102136.70999999999,1
2025-11-08 20:16:32.529733,102136.70999999999,86.74000000000524,0.08492539068470607,-0.12097,-0.21548,0.14492,0.05192,0.093,2.791217257318952,0.05,0.00072,102136.715,1
2025-11-08 20:16:34.570914,102136.715,86.72999999999593,0.08491559572872098,0.0,0.12097,0.14492,0.05192,0.093,2.791217257318952,3e-05,0.00072,102136.715,0
2025-11-08 20:16:36.601784,102136.715,86.72999999999593,0.08491559572872098,0.0,0.0,0.14492,0.05192,0.093,2.791217257318952,3e-05,0.00072,102132.495,0
2025-11-08 20:16:38.642770,102132.495,95.16999999999825,0.09318287974850537,0.12136,0.12136,0.26661999999999997,0.05226,0.21435999999999997,5.1017986988136235,0.05,0.00072,102132.5,1
2025-11-08 20:16:40.681093,102132.5,95.16000000000349,0.09317308398404377,-0.12136,-0.24272,0.14492,0.05192,0.093,2.791217257318952,3e-05,0.00072,102147.545,1
2025-11-08 20:16:42.718837,102147.545,65.07000000000698,0.0637019714962381,0.12097,0.24233,0.26589,0.05192,0.21397000000000002,5.121147919876734,0.05,0.00072,102150.45000000001,1
2025-11-08 20:16:44.749901,102150.45000000001,59.25999999999476,0.05801247082121983,-1.0000000000000026e-05,-0.12097999999999999,0.26588,0.05192,0.21396,5.12095531587057,0.05,0.00072,102150.455,1
2025-11-08 20:16:46.787163,102150.455,59.25,0.05800267850006151,-0.09451999999999999,-0.09451,0.17135999999999998,0.05192,0.11943999999999999,3.3004622496147915,2e-05,0.00072,102153.51000000001,1
2025-11-08 20:16:48.822638,102153.51000000001,53.13999999999942,0.05201974949269919,0.09451999999999999,0.18903999999999999,0.26588,0.05192,0.21396,5.12095531587057,0.05,0.00072,102153.51000000001,0
2025-11-08 20:16:50.862891,102153.51000000001,53.13999999999942,0.05201974949269919,0.0,-0.09451999999999999,0.26588,0.05192,0.21396,5.12095531587057,0.05,0.00072,102145.685,0
2025-11-08 20:16:52.899154,102145.685,68.79000000000815,0.06734498867965705,0.0,0.0,0.26588,0.05192,0.21396,5.12095531587057,0.05,0.00072,102145.685,0
2025-11-08 20:16:54.932765,102145.685,68.79000000000815,0.06734498867965705,0.0,0.0,0.26588,0.05192,0.21396,5.12095531587057,0.05,0.00072,102145.685,0
2025-11-08 20:16:56.963128,102145.685,68.79000000000815,0.06734498867965705,0.0,0.0,0.26588,0.05192,0.21396,5.12095531587057,0.05,0.00072,102145.685,0
2025-11-08 20:16:58.996354,102145.685,68.79000000000815,0.06734498867965705,2.9999999999995308e-05,2.9999999999995308e-05,0.26591,0.05192,0.21398999999999999,5.12153312788906,0.05003,0.00072,102145.685,0
2025-11-08 20:17:01.030904,102145.685,68.79000000000815,0.06734498867965705,0.0,-2.9999999999995308e-05,0.26591,0.05192,0.21398999999999999,5.12153312788906,0.05003,0.00072,102145.685,0
2025-11-08 20:17:03.068496,102145.685,68.79000000000815,0.06734498867965705,0.0,0.0,0.26591,0.05192,0.21398999999999999,5.12153312788906,0.05003,0.00072,102145.685,0
2025-11-08 20:17:05.106639,102145.685,68.79000000000815,0.06734498867965705,0.0,0.0,0.26591,0.05192,0.21398999999999999,5.12153312788906,0.05003,0.00072,102145.685,0
2025-11-08 20:17:07.143198,102145.685,68.79000000000815,0.06734498867965705,0.0,0.0,0.26591,0.05192,0.21398999999999999,5.12153312788906,0.05003,0.00072,102145.685,0
2025-11-08 20:17:09.178725,102145.685,68.79000000000815,0.06734498867965705,0.0,0.0,0.26591,0.05192,0.21398999999999999,5.12153312788906,0.05003,0.00072,102145.685,0
2025-11-08 20:17:11.215045,102145.685,68.79000000000815,0.06734498867965705,-2.9999999999995308e-05,-2.9999999999995308e-05,0.26588,0.05192,0.21396,5.12095531587057,0.05,0.00072,102145.685,0
2025-11-08 20:17:13.249717,102145.685,68.79000000000815,0.06734498867965705,2.9999999999995308e-05,5.9999999999990616e-05,0.26591,0.05192,0.21398999999999999,5.12153312788906,0.05003,0.00072,102145.685,0
2025-11-08 20:17:15.290940,102145.685,68.79000000000815,0.06734498867965705,-2.9999999999995308e-05,-5.9999999999990616e-05,0.26588,0.05192,0.21396,5.12095531587057,0.05,0.00072,102136.445,0
2025-11-08 20:17:17.326744,102136.445,81.59000000001106,0.07988333645253763,-0.12095999999999998,-0.12092999999999998,0.14492,0.05192,0.093,2.791217257318952,3e-05,0.05,102136.445,0
2025-11-08 20:17:19.354275,102136.445,81.59000000001106,0.07988333645253763,0.0,0.12095999999999998,0.14492,0.05192,0.093,2.791217257318952,3e-05,0.05,102138.61499999999,1
2025-11-08 20:17:21.385511,102138.61499999999,82.93000000000757,0.08119358187890796,0.12097,0.12097,0.26589,0.05192,0.21397000000000002,5.121147919876734,0.05,0.00072,102137.195,0
2025-11-08 20:17:23.424769,102137.195,80.09000000001106,0.07841413698507292,-0.12097,-0.24194,0.14492,0.05192,0.093,2.791217257318952,3e-05,0.05,102132.195,0
2025-11-08 20:17:25.458075,102132.195,90.09000000001106,0.08820920768422832,0.12097,0.24194,0.26589,0.05192,0.21397000000000002,5.121147919876734,0.00032,0.05,102130.07,0
2025-11-08 20:17:27.496323,102130.07,94.34000000001106,0.09237240315218725,0.0,-0.12097,0.26589,0.05192,0.21397000000000002,5.121147919876734,0.05,0.05,102123.09,0
2025-11-08 20:17:29.528270,102123.09,80.38000000000466,0.07870893839973375,-0.12097,-0.12097,0.14492,0.05192,0.093,2.791217257318952,3e-05,0.05,102114.86499999999,0
2025-11-08 20:17:31.566731,102114.86499999999,96.83000000000175,0.094824587977472,0.12136,0.24233,0.26661999999999997,0.05226,0.21435999999999997,5.1017986988136235,0.05,0.05,102114.86499999999,0
2025-11-08 20:17:33.597292,102114.86499999999,96.83000000000175,0.094824587977472,-0.12034,-0.2417,0.14594000000000001,0.05192,0.09402000000000002,2.810862865947612,0.05,0.05,102114.86499999999,0
2025-11-08 20:17:35.635502,102114.86499999999,96.83000000000175,0.094824587977472,0.0,0.12034,0.14594000000000001,0.05192,0.09402000000000002,2.810862865947612,0.05,0.05,102114.86499999999,0
2025-11-08 20:17:37.668570,102114.86499999999,96.83000000000175,0.094824587977472,0.0,0.0,0.14594000000000001,0.05192,0.09402000000000002,2.810862865947612,0.05,0.05,102114.86499999999,0
2025-11-08 20:17:39.701697,102114.86499999999,96.83000000000175,0.094824587977472,0.0,0.0,0.14594000000000001,0.05192,0.09402000000000002,2.810862865947612,0.05,0.05,102114.87,1
2025-11-08 20:17:41.736942,102114.87,96.81999999999243,0.09481479044138473,-0.0010199999999999931,-0.0010199999999999931,0.14492,0.05192,0.093,2.791217257318952,3e-05,0.05,102114.87,0
2025-11-08 20:17:43.776050,102114.87,96.81999999999243,0.09481479044138473,0.0,0.0010199999999999931,0.14492,0.05192,0.093,2.791217257318952,3e-05,0.05,102114.87,0
2025-11-08 20:17:45.811063,102114.87,96.81999999999243,0.09481479044138473,0.0,0.0,0.14492,0.05192,0.093,2.791217257318952,3e-05,0.05,102114.87,0
2025-11-08 20:17:47.848181,102114.87,96.81999999999243,0.09481479044138473,0.0,0.0,0.14492,0.05192,0.093,2.791217257318952,3e-05,0.05,102114.87,0
2025-11-08 20:17:49.883885,102114.87,96.81999999999243,0.09481479044138473,0.0,0.0,0.14492,0.05192,0.093,2.791217257318952,3e-05,0.05,102114.87,0
2025-11-08 20:17:51.917111,102114.87,96.81999999999243,0.09481479044138473,0.0,0.0,0.14492,0.05192,0.093,2.791217257318952,3e-05,0.05,102114.87,0
2025-11-08 20:17:53.954367,102114.87,96.81999999999243,0.09481479044138473,0.0,0.0,0.14492,0.05192,0.093,2.791217257318952,3e-05,0.05,102114.87,0
2025-11-08 20:17:55.984573,102114.87,96.81999999999243,0.09481479044138473,0.0,0.0,0.14492,0.05192,0.093,2.791217257318952,3e-05,0.05,102114.87,0
2025-11-08 20:17:58.018785,102114.87,96.81999999999243,0.09481479044138473,0.0,0.0,0.14492,0.05192,0.093,2.791217257318952,3e-05,0.05,102114.87,0
2025-11-08 20:18:00.055223,102114.87,96.81999999999243,0.09481479044138473,0.0,0.0,0.14492,0.05192,0.093,2.791217257318952,3e-05,0.05,102114.87,0
2025-11-08 20:18:02.090527,102114.87,96.81999999999243,0.09481479044138473,0.0,0.0,0.14492,0.05192,0.093,2.791217257318952,3e-05,0.05,102114.87,0
2025-11-08 20:18:04.123480,102114.87,96.81999999999243,0.09481479044138473,0.0,0.0,0.14492,0.05192,0.093,2.791217257318952,3e-05,0.05,102114.87,0
2025-11-08 20:18:06.159569,102114.87,96.81999999999243,0.09481479044138473,0.0,0.0,0.14492,0.05192,0.093,2.791217257318952,3e-05,0.05,102114.87,0
2025-11-08 20:18:08.192680,102114.87,96.81999999999243,0.09481479044138473,0.0,0.0,0.14492,0.05192,0.093,2.791217257318952,3e-05,0.05,102114.86499999999,0
2025-11-08 20:18:10.226274,102114.86499999999,96.83000000000175,0.094824587977472,0.0010199999999999931,0.0010199999999999931,0.14594000000000001,0.05192,0.09402000000000002,2.810862865947612,0.05,0.05,102114.87,1
2025-11-08 20:18:12.257387,102114.87,96.81999999999243,0.09481479044138473,-0.0010199999999999931,-0.0020399999999999863,0.14492,0.05192,0.093,2.791217257318952,3e-05,0.05,102114.87,0
2025-11-08 20:18:14.291859,102114.87,96.81999999999243,0.09481479044138473,0.0,0.0010199999999999931,0.14492,0.05192,0.093,2.791217257318952,3e-05,0.05,102114.87,0
2025-11-08 20:18:16.322737,102114.87,96.81999999999243,0.09481479044138473,0.0,0.0,0.14492,0.05192,0.093,2.791217257318952,3e-05,0.05,102114.87,0
2025-11-08 20:18:18.353106,102114.87,96.81999999999243,0.09481479044138473,0.0,0.0,0.14492,0.05192,0.093,2.791217257318952,3e-05,0.05,102114.87,0
2025-11-08 20:18:20.390082,102114.87,96.81999999999243,0.09481479044138473,0.0,0.0,0.14492,0.05192,0.093,2.791217257318952,3e-05,0.05,102117.925,1
2025-11-08 20:18:22.422287,102117.925,90.70999999999185,0.08882867527908724,0.0010199999999999931,0.0010199999999999931,0.14594000000000001,0.05192,0.09402000000000002,2.810862865947612,0.05,0.05,102129.97,1
2025-11-08 20:18:24.450676,102129.97,99.95999999999185,0.0978752857755582,-0.0010199999999999931,-0.0020399999999999863,0.14492,0.05192,0.093,2.791217257318952,0.05,0.05,102129.97,0
2025-11-08 20:18:26.485062,102129.97,99.95999999999185,0.0978752857755582,0.0,0.0010199999999999931,0.14492,0.05192,0.093,2.791217257318952,0.05,0.05,102129.97,0
2025-11-08 20:18:28.522845,102129.97,99.95999999999185,0.0978752857755582,0.0,0.0,0.14492,0.05192,0.093,2.791217257318952,0.05,0.05,102129.97,0
2025-11-08 20:18:30.559400,102129.97,99.95999999999185,0.0978752857755582,0.0,0.0,0.14492,0.05192,0.093,2.791217257318952,0.05,0.05,102129.97,0
2025-11-08 20:18:32.597689,102129.97,99.95999999999185,0.0978752857755582,0.0,0.0,0.14492,0.05192,0.093,2.791217257318952,0.05,0.05,102129.97,0
2025-11-08 20:18:34.629778,102129.97,99.95999999999185,0.0978752857755582,0.0,0.0,0.14492,0.05192,0.093,2.791217257318952,0.05,0.05,102129.97,0
2025-11-08 20:18:36.664231,102129.97,99.95999999999185,0.0978752857755582,0.0,0.0,0.14492,0.05192,0.093,2.791217257318952,0.05,0.05,102129.97,0
2025-11-08 20:18:38.698631,102129.97,99.95999999999185,0.0978752857755582,0.0,0.0,0.14492,0.05192,0.093,2.791217257318952,0.05,0.05,102129.97,0
2025-11-08 20:18:40.725342,102129.97,99.95999999999185,0.0978752857755582,0.12097,0.12097,0.26589,0.05192,0.21397000000000002,5.121147919876734,0.05,0.05,102129.97,0
2025-11-08 20:18:42.762940,102129.97,99.95999999999185,0.0978752857755582,0.0,-0.12097,0.26589,0.05192,0.21397000000000002,5.121147919876734,0.05,0.05,102129.975,1
2025-11-08 20:18:44.795997,102129.975,99.94999999999709,0.09786548953918484,-0.12094999999999999,-0.12094999999999999,0.14491,0.05189,0.09302000000000002,2.79263827327038,2e-05,0.04997,102129.975,0
2025-11-08 20:18:46.830772,102129.975,99.94999999999709,0.09786548953918484,0.12034,0.24129,0.26559,0.05223,0.21336,5.085008615738081,2e-05,0.04997,102129.975,0
2025-11-08 20:18:48.866710,102129.975,99.94999999999709,0.09786548953918484,-0.12034,-0.24068,0.14491,0.05189,0.09302000000000002,2.79263827327038,2e-05,0.04997,102129.975,0
2025-11-08 20:18:50.903033,102129.975,99.94999999999709,0.09786548953918484,0.0,0.12034,0.14491,0.05189,0.09302000000000002,2.79263827327038,2e-05,0.04997,102129.975,0
2025-11-08 20:18:52.931270,102129.975,99.94999999999709,0.09786548953918484,0.0,0.0,0.14491,0.05189,0.09302000000000002,2.79263827327038,2e-05,0.04997,102129.975,0
2025-11-08 20:18:54.958372,102129.975,99.94999999999709,0.09786548953918484,0.0,0.0,0.14491,0.05189,0.09302000000000002,2.79263827327038,2e-05,0.04997,102129.975,0
2025-11-08 20:18:56.987277,102129.975,99.94999999999709,0.09786548953918484,0.0,0.0,0.14491,0.05189,0.09302000000000002,2.79263827327038,2e-05,0.04997,102129.975,0
2025-11-08 20:18:59.021812,102129.975,99.94999999999709,0.09786548953918484,0.0,0.0,0.14491,0.05189,0.09302000000000002,2.79263827327038,2e-05,0.04997,102133.18,1
2025-11-08 20:19:01.055928,102133.18,93.5399999999936,0.09158629937890272,0.12097999999999999,0.12097999999999999,0.26589,0.05189,0.21400000000000002,5.12410869146271,0.05,0.04997,102140.57,1
2025-11-08 20:19:03.093437,102140.57,79.02000000000407,0.07736397006596309,-0.12100999999999999,-0.24198999999999998,0.14491,0.05192,0.09299000000000002,2.791024653312789,0.05,0.00072,102140.57,0
2025-11-08 20:19:05.131014,102140.57,79.02000000000407,0.07736397006596309,0.12137,0.24237999999999998,0.26661999999999997,0.05226,0.21435999999999997,5.1017986988136235,0.05,0.00072,102140.57,0
2025-11-08 20:19:07.166516,102140.57,79.02000000000407,0.07736397006596309,0.0,-0.12137,0.26661999999999997,0.05226,0.21435999999999997,5.1017986988136235,0.05,0.00072,102140.57,0
2025-11-08 20:19:09.199770,102140.57,79.02000000000407,0.07736397006596309,0.0,0.0,0.26661999999999997,0.05226,0.21435999999999997,5.1017986988136235,0.05,0.00072,102140.57,0
2025-11-08 20:19:11.227006,102140.57,79.02000000000407,0.07736397006596309,0.0,0.0,0.26661999999999997,0.05226,0.21435999999999997,5.1017986988136235,0.05,0.00072,102140.57,0
2025-11-08 20:19:13.260331,102140.57,79.02000000000407,0.07736397006596309,0.0,0.0,0.26661999999999997,0.05226,0.21435999999999997,5.1017986988136235,0.05,0.00072,102140.57,0
2025-11-08 20:19:15.295339,102140.57,79.02000000000407,0.07736397006596309,-0.00038999999999999777,-0.00038999999999999777,0.26589,0.05192,0.21397000000000002,5.121147919876734,0.05,0.00072,102140.57,0
2025-11-08 20:19:17.328859,102140.57,79.02000000000407,0.07736397006596309,0.0,0.00038999999999999777,0.26589,0.05192,0.21397000000000002,5.121147919876734,0.05,0.00072,102140.57,0
2025-11-08 20:19:19.357931,102140.57,79.02000000000407,0.07736397006596309,0.0,0.0,0.26589,0.05192,0.21397000000000002,5.121147919876734,0.05,0.00072,102140.57,0
2025-11-08 20:19:21.386706,102140.57,79.02000000000407,0.07736397006596309,0.0,0.0,0.26589,0.05192,0.21397000000000002,5.121147919876734,0.05,0.00072,102140.57500000001,1
2025-11-08 20:19:23.426313,102140.57500000001,79.00999999999476,0.07735417585028746,-0.12097999999999999,-0.12097999999999999,0.14491,0.05192,0.09299000000000002,2.791024653312789,2e-05,0.00072,102133.975,0
2025-11-08 20:19:25.457680,102133.975,92.2100000000064,0.09028337534107177,0.12171,0.24269,0.26661999999999997,0.05192,0.21469999999999997,5.135208012326656,0.05,0.00072,102127.45999999999,0
2025-11-08 20:19:27.488925,102127.45999999999,105.24000000000524,0.10304770137238824,-0.12169999999999999,-0.24341,0.14492,0.05192,0.093,2.791217257318952,3e-05,0.00072,102127.86499999999,1
2025-11-08 20:19:29.521696,102127.86499999999,93.83000000000175,0.09187502353055335,0.12097,0.24267,0.26589,0.05192,0.21397000000000002,5.121147919876734,0.05,0.05,102127.86499999999,0
2025-11-08 20:19:31.559996,102127.86499999999,93.83000000000175,0.09187502353055335,0.0,-0.12097,0.26589,0.05192,0.21397000000000002,5.121147919876734,0.05,0.05,102127.86499999999,0
2025-11-08 20:19:33.594631,102127.86499999999,93.83000000000175,0.09187502353055335,0.0,0.0,0.26589,0.05192,0.21397000000000002,5.121147919876734,0.05,0.05,102127.86499999999,0
2025-11-08 20:19:35.627868,102127.86499999999,93.83000000000175,0.09187502353055335,0.0,0.0,0.26589,0.05192,0.21397000000000002,5.121147919876734,0.05,0.05,102138.09,1
2025-11-08 20:19:37.661702,102138.09,83.97999999999593,0.08222201922906129,-0.12097,-0.12097,0.14492,0.05192,0.093,2.791217257318952,0.05,0.00072,102142.155,1
2025-11-08 20:19:39.710874,102142.155,75.85000000000582,0.07425925172619065,0.12097,0.24194,0.26589,0.05192,0.21397000000000002,5.121147919876734,0.05,0.00072,102142.16,1
2025-11-08 20:19:41.742730,102142.16,75.83999999999651,0.07424945781447788,-0.09451,-0.21548,0.17138,0.05192,0.11946000000000001,3.3008474576271185,3e-05,0.00072,102142.155,0
2025-11-08 20:19:43.777090,102142.155,75.85000000000582,0.07425925172619065,0.09451,0.18902,0.26589,0.05192,0.21397000000000002,5.121147919876734,0.05,0.00072,102142.155,0
2025-11-08 20:19:45.811748,102142.155,75.85000000000582,0.07425925172619065,0.0,-0.09451,0.26589,0.05192,0.21397000000000002,5.121147919876734,0.05,0.00072,102142.16,1
2025-11-08 20:19:47.845109,102142.16,75.83999999999651,0.07424945781447788,-0.09451,-0.09451,0.17138,0.05192,0.11946000000000001,3.3008474576271185,3e-05,0.00072,102142.155,0
2025-11-08 20:19:49.879538,102142.155,75.85000000000582,0.07425925172619065,0.09451,0.18902,0.26589,0.05192,0.21397000000000002,5.121147919876734,0.05,0.00072,102132.785,0
2025-11-08 20:19:51.907482,102132.785,89.00999999999476,0.08715125118735846,-0.12097,-0.21548,0.14492,0.05192,0.093,2.791217257318952,0.05,0.05,102122.495,0
2025-11-08 20:19:53.938581,102122.495,95.13000000000466,0.09315283571950006,0.12136,0.24233,0.26661999999999997,0.05226,0.21435999999999997,5.1017986988136235,0.05,0.05,102122.495,0
2025-11-08 20:19:55.973442,102122.495,95.13000000000466,0.09315283571950006,0.0,-0.12136,0.26661999999999997,0.05226,0.21435999999999997,5.1017986988136235,0.05,0.05,102130.11499999999,1
2025-11-08 20:19:58.007258,102130.11499999999,99.93000000000757,0.09784577252263701,-0.12135999999999998,-0.12135999999999998,0.14492,0.05192,0.093,2.791217257318952,0.05,0.00072,102133.125,1
2025-11-08 20:20:00.039850,102133.125,93.91000000000349,0.09194862097875052,0.12136,0.24272,0.26661999999999997,0.05226,0.21435999999999997,5.1017986988136235,0.05,0.00072,102133.125,0
2025-11-08 20:20:02.077046,102133.125,93.91000000000349,0.09194862097875052,-0.00038999999999999777,-0.12175,0.26589,0.05192,0.21397000000000002,5.121147919876734,0.05,0.00072,102133.125,0
2025-11-08 20:20:04.108016,102133.125,93.91000000000349,0.09194862097875052,0.0,0.00038999999999999777,0.26589,0.05192,0.21397000000000002,5.121147919876734,0.05,0.00072,102133.13,1
2025-11-08 20:20:06.140054,102133.13,93.90000000000873,0.09193882533513731,-0.12097,-0.12097,0.14492,0.05192,0.093,2.791217257318952,3e-05,0.00072,102133.13,0
2025-11-08 20:20:08.174384,102133.13,93.90000000000873,0.09193882533513731,0.0,0.12097,0.14492,0.05192,0.093,2.791217257318952,3e-05,0.00072,102133.13,0
2025-11-08 20:20:10.207873,102133.13,93.90000000000873,0.09193882533513731,0.0,0.0,0.14492,0.05192,0.093,2.791217257318952,3e-05,0.00072,102133.13,0
2025-11-08 20:20:12.242710,102133.13,93.90000000000873,0.09193882533513731,0.0,0.0,0.14492,0.05192,0.093,2.791217257318952,3e-05,0.00072,102133.13,0
2025-11-08 20:20:14.277821,102133.13,93.90000000000873,0.09193882533513731,0.0,0.0,0.14492,0.05192,0.093,2.791217257318952,3e-05,0.00072,102130.16500000001,0
2025-11-08 20:20:16.313239,102130.16500000001,99.83000000000175,0.09774781035554161,0.12097,0.12097,0.26589,0.05192,0.21397000000000002,5.121147919876734,0.05,0.00072,102129.98,0
2025-11-08 20:20:18.345489,102129.98,99.44000000000233,0.09736612109392592,-0.0006299999999999986,-0.12159999999999999,0.2656,0.05226,0.21334,5.082280903176425,3e-05,0.05,102129.98,0
2025-11-08 20:20:20.383047,102129.98,99.44000000000233,0.09736612109392592,0.0,0.0006299999999999986,0.2656,0.05226,0.21334,5.082280903176425,3e-05,0.05,102129.98,0
2025-11-08 20:20:22.425945,102129.98,99.44000000000233,0.09736612109392592,0.0,0.0,0.2656,0.05226,0.21334,5.082280903176425,3e-05,0.05,102129.98,0
2025-11-08 20:20:24.457959,102129.98,99.44000000000233,0.09736612109392592,0.0,0.0,0.2656,0.05226,0.21334,5.082280903176425,3e-05,0.05,102119.41,0
2025-11-08 20:20:26.492108,102119.41,98.30000000000291,0.09625985892398214,-0.11932000000000001,-0.11932000000000001,0.14594000000000001,0.05192,0.09402000000000002,2.810862865947612,0.00032,0.05,102117.58499999999,0
2025-11-08 20:20:28.523877,102117.58499999999,101.94999999999709,0.09983589016524146,0.0,0.11932000000000001,0.14594000000000001,0.05192,0.09402000000000002,2.810862865947612,0.05,0.05,102117.58499999999,0
2025-11-08 20:20:30.556215,102117.58499999999,101.94999999999709,0.09983589016524146,0.0,0.0,0.14594000000000001,0.05192,0.09402000000000002,2.810862865947612,0.05,0.05,102117.58499999999,0
2025-11-08 20:20:32.590949,102117.58499999999,101.94999999999709,0.09983589016524146,0.0,0.0,0.14594000000000001,0.05192,0.09402000000000002,2.810862865947612,0.05,0.05,102117.58499999999,0
2025-11-08 20:20:34.623719,102117.58499999999,101.94999999999709,0.09983589016524146,0.0,0.0,0.14594000000000001,0.05192,0.09402000000000002,2.810862865947612,0.05,0.05,102117.58499999999,0
2025-11-08 20:20:36.659894,102117.58499999999,101.94999999999709,0.09983589016524146,0.0,0.0,0.14594000000000001,0.05192,0.09402000000000002,2.810862865947612,0.05,0.05,102117.59,1
2025-11-08 20:20:38.693006,102117.59,101.94000000000233,0.09982609264476602,-0.0010199999999999931,-0.0010199999999999931,0.14492,0.05192,0.093,2.791217257318952,3e-05,0.05,102117.59,0
2025-11-08 20:20:40.730281,102117.59,101.94000000000233,0.09982609264476602,0.0,0.0010199999999999931,0.14492,0.05192,0.093,2.791217257318952,3e-05,0.05,102117.59,0
2025-11-08 20:20:42.766454,102117.59,101.94000000000233,0.09982609264476602,0.0,0.0,0.14492,0.05192,0.093,2.791217257318952,3e-05,0.05,102117.59,0
2025-11-08 20:20:44.801847,102117.59,101.94000000000233,0.09982609264476602,0.0,0.0,0.14492,0.05192,0.093,2.791217257318952,3e-05,0.05,102117.59,0
2025-11-08 20:20:46.836669,102117.59,101.94000000000233,0.09982609264476602,0.0,0.0,0.14492,0.05192,0.093,2.791217257318952,3e-05,0.05,102117.59,0
2025-11-08 20:20:48.869973,102117.59,101.94000000000233,0.09982609264476602,0.0,0.0,0.14492,0.05192,0.093,2.791217257318952,3e-05,0.05,102117.59,0
2025-11-08 20:20:50.909417,102117.59,101.94000000000233,0.09982609264476602,0.0,0.0,0.14492,0.05192,0.093,2.791217257318952,3e-05,0.05,102117.59,0
2025-11-08 20:20:52.941060,102117.59,101.94000000000233,0.09982609264476602,0.0,0.0,0.14492,0.05192,0.093,2.791217257318952,3e-05,0.05,102117.59,0
2025-11-08 20:20:54.971860,102117.59,101.94000000000233,0.09982609264476602,0.0,0.0,0.14492,0.05192,0.093,2.791217257318952,3e-05,0.05,102117.59,0
2025-11-08 20:20:57.005782,102117.59,101.94000000000233,0.09982609264476602,0.0,0.0,0.14492,0.05192,0.093,2.791217257318952,3e-05,0.05,102117.59,0
2025-11-08 20:20:59.034951,102117.59,101.94000000000233,0.09982609264476602,0.0,0.0,0.14492,0.05192,0.093,2.791217257318952,3e-05,0.05,102117.59,0
2025-11-08 20:21:01.065114,102117.59,101.94000000000233,0.09982609264476602,0.0,0.0,0.14492,0.05192,0.093,2.791217257318952,3e-05,0.05,102117.59,0
2025-11-08 20:21:03.099701,102117.59,101.94000000000233,0.09982609264476602,0.0,0.0,0.14492,0.05192,0.093,2.791217257318952,3e-05,0.05,102117.59,0
2025-11-08 20:21:05.140956,102117.59,101.94000000000233,0.09982609264476602,0.0,0.0,0.14492,0.05192,0.093,2.791217257318952,3e-05,0.05,102117.59,0
2025-11-08 20:21:07.174371,102117.59,101.94000000000233,0.09982609264476602,0.0,0.0,0.14492,0.05192,0.093,2.791217257318952,3e-05,0.05,102117.59,0
2025-11-08 20:21:09.208324,102117.59,101.94000000000233,0.09982609264476602,0.0,0.0,0.14492,0.05192,0.093,2.791217257318952,3e-05,0.05,102117.59,0
2025-11-08 20:21:11.235674,102117.59,101.94000000000233,0.09982609264476602,0.0,0.0,0.14492,0.05192,0.093,2.791217257318952,3e-05,0.05,102117.59,0
2025-11-08 20:21:13.268787,102117.59,101.94000000000233,0.09982609264476602,0.0,0.0,0.14492,0.05192,0.093,2.791217257318952,3e-05,0.05,102117.59,0
2025-11-08 20:21:15.307164,102117.59,101.94000000000233,0.09982609264476602,0.0,0.0,0.14492,0.05192,0.093,2.791217257318952,3e-05,0.05,102117.59,0
2025-11-08 20:21:17.345721,102117.59,101.94000000000233,0.09982609264476602,0.0,0.0,0.14492,0.05192,0.093,2.791217257318952,3e-05,0.05,102117.59,0
2025-11-08 20:21:19.375878,102117.59,101.94000000000233,0.09982609264476602,0.0,0.0,0.14492,0.05192,0.093,2.791217257318952,3e-05,0.05,102117.59,0
2025-11-08 20:21:21.409639,102117.59,101.94000000000233,0.09982609264476602,0.0,0.0,0.14492,0.05192,0.093,2.791217257318952,3e-05,0.05,102117.59,0
2025-11-08 20:21:23.446289,102117.59,101.94000000000233,0.09982609264476602,0.0,0.0,0.14492,0.05192,0.093,2.791217257318952,3e-05,0.05,102117.59,0
2025-11-08 20:21:25.484375,102117.59,101.94000000000233,0.09982609264476602,0.0,0.0,0.14492,0.05192,0.093,2.791217257318952,3e-05,0.05,102117.59,0
2025-11-08 20:21:27.517625,102117.59,101.94000000000233,0.09982609264476602,0.0,0.0,0.14492,0.05192,0.093,2.791217257318952,3e-05,0.05,102117.59,0
2025-11-08 20:21:29.552659,102117.59,101.94000000000233,0.09982609264476602,0.0,0.0,0.14492,0.05192,0.093,2.791217257318952,3e-05,0.05,102117.59,0
2025-11-08 20:21:31.583596,102117.59,101.94000000000233,0.09982609264476602,0.0,0.0,0.14492,0.05192,0.093,2.791217257318952,3e-05,0.05,102117.59,0
2025-11-08 20:21:33.617172,102117.59,101.94000000000233,0.09982609264476602,0.0,0.0,0.14492,0.05192,0.093,2.791217257318952,3e-05,0.05,102117.59,0
2025-11-08 20:21:35.651201,102117.59,101.94000000000233,0.09982609264476602,0.0,0.0,0.14492,0.05192,0.093,2.791217257318952,3e-05,0.05,102117.59,0
2025-11-08 20:21:37.688575,102117.59,101.94000000000233,0.09982609264476602,0.0,0.0,0.14492,0.05192,0.093,2.791217257318952,3e-05,0.05,102117.59,0
2025-11-08 20:21:39.723264,102117.59,101.94000000000233,0.09982609264476602,0.0,0.0,0.14492,0.05192,0.093,2.791217257318952,3e-05,0.05,102117.59,0
2025-11-08 20:21:41.758902,102117.59,101.94000000000233,0.09982609264476602,0.0,0.0,0.14492,0.05192,0.093,2.791217257318952,3e-05,0.05,102117.59,0
2025-11-08 20:21:43.797144,102117.59,101.94000000000233,0.09982609264476602,0.0,0.0,0.14492,0.05192,0.093,2.791217257318952,3e-05,0.05,102117.59,0
2025-11-08 20:21:45.831000,102117.59,101.94000000000233,0.09982609264476602,0.0,0.0,0.14492,0.05192,0.093,2.791217257318952,3e-05,0.05,102113.82,0
2025-11-08 20:21:47.864809,102113.82,94.40000000000873,0.0924458609030675,0.0,0.0,0.14492,0.05192,0.093,2.791217257318952,3e-05,0.05,102113.82,0
2025-11-08 20:21:49.902602,102113.82,94.40000000000873,0.0924458609030675,0.0,0.0,0.14492,0.05192,0.093,2.791217257318952,3e-05,0.05,102113.82,0
2025-11-08 20:21:51.936615,102113.82,94.40000000000873,0.0924458609030675,0.0,0.0,0.14492,0.05192,0.093,2.791217257318952,3e-05,0.05,102113.82,0
2025-11-08 20:21:53.969677,102113.82,94.40000000000873,0.0924458609030675,0.0,0.0,0.14492,0.05192,0.093,2.791217257318952,3e-05,0.05,102113.82,0
2025-11-08 20:21:56.002412,102113.82,94.40000000000873,0.0924458609030675,0.0,0.0,0.14492,0.05192,0.093,2.791217257318952,3e-05,0.05,102113.82,0
2025-11-08 20:21:58.034786,102113.82,94.40000000000873,0.0924458609030675,0.0,0.0,0.14492,0.05192,0.093,2.791217257318952,3e-05,0.05,102113.82,0
2025-11-08 20:22:00.067850,102113.82,94.40000000000873,0.0924458609030675,0.0,0.0,0.14492,0.05192,0.093,2.791217257318952,3e-05,0.05,102113.82,0
2025-11-08 20:22:02.098126,102113.82,94.40000000000873,0.0924458609030675,0.0,0.0,0.14492,0.05192,0.093,2.791217257318952,3e-05,0.05,102113.82,0
2025-11-08 20:22:04.133021,102113.82,94.40000000000873,0.0924458609030675,0.0,0.0,0.14492,0.05192,0.093,2.791217257318952,3e-05,0.05,102113.82,0
2025-11-08 20:22:06.162195,102113.82,94.40000000000873,0.0924458609030675,0.0,0.0,0.14492,0.05192,0.093,2.791217257318952,3e-05,0.05,102113.82,0
2025-11-08 20:22:08.196235,102113.82,94.40000000000873,0.0924458609030675,0.0,0.0,0.14492,0.05192,0.093,2.791217257318952,3e-05,0.05,102113.82,0
2025-11-08 20:22:10.227135,102113.82,94.40000000000873,0.0924458609030675,0.0,0.0,0.14492,0.05192,0.093,2.791217257318952,3e-05,0.05,102113.82,0
2025-11-08 20:22:12.265296,102113.82,94.40000000000873,0.0924458609030675,0.0,0.0,0.14492,0.05192,0.093,2.791217257318952,3e-05,0.05,102113.82,0
2025-11-08 20:22:14.297534,102113.82,94.40000000000873,0.0924458609030675,0.0003899999999999945,0.0003899999999999945,0.14565,0.05226,0.09339,2.7870264064293915,3e-05,0.05,102113.82,0
2025-11-08 20:22:16.336004,102113.82,94.40000000000873,0.0924458609030675,0.0,-0.0003899999999999945,0.14565,0.05226,0.09339,2.7870264064293915,3e-05,0.05,102113.82,0
2025-11-08 20:22:18.372846,102113.82,94.40000000000873,0.0924458609030675,-0.0003899999999999945,-0.0003899999999999945,0.14492,0.05192,0.093,2.791217257318952,3e-05,0.05,102113.82,0
2025-11-08 20:22:20.410841,102113.82,94.40000000000873,0.0924458609030675,0.0,0.0003899999999999945,0.14492,0.05192,0.093,2.791217257318952,3e-05,0.05,102113.82,0
2025-11-08 20:22:22.446208,102113.82,94.40000000000873,0.0924458609030675,0.0,0.0,0.14492,0.05192,0.093,2.791217257318952,3e-05,0.05,102113.82,0
2025-11-08 20:22:24.487359,102113.82,94.40000000000873,0.0924458609030675,0.0,0.0,0.14492,0.05192,0.093,2.791217257318952,3e-05,0.05,102113.82,0
2025-11-08 20:22:26.518335,102113.82,94.40000000000873,0.0924458609030675,0.0,0.0,0.14492,0.05192,0.093,2.791217257318952,3e-05,0.05,102113.82,0
2025-11-08 20:22:28.550696,102113.82,94.40000000000873,0.0924458609030675,0.0,0.0,0.14492,0.05192,0.093,2.791217257318952,3e-05,0.05,102113.82,0
2025-11-08 20:22:30.586331,102113.82,94.40000000000873,0.0924458609030675,0.0,0.0,0.14492,0.05192,0.093,2.791217257318952,3e-05,0.05,102113.82,0
2025-11-08 20:22:32.621439,102113.82,94.40000000000873,0.0924458609030675,0.0,0.0,0.14492,0.05192,0.093,2.791217257318952,3e-05,0.05,102113.82,0
2025-11-08 20:22:34.655788,102113.82,94.40000000000873,0.0924458609030675,0.0,0.0,0.14492,0.05192,0.093,2.791217257318952,3e-05,0.05,102113.82,0
2025-11-08 20:22:36.692076,102113.82,94.40000000000873,0.0924458609030675,0.0,0.0,0.14492,0.05192,0.093,2.791217257318952,3e-05,0.05,102113.82,0
2025-11-08 20:22:38.727382,102113.82,94.40000000000873,0.0924458609030675,0.0,0.0,0.14492,0.05192,0.093,2.791217257318952,3e-05,0.05,102113.82,0
2025-11-08 20:22:40.765806,102113.82,94.40000000000873,0.0924458609030675,0.0,0.0,0.14492,0.05192,0.093,2.791217257318952,3e-05,0.05,102113.82,0
2025-11-08 20:22:42.804259,102113.82,94.40000000000873,0.0924458609030675,0.0,0.0,0.14492,0.05192,0.093,2.791217257318952,3e-05,0.05,102113.82,0
2025-11-08 20:22:44.839276,102113.82,94.40000000000873,0.0924458609030675,0.0,0.0,0.14492,0.05192,0.093,2.791217257318952,3e-05,0.05,102113.82,0
2025-11-08 20:22:46.872988,102113.82,94.40000000000873,0.0924458609030675,0.0,0.0,0.14492,0.05192,0.093,2.791217257318952,3e-05,0.05,102113.82,0
2025-11-08 20:22:48.904397,102113.82,94.40000000000873,0.0924458609030675,0.0,0.0,0.14492,0.05192,0.093,2.791217257318952,3e-05,0.05,102113.82,0
2025-11-08 20:22:50.942391,102113.82,94.40000000000873,0.0924458609030675,0.0,0.0,0.14492,0.05192,0.093,2.791217257318952,3e-05,0.05,102113.82,0
2025-11-08 20:22:52.971060,102113.82,94.40000000000873,0.0924458609030675,0.0,0.0,0.14492,0.05192,0.093,2.791217257318952,3e-05,0.05,102113.82,0
2025-11-08 20:22:55.004898,102113.82,94.40000000000873,0.0924458609030675,0.0,0.0,0.14492,0.05192,0.093,2.791217257318952,3e-05,0.05,102113.82,0
2025-11-08 20:22:57.039232,102113.82,94.40000000000873,0.0924458609030675,0.0,0.0,0.14492,0.05192,0.093,2.791217257318952,3e-05,0.05,102113.82,0
2025-11-08 20:22:59.077545,102113.82,94.40000000000873,0.0924458609030675,0.0,0.0,0.14492,0.05192,0.093,2.791217257318952,3e-05,0.05,102113.82,0
2025-11-08 20:23:01.114497,102113.82,94.40000000000873,0.0924458609030675,0.0,0.0,0.14492,0.05192,0.093,2.791217257318952,3e-05,0.05,102113.82,0
2025-11-08 20:23:03.151809,102113.82,94.40000000000873,0.0924458609030675,0.0,0.0,0.14492,0.05192,0.093,2.791217257318952,3e-05,0.05,102113.82,0
2025-11-08 20:23:05.183776,102113.82,94.40000000000873,0.0924458609030675,0.0,0.0,0.14492,0.05192,0.093,2.791217257318952,3e-05,0.05,102113.82,0
2025-11-08 20:23:07.221327,102113.82,94.40000000000873,0.0924458609030675,0.0003899999999999945,0.0003899999999999945,0.14565,0.05226,0.09339,2.7870264064293915,3e-05,0.05,102113.82,0
2025-11-08 20:23:09.246659,102113.82,94.40000000000873,0.0924458609030675,0.0,-0.0003899999999999945,0.14565,0.05226,0.09339,2.7870264064293915,3e-05,0.05,102113.82,0
2025-11-08 20:23:11.276668,102113.82,94.40000000000873,0.0924458609030675,0.0,0.0,0.14565,0.05226,0.09339,2.7870264064293915,3e-05,0.05,102113.82,0
2025-11-08 20:23:13.308346,102113.82,94.40000000000873,0.0924458609030675,-0.0003899999999999945,-0.0003899999999999945,0.14492,0.05192,0.093,2.791217257318952,3e-05,0.05,102113.82,0
2025-11-08 20:23:15.338067,102113.82,94.40000000000873,0.0924458609030675,0.0,0.0003899999999999945,0.14492,0.05192,0.093,2.791217257318952,3e-05,0.05,102113.82,0
2025-11-08 20:23:17.368798,102113.82,94.40000000000873,0.0924458609030675,0.0,0.0,0.14492,0.05192,0.093,2.791217257318952,3e-05,0.05,102113.82,0
2025-11-08 20:23:19.406637,102113.82,94.40000000000873,0.0924458609030675,0.0,0.0,0.14492,0.05192,0.093,2.791217257318952,3e-05,0.05,102113.82,0
2025-11-08 20:23:21.437703,102113.82,94.40000000000873,0.0924458609030675,0.0,0.0,0.14492,0.05192,0.093,2.791217257318952,3e-05,0.05,102113.82,0
2025-11-08 20:23:23.473865,102113.82,94.40000000000873,0.0924458609030675,0.0,0.0,0.14492,0.05192,0.093,2.791217257318952,3e-05,0.05,102113.82,0
2025-11-08 20:23:25.509241,102113.82,94.40000000000873,0.0924458609030675,0.0,0.0,0.14492,0.05192,0.093,2.791217257318952,3e-05,0.05,102113.82,0
2025-11-08 20:23:27.543284,102113.82,94.40000000000873,0.0924458609030675,0.0,0.0,0.14492,0.05192,0.093,2.791217257318952,3e-05,0.05,102113.82,0
2025-11-08 20:23:29.581227,102113.82,94.40000000000873,0.0924458609030675,0.0,0.0,0.14492,0.05192,0.093,2.791217257318952,3e-05,0.05,102113.82,0
2025-11-08 20:23:31.617268,102113.82,94.40000000000873,0.0924458609030675,0.0,0.0,0.14492,0.05192,0.093,2.791217257318952,3e-05,0.05,102113.82,0
2025-11-08 20:23:33.654332,102113.82,94.40000000000873,0.0924458609030675,0.0,0.0,0.14492,0.05192,0.093,2.791217257318952,3e-05,0.05,102113.82,0
2025-11-08 20:23:35.692261,102113.82,94.40000000000873,0.0924458609030675,0.0,0.0,0.14492,0.05192,0.093,2.791217257318952,3e-05,0.05,102113.82,0
2025-11-08 20:23:37.722931,102113.82,94.40000000000873,0.0924458609030675,0.0,0.0,0.14492,0.05192,0.093,2.791217257318952,3e-05,0.05,102113.82,0
2025-11-08 20:23:39.749815,102113.82,94.40000000000873,0.0924458609030675,0.0,0.0,0.14492,0.05192,0.093,2.791217257318952,3e-05,0.05,102113.82,0
2025-11-08 20:23:41.781671,102113.82,94.40000000000873,0.0924458609030675,0.0,0.0,0.14492,0.05192,0.093,2.791217257318952,3e-05,0.05,102113.82,0
2025-11-08 20:23:43.814955,102113.82,94.40000000000873,0.0924458609030675,0.0,0.0,0.14492,0.05192,0.093,2.791217257318952,3e-05,0.05,102108.95000000001,0
2025-11-08 20:23:45.850166,102108.95000000001,104.13999999999942,0.10198910085746588,0.0010199999999999931,0.0010199999999999931,0.14594000000000001,0.05192,0.09402000000000002,2.810862865947612,0.05,0.05,102108.955,1
2025-11-08 20:23:47.882803,102108.955,104.13000000000466,0.10197930240301123,-0.0006299999999999986,-0.0016499999999999918,0.14565,0.05226,0.09339,2.7870264064293915,3e-05,0.05,102106.045,0
2025-11-08 20:23:49.913382,102106.045,98.30999999999767,0.09628225243666785,-0.0003899999999999945,0.0002400000000000041,0.14492,0.05192,0.093,2.791217257318952,3e-05,0.05,102101.88,0
2025-11-08 20:23:51.942191,102101.88,89.97999999999593,0.08812766229181669,0.0,0.0003899999999999945,0.14492,0.05192,0.093,2.791217257318952,3e-05,0.05,102101.88,0
2025-11-08 20:23:53.976469,102101.88,89.97999999999593,0.08812766229181669,0.0,0.0,0.14492,0.05192,0.093,2.791217257318952,3e-05,0.05,102101.88,0
2025-11-08 20:23:56.008274,102101.88,89.97999999999593,0.08812766229181669,0.0,0.0,0.14492,0.05192,0.093,2.791217257318952,3e-05,0.05,102101.88,0
2025-11-08 20:23:58.038795,102101.88,89.97999999999593,0.08812766229181669,0.0,0.0,0.14492,0.05192,0.093,2.791217257318952,3e-05,0.05,102101.87,0
2025-11-08 20:24:00.075849,102101.87,89.97999999999593,0.08812767092316323,-4.0000000000012465e-05,-4.0000000000012465e-05,0.14462,0.051660000000000005,0.09295999999999999,2.7994579945799454,0.04868,3e-05,102101.87,0
2025-11-08 20:24:02.113172,102101.87,89.97999999999593,0.08812767092316323,0.0,4.0000000000012465e-05,0.14462,0.051660000000000005,0.09295999999999999,2.7994579945799454,0.04868,3e-05,102101.87,0
2025-11-08 20:24:04.145794,102101.87,89.97999999999593,0.08812767092316323,0.0,0.0,0.14462,0.051660000000000005,0.09295999999999999,2.7994579945799454,0.04868,3e-05,102101.87,0
2025-11-08 20:24:06.180821,102101.87,89.97999999999593,0.08812767092316323,0.0,0.0,0.14462,0.051660000000000005,0.09295999999999999,2.7994579945799454,0.04868,3e-05,102101.87,0
2025-11-08 20:24:08.213585,102101.87,89.97999999999593,0.08812767092316323,0.0,0.0,0.14462,0.051660000000000005,0.09295999999999999,2.7994579945799454,0.04868,3e-05,102101.87,0
2025-11-08 20:24:10.248002,102101.87,89.97999999999593,0.08812767092316323,0.0,0.0,0.14462,0.051660000000000005,0.09295999999999999,2.7994579945799454,0.04868,3e-05,102101.875,1
2025-11-08 20:24:12.284227,102101.875,89.98999999999069,0.08813746074691643,-8.999999999999265e-05,-8.999999999999265e-05,0.14462,0.05175,0.09287000000000001,2.7945893719806763,0.04868,0.04983,102101.875,0
2025-11-08 20:24:14.320374,102101.875,89.98999999999069,0.08813746074691643,0.0,8.999999999999265e-05,0.14462,0.05175,0.09287000000000001,2.7945893719806763,0.04868,0.04983,102101.875,0
2025-11-08 20:24:16.353266,102101.875,89.98999999999069,0.08813746074691643,0.0,0.0,0.14462,0.05175,0.09287000000000001,2.7945893719806763,0.04868,0.04983,102101.875,0
2025-11-08 20:24:18.383248,102101.875,89.98999999999069,0.08813746074691643,0.0,0.0,0.14462,0.05175,0.09287000000000001,2.7945893719806763,0.04868,0.04983,102101.875,0
2025-11-08 20:24:20.413080,102101.875,89.98999999999069,0.08813746074691643,0.0,0.0,0.14462,0.05175,0.09287000000000001,2.7945893719806763,0.04868,0.04983,102101.875,0
2025-11-08 20:24:22.450077,102101.875,89.98999999999069,0.08813746074691643,0.0,0.0,0.14462,0.05175,0.09287000000000001,2.7945893719806763,0.04868,0.04983,102101.875,0
2025-11-08 20:24:24.486322,102101.875,89.98999999999069,0.08813746074691643,0.0,0.0,0.14462,0.05175,0.09287000000000001,2.7945893719806763,0.04868,0.04983,102101.875,0
2025-11-08 20:24:26.522061,102101.875,89.98999999999069,0.08813746074691643,0.0006999999999999947,0.0006999999999999947,0.14565999999999998,0.05209,0.09356999999999999,2.7963140717988098,0.04868,0.04983,102101.875,0
2025-11-08 20:24:28.553708,102101.875,89.98999999999069,0.08813746074691643,-0.0006999999999999947,-0.0013999999999999894,0.14462,0.05175,0.09287000000000001,2.7945893719806763,0.04868,0.04983,102101.875,0
2025-11-08 20:24:30.587754,102101.875,89.98999999999069,0.08813746074691643,0.0,0.0006999999999999947,0.14462,0.05175,0.09287000000000001,2.7945893719806763,0.04868,0.04983,102101.875,0
2025-11-08 20:24:32.621809,102101.875,89.98999999999069,0.08813746074691643,0.0,0.0,0.14462,0.05175,0.09287000000000001,2.7945893719806763,0.04868,0.04983,102101.875,0
2025-11-08 20:24:34.652246,102101.875,89.98999999999069,0.08813746074691643,0.0,0.0,0.14462,0.05175,0.09287000000000001,2.7945893719806763,0.04868,0.04983,102101.875,0
2025-11-08 20:24:36.686447,102101.875,89.98999999999069,0.08813746074691643,0.0,0.0,0.14462,0.05175,0.09287000000000001,2.7945893719806763,0.04868,0.04983,102101.875,0
2025-11-08 20:24:38.716271,102101.875,89.98999999999069,0.08813746074691643,0.0,0.0,0.14462,0.05175,0.09287000000000001,2.7945893719806763,0.04868,0.04983,102101.875,0
2025-11-08 20:24:40.750288,102101.875,89.98999999999069,0.08813746074691643,0.0,0.0,0.14462,0.05175,0.09287000000000001,2.7945893719806763,0.04868,0.04983,102101.875,0
2025-11-08 20:24:42.787490,102101.875,89.98999999999069,0.08813746074691643,0.0,0.0,0.14462,0.05175,0.09287000000000001,2.7945893719806763,0.04868,0.04983,102101.875,0
2025-11-08 20:24:44.820960,102101.875,89.98999999999069,0.08813746074691643,0.0,0.0,0.14462,0.05175,0.09287000000000001,2.7945893719806763,0.04868,0.04983,102101.875,0
2025-11-08 20:24:46.860685,102101.875,89.98999999999069,0.08813746074691643,0.0,0.0,0.14462,0.05175,0.09287000000000001,2.7945893719806763,0.04868,0.04983,102101.875,0
2025-11-08 20:24:48.895900,102101.875,89.98999999999069,0.08813746074691643,0.0,0.0,0.14462,0.05175,0.09287000000000001,2.7945893719806763,0.04868,0.04983,102101.875,0
2025-11-08 20:24:50.929825,102101.875,89.98999999999069,0.08813746074691643,0.0,0.0,0.14462,0.05175,0.09287000000000001,2.7945893719806763,0.04868,0.04983,102101.875,0
2025-11-08 20:24:52.968054,102101.875,89.98999999999069,0.08813746074691643,0.0,0.0,0.14462,0.05175,0.09287000000000001,2.7945893719806763,0.04868,0.04983,102101.875,0
2025-11-08 20:24:55.002730,102101.875,89.98999999999069,0.08813746074691643,0.0,0.0,0.14462,0.05175,0.09287000000000001,2.7945893719806763,0.04868,0.04983,102101.875,0
2025-11-08 20:24:57.028922,102101.875,89.98999999999069,0.08813746074691643,0.0,0.0,0.14462,0.05175,0.09287000000000001,2.7945893719806763,0.04868,0.04983,102101.875,0
2025-11-08 20:24:59.058802,102101.875,89.98999999999069,0.08813746074691643,0.0,0.0,0.14462,0.05175,0.09287000000000001,2.7945893719806763,0.04868,0.04983,102101.875,0
2025-11-08 20:25:01.089628,102101.875,89.98999999999069,0.08813746074691643,0.0,0.0,0.14462,0.05175,0.09287000000000001,2.7945893719806763,0.04868,0.04983,102101.875,0
2025-11-08 20:25:03.120379,102101.875,89.98999999999069,0.08813746074691643,0.0,0.0,0.14462,0.05175,0.09287000000000001,2.7945893719806763,0.04868,0.04983,102101.875,0
2025-11-08 20:25:05.151915,102101.875,89.98999999999069,0.08813746074691643,0.0,0.0,0.14462,0.05175,0.09287000000000001,2.7945893719806763,0.04868,0.04983,102101.875,0
2025-11-08 20:25:07.182233,102101.875,89.98999999999069,0.08813746074691643,0.0,0.0,0.14462,0.05175,0.09287000000000001,2.7945893719806763,0.04868,0.04983,102101.875,0
2025-11-08 20:25:09.217382,102101.875,89.98999999999069,0.08813746074691643,0.0,0.0,0.14462,0.05175,0.09287000000000001,2.7945893719806763,0.04868,0.04983,102090.08499999999,0
2025-11-08 20:25:11.247246,102090.08499999999,92.27000000000407,0.09038096108941832,0.0001300000000000051,0.0001300000000000051,0.14492,0.05192,0.093,2.791217257318952,3e-05,0.05,102090.08499999999,0
2025-11-08 20:25:13.283511,102090.08499999999,92.27000000000407,0.09038096108941832,0.0007299999999999945,0.0005999999999999894,0.14565,0.05192,0.09373000000000001,2.805277349768875,3e-05,0.05,102077.88,0
2025-11-08 20:25:15.316578,102077.88,99.90000000000873,0.0978664525556455,-0.12042,-0.12115,0.14594000000000001,0.17263,-0.02668999999999999,0.8453918785842554,0.05,0.05,102077.88,0
2025-11-08 20:25:17.352668,102077.88,99.90000000000873,0.0978664525556455,0.0,0.12042,0.14594000000000001,0.17263,-0.02668999999999999,0.8453918785842554,0.05,0.05,102077.88,0
2025-11-08 20:25:19.387037,102077.88,99.90000000000873,0.0978664525556455,0.12143999999999998,0.12143999999999998,0.14701,0.05226,0.09475,2.8130501339456564,0.05003,0.05,102077.88,0
2025-11-08 20:25:21.426786,102077.88,99.90000000000873,0.0978664525556455,0.0,-0.12143999999999998,0.14701,0.05226,0.09475,2.8130501339456564,0.05003,0.05,102066.635,0
2025-11-08 20:25:23.460763,102066.635,77.41000000000349,0.07584261007527435,-0.12246,-0.12246,0.14492,0.17262999999999998,-0.027709999999999985,0.8394832879569021,3e-05,0.05,102055.9,0
2025-11-08 20:25:25.485791,102055.9,87.84000000001106,0.08607047706209153,0.0010199999999999931,0.12347999999999999,0.14594000000000001,0.17262999999999998,-0.026689999999999964,0.8453918785842556,0.05,0.05,102055.9,0
2025-11-08 20:25:27.519825,102055.9,87.84000000001106,0.08607047706209153,0.0,-0.0010199999999999931,0.14594000000000001,0.17262999999999998,-0.026689999999999964,0.8453918785842556,0.05,0.05,102055.905,1
2025-11-08 20:25:29.554291,102055.905,87.83000000000175,0.08606067429415451,-0.0010199999999999931,-0.0010199999999999931,0.14492,0.17262999999999998,-0.027709999999999985,0.8394832879569021,3e-05,0.05,102050.345,0
2025-11-08 20:25:31.592757,102050.345,98.95000000001164,0.09696194559656965,0.0008000000000000047,0.0018199999999999978,0.14565,0.17256,-0.02690999999999999,0.8440542420027817,3e-05,0.05,102050.345,0
2025-11-08 20:25:33.626750,102050.345,98.95000000001164,0.09696194559656965,-0.0008000000000000101,-0.0016000000000000148,0.14492,0.17262999999999998,-0.027709999999999985,0.8394832879569021,3e-05,0.05,102050.345,0
2025-11-08 20:25:35.659148,102050.345,98.95000000001164,0.09696194559656965,0.0,0.0008000000000000101,0.14492,0.17262999999999998,-0.027709999999999985,0.8394832879569021,3e-05,0.05,102050.345,0
2025-11-08 20:25:37.694562,102050.345,98.95000000001164,0.09696194559656965,0.0,0.0,0.14492,0.17262999999999998,-0.027709999999999985,0.8394832879569021,3e-05,0.05,102050.345,0
2025-11-08 20:25:39.722391,102050.345,98.95000000001164,0.09696194559656965,0.0,0.0,0.14492,0.17262999999999998,-0.027709999999999985,0.8394832879569021,3e-05,0.05,102050.345,0
2025-11-08 20:25:41.764436,102050.345,98.95000000001164,0.09696194559656965,0.0008000000000000101,0.0008000000000000101,0.14565,0.17256,-0.02690999999999999,0.8440542420027817,3e-05,0.05,102050.345,0
2025-11-08 20:25:43.798566,102050.345,98.95000000001164,0.09696194559656965,-0.0008000000000000101,-0.0016000000000000202,0.14492,0.17262999999999998,-0.027709999999999985,0.8394832879569021,3e-05,0.05,102050.345,0
2025-11-08 20:25:45.830269,102050.345,98.95000000001164,0.09696194559656965,0.0,0.0008000000000000101,0.14492,0.17262999999999998,-0.027709999999999985,0.8394832879569021,3e-05,0.05,102061.775,1
2025-11-08 20:25:47.862737,102061.775,99.59000000001106,0.09757815793426193,0.0010199999999999986,0.0010199999999999986,0.14594000000000001,0.17263,-0.02668999999999999,0.8453918785842554,0.05,0.05,102066.09,1
2025-11-08 20:25:49.892298,102066.09,90.9600000000064,0.08911872689549134,-0.0010199999999999931,-0.0020399999999999915,0.14492,0.17263,-0.027710000000000012,0.839483287956902,0.05,0.05,102066.09,0
2025-11-08 20:25:51.928874,102066.09,90.9600000000064,0.08911872689549134,0.0,0.0010199999999999931,0.14492,0.17263,-0.027710000000000012,0.839483287956902,0.05,0.05,102066.09,0
2025-11-08 20:25:53.968349,102066.09,90.9600000000064,0.08911872689549134,0.0,0.0,0.14492,0.17263,-0.027710000000000012,0.839483287956902,0.05,0.05,102066.09,0
2025-11-08 20:25:55.998502,102066.09,90.9600000000064,0.08911872689549134,0.0,0.0,0.14492,0.17263,-0.027710000000000012,0.839483287956902,0.05,0.05,102066.09,0
2025-11-08 20:25:58.030504,102066.09,90.9600000000064,0.08911872689549134,0.0010199999999999931,0.0010199999999999931,0.14594000000000001,0.17263,-0.02668999999999999,0.8453918785842554,0.05,0.05,102066.09,0
2025-11-08 20:26:00.064365,102066.09,90.9600000000064,0.08911872689549134,0.0,-0.0010199999999999931,0.14594000000000001,0.17263,-0.02668999999999999,0.8453918785842554,0.05,0.05,102066.095,1
2025-11-08 20:26:02.102160,102066.095,90.95000000001164,0.08910892495692291,-0.0010299999999999893,-0.0010299999999999893,0.14491,0.17263,-0.027719999999999995,0.8394253605978104,2e-05,0.05,102066.095,0
2025-11-08 20:26:04.134267,102066.095,90.95000000001164,0.08910892495692291,0.0,0.0010299999999999893,0.14491,0.17263,-0.027719999999999995,0.8394253605978104,2e-05,0.05,102066.095,0
2025-11-08 20:26:06.166795,102066.095,90.95000000001164,0.08910892495692291,0.0,0.0,0.14491,0.17263,-0.027719999999999995,0.8394253605978104,2e-05,0.05,102066.095,0
2025-11-08 20:26:08.199895,102066.095,90.95000000001164,0.08910892495692291,0.0,0.0,0.14491,0.17263,-0.027719999999999995,0.8394253605978104,2e-05,0.05,102066.095,0
2025-11-08 20:26:10.230729,102066.095,90.95000000001164,0.08910892495692291,0.0007999999999999952,0.0007999999999999952,0.14564,0.17256,-0.02692,0.843996291145109,2e-05,0.05,102066.095,0
2025-11-08 20:26:12.262006,102066.095,90.95000000001164,0.08910892495692291,0.0002500000000000002,-0.0005499999999999949,0.14564,0.17231,-0.02667,0.8452208229354071,2e-05,0.04975,102066.095,0
2025-11-08 20:26:14.292793,102066.095,90.95000000001164,0.08910892495692291,0.0,-0.0002500000000000002,0.14564,0.17231,-0.02667,0.8452208229354071,2e-05,0.04975,102066.095,0
2025-11-08 20:26:16.323626,102066.095,90.95000000001164,0.08910892495692291,0.0,0.0,0.14564,0.17231,-0.02667,0.8452208229354071,2e-05,0.04975,102066.095,0
2025-11-08 20:26:18.355782,102066.095,90.95000000001164,0.08910892495692291,0.0,0.0,0.14564,0.17231,-0.02667,0.8452208229354071,2e-05,0.04975,102066.095,0
2025-11-08 20:26:20.387303,102066.095,90.95000000001164,0.08910892495692291,0.0,0.0,0.14564,0.17231,-0.02667,0.8452208229354071,2e-05,0.04975,102066.095,0
2025-11-08 20:26:22.419925,102066.095,90.95000000001164,0.08910892495692291,0.0,0.0,0.14564,0.17231,-0.02667,0.8452208229354071,2e-05,0.04975,102066.095,0
2025-11-08 20:26:24.448158,102066.095,90.95000000001164,0.08910892495692291,0.0,0.0,0.14564,0.17231,-0.02667,0.8452208229354071,2e-05,0.04975,102066.095,0
2025-11-08 20:26:26.485195,102066.095,90.95000000001164,0.08910892495692291,-0.0007999999999999952,-0.0007999999999999952,0.14491,0.17238,-0.027469999999999994,0.8406427659821325,2e-05,0.04975,102049.19,0
2025-11-08 20:26:28.521163,102049.19,96.63999999999942,0.09469942877547526,0.0005600000000000043,0.0013599999999999994,0.14565,0.17256,-0.02690999999999999,0.8440542420027817,3e-05,0.05,102049.19,0
2025-11-08 20:26:30.558047,102049.19,96.63999999999942,0.09469942877547526,0.0,-0.0005600000000000043,0.14565,0.17256,-0.02690999999999999,0.8440542420027817,3e-05,0.05,102049.19,0
2025-11-08 20:26:32.587853,102049.19,96.63999999999942,0.09469942877547526,0.0,0.0,0.14565,0.17256,-0.02690999999999999,0.8440542420027817,3e-05,0.05,102049.19,0
2025-11-08 20:26:34.625542,102049.19,96.63999999999942,0.09469942877547526,0.0,0.0,0.14565,0.17256,-0.02690999999999999,0.8440542420027817,3e-05,0.05,102049.19,0
2025-11-08 20:26:36.658606,102049.19,96.63999999999942,0.09469942877547526,0.0,0.0,0.14565,0.17256,-0.02690999999999999,0.8440542420027817,3e-05,0.05,102049.19,0
2025-11-08 20:26:38.697723,102049.19,96.63999999999942,0.09469942877547526,0.0,0.0,0.14565,0.17256,-0.02690999999999999,0.8440542420027817,3e-05,0.05,102049.19,0
2025-11-08 20:26:40.734471,102049.19,96.63999999999942,0.09469942877547526,0.0,0.0,0.14565,0.17256,-0.02690999999999999,0.8440542420027817,3e-05,0.05,102049.19,0
2025-11-08 20:26:42.765601,102049.19,96.63999999999942,0.09469942877547526,0.0,0.0,0.14565,0.17256,-0.02690999999999999,0.8440542420027817,3e-05,0.05,102049.19,0
2025-11-08 20:26:44.799657,102049.19,96.63999999999942,0.09469942877547526,0.0,0.0,0.14565,0.17256,-0.02690999999999999,0.8440542420027817,3e-05,0.05,102049.19,0
2025-11-08 20:26:46.831362,102049.19,96.63999999999942,0.09469942877547526,0.0,0.0,0.14565,0.17256,-0.02690999999999999,0.8440542420027817,3e-05,0.05,102049.19,0
2025-11-08 20:26:48.865850,102049.19,96.63999999999942,0.09469942877547526,0.0,0.0,0.14565,0.17256,-0.02690999999999999,0.8440542420027817,3e-05,0.05,102049.19,0
2025-11-08 20:26:50.902342,102049.19,96.63999999999942,0.09469942877547526,0.0,0.0,0.14565,0.17256,-0.02690999999999999,0.8440542420027817,3e-05,0.05,102049.19,0
2025-11-08 20:26:52.934963,102049.19,96.63999999999942,0.09469942877547526,0.0,0.0,0.14565,0.17256,-0.02690999999999999,0.8440542420027817,3e-05,0.05,102049.19,0
2025-11-08 20:26:54.972584,102049.19,96.63999999999942,0.09469942877547526,0.0,0.0,0.14565,0.17256,-0.02690999999999999,0.8440542420027817,3e-05,0.05,102049.19,0
2025-11-08 20:26:57.007058,102049.19,96.63999999999942,0.09469942877547526,0.0,0.0,0.14565,0.17256,-0.02690999999999999,0.8440542420027817,3e-05,0.05,102045.84,0
2025-11-08 20:26:59.040607,102045.84,89.94000000000233,0.08813686084606911,0.0,0.0,0.14565,0.17256,-0.02690999999999999,0.8440542420027817,3e-05,0.05,102045.84,0
2025-11-08 20:27:01.079127,102045.84,89.94000000000233,0.08813686084606911,0.0,0.0,0.14565,0.17256,-0.02690999999999999,0.8440542420027817,3e-05,0.05,102045.84,0
2025-11-08 20:27:03.112143,102045.84,89.94000000000233,0.08813686084606911,0.0,0.0,0.14565,0.17256,-0.02690999999999999,0.8440542420027817,3e-05,0.05,102045.84,0
2025-11-08 20:27:05.146992,102045.84,89.94000000000233,0.08813686084606911,0.0,0.0,0.14565,0.17256,-0.02690999999999999,0.8440542420027817,3e-05,0.05,102045.84,0
2025-11-08 20:27:07.183002,102045.84,89.94000000000233,0.08813686084606911,0.0,0.0,0.14565,0.17256,-0.02690999999999999,0.8440542420027817,3e-05,0.05,102043.23,0
2025-11-08 20:27:09.219136,102043.23,84.72000000000116,0.08302363615891144,0.0,0.0,0.14565,0.17256,-0.02690999999999999,0.8440542420027817,3e-05,0.05,102039.765,0
2025-11-08 20:27:11.245870,102039.765,77.79000000000815,0.07623498544906307,0.0,0.0,0.14565,0.17256,-0.02690999999999999,0.8440542420027817,3e-05,0.05,102039.765,0
2025-11-08 20:27:13.283728,102039.765,77.79000000000815,0.07623498544906307,0.0,0.0,0.14565,0.17256,-0.02690999999999999,0.8440542420027817,3e-05,0.05,102039.765,0
2025-11-08 20:27:15.323189,102039.765,77.79000000000815,0.07623498544906307,0.0,0.0,0.14565,0.17256,-0.02690999999999999,0.8440542420027817,3e-05,0.05,102039.765,0
2025-11-08 20:27:17.356723,102039.765,77.79000000000815,0.07623498544906307,0.0,0.0,0.14565,0.17256,-0.02690999999999999,0.8440542420027817,3e-05,0.05,102039.765,0
2025-11-08 20:27:19.395840,102039.765,77.79000000000815,0.07623498544906307,0.0,0.0,0.14565,0.17256,-0.02690999999999999,0.8440542420027817,3e-05,0.05,102037.20499999999,0
2025-11-08 20:27:21.428087,102037.20499999999,72.66999999999825,0.07121912051589248,0.0,0.0,0.14565,0.17256,-0.02690999999999999,0.8440542420027817,3e-05,0.05,102030.78,0
2025-11-08 20:27:23.462027,102030.78,59.820000000006985,0.058629366549983235,0.0,0.0,0.14565,0.17256,-0.02690999999999999,0.8440542420027817,3e-05,0.05,102030.78,0
2025-11-08 20:27:25.495256,102030.78,59.820000000006985,0.058629366549983235,0.0,0.0,0.14565,0.17256,-0.02690999999999999,0.8440542420027817,3e-05,0.05,102030.78,0
2025-11-08 20:27:27.522783,102030.78,59.820000000006985,0.058629366549983235,0.0,0.0,0.14565,0.17256,-0.02690999999999999,0.8440542420027817,3e-05,0.05,102030.78,0
2025-11-08 20:27:29.552681,102030.78,59.820000000006985,0.058629366549983235,0.0,0.0,0.14565,0.17256,-0.02690999999999999,0.8440542420027817,3e-05,0.05,102030.78,0
2025-11-08 20:27:31.588582,102030.78,59.820000000006985,0.058629366549983235,0.0,0.0,0.14565,0.17256,-0.02690999999999999,0.8440542420027817,3e-05,0.05,102030.78,0
2025-11-08 20:27:33.617833,102030.78,59.820000000006985,0.058629366549983235,0.0,0.0,0.14565,0.17256,-0.02690999999999999,0.8440542420027817,3e-05,0.05,102030.78,0
2025-11-08 20:27:35.651513,102030.78,59.820000000006985,0.058629366549983235,0.0,0.0,0.14565,0.17256,-0.02690999999999999,0.8440542420027817,3e-05,0.05,102030.78,0
2025-11-08 20:27:37.686992,102030.78,59.820000000006985,0.058629366549983235,0.0,0.0,0.14565,0.17256,-0.02690999999999999,0.8440542420027817,3e-05,0.05,102030.78,0
2025-11-08 20:27:39.714822,102030.78,59.820000000006985,0.058629366549983235,0.0,0.0,0.14565,0.17256,-0.02690999999999999,0.8440542420027817,3e-05,0.05,102030.78,0
2025-11-08 20:27:41.746745,102030.78,59.820000000006985,0.058629366549983235,0.0,0.0,0.14565,0.17256,-0.02690999999999999,0.8440542420027817,3e-05,0.05,102035.495,1
2025-11-08 20:27:43.780413,102035.495,69.25,0.06786853927645473,0.0,0.0,0.14565,0.17256,-0.02690999999999999,0.8440542420027817,3e-05,0.05,102035.495,0
2025-11-08 20:27:45.812079,102035.495,69.25,0.06786853927645473,0.0,0.0,0.14565,0.17256,-0.02690999999999999,0.8440542420027817,3e-05,0.05,102035.495,0
2025-11-08 20:27:47.845548,102035.495,69.25,0.06786853927645473,0.0,0.0,0.14565,0.17256,-0.02690999999999999,0.8440542420027817,3e-05,0.05,102035.495,0
2025-11-08 20:27:49.897972,102035.495,69.25,0.06786853927645473,0.0,0.0,0.14565,0.17256,-0.02690999999999999,0.8440542420027817,3e-05,0.05,102035.495,0
2025-11-08 20:27:51.935345,102035.495,69.25,0.06786853927645473,0.0,0.0,0.14565,0.17256,-0.02690999999999999,0.8440542420027817,3e-05,0.05,102035.495,0
2025-11-08 20:27:53.967861,102035.495,69.25,0.06786853927645473,0.0,0.0,0.14565,0.17256,-0.02690999999999999,0.8440542420027817,3e-05,0.05,102035.495,0
2025-11-08 20:27:56.003431,102035.495,69.25,0.06786853927645473,0.0,0.0,0.14565,0.17256,-0.02690999999999999,0.8440542420027817,3e-05,0.05,102035.495,0
2025-11-08 20:27:58.043055,102035.495,69.25,0.06786853927645473,0.0,0.0,0.14565,0.17256,-0.02690999999999999,0.8440542420027817,3e-05,0.05,102035.495,0
2025-11-08 20:28:00.076641,102035.495,69.25,0.06786853927645473,0.0,0.0,0.14565,0.17256,-0.02690999999999999,0.8440542420027817,3e-05,0.05,102035.495,0
2025-11-08 20:28:02.111573,102035.495,69.25,0.06786853927645473,0.0,0.0,0.14565,0.17256,-0.02690999999999999,0.8440542420027817,3e-05,0.05,102035.495,0
2025-11-08 20:28:04.142299,102035.495,69.25,0.06786853927645473,0.0,0.0,0.14565,0.17256,-0.02690999999999999,0.8440542420027817,3e-05,0.05,102032.035,0
2025-11-08 20:28:06.178696,102032.035,62.330000000001746,0.06108865710656634,0.0,0.0,0.14565,0.17256,-0.02690999999999999,0.8440542420027817,3e-05,0.05,102032.035,0
2025-11-08 20:28:08.214737,102032.035,62.330000000001746,0.06108865710656634,0.0,0.0,0.14565,0.17256,-0.02690999999999999,0.8440542420027817,3e-05,0.05,102032.035,0
2025-11-08 20:28:10.246581,102032.035,62.330000000001746,0.06108865710656634,0.0,0.0,0.14565,0.17256,-0.02690999999999999,0.8440542420027817,3e-05,0.05,102032.035,0
2025-11-08 20:28:12.281108,102032.035,62.330000000001746,0.06108865710656634,0.0,0.0,0.14565,0.17256,-0.02690999999999999,0.8440542420027817,3e-05,0.05,102020.635,0
2025-11-08 20:28:14.312701,102020.635,39.529999999998836,0.03874706327793278,-0.04864,-0.04864,0.09701,0.17256,-0.07554999999999999,0.5621812702828002,3e-05,0.05,102020.635,0
2025-11-08 20:28:16.342308,102020.635,39.529999999998836,0.03874706327793278,0.0,0.04864,0.09701,0.17256,-0.07554999999999999,0.5621812702828002,3e-05,0.05,102020.635,0
2025-11-08 20:28:18.377865,102020.635,39.529999999998836,0.03874706327793278,0.0,0.0,0.09701,0.17256,-0.07554999999999999,0.5621812702828002,3e-05,0.05,102020.635,0
2025-11-08 20:28:20.410799,102020.635,39.529999999998836,0.03874706327793278,0.0,0.0,0.09701,0.17256,-0.07554999999999999,0.5621812702828002,3e-05,0.05,102020.635,0
2025-11-08 20:28:22.450075,102020.635,39.529999999998836,0.03874706327793278,0.0,0.0,0.09701,0.17256,-0.07554999999999999,0.5621812702828002,3e-05,0.05,102011.79999999999,0
2025-11-08 20:28:24.481234,102011.79999999999,21.860000000000582,0.021428893520161967,0.0,0.0,0.09701,0.17255999999999996,-0.07554999999999996,0.5621812702828003,3e-05,0.05,102011.79999999999,0
2025-11-08 20:28:26.509705,102011.79999999999,21.860000000000582,0.021428893520161967,0.0,0.0,0.09701,0.17256,-0.07554999999999999,0.5621812702828002,3e-05,0.05,102011.79999999999,0
2025-11-08 20:28:28.543161,102011.79999999999,21.860000000000582,0.021428893520161967,0.0,0.0,0.09701,0.17256,-0.07554999999999999,0.5621812702828002,3e-05,0.05,102011.79999999999,0
2025-11-08 20:28:30.580376,102011.79999999999,21.860000000000582,0.021428893520161967,1.0000000000003062e-05,1.0000000000003062e-05,0.09701,0.17254999999999998,-0.07553999999999998,0.5622138510576645,3e-05,0.04999,102011.79999999999,0
2025-11-08 20:28:32.617858,102011.79999999999,21.860000000000582,0.021428893520161967,0.0,-1.0000000000003062e-05,0.09701,0.17254999999999998,-0.07553999999999998,0.5622138510576645,3e-05,0.04999,102008.485,0
2025-11-08 20:28:34.650217,102008.485,15.230000000010477,0.014930130567090057,-1.0000000000003062e-05,-1.0000000000003062e-05,0.09701,0.17256,-0.07554999999999999,0.5621812702828002,3e-05,0.05,102008.485,0
2025-11-08 20:28:36.684782,102008.485,15.230000000010477,0.014930130567090057,0.0,1.0000000000003062e-05,0.09701,0.17256,-0.07554999999999999,0.5621812702828002,3e-05,0.05,102000.875,0
2025-11-08 20:28:38.713033,102000.875,0.010000000009313226,9.803837476211087e-06,-0.22079000000000001,-0.22079000000000001,0.09701,0.39335,-0.29634,0.24662514300241517,3e-05,0.05,102000.875,0
2025-11-08 20:28:40.746802,102000.875,0.010000000009313226,9.803837476211087e-06,0.0,0.22079000000000001,0.09701,0.39335,-0.29634,0.24662514300241517,3e-05,0.05,102000.875,0
2025-11-08 20:28:42.780274,102000.875,0.010000000009313226,9.803837476211087e-06,0.0,0.0,0.09701,0.39335,-0.29634,0.24662514300241517,3e-05,0.05,102000.875,0
2025-11-08 20:28:44.810295,102000.875,0.010000000009313226,9.803837476211087e-06,0.0,0.0,0.09701,0.39335,-0.29634,0.24662514300241517,3e-05,0.05,102000.875,0
2025-11-08 20:28:46.849030,102000.875,0.010000000009313226,9.803837476211087e-06,0.0,0.0,0.09701,0.39335,-0.29634,0.24662514300241517,3e-05,0.05,102000.875,0
2025-11-08 20:28:48.889463,102000.875,0.010000000009313226,9.803837476211087e-06,0.0,0.0,0.09701,0.39335,-0.29634,0.24662514300241517,3e-05,0.05,102000.875,0
2025-11-08 20:28:50.920325,102000.875,0.010000000009313226,9.803837476211087e-06,0.0,0.0,0.09701,0.39335,-0.29634,0.24662514300241517,3e-05,0.05,102000.875,0
2025-11-08 20:28:52.963006,102000.875,0.010000000009313226,9.803837476211087e-06,0.0,0.0,0.09701,0.39335,-0.29634,0.24662514300241517,3e-05,0.05,102000.875,0
2025-11-08 20:28:55.001528,102000.875,0.010000000009313226,9.803837476211087e-06,0.0,0.0,0.09701,0.39335,-0.29634,0.24662514300241517,3e-05,0.05,102000.875,0
2025-11-08 20:28:57.034984,102000.875,0.010000000009313226,9.803837476211087e-06,0.0,0.0,0.09701,0.39335,-0.29634,0.24662514300241517,3e-05,0.05,102000.875,0
2025-11-08 20:28:59.064276,102000.875,0.010000000009313226,9.803837476211087e-06,0.0,0.0,0.09701,0.39335,-0.29634,0.24662514300241517,3e-05,0.05,102000.875,0
2025-11-08 20:29:01.094266,102000.875,0.010000000009313226,9.803837476211087e-06,0.0,0.0,0.09701,0.39335,-0.29634,0.24662514300241517,3e-05,0.05,102000.875,0
2025-11-08 20:29:03.131550,102000.875,0.010000000009313226,9.803837476211087e-06,0.0,0.0,0.09701,0.39335,-0.29634,0.24662514300241517,3e-05,0.05,102000.875,0
2025-11-08 20:29:05.161061,102000.875,0.010000000009313226,9.803837476211087e-06,0.0,0.0,0.09701,0.39335,-0.29634,0.24662514300241517,3e-05,0.05,102000.875,0
2025-11-08 20:29:07.186684,102000.875,0.010000000009313226,9.803837476211087e-06,0.0,0.0,0.09701,0.39335,-0.29634,0.24662514300241517,3e-05,0.05,102000.875,0
2025-11-08 20:29:09.219596,102000.875,0.010000000009313226,9.803837476211087e-06,0.0,0.0,0.09701,0.39335,-0.29634,0.24662514300241517,3e-05,0.05,102000.875,0
2025-11-08 20:29:11.245968,102000.875,0.010000000009313226,9.803837476211087e-06,0.0,0.0,0.09701,0.39335,-0.29634,0.24662514300241517,3e-05,0.05,102003.76999999999,1
2025-11-08 20:29:13.277937,102003.76999999999,5.80000000000291,0.0056860643484088,0.22079000000000001,0.22079000000000001,0.09701,0.17256,-0.07554999999999999,0.5621812702828002,3e-05,0.00063,102020.98999999999,1
2025-11-08 20:29:15.308014,102020.98999999999,40.24000000000524,0.0394428636695304,0.0,-0.22079000000000001,0.09701,0.17256,-0.07554999999999999,0.5621812702828002,3e-05,0.05,102020.98999999999,0
2025-11-08 20:29:17.337898,102020.98999999999,40.24000000000524,0.0394428636695304,0.0,0.0,0.09701,0.17256,-0.07554999999999999,0.5621812702828002,3e-05,0.05,102034.095,1
2025-11-08 20:29:19.367889,102034.095,66.45000000001164,0.06512528973772115,0.04864,0.04864,0.14565,0.17256,-0.02690999999999999,0.8440542420027817,3e-05,0.05,102034.095,0
2025-11-08 20:29:21.400201,102034.095,66.45000000001164,0.06512528973772115,0.0,-0.04864,0.14565,0.17256,-0.02690999999999999,0.8440542420027817,3e-05,0.05,102034.095,0
2025-11-08 20:29:23.425745,102034.095,66.45000000001164,0.06512528973772115,0.0,0.0,0.14565,0.17256,-0.02690999999999999,0.8440542420027817,3e-05,0.05,102034.095,0
2025-11-08 20:29:25.455390,102034.095,66.45000000001164,0.06512528973772115,0.0,0.0,0.14565,0.17256,-0.02690999999999999,0.8440542420027817,3e-05,0.05,102034.095,0
2025-11-08 20:29:27.484154,102034.095,66.45000000001164,0.06512528973772115,0.0,0.0,0.14565,0.17256,-0.02690999999999999,0.8440542420027817,3e-05,0.05,102034.095,0
2025-11-08 20:29:29.513478,102034.095,66.45000000001164,0.06512528973772115,0.0,0.0,0.14565,0.17256,-0.02690999999999999,0.8440542420027817,3e-05,0.05,102034.095,0
2025-11-08 20:29:31.539209,102034.095,66.45000000001164,0.06512528973772115,0.0,0.0,0.14565,0.17256,-0.02690999999999999,0.8440542420027817,3e-05,0.05,102034.095,0
2025-11-08 20:29:33.567872,102034.095,66.45000000001164,0.06512528973772115,0.0,0.0,0.14565,0.17256,-0.02690999999999999,0.8440542420027817,3e-05,0.05,102034.095,0
2025-11-08 20:29:35.593111,102034.095,66.45000000001164,0.06512528973772115,0.0,0.0,0.14565,0.17256,-0.02690999999999999,0.8440542420027817,3e-05,0.05,102034.095,0
2025-11-08 20:29:37.624726,102034.095,66.45000000001164,0.06512528973772115,0.0,0.0,0.14565,0.17256,-0.02690999999999999,0.8440542420027817,3e-05,0.05,102034.095,0
2025-11-08 20:29:39.657971,102034.095,66.45000000001164,0.06512528973772115,0.0,0.0,0.14565,0.17256,-0.02690999999999999,0.8440542420027817,3e-05,0.05,102034.095,0
2025-11-08 20:29:41.687377,102034.095,66.45000000001164,0.06512528973772115,0.0,0.0,0.14565,0.17256,-0.02690999999999999,0.8440542420027817,3e-05,0.05,102034.095,0
2025-11-08 20:29:43.721215,102034.095,66.45000000001164,0.06512528973772115,0.0,0.0,0.14565,0.17256,-0.02690999999999999,0.8440542420027817,3e-05,0.05,102034.095,0
2025-11-08 20:29:45.754613,102034.095,66.45000000001164,0.06512528973772115,0.0,0.0,0.14565,0.17256,-0.02690999999999999,0.8440542420027817,3e-05,0.05,102034.095,0
2025-11-08 20:29:47.783802,102034.095,66.45000000001164,0.06512528973772115,0.0,0.0,0.14565,0.17256,-0.02690999999999999,0.8440542420027817,3e-05,0.05,102034.095,0
2025-11-08 20:29:49.809510,102034.095,66.45000000001164,0.06512528973772115,0.0,0.0,0.14565,0.17256,-0.02690999999999999,0.8440542420027817,3e-05,0.05,102034.095,0
2025-11-08 20:29:51.843367,102034.095,66.45000000001164,0.06512528973772115,0.0,0.0,0.14565,0.17256,-0.02690999999999999,0.8440542420027817,3e-05,0.05,102034.095,0
2025-11-08 20:29:53.875265,102034.095,66.45000000001164,0.06512528973772115,0.0,0.0,0.14565,0.17256,-0.02690999999999999,0.8440542420027817,3e-05,0.05,102034.095,0
2025-11-08 20:29:55.906045,102034.095,66.45000000001164,0.06512528973772115,0.0,0.0,0.14565,0.17256,-0.02690999999999999,0.8440542420027817,3e-05,0.05,102034.095,0
2025-11-08 20:29:57.935095,102034.095,66.45000000001164,0.06512528973772115,0.0,0.0,0.14565,0.17256,-0.02690999999999999,0.8440542420027817,3e-05,0.05,102034.095,0
2025-11-08 20:29:59.966935,102034.095,66.45000000001164,0.06512528973772115,0.0,0.0,0.14565,0.17256,-0.02690999999999999,0.8440542420027817,3e-05,0.05,102034.095,0
2025-11-08 20:30:01.999866,102034.095,66.45000000001164,0.06512528973772115,0.0,0.0,0.14565,0.17256,-0.02690999999999999,0.8440542420027817,3e-05,0.05,102034.095,0
2025-11-08 20:30:04.038863,102034.095,66.45000000001164,0.06512528973772115,0.0,0.0,0.14565,0.17256,-0.02690999999999999,0.8440542420027817,3e-05,0.05,102034.095,0
2025-11-08 20:30:06.067289,102034.095,66.45000000001164,0.06512528973772115,0.0,0.0,0.14565,0.17256,-0.02690999999999999,0.8440542420027817,3e-05,0.05,102034.095,0
2025-11-08 20:30:08.099524,102034.095,66.45000000001164,0.06512528973772115,0.0,0.0,0.14565,0.17256,-0.02690999999999999,0.8440542420027817,3e-05,0.05,102040.575,1
2025-11-08 20:30:10.138390,102040.575,79.41000000000349,0.0778219840489957,0.0,0.0,0.14565,0.17256,-0.02690999999999999,0.8440542420027817,3e-05,0.05,102040.575,0
2025-11-08 20:30:12.171872,102040.575,79.41000000000349,0.0778219840489957,-0.0008000000000000116,-0.0008000000000000116,0.14492,0.17262999999999998,-0.027709999999999985,0.8394832879569021,3e-05,0.05,102050.815,1
2025-11-08 20:30:14.209376,102050.815,99.88999999999942,0.0978826087768132,0.0008000000000000116,0.0016000000000000233,0.14565,0.17256,-0.02690999999999999,0.8440542420027817,3e-05,0.05,102050.92,1
2025-11-08 20:30:16.245841,102050.92,99.67999999999302,0.09767672844104983,0.0013300000000000002,0.0005299999999999886,0.14698,0.17256,-0.02557999999999999,0.85176170607325,0.05,0.05,102050.92,0
2025-11-08 20:30:18.272751,102050.92,99.67999999999302,0.09767672844104983,0.0,-0.0013300000000000002,0.14698,0.17256,-0.02557999999999999,0.85176170607325,0.05,0.05,102050.92,0
2025-11-08 20:30:20.315454,102050.92,99.67999999999302,0.09767672844104983,0.0,0.0,0.14698,0.17256,-0.02557999999999999,0.85176170607325,0.05,0.05,102050.92,0
2025-11-08 20:30:22.349605,102050.92,99.67999999999302,0.09767672844104983,0.0,0.0,0.14698,0.17256,-0.02557999999999999,0.85176170607325,0.05,0.05,102050.92499999999,1
2025-11-08 20:30:24.396245,102050.92499999999,99.66999999999825,0.09766692462611021,-0.0013399999999999894,-0.0013399999999999894,0.14564,0.17256,-0.02692,0.843996291145109,2e-05,0.05,102050.92499999999,0
2025-11-08 20:30:26.427308,102050.92499999999,99.66999999999825,0.09766692462611021,0.0,0.0013399999999999894,0.14564,0.17256,-0.02692,0.843996291145109,2e-05,0.05,102050.92499999999,0
2025-11-08 20:30:28.453973,102050.92499999999,99.66999999999825,0.09766692462611021,0.0,0.0,0.14564,0.17256,-0.02692,0.843996291145109,2e-05,0.05,102050.92499999999,0
2025-11-08 20:30:30.484521,102050.92499999999,99.66999999999825,0.09766692462611021,0.0,0.0,0.14564,0.17256,-0.02692,0.843996291145109,2e-05,0.05,102047.965,0
2025-11-08 20:30:32.519720,102047.965,93.75,0.09186856396401437,0.0,0.0,0.14564,0.17256,-0.02692,0.843996291145109,2e-05,0.05,102047.965,0
2025-11-08 20:30:34.555806,102047.965,93.75,0.09186856396401437,0.0,0.0,0.14564,0.17256,-0.02692,0.843996291145109,2e-05,0.05,102040.67499999999,0
2025-11-08 20:30:36.588621,102040.67499999999,79.61000000000058,0.07801790805480323,0.0013399999999999894,0.0013399999999999894,0.14698,0.17256,-0.02557999999999999,0.85176170607325,3e-05,0.05,102040.67499999999,0
2025-11-08 20:30:38.617282,102040.67499999999,79.61000000000058,0.07801790805480323,0.0,-0.0013399999999999894,0.14698,0.17256,-0.02557999999999999,0.85176170607325,3e-05,0.05,102040.67499999999,0
2025-11-08 20:30:40.652250,102040.67499999999,79.61000000000058,0.07801790805480323,0.0,0.0,0.14698,0.17256,-0.02557999999999999,0.85176170607325,3e-05,0.05,102040.67499999999,0
2025-11-08 20:30:42.685564,102040.67499999999,79.61000000000058,0.07801790805480323,0.0,0.0,0.14698,0.17256,-0.02557999999999999,0.85176170607325,3e-05,0.05,102040.67499999999,0
2025-11-08 20:30:44.720075,102040.67499999999,79.61000000000058,0.07801790805480323,0.0,0.0,0.14698,0.17256,-0.02557999999999999,0.85176170607325,3e-05,0.05,102040.67499999999,0
2025-11-08 20:30:46.753610,102040.67499999999,79.61000000000058,0.07801790805480323,0.0,0.0,0.14698,0.17256,-0.02557999999999999,0.85176170607325,3e-05,0.05,102040.67499999999,0
2025-11-08 20:30:48.788737,102040.67499999999,79.61000000000058,0.07801790805480323,-0.0021300000000000095,-0.0021300000000000095,0.14492,0.17262999999999998,-0.027709999999999985,0.8394832879569021,3e-05,0.05,102035.70499999999,0
2025-11-08 20:30:50.828512,102035.70499999999,69.66999999999825,0.06828002021449085,0.0007999999999999999,0.0029300000000000094,0.14565,0.17256,-0.02690999999999999,0.8440542420027817,3e-05,0.05,102029.075,0
2025-11-08 20:30:52.874428,102029.075,56.41000000000349,0.055288161732333155,-6.999999999999281e-05,-0.0008699999999999927,0.14565,0.17262999999999998,-0.026979999999999976,0.8437119851705962,3e-05,0.05,102029.075,0
2025-11-08 20:30:54.908015,102029.075,56.41000000000349,0.055288161732333155,-0.04968,-0.04961000000000001,0.09597,0.17262999999999998,-0.07665999999999998,0.5559288652030354,3e-05,0.05,102029.075,0
2025-11-08 20:30:56.943836,102029.075,56.41000000000349,0.055288161732333155,0.049749999999999996,0.09942999999999999,0.14565,0.17256,-0.02690999999999999,0.8440542420027817,3e-05,0.05,102029.075,0
2025-11-08 20:30:58.980437,102029.075,56.41000000000349,0.055288161732333155,0.0,-0.049749999999999996,0.14565,0.17256,-0.02690999999999999,0.8440542420027817,3e-05,0.05,102029.075,0
2025-11-08 20:31:01.012818,102029.075,56.41000000000349,0.055288161732333155,0.0,0.0,0.14565,0.17256,-0.02690999999999999,0.8440542420027817,3e-05,0.05,102029.075,0
2025-11-08 20:31:03.044208,102029.075,56.41000000000349,0.055288161732333155,0.0,0.0,0.14565,0.17256,-0.02690999999999999,0.8440542420027817,3e-05,0.05,102029.075,0
2025-11-08 20:31:05.075280,102029.075,56.41000000000349,0.055288161732333155,0.0,0.0,0.14565,0.17256,-0.02690999999999999,0.8440542420027817,3e-05,0.05,102029.075,0
2025-11-08 20:31:07.109534,102029.075,56.41000000000349,0.055288161732333155,0.0,0.0,0.14565,0.17256,-0.02690999999999999,0.8440542420027817,3e-05,0.05,102042.23,1
2025-11-08 20:31:09.144157,102042.23,82.72000000000116,0.08106447693273772,0.0,0.0,0.14565,0.17256,-0.02690999999999999,0.8440542420027817,3e-05,0.05,102049.01,1
2025-11-08 20:31:11.171157,102049.01,96.27999999999884,0.09434682413871417,0.0,0.0,0.14565,0.17256,-0.02690999999999999,0.8440542420027817,3e-05,0.05,102049.01,0
2025-11-08 20:31:13.202165,102049.01,96.27999999999884,0.09434682413871417,0.0,0.0,0.14565,0.17256,-0.02690999999999999,0.8440542420027817,3e-05,0.05,102049.01,0
2025-11-08 20:31:15.236568,102049.01,96.27999999999884,0.09434682413871417,0.0,0.0,0.14565,0.17256,-0.02690999999999999,0.8440542420027817,3e-05,0.05,102049.01,0
2025-11-08 20:31:17.276196,102049.01,96.27999999999884,0.09434682413871417,0.0,0.0,0.14565,0.17256,-0.02690999999999999,0.8440542420027817,3e-05,0.05,102049.01,0
2025-11-08 20:31:19.309659,102049.01,96.27999999999884,0.09434682413871417,0.0,0.0,0.14565,0.17256,-0.02690999999999999,0.8440542420027817,3e-05,0.05,102046.14499999999,0
2025-11-08 20:31:21.344336,102046.14499999999,90.55000000000291,0.0887343662026654,0.0,0.0,0.14565,0.17256,-0.02690999999999999,0.8440542420027817,3e-05,0.05,102046.14499999999,0
2025-11-08 20:31:23.376138,102046.14499999999,90.55000000000291,0.0887343662026654,0.0,0.0,0.14565,0.17256,-0.02690999999999999,0.8440542420027817,3e-05,0.05,102035.70499999999,0
2025-11-08 20:31:25.407809,102035.70499999999,69.66999999999825,0.06828002021449085,0.0,0.0,0.14565,0.17256,-0.02690999999999999,0.8440542420027817,3e-05,0.05,102029.82999999999,0
2025-11-08 20:31:27.435107,102029.82999999999,57.919999999998254,0.05676771195247337,0.0,0.0,0.14565,0.17256,-0.02690999999999999,0.8440542420027817,3e-05,0.05,102026.11499999999,0
2025-11-08 20:31:29.485815,102026.11499999999,50.49000000000524,0.049487329788069696,0.0,0.0,0.14565,0.17256,-0.02690999999999999,0.8440542420027817,3e-05,0.05,102026.11499999999,0
2025-11-08 20:31:31.522244,102026.11499999999,50.49000000000524,0.049487329788069696,0.0,0.0,0.14565,0.17256,-0.02690999999999999,0.8440542420027817,3e-05,0.05,102026.11499999999,0
2025-11-08 20:31:33.563962,102026.11499999999,50.49000000000524,0.049487329788069696,0.0,0.0,0.14565,0.17256,-0.02690999999999999,0.8440542420027817,3e-05,0.05,102025.675,0
2025-11-08 20:31:35.594002,102025.675,51.35000000000582,0.050330468286542404,-0.07608999999999999,-0.07608999999999999,0.06936,0.17236,-0.10300000000000001,0.4024135530285449,0.01685,3e-05,102025.675,0
2025-11-08 20:31:37.628305,102025.675,51.35000000000582,0.050330468286542404,0.0,0.07608999999999999,0.06936,0.17236,-0.10300000000000001,0.4024135530285449,0.01685,3e-05,102025.675,0
2025-11-08 20:31:39.662943,102025.675,51.35000000000582,0.050330468286542404,0.0,0.0,0.06936,0.17236,-0.10300000000000001,0.4024135530285449,0.01685,3e-05,102019.955,0
2025-11-08 20:31:41.696743,102019.955,39.91000000000349,0.03911979769056308,-0.0006899999999999823,-0.0006899999999999823,0.06936,0.17304999999999998,-0.10368999999999998,0.40080901473562563,0.01685,0.05,102019.95,0
2025-11-08 20:31:43.732105,102019.95,39.89999999999418,0.039109997603404216,0.0006899999999999823,0.0013799999999999646,0.06936,0.17236,-0.10300000000000001,0.4024135530285449,0.01685,3e-05,102019.95,0
2025-11-08 20:31:45.764296,102019.95,39.89999999999418,0.039109997603404216,0.0,-0.0006899999999999823,0.06936,0.17236,-0.10300000000000001,0.4024135530285449,0.01685,3e-05,102019.95,0
2025-11-08 20:31:47.802813,102019.95,39.89999999999418,0.039109997603404216,0.0,0.0,0.06936,0.17236,-0.10300000000000001,0.4024135530285449,0.01685,3e-05,102019.95,0
2025-11-08 20:31:49.830371,102019.95,39.89999999999418,0.039109997603404216,0.0,0.0,0.06936,0.17236,-0.10300000000000001,0.4024135530285449,0.01685,3e-05,102008.0,0
2025-11-08 20:31:51.868530,102008.0,16.0,0.015685044310250175,0.0001300000000000051,0.0001300000000000051,0.06958,0.17245,-0.10286999999999999,0.4034792693534358,0.01685,3e-05,102008.0,0
2025-11-08 20:31:53.906017,102008.0,16.0,0.015685044310250175,0.0,-0.0001300000000000051,0.06958,0.17245,-0.10286999999999999,0.4034792693534358,0.01685,3e-05,102008.0,0
2025-11-08 20:31:55.942362,102008.0,16.0,0.015685044310250175,0.0,0.0,0.06958,0.17245,-0.10286999999999999,0.4034792693534358,0.01685,3e-05,102008.0,0
2025-11-08 20:31:57.973456,102008.0,16.0,0.015685044310250175,0.0,0.0,0.06958,0.17245,-0.10286999999999999,0.4034792693534358,0.01685,3e-05,102008.0,0
2025-11-08 20:32:00.007938,102008.0,16.0,0.015685044310250175,0.0,0.0,0.06958,0.17245,-0.10286999999999999,0.4034792693534358,0.01685,3e-05,102014.63500000001,1
2025-11-08 20:32:02.035031,102014.63500000001,29.270000000004075,0.02869196169746044,-0.00017999999999999614,-0.00017999999999999614,0.06958,0.17262999999999998,-0.10304999999999997,0.4030585645600418,0.01685,0.05,102014.63,0
2025-11-08 20:32:04.066974,102014.63,29.25999999999476,0.028682160588137957,4.999999999999449e-05,0.00022999999999999063,0.06936,0.17236,-0.10300000000000001,0.4024135530285449,0.01685,3e-05,102014.63,0
2025-11-08 20:32:06.097905,102014.63,29.25999999999476,0.028682160588137957,0.0,-4.999999999999449e-05,0.06936,0.17236,-0.10300000000000001,0.4024135530285449,0.01685,3e-05,102014.63,0
2025-11-08 20:32:08.134191,102014.63,29.25999999999476,0.028682160588137957,0.0,0.0,0.06936,0.17236,-0.10300000000000001,0.4024135530285449,0.01685,3e-05,102014.63500000001,1
2025-11-08 20:32:10.168308,102014.63500000001,29.270000000004075,0.02869196169746044,-0.0006899999999999823,-0.0006899999999999823,0.06936,0.17304999999999998,-0.10368999999999998,0.40080901473562563,0.01685,0.05,102009.89,0
2025-11-08 20:32:12.202590,102009.89,19.779999999998836,0.019390276766300635,0.000819999999999998,0.0015099999999999803,0.06958,0.17245,-0.10286999999999999,0.4034792693534358,0.01685,0.05,102005.295,0
2025-11-08 20:32:14.232843,102005.295,10.589999999996508,0.010381814002887308,-0.00017999999999999614,-0.0009999999999999942,0.06958,0.17262999999999998,-0.10304999999999997,0.4030585645600418,0.01685,0.05,102000.005,0
2025-11-08 20:32:16.261953,102000.005,0.00999999999476131,9.803921082907114e-06,-0.27069,-0.27051,0.01968,0.39342,-0.37374,0.05002287631538813,0.01685,0.05,102000.005,0
2025-11-08 20:32:18.292250,102000.005,0.00999999999476131,9.803921082907114e-06,0.0,0.27069,0.01968,0.39342,-0.37374,0.05002287631538813,0.01685,0.05,102000.005,0
2025-11-08 20:32:20.320774,102000.005,0.00999999999476131,9.803921082907114e-06,0.22097,0.22097,0.01968,0.17245000000000002,-0.15277000000000002,0.11412003479269352,0.01685,0.05,102000.005,0
2025-11-08 20:32:22.355730,102000.005,0.00999999999476131,9.803921082907114e-06,0.0,-0.22097,0.01968,0.17245000000000002,-0.15277000000000002,0.11412003479269352,0.01685,0.05,102000.005,0
2025-11-08 20:32:24.389560,102000.005,0.00999999999476131,9.803921082907114e-06,0.0,0.0,0.01968,0.17245000000000002,-0.15277000000000002,0.11412003479269352,0.01685,0.05,102000.005,0
2025-11-08 20:32:26.423556,102000.005,0.00999999999476131,9.803921082907114e-06,0.0,0.0,0.01968,0.17245000000000002,-0.15277000000000002,0.11412003479269352,0.01685,0.05,102000.005,0
2025-11-08 20:32:28.457797,102000.005,0.00999999999476131,9.803921082907114e-06,0.0,0.0,0.01968,0.17245000000000002,-0.15277000000000002,0.11412003479269352,0.01685,0.05,102000.005,0
2025-11-08 20:32:30.492659,102000.005,0.00999999999476131,9.803921082907114e-06,0.0,0.0,0.01968,0.17245000000000002,-0.15277000000000002,0.11412003479269352,0.01685,0.05,102000.005,0
2025-11-08 20:32:32.520055,102000.005,0.00999999999476131,9.803921082907114e-06,-0.22097,-0.22097,0.01968,0.39342,-0.37374,0.05002287631538813,0.01685,0.05,102000.005,0
2025-11-08 20:32:34.550505,102000.005,0.00999999999476131,9.803921082907114e-06,0.0,0.22097,0.01968,0.39342,-0.37374,0.05002287631538813,0.01685,0.05,102000.005,0
2025-11-08 20:32:36.583668,102000.005,0.00999999999476131,9.803921082907114e-06,0.00047000000000000004,0.00047000000000000004,0.020059999999999998,0.39332999999999996,-0.37326999999999994,0.0510004322070526,0.01685,0.05,102000.005,0
2025-11-08 20:32:38.614386,102000.005,0.00999999999476131,9.803921082907114e-06,0.0,-0.00047000000000000004,0.020059999999999998,0.39333,-0.37327,0.051000432207052596,0.01685,0.05,102000.005,0
2025-11-08 20:32:40.647824,102000.005,0.00999999999476131,9.803921082907114e-06,-0.00047000000000000676,-0.00047000000000000676,0.01968,0.39342,-0.37374,0.05002287631538813,0.01685,0.05,101918.185,0
2025-11-08 20:32:42.678151,101918.185,36.36999999999534,0.03568548635358385,0.03346999999999999,0.03394,0.05246000000000001,0.39273,-0.34027,0.1335777760802587,0.0001,3e-05,101918.185,0
2025-11-08 20:32:44.707587,101918.185,36.36999999999534,0.03568548635358385,0.21939,0.18592,0.05246000000000001,0.17334,-0.12087999999999999,0.3026422060689974,0.0001,3e-05,101918.19,1
2025-11-08 20:32:46.737830,101918.19,36.38000000000466,0.03569529639410262,-0.0007699999999999977,-0.22016,0.052360000000000004,0.17401,-0.12165,0.300902246997299,0.0001,0.05,101918.185,0
2025-11-08 20:32:48.764927,101918.185,36.36999999999534,0.03568548635358385,0.0006699999999999977,0.0014399999999999955,0.052360000000000004,0.17334,-0.12097999999999999,0.30206530518057,0.0001,3e-05,101918.185,0
2025-11-08 20:32:50.795305,101918.185,36.36999999999534,0.03568548635358385,0.0,-0.0006699999999999977,0.052360000000000004,0.17334,-0.12097999999999999,0.30206530518057,0.0001,3e-05,101918.685,1
2025-11-08 20:32:52.832311,101918.685,37.36999999999534,0.03666648563999363,-0.0006699999999999977,-0.0006699999999999977,0.052360000000000004,0.17401,-0.12165,0.300902246997299,0.0001,0.00095,101928.16,1
2025-11-08 20:32:54.866999,101928.16,56.320000000006985,0.055254602849700206,0.0006699999999999977,0.0013399999999999955,0.052360000000000004,0.17334,-0.12097999999999999,0.30206530518057,0.0001,3e-05,101928.16,0
2025-11-08 20:32:56.902191,101928.16,56.320000000006985,0.055254602849700206,0.0,-0.0006699999999999977,0.052360000000000004,0.17334,-0.12097999999999999,0.30206530518057,0.0001,3e-05,101928.16,0
2025-11-08 20:32:58.939603,101928.16,56.320000000006985,0.055254602849700206,0.0,0.0,0.052360000000000004,0.17334,-0.12097999999999999,0.30206530518057,0.0001,3e-05,101928.16,0
2025-11-08 20:33:00.968523,101928.16,56.320000000006985,0.055254602849700206,0.0,0.0,0.052360000000000004,0.17334,-0.12097999999999999,0.30206530518057,0.0001,3e-05,101925.55,0
2025-11-08 20:33:02.998542,101925.55,51.10000000000582,0.05013463258231701,0.0,0.0,0.052360000000000004,0.17334,-0.12097999999999999,0.30206530518057,0.0001,3e-05,101919.98000000001,0
2025-11-08 20:33:05.035727,101919.98000000001,39.9600000000064,0.039207229043811034,2.8189256484623115e-18,2.8189256484623115e-18,0.052360000000000004,0.17334,-0.12097999999999999,0.30206530518057,0.0001,0.05,101919.98000000001,0
2025-11-08 20:33:07.067559,101919.98000000001,39.9600000000064,0.039207229043811034,0.0,-2.8189256484623115e-18,0.052360000000000004,0.17334,-0.12097999999999999,0.30206530518057,0.0001,0.05,101919.975,0
2025-11-08 20:33:09.104592,101919.975,39.94999999999709,0.03919741934787277,-2.8189256484623115e-18,-2.8189256484623115e-18,0.052360000000000004,0.17334,-0.12097999999999999,0.30206530518057,0.0001,3e-05,101919.98000000001,1
2025-11-08 20:33:11.136645,101919.98000000001,39.9600000000064,0.039207229043811034,-0.0006699999999999977,-0.0006699999999999949,0.052360000000000004,0.17401,-0.12165,0.300902246997299,0.0001,0.05,101919.975,0
2025-11-08 20:33:13.168963,101919.975,39.94999999999709,0.03919741934787277,0.0006699999999999977,0.0013399999999999955,0.052360000000000004,0.17334,-0.12097999999999999,0.30206530518057,0.0001,3e-05,101919.975,0
2025-11-08 20:33:15.200249,101919.975,39.94999999999709,0.03919741934787277,0.0,-0.0006699999999999977,0.052360000000000004,0.17334,-0.12097999999999999,0.30206530518057,0.0001,3e-05,101919.98000000001,1
2025-11-08 20:33:17.236837,101919.98000000001,39.9600000000064,0.039207229043811034,-0.0007699999999999978,-0.0007699999999999978,0.05226000000000001,0.17401,-0.12175,0.30032756738118505,0.0001,0.05,101927.10500000001,1
2025-11-08 20:33:19.266481,101927.10500000001,54.2100000000064,0.05318506789730406,0.0006699999999999977,0.0014399999999999955,0.05226000000000001,0.17334,-0.12108,0.3014884042921427,0.0001,3e-05,101927.10500000001,0
2025-11-08 20:33:21.300651,101927.10500000001,54.2100000000064,0.05318506789730406,0.0,-0.0006699999999999977,0.05226000000000001,0.17334,-0.12108,0.3014884042921427,0.0001,3e-05,101933.73999999999,1
2025-11-08 20:33:23.332838,101933.73999999999,67.47999999999593,0.06619986669771552,-0.0006699999999999973,-0.0006699999999999973,0.05226000000000001,0.17401,-0.12175,0.30032756738118505,0.0001,0.05,101933.73999999999,0
2025-11-08 20:33:25.359440,101933.73999999999,67.47999999999593,0.06619986669771552,0.0,0.0006699999999999973,0.05226000000000001,0.17401,-0.12175,0.30032756738118505,0.0001,0.05,101933.735,0
2025-11-08 20:33:27.386016,101933.735,67.47000000000116,0.0661900596500277,0.0006700000000000039,0.0006700000000000039,0.05226000000000001,0.17334,-0.12108,0.3014884042921427,0.0001,3e-05,101933.735,0
2025-11-08 20:33:29.420716,101933.735,67.47000000000116,0.0661900596500277,0.0,-0.0006700000000000039,0.05226000000000001,0.17334,-0.12108,0.3014884042921427,0.0001,3e-05,101933.735,0
2025-11-08 20:33:31.455823,101933.735,67.47000000000116,0.0661900596500277,0.0,0.0,0.05226000000000001,0.17334,-0.12108,0.3014884042921427,0.0001,3e-05,101933.735,0
2025-11-08 20:33:33.497338,101933.735,67.47000000000116,0.0661900596500277,0.0,0.0,0.05226000000000001,0.17334,-0.12108,0.3014884042921427,0.0001,3e-05,101933.735,0
2025-11-08 20:33:35.531871,101933.735,67.47000000000116,0.0661900596500277,0.0,0.0,0.05226000000000001,0.17334,-0.12108,0.3014884042921427,0.0001,3e-05,101933.735,0
2025-11-08 20:33:37.566158,101933.735,67.47000000000116,0.0661900596500277,0.0,0.0,0.05226000000000001,0.17334,-0.12108,0.3014884042921427,0.0001,3e-05,101933.735,0
2025-11-08 20:33:39.598755,101933.735,67.47000000000116,0.0661900596500277,0.0,0.0,0.05226000000000001,0.17334,-0.12108,0.3014884042921427,0.0001,3e-05,101945.445,1
2025-11-08 20:33:41.627620,101945.445,90.88999999999942,0.0891555282337523,-0.0006700000000000039,-0.0006700000000000039,0.05226000000000001,0.17401,-0.12175,0.30032756738118505,0.0001,0.05,101945.445,0
2025-11-08 20:33:43.653574,101945.445,90.88999999999942,0.0891555282337523,0.0,0.0006700000000000039,0.05226000000000001,0.17401,-0.12175,0.30032756738118505,0.0001,0.05,101945.445,0
2025-11-08 20:33:45.687087,101945.445,90.88999999999942,0.0891555282337523,0.0,0.0,0.05226000000000001,0.17401,-0.12175,0.30032756738118505,0.0001,0.05,101945.445,0
2025-11-08 20:33:47.718340,101945.445,90.88999999999942,0.0891555282337523,0.0,0.0,0.05226000000000001,0.17401,-0.12175,0.30032756738118505,0.0001,0.05,101954.95999999999,1
2025-11-08 20:33:49.752954,101954.95999999999,98.56000000001222,0.09667013748032684,0.0006700000000000039,0.0006700000000000039,0.05226000000000001,0.17334,-0.12108,0.3014884042921427,0.05,3e-05,101954.95999999999,0
2025-11-08 20:33:51.786165,101954.95999999999,98.56000000001222,0.09667013748032684,0.0,-0.0006700000000000039,0.05226000000000001,0.17334,-0.12108,0.3014884042921427,0.05,3e-05,101954.95999999999,0
2025-11-08 20:33:53.823959,101954.95999999999,98.56000000001222,0.09667013748032684,0.0,0.0,0.05226000000000001,0.17334,-0.12108,0.3014884042921427,0.05,3e-05,101954.95999999999,0
2025-11-08 20:33:55.860133,101954.95999999999,98.56000000001222,0.09667013748032684,0.0,0.0,0.05226000000000001,0.17334,-0.12108,0.3014884042921427,0.05,3e-05,101954.95999999999,0
2025-11-08 20:33:57.894364,101954.95999999999,98.56000000001222,0.09667013748032684,0.0,0.0,0.05226000000000001,0.17334,-0.12108,0.3014884042921427,0.05,3e-05,101954.95999999999,0
2025-11-08 20:33:59.937443,101954.95999999999,98.56000000001222,0.09667013748032684,0.0,0.0,0.05226000000000001,0.17334,-0.12108,0.3014884042921427,0.05,3e-05,101969.32,1
2025-11-08 20:34:01.968727,101969.32,96.36000000000058,0.09449901205578362,0.12022999999999999,0.12022999999999999,0.17316,0.17401,-0.0008499999999999897,0.9951152232630309,0.05,0.05,101989.295,1
2025-11-08 20:34:04.003276,101989.295,99.79000000000815,0.09784360211530843,0.12097,0.0007400000000000045,0.17316,0.053040000000000004,0.12012,3.264705882352941,0.05,3e-05,101989.295,0
2025-11-08 20:34:06.032669,101989.295,99.79000000000815,0.09784360211530843,-8.99999999999998e-05,-0.12106,0.17307,0.053040000000000004,0.12003,3.2630090497737556,0.04991,3e-05,101989.295,0
2025-11-08 20:34:08.067779,101989.295,99.79000000000815,0.09784360211530843,0.0,8.99999999999998e-05,0.17307,0.053040000000000004,0.12003,3.2630090497737556,0.04991,3e-05,101985.03,0
2025-11-08 20:34:10.095965,101985.03,91.26000000000931,0.08948372128733924,0.0,0.0,0.17307,0.053040000000000004,0.12003,3.2630090497737556,0.04991,0.05,101971.225,0
2025-11-08 20:34:12.130330,101971.225,99.77000000000407,0.09784132729601323,8.99999999999998e-05,8.99999999999998e-05,0.17316,0.053040000000000004,0.12012,3.264705882352941,0.05,3e-05,101971.225,0
2025-11-08 20:34:14.163455,101971.225,99.77000000000407,0.09784132729601323,0.0,-8.99999999999998e-05,0.17316,0.053040000000000004,0.12012,3.264705882352941,0.05,3e-05,101971.225,0
2025-11-08 20:34:16.196589,101971.225,99.77000000000407,0.09784132729601323,0.0,0.0,0.17316,0.053040000000000004,0.12012,3.264705882352941,0.05,3e-05,101971.225,0
2025-11-08 20:34:18.227025,101971.225,99.77000000000407,0.09784132729601323,0.0,0.0,0.17316,0.053040000000000004,0.12012,3.264705882352941,0.05,3e-05,101971.225,0
2025-11-08 20:34:20.255118,101971.225,99.77000000000407,0.09784132729601323,9.999999999999999e-06,9.999999999999999e-06,0.17316,0.05303,0.12013000000000001,3.2653215161229494,0.05,2e-05,101971.225,0
2025-11-08 20:34:22.284237,101971.225,99.77000000000407,0.09784132729601323,0.0,-9.999999999999999e-06,0.17316,0.05303,0.12013000000000001,3.2653215161229494,0.05,2e-05,101971.225,0
2025-11-08 20:34:24.321636,101971.225,99.77000000000407,0.09784132729601323,0.0,0.0,0.17316,0.05303,0.12013000000000001,3.2653215161229494,0.05,2e-05,101945.3,0
2025-11-08 20:34:26.363711,101945.3,90.60000000000582,0.08887118876496103,-0.12097999999999999,-0.12097999999999999,0.17316,0.17401,-0.0008499999999999897,0.9951152232630309,0.0001,0.05,101945.295,0
2025-11-08 20:34:28.399311,101945.295,90.58999999999651,0.08886138394125644,0.0006800000000000139,0.12166,0.17316,0.17332999999999998,-0.00016999999999997573,0.9990192119079214,0.0001,2e-05,101957.44,1
2025-11-08 20:34:30.432244,101957.44,93.04000000000815,0.09125376235418244,-0.0006800000000000139,-0.0013600000000000279,0.17316,0.17401,-0.0008499999999999897,0.9951152232630309,0.05,0.05,101957.44,0
2025-11-08 20:34:32.465526,101957.44,93.04000000000815,0.09125376235418244,0.0,0.0006800000000000139,0.17316,0.17401,-0.0008499999999999897,0.9951152232630309,0.05,0.05,101968.235,1
2025-11-08 20:34:34.492463,101968.235,99.76999999998952,0.09784419628327344,0.12097999999999999,0.12097999999999999,0.17316,0.05303,0.12013000000000001,3.2653215161229494,0.05,2e-05,101971.3,1
2025-11-08 20:34:36.522385,101971.3,93.66000000000349,0.09184937330406055,-0.12097999999999999,-0.24195999999999998,0.17316,0.17401,-0.0008499999999999897,0.9951152232630309,0.05,0.05,101971.295,0
2025-11-08 20:34:38.555101,101971.295,93.64999999999418,0.09183957112635883,0.0009300000000000003,0.12190999999999999,0.17316,0.17308,7.999999999999674e-05,1.0004622140050843,0.05,2e-05,101971.3,1
2025-11-08 20:34:40.582738,101971.3,93.66000000000349,0.09184937330406055,-0.0009300000000000003,-0.0018600000000000005,0.17316,0.17401,-0.0008499999999999897,0.9951152232630309,0.05,0.05,101983.59,1
2025-11-08 20:34:42.611101,101983.59,99.77999999999884,0.09783927002373503,0.12097999999999999,0.12190999999999999,0.17316,0.05303,0.12013000000000001,3.2653215161229494,0.05,2e-05,101983.59,0
2025-11-08 20:34:44.650869,101983.59,99.77999999999884,0.09783927002373503,0.0,-0.12097999999999999,0.17316,0.05303,0.12013000000000001,3.2653215161229494,0.05,2e-05,101983.59,0
2025-11-08 20:34:46.680760,101983.59,99.77999999999884,0.09783927002373503,0.0,0.0,0.17316,0.05303,0.12013000000000001,3.2653215161229494,0.05,2e-05,101973.81,0
2025-11-08 20:34:48.717724,101973.81,119.36000000000058,0.11704966206519161,-0.12097999999999999,-0.12097999999999999,0.17316,0.17401,-0.0008499999999999897,0.9951152232630309,0.05,0.05,101963.97,0
2025-11-08 20:34:50.755987,101963.97,99.67999999999302,0.09776002248636752,0.0,0.12097999999999999,0.17316,0.17401,-0.0008499999999999897,0.9951152232630309,0.05,0.05,101963.97,0
2025-11-08 20:34:52.786472,101963.97,99.67999999999302,0.09776002248636752,0.0,0.0,0.17316,0.17401,-0.0008499999999999897,0.9951152232630309,0.05,0.05,101963.97,0
2025-11-08 20:34:54.818081,101963.97,99.67999999999302,0.09776002248636752,0.0,0.0,0.17316,0.17401,-0.0008499999999999897,0.9951152232630309,0.05,0.05,101963.97,0
2025-11-08 20:34:56.855237,101963.97,99.67999999999302,0.09776002248636752,0.0,0.0,0.17316,0.17401,-0.0008499999999999897,0.9951152232630309,0.05,0.05,101963.97,0
2025-11-08 20:34:58.893668,101963.97,99.67999999999302,0.09776002248636752,0.0,0.0,0.17316,0.17401,-0.0008499999999999897,0.9951152232630309,0.05,0.05,101963.97,0
2025-11-08 20:35:00.927287,101963.97,99.67999999999302,0.09776002248636752,0.0,0.0,0.17316,0.17401,-0.0008499999999999897,0.9951152232630309,0.05,0.05,101963.97,0
2025-11-08 20:35:02.958062,101963.97,99.67999999999302,0.09776002248636752,0.0,0.0,0.17316,0.17401,-0.0008499999999999897,0.9951152232630309,0.05,0.05,101959.995,0
2025-11-08 20:35:04.996516,101959.995,91.72999999999593,0.08996665800149944,0.0006800000000000004,0.0006800000000000004,0.17316,0.17332999999999998,-0.00016999999999997573,0.9990192119079214,0.05,2e-05,101947.86,0
2025-11-08 20:35:07.034923,101947.86,95.72000000000116,0.09389113219247679,-0.0006799999999999931,-0.0013599999999999936,0.17316,0.17401,-0.0008499999999999897,0.9951152232630309,0.0001,0.05,101943.19,0
2025-11-08 20:35:09.068988,101943.19,86.38000000000466,0.08473346772845215,0.00068,0.0013599999999999932,0.17316,0.17332999999999998,-0.00016999999999997573,0.9990192119079214,0.0001,0.05,101943.19,0
2025-11-08 20:35:11.099474,101943.19,86.38000000000466,0.08473346772845215,-0.00068,-0.00136,0.17316,0.17401,-0.0008499999999999897,0.9951152232630309,0.0001,0.05,101943.185,0
2025-11-08 20:35:13.135083,101943.185,86.36999999999534,0.08472366249886674,0.00068,0.00136,0.17316,0.17332999999999998,-0.00016999999999997573,0.9990192119079214,0.0001,2e-05,101943.185,0
2025-11-08 20:35:15.171738,101943.185,86.36999999999534,0.08472366249886674,0.0,-0.00068,0.17316,0.17332999999999998,-0.00016999999999997573,0.9990192119079214,0.0001,2e-05,101986.875,1
2025-11-08 20:35:17.205236,101986.875,1.0100000000093132,0.0009903235097744815,-0.12156,-0.12156,0.05228,0.17401,-0.12173,0.3004425033044078,0.00012,0.00095,101993.255,1
2025-11-08 20:35:19.239935,101993.255,13.770000000004075,0.013500892779629469,0.0,0.12156,0.05228000000000001,0.17401,-0.12172999999999999,0.30044250330440786,0.00012,0.05,101993.255,0
2025-11-08 20:35:21.272692,101993.255,13.770000000004075,0.013500892779629469,0.0,0.0,0.05228000000000001,0.17401,-0.12172999999999999,0.30044250330440786,0.00012,0.05,101993.255,0
2025-11-08 20:35:23.328186,101993.255,13.770000000004075,0.013500892779629469,0.0,0.0,0.05228000000000001,0.17401,-0.12172999999999999,0.30044250330440786,0.00012,0.05,101993.255,0
2025-11-08 20:35:25.360113,101993.255,13.770000000004075,0.013500892779629469,0.0,0.0,0.05228000000000001,0.17401,-0.12172999999999999,0.30044250330440786,0.00012,0.05,102000.04000000001,1
2025-11-08 20:35:27.392100,102000.04000000001,27.34000000001106,0.026803911057300622,0.0,0.0,0.05228000000000001,0.17401,-0.12172999999999999,0.30044250330440786,0.00012,0.05,102000.04000000001,0
2025-11-08 20:35:29.421033,102000.04000000001,27.34000000001106,0.026803911057300622,0.0,0.0,0.05228000000000001,0.17401,-0.12172999999999999,0.30044250330440786,0.00012,0.05,102000.04000000001,0
2025-11-08 20:35:31.451610,102000.04000000001,27.34000000001106,0.026803911057300622,0.0,0.0,0.05228000000000001,0.17401,-0.12172999999999999,0.30044250330440786,0.00012,0.05,102000.04000000001,0
2025-11-08 20:35:33.483352,102000.04000000001,27.34000000001106,0.026803911057300622,0.0,0.0,0.05228000000000001,0.17401,-0.12172999999999999,0.30044250330440786,0.00012,0.05,102000.04000000001,0
2025-11-08 20:35:35.518209,102000.04000000001,27.34000000001106,0.026803911057300622,0.0,0.0,0.05228000000000001,0.17401,-0.12172999999999999,0.30044250330440786,0.00012,0.05,102000.04000000001,0
2025-11-08 20:35:37.550000,102000.04000000001,27.34000000001106,0.026803911057300622,0.0,0.0,0.05228000000000001,0.17401,-0.12172999999999999,0.30044250330440786,0.00012,0.05,102000.04000000001,0
2025-11-08 20:35:39.581672,102000.04000000001,27.34000000001106,0.026803911057300622,0.0,0.0,0.05228000000000001,0.17401,-0.12172999999999999,0.30044250330440786,0.00012,0.05,102000.04000000001,0
2025-11-08 20:35:41.611913,102000.04000000001,27.34000000001106,0.026803911057300622,0.0,0.0,0.05228000000000001,0.17401,-0.12172999999999999,0.30044250330440786,0.00012,0.05,102000.04000000001,0
2025-11-08 20:35:43.648578,102000.04000000001,27.34000000001106,0.026803911057300622,0.0,0.0,0.05228000000000001,0.17401,-0.12172999999999999,0.30044250330440786,0.00012,0.05,102007.12,1
2025-11-08 20:35:45.674556,102007.12,41.5,0.040683434646522715,0.0,0.0,0.05228000000000001,0.17401,-0.12172999999999999,0.30044250330440786,0.00012,0.05,102007.12,0
2025-11-08 20:35:47.705232,102007.12,41.5,0.040683434646522715,0.0,0.0,0.05228000000000001,0.17401,-0.12172999999999999,0.30044250330440786,0.00012,0.05,102014.35,1
2025-11-08 20:35:49.740807,102014.35,55.9600000000064,0.05485502774855341,0.11964,0.11964,0.17192000000000002,0.17401,-0.0020899999999999808,0.9879891960232172,0.00012,0.05,102014.35,0
2025-11-08 20:35:51.775141,102014.35,55.9600000000064,0.05485502774855341,0.0,-0.11964,0.17192000000000002,0.17401,-0.0020899999999999808,0.9879891960232172,0.00012,0.05,102014.35,0
2025-11-08 20:35:53.813260,102014.35,55.9600000000064,0.05485502774855341,0.0,0.0,0.17192000000000002,0.17401,-0.0020899999999999808,0.9879891960232172,0.00012,0.05,102014.35,0
2025-11-08 20:35:55.848554,102014.35,55.9600000000064,0.05485502774855341,0.0,0.0,0.17192000000000002,0.17401,-0.0020899999999999808,0.9879891960232172,0.00012,0.05,102014.35,0
2025-11-08 20:35:57.883118,102014.35,55.9600000000064,0.05485502774855341,0.0,0.0,0.17192000000000002,0.17401,-0.0020899999999999808,0.9879891960232172,0.00012,0.05,102014.35,0
2025-11-08 20:35:59.921062,102014.35,55.9600000000064,0.05485502774855341,0.0,0.0,0.17192000000000002,0.17401,-0.0020899999999999808,0.9879891960232172,0.00012,0.05,102014.35,0
2025-11-08 20:36:01.952396,102014.35,55.9600000000064,0.05485502774855341,0.0,0.0,0.17192000000000002,0.17401,-0.0020899999999999808,0.9879891960232172,0.00012,0.05,102014.35,0
2025-11-08 20:36:03.985549,102014.35,55.9600000000064,0.05485502774855341,0.0,0.0,0.17192000000000002,0.17401,-0.0020899999999999808,0.9879891960232172,0.00012,0.05,102014.35,0
2025-11-08 20:36:06.020038,102014.35,55.9600000000064,0.05485502774855341,0.0,0.0,0.17192000000000002,0.17401,-0.0020899999999999808,0.9879891960232172,0.00012,0.05,102014.35,0
2025-11-08 20:36:08.048949,102014.35,55.9600000000064,0.05485502774855341,0.0,0.0,0.17192000000000002,0.17401,-0.0020899999999999808,0.9879891960232172,0.00012,0.05,102014.35,0
2025-11-08 20:36:10.086641,102014.35,55.9600000000064,0.05485502774855341,0.0,0.0,0.17192000000000002,0.17401,-0.0020899999999999808,0.9879891960232172,0.00012,0.05,102014.35,0
2025-11-08 20:36:12.113549,102014.35,55.9600000000064,0.05485502774855341,0.0,0.0,0.17192000000000002,0.17401,-0.0020899999999999808,0.9879891960232172,0.00012,0.05,102014.35,0
2025-11-08 20:36:14.145408,102014.35,55.9600000000064,0.05485502774855341,0.0,0.0,0.17192000000000002,0.17401,-0.0020899999999999808,0.9879891960232172,0.00012,0.05,102014.35,0
2025-11-08 20:36:16.177253,102014.35,55.9600000000064,0.05485502774855341,0.0,0.0,0.17192000000000002,0.17401,-0.0020899999999999808,0.9879891960232172,0.00012,0.05,102014.35,0
2025-11-08 20:36:18.207504,102014.35,55.9600000000064,0.05485502774855341,0.0,0.0,0.17192000000000002,0.17401,-0.0020899999999999808,0.9879891960232172,0.00012,0.05,102014.35,0
2025-11-08 20:36:20.245712,102014.35,55.9600000000064,0.05485502774855341,0.0,0.0,0.17192000000000002,0.17401,-0.0020899999999999808,0.9879891960232172,0.00012,0.05,102014.35,0
2025-11-08 20:36:22.284125,102014.35,55.9600000000064,0.05485502774855341,0.0,0.0,0.17192000000000002,0.17401,-0.0020899999999999808,0.9879891960232172,0.00012,0.05,102014.35,0
2025-11-08 20:36:24.315632,102014.35,55.9600000000064,0.05485502774855341,0.0,0.0,0.17192000000000002,0.17401,-0.0020899999999999808,0.9879891960232172,0.00012,0.05,102014.35,0
2025-11-08 20:36:26.350028,102014.35,55.9600000000064,0.05485502774855341,0.0,0.0,0.17192000000000002,0.17401,-0.0020899999999999808,0.9879891960232172,0.00012,0.05,102014.35,0
2025-11-08 20:36:28.387456,102014.35,55.9600000000064,0.05485502774855341,0.0,0.0,0.17192000000000002,0.17401,-0.0020899999999999808,0.9879891960232172,0.00012,0.05,102014.35,0
2025-11-08 20:36:30.419427,102014.35,55.9600000000064,0.05485502774855341,7.000000000000062e-05,7.000000000000062e-05,0.17192000000000002,0.17393999999999998,-0.0020199999999999663,0.9883868000459931,0.00012,0.04993,102014.35,0
2025-11-08 20:36:32.453194,102014.35,55.9600000000064,0.05485502774855341,0.0,-7.000000000000062e-05,0.17192000000000002,0.17393999999999998,-0.0020199999999999663,0.9883868000459931,0.00012,0.04993,102014.35,0
2025-11-08 20:36:34.480917,102014.35,55.9600000000064,0.05485502774855341,0.0,0.0,0.17192000000000002,0.17393999999999998,-0.0020199999999999663,0.9883868000459931,0.00012,0.04993,102014.35,0
2025-11-08 20:36:36.517436,102014.35,55.9600000000064,0.05485502774855341,0.0,0.0,0.17192000000000002,0.17393999999999998,-0.0020199999999999663,0.9883868000459931,0.00012,0.04993,102014.35,0
2025-11-08 20:36:38.547906,102014.35,55.9600000000064,0.05485502774855341,0.0,0.0,0.17192000000000002,0.17393999999999998,-0.0020199999999999663,0.9883868000459931,0.00012,0.04993,102014.35,0
2025-11-08 20:36:40.581616,102014.35,55.9600000000064,0.05485502774855341,0.0,0.0,0.17192000000000002,0.17393999999999998,-0.0020199999999999663,0.9883868000459931,0.00012,0.04993,102014.35,0
2025-11-08 20:36:42.618728,102014.35,55.9600000000064,0.05485502774855341,0.0,0.0,0.17192000000000002,0.17393999999999998,-0.0020199999999999663,0.9883868000459931,0.00012,0.04993,102014.35,0
2025-11-08 20:36:44.655410,102014.35,55.9600000000064,0.05485502774855341,0.0,0.0,0.17192000000000002,0.17393999999999998,-0.0020199999999999663,0.9883868000459931,0.00012,0.04993,102014.35,0
2025-11-08 20:36:46.690776,102014.35,55.9600000000064,0.05485502774855341,0.0,0.0,0.17192000000000002,0.17393999999999998,-0.0020199999999999663,0.9883868000459931,0.00012,0.04993,102014.35,0
2025-11-08 20:36:48.727430,102014.35,55.9600000000064,0.05485502774855341,0.0,0.0,0.17192000000000002,0.17393999999999998,-0.0020199999999999663,0.9883868000459931,0.00012,0.04993,102014.35,0
2025-11-08 20:36:50.754433,102014.35,55.9600000000064,0.05485502774855341,0.0,0.0,0.17192000000000002,0.17393999999999998,-0.0020199999999999663,0.9883868000459931,0.00012,0.04993,102016.76,1
2025-11-08 20:36:52.787481,102016.76,60.779999999998836,0.05957844573773843,-7.000000000000062e-05,-7.000000000000062e-05,0.17192000000000002,0.17401,-0.0020899999999999808,0.9879891960232172,0.00012,0.05,102016.76,0
2025-11-08 20:36:54.818831,102016.76,60.779999999998836,0.05957844573773843,0.0,7.000000000000062e-05,0.17192000000000002,0.17401,-0.0020899999999999808,0.9879891960232172,0.00012,0.05,102016.76,0
2025-11-08 20:36:56.849922,102016.76,60.779999999998836,0.05957844573773843,0.0,0.0,0.17192000000000002,0.17401,-0.0020899999999999808,0.9879891960232172,0.00012,0.05,102016.76,0
2025-11-08 20:36:58.887587,102016.76,60.779999999998836,0.05957844573773843,0.0,0.0,0.17192000000000002,0.17401,-0.0020899999999999808,0.9879891960232172,0.00012,0.05,102016.76,0
2025-11-08 20:37:00.922224,102016.76,60.779999999998836,0.05957844573773843,0.0,0.0,0.17192000000000002,0.17401,-0.0020899999999999808,0.9879891960232172,0.00012,0.05,102002.85,0
2025-11-08 20:37:02.961125,102002.85,88.59999999999127,0.08686031811855381,0.0006199999999999956,0.0006199999999999956,0.17254,0.17401,-0.001469999999999999,0.991552209643124,0.04938,0.05,102002.85,0
2025-11-08 20:37:04.991862,102002.85,88.59999999999127,0.08686031811855381,0.0,-0.0006199999999999956,0.17254,0.17401,-0.001469999999999999,0.991552209643124,0.04938,0.05,102011.375,1
2025-11-08 20:37:07.022774,102011.375,105.64999999999418,0.1035668816345179,0.0,0.0,0.17254,0.17401,-0.001469999999999999,0.991552209643124,0.04938,0.05,102020.205,1
2025-11-08 20:37:09.058021,102020.205,87.98999999999069,0.08624762124325341,0.0006200000000000025,0.0006200000000000025,0.17316,0.17401,-0.0008499999999999897,0.9951152232630309,0.05,0.05,102020.705,1
2025-11-08 20:37:11.095362,102020.705,88.98999999999069,0.08722739173385509,0.12028,0.11965999999999999,0.17316,0.05373,0.11943000000000001,3.222780569514238,0.05,0.00095,102024.77,1
2025-11-08 20:37:13.129528,102024.77,87.22000000000116,0.08548904349404675,0.0,-0.12028,0.17316,0.05373,0.11943000000000001,3.222780569514238,0.05,0.00136,102027.93,1
2025-11-08 20:37:15.166620,102027.93,80.90000000000873,0.07929201347122178,0.0,0.0,0.17316,0.05373,0.11943000000000001,3.222780569514238,0.05,0.00136,102027.93,0
2025-11-08 20:37:17.202501,102027.93,80.90000000000873,0.07929201347122178,0.0,0.0,0.17316,0.05373,0.11943000000000001,3.222780569514238,0.05,0.00136,102027.93,0
2025-11-08 20:37:19.239943,102027.93,80.90000000000873,0.07929201347122178,0.0,0.0,0.17316,0.05373,0.11943000000000001,3.222780569514238,0.05,0.00136,102027.93,0
2025-11-08 20:37:21.278072,102027.93,80.90000000000873,0.07929201347122178,0.0,0.0,0.17316,0.05373,0.11943000000000001,3.222780569514238,0.05,0.00136,102027.93,0
2025-11-08 20:37:23.312585,102027.93,80.90000000000873,0.07929201347122178,0.0,0.0,0.17316,0.05373,0.11943000000000001,3.222780569514238,0.05,0.00136,102027.93,0
2025-11-08 20:37:25.347743,102027.93,80.90000000000873,0.07929201347122178,0.0,0.0,0.17316,0.05373,0.11943000000000001,3.222780569514238,0.05,0.00136,102034.60500000001,1
2025-11-08 20:37:27.382238,102034.60500000001,67.55000000000291,0.06620302984463251,0.0,0.0,0.17316,0.05373,0.11943000000000001,3.222780569514238,0.05,0.00136,102037.715,1
2025-11-08 20:37:29.416919,102037.715,61.330000000001746,0.06010522677815919,0.0,0.0,0.17315999999999998,0.05373,0.11942999999999998,3.2227805695142373,0.05,0.00136,102037.715,0
2025-11-08 20:37:31.451062,102037.715,61.330000000001746,0.06010522677815919,0.0,0.0,0.17315999999999998,0.05373,0.11942999999999998,3.2227805695142373,0.05,0.00136,102037.715,0
2025-11-08 20:37:33.482057,102037.715,61.330000000001746,0.06010522677815919,0.0,0.0,0.17315999999999998,0.05373,0.11942999999999998,3.2227805695142373,0.05,0.00136,102037.715,0
2025-11-08 20:37:35.514140,102037.715,61.330000000001746,0.06010522677815919,0.0,0.0,0.17315999999999998,0.05373,0.11942999999999998,3.2227805695142373,0.05,0.00136,102037.715,0
2025-11-08 20:37:37.545793,102037.715,61.330000000001746,0.06010522677815919,0.0,0.0,0.17315999999999998,0.05373,0.11942999999999998,3.2227805695142373,0.05,0.00136,102037.715,0
2025-11-08 20:37:39.579645,102037.715,61.330000000001746,0.06010522677815919,0.0,0.0,0.17315999999999998,0.05373,0.11942999999999998,3.2227805695142373,0.05,0.00136,102037.715,0
2025-11-08 20:37:41.617026,102037.715,61.330000000001746,0.06010522677815919,0.0,0.0,0.17315999999999998,0.05373,0.11942999999999998,3.2227805695142373,0.05,0.00136,102037.715,0
2025-11-08 20:37:43.657327,102037.715,61.330000000001746,0.06010522677815919,0.0,0.0,0.17315999999999998,0.05373,0.11942999999999998,3.2227805695142373,0.05,0.00136,102037.715,0
2025-11-08 20:37:45.684618,102037.715,61.330000000001746,0.06010522677815919,0.0,0.0,0.17315999999999998,0.05373,0.11942999999999998,3.2227805695142373,0.05,0.00136,102037.715,0
2025-11-08 20:37:47.722253,102037.715,61.330000000001746,0.06010522677815919,0.0,0.0,0.17315999999999998,0.05373,0.11942999999999998,3.2227805695142373,0.05,0.00136,102037.715,0
2025-11-08 20:37:49.762257,102037.715,61.330000000001746,0.06010522677815919,1.8784399999999999,1.8784399999999999,2.0516,0.05373,1.99787,38.18351014330914,0.05,0.00136,102037.715,0
2025-11-08 20:37:51.800343,102037.715,61.330000000001746,0.06010522677815919,0.0,-1.8784399999999999,2.0516,0.05373,1.99787,38.18351014330914,0.05,0.00136,102037.715,0
2025-11-08 20:37:53.844042,102037.715,61.330000000001746,0.06010522677815919,0.0,0.0,2.0516,0.05373,1.99787,38.18351014330914,0.05,0.00136,102037.715,0
2025-11-08 20:37:55.873515,102037.715,61.330000000001746,0.06010522677815919,0.0,0.0,2.0516,0.05373,1.99787,38.18351014330914,0.05,0.00136,102045.645,1
2025-11-08 20:37:57.912195,102045.645,45.470000000001164,0.044558491447627344,0.0,0.0,2.0516,0.05373,1.99787,38.18351014330914,0.05,0.00136,102053.57,1
2025-11-08 20:37:59.945750,102053.57,29.620000000009895,0.029023972409794086,0.0,0.0,2.0516,0.05373,1.99787,38.18351014330914,0.05,0.00136,102053.57,0
2025-11-08 20:38:01.976199,102053.57,29.620000000009895,0.029023972409794086,0.0,0.0,2.0516,0.05373,1.99787,38.18351014330914,0.05,0.00136,102053.57,0
2025-11-08 20:38:04.012370,102053.57,29.620000000009895,0.029023972409794086,0.0,0.0,2.0516,0.05373,1.99787,38.18351014330914,0.05,0.00136,102053.57,0
2025-11-08 20:38:06.043087,102053.57,29.620000000009895,0.029023972409794086,0.0,0.0,2.0516,0.05373,1.99787,38.18351014330914,0.05,0.00136,102053.57,0
2025-11-08 20:38:08.082939,102053.57,29.620000000009895,0.029023972409794086,0.0,0.0,2.0516,0.05373,1.99787,38.18351014330914,0.05,0.00136,102053.57,0
2025-11-08 20:38:10.120169,102053.57,29.620000000009895,0.029023972409794086,-1.8784399999999999,-1.8784399999999999,0.17315999999999998,0.05373,0.11942999999999998,3.2227805695142373,0.05,0.00136,102047.05,0
2025-11-08 20:38:12.166649,102047.05,42.66000000000349,0.04180424617860437,0.0,1.8784399999999999,0.17315999999999998,0.05373,0.11942999999999998,3.2227805695142373,0.05,0.00136,102047.05,0
2025-11-08 20:38:14.205766,102047.05,42.66000000000349,0.04180424617860437,0.0,0.0,0.17315999999999998,0.05373,0.11942999999999998,3.2227805695142373,0.05,0.00136,102040.375,0
2025-11-08 20:38:16.243155,102040.375,56.01000000000931,0.05489003739942088,0.0,0.0,0.17315999999999998,0.05373,0.11942999999999998,3.2227805695142373,0.05,0.00136,102040.375,0
2025-11-08 20:38:18.279121,102040.375,56.01000000000931,0.05489003739942088,0.0,0.0,0.17315999999999998,0.05373,0.11942999999999998,3.2227805695142373,0.05,0.00136,102049.10500000001,1
2025-11-08 20:38:20.316930,102049.10500000001,38.55000000000291,0.03777593149886313,0.0,0.0,0.17315999999999998,0.05373,0.11942999999999998,3.2227805695142373,0.05,0.00136,102049.10500000001,0
2025-11-08 20:38:22.352986,102049.10500000001,38.55000000000291,0.03777593149886313,0.0,0.0,0.17315999999999998,0.05373,0.11942999999999998,3.2227805695142373,0.05,0.00136,102049.10500000001,0
2025-11-08 20:38:24.389703,102049.10500000001,38.55000000000291,0.03777593149886313,0.0,0.0,0.17315999999999998,0.05373,0.11942999999999998,3.2227805695142373,0.05,0.00136,102049.10500000001,0
2025-11-08 20:38:26.429403,102049.10500000001,38.55000000000291,0.03777593149886313,0.0,0.0,0.17315999999999998,0.05373,0.11942999999999998,3.2227805695142373,0.05,0.00136,102049.10500000001,0
2025-11-08 20:38:28.464091,102049.10500000001,38.55000000000291,0.03777593149886313,0.0,0.0,0.17315999999999998,0.05373,0.11942999999999998,3.2227805695142373,0.05,0.00136,102052.52,1
2025-11-08 20:41:03.615347,102052.52,31.720000000001164,0.031082035014913068,1.94095,1.94095,2.11411,0.05373,2.0603800000000003,39.346919784105715,0.05,0.00136,102052.52,0
2025-11-08 20:41:05.671609,102052.52,31.720000000001164,0.031082035014913068,0.0,-1.94095,2.11411,0.05373,2.0603800000000003,39.346919784105715,0.05,0.00136,102052.52,0
2025-11-08 20:41:07.703527,102052.52,31.720000000001164,0.031082035014913068,0.0,0.0,2.11411,0.05373,2.0603800000000003,39.346919784105715,0.05,0.00136,102052.52,0
2025-11-08 20:41:09.832074,102052.52,31.720000000001164,0.031082035014913068,0.0,0.0,2.11411,0.05373,2.0603800000000003,39.346919784105715,0.05,0.00136,102052.52,0
2025-11-08 20:41:11.918583,102052.52,31.720000000001164,0.031082035014913068,0.0,0.0,2.11411,0.05373,2.0603800000000003,39.346919784105715,0.05,0.00136,102047.0,0
2025-11-08 20:41:13.950372,102047.0,42.76000000000931,0.04190226072300931,0.0,0.0,2.11411,0.05373,2.0603800000000003,39.346919784105715,0.05,0.00136,102049.66,1
2025-11-08 20:41:15.985610,102049.66,37.44000000000233,0.03668802032265696,0.0,0.0,2.11411,0.05373,2.0603800000000003,39.346919784105715,0.05,0.00136,102053.57,1
2025-11-08 20:41:18.014638,102053.57,29.620000000009895,0.029023972409794086,0.0,0.0,2.11411,0.05373,2.0603800000000003,39.346919784105715,0.05,0.00136,102053.57,0
2025-11-08 20:41:20.047267,102053.57,29.620000000009895,0.029023972409794086,0.0,0.0,2.11411,0.05373,2.0603800000000003,39.346919784105715,0.05,0.00136,102053.57,0
2025-11-08 20:41:22.088996,102053.57,29.620000000009895,0.029023972409794086,0.0,0.0,2.11411,0.05373,2.0603800000000003,39.346919784105715,0.05,0.00136,102053.57,0
2025-11-08 20:41:24.134981,102053.57,29.620000000009895,0.029023972409794086,0.0,0.0,2.11411,0.05373,2.0603800000000003,39.346919784105715,0.05,0.00136,102053.57,0
2025-11-08 20:41:26.179253,102053.57,29.620000000009895,0.029023972409794086,0.0,0.0,2.11411,0.05373,2.0603800000000003,39.346919784105715,0.05,0.00136,102053.57,0
2025-11-08 20:41:28.208453,102053.57,29.620000000009895,0.029023972409794086,0.0,0.0,2.11411,0.05373,2.0603800000000003,39.346919784105715,0.05,0.00136,102053.57,0
2025-11-08 20:41:30.243615,102053.57,29.620000000009895,0.029023972409794086,0.0,0.0,2.11411,0.05373,2.0603800000000003,39.346919784105715,0.05,0.00136,102053.57,0
2025-11-08 20:41:32.277524,102053.57,29.620000000009895,0.029023972409794086,0.0,0.0,2.11411,0.05373,2.0603800000000003,39.346919784105715,0.05,0.00136,102053.57,0
2025-11-08 20:41:34.309680,102053.57,29.620000000009895,0.029023972409794086,0.0,0.0,2.11411,0.05373,2.0603800000000003,39.346919784105715,0.05,0.00136,102053.57,0
2025-11-08 20:41:36.340707,102053.57,29.620000000009895,0.029023972409794086,0.0,0.0,2.11411,0.05373,2.0603800000000003,39.346919784105715,0.05,0.00136,102053.57,0
2025-11-08 20:41:38.371556,102053.57,29.620000000009895,0.029023972409794086,0.0,0.0,2.11411,0.05373,2.0603800000000003,39.346919784105715,0.05,0.00136,102053.57,0
2025-11-08 20:41:40.407402,102053.57,29.620000000009895,0.029023972409794086,0.0,0.0,2.11411,0.05373,2.0603800000000003,39.346919784105715,0.05,0.00136,102053.57,0
2025-11-08 20:41:42.443009,102053.57,29.620000000009895,0.029023972409794086,0.0,0.0,2.11411,0.05373,2.0603800000000003,39.346919784105715,0.05,0.00136,102053.57,0
2025-11-08 20:41:44.468573,102053.57,29.620000000009895,0.029023972409794086,0.0,0.0,2.11411,0.05373,2.0603800000000003,39.346919784105715,0.05,0.00136,102053.57,0
2025-11-08 20:41:46.500373,102053.57,29.620000000009895,0.029023972409794086,0.0,0.0,2.11411,0.05373,2.0603800000000003,39.346919784105715,0.05,0.00136,102053.57,0
2025-11-08 20:41:48.535684,102053.57,29.620000000009895,0.029023972409794086,0.0,0.0,2.11411,0.05373,2.0603800000000003,39.346919784105715,0.05,0.00136,102053.57,0
2025-11-08 20:41:50.572895,102053.57,29.620000000009895,0.029023972409794086,0.0,0.0,2.11411,0.05373,2.0603800000000003,39.346919784105715,0.05,0.00136,102053.57,0
2025-11-08 20:41:52.601709,102053.57,29.620000000009895,0.029023972409794086,0.0,0.0,2.11411,0.05373,2.0603800000000003,39.346919784105715,0.05,0.00136,102047.1,0
2025-11-08 20:41:54.636521,102047.1,42.55999999999767,0.04170623173024777,0.0,0.0,2.11411,0.05373,2.0603800000000003,39.346919784105715,0.05,0.00136,102047.1,0
2025-11-08 20:41:56.667742,102047.1,42.55999999999767,0.04170623173024777,0.0,0.0,2.11411,0.05373,2.0603800000000003,39.346919784105715,0.05,0.00136,102047.1,0
2025-11-08 20:41:58.699596,102047.1,42.55999999999767,0.04170623173024777,0.0,0.0,2.11411,0.05373,2.0603800000000003,39.346919784105715,0.05,0.00136,102047.1,0
2025-11-08 20:42:00.728628,102047.1,42.55999999999767,0.04170623173024777,0.0,0.0,2.11411,0.05373,2.0603800000000003,39.346919784105715,0.05,0.00136,102047.1,0
2025-11-08 20:42:02.763509,102047.1,42.55999999999767,0.04170623173024777,0.0,0.0,2.11411,0.05373,2.0603800000000003,39.346919784105715,0.05,0.00136,102047.1,0
2025-11-08 20:42:04.800623,102047.1,42.55999999999767,0.04170623173024777,0.0,0.0,2.11411,0.05373,2.0603800000000003,39.346919784105715,0.05,0.00136,102047.1,0
2025-11-08 20:42:06.827890,102047.1,42.55999999999767,0.04170623173024777,0.0,0.0,2.11411,0.05373,2.0603800000000003,39.346919784105715,0.05,0.00136,102047.1,0
2025-11-08 20:42:08.857373,102047.1,42.55999999999767,0.04170623173024777,0.0,0.0,2.11411,0.05373,2.0603800000000003,39.346919784105715,0.05,0.00136,102047.1,0
2025-11-08 20:42:10.888005,102047.1,42.55999999999767,0.04170623173024777,0.0,0.0,2.11411,0.05373,2.0603800000000003,39.346919784105715,0.05,0.00136,102047.1,0
2025-11-08 20:42:12.915528,102047.1,42.55999999999767,0.04170623173024777,0.0,0.0,2.11411,0.05373,2.0603800000000003,39.346919784105715,0.05,0.00136,102047.1,0
2025-11-08 20:42:14.945294,102047.1,42.55999999999767,0.04170623173024777,-1.94095,-1.94095,0.17315999999999998,0.05373,0.11942999999999998,3.2227805695142373,0.05,0.00136,102047.1,0
2025-11-08 20:42:16.975637,102047.1,42.55999999999767,0.04170623173024777,0.0,1.94095,0.17315999999999998,0.05373,0.11942999999999998,3.2227805695142373,0.05,0.00136,102047.1,0
2025-11-08 20:42:19.009279,102047.1,42.55999999999767,0.04170623173024777,0.0,0.0,0.17315999999999998,0.05373,0.11942999999999998,3.2227805695142373,0.05,0.00136,102047.1,0
2025-11-08 20:42:21.039715,102047.1,42.55999999999767,0.04170623173024777,0.0,0.0,0.17315999999999998,0.05373,0.11942999999999998,3.2227805695142373,0.05,0.00136,102047.1,0
2025-11-08 20:42:23.069982,102047.1,42.55999999999767,0.04170623173024777,0.0,0.0,0.17315999999999998,0.05373,0.11942999999999998,3.2227805695142373,0.05,0.00136,102047.1,0
2025-11-08 20:42:25.101023,102047.1,42.55999999999767,0.04170623173024777,0.0,0.0,0.17315999999999998,0.05373,0.11942999999999998,3.2227805695142373,0.05,0.00136,102050.01000000001,1
